-- --------------------------------------------------------
-- Хост:                         127.0.0.1
-- Версия сервера:               10.4.32-MariaDB - mariadb.org binary distribution
-- Операционная система:         Win64
-- HeidiSQL Версия:              12.8.0.6908
-- --------------------------------------------------------

/*!40101 SET @OLD_CHARACTER_SET_CLIENT=@@CHARACTER_SET_CLIENT */;
/*!40101 SET NAMES utf8 */;
/*!50503 SET NAMES utf8mb4 */;
/*!40103 SET @OLD_TIME_ZONE=@@TIME_ZONE */;
/*!40103 SET TIME_ZONE='+00:00' */;
/*!40014 SET @OLD_FOREIGN_KEY_CHECKS=@@FOREIGN_KEY_CHECKS, FOREIGN_KEY_CHECKS=0 */;
/*!40101 SET @OLD_SQL_MODE=@@SQL_MODE, SQL_MODE='NO_AUTO_VALUE_ON_ZERO' */;
/*!40111 SET @OLD_SQL_NOTES=@@SQL_NOTES, SQL_NOTES=0 */;


-- Дамп структуры базы данных chaos_db
CREATE DATABASE IF NOT EXISTS `chaos_db` /*!40100 DEFAULT CHARACTER SET latin1 COLLATE latin1_swedish_ci */;
USE `chaos_db`;

-- Дамп структуры для таблица chaos_db.accounts
CREATE TABLE IF NOT EXISTS `accounts` (
  `id` int(11) NOT NULL AUTO_INCREMENT,
  `login` varchar(40) NOT NULL,
  `socialClub` varchar(128) NOT NULL,
  `donate` int(11) NOT NULL DEFAULT 0,
  `slots` int(11) NOT NULL DEFAULT 1,
  `password` varchar(128) NOT NULL,
  `email` varchar(40) NOT NULL,
  `regIp` varchar(40) NOT NULL,
  `lastIp` varchar(40) NOT NULL,
  `clearBanDate` datetime DEFAULT NULL,
  `passwordDate` datetime NOT NULL,
  `regDate` datetime NOT NULL,
  `lastDate` datetime NOT NULL,
  `confirmEmail` int(1) NOT NULL DEFAULT 0,
  PRIMARY KEY (`id`)
) ENGINE=InnoDB AUTO_INCREMENT=19 DEFAULT CHARSET=utf8 COLLATE=utf8_general_ci;

-- Дамп данных таблицы chaos_db.accounts: ~0 rows (приблизительно)

-- Дамп структуры для таблица chaos_db.ammunations
CREATE TABLE IF NOT EXISTS `ammunations` (
  `id` int(11) NOT NULL AUTO_INCREMENT,
  `bizId` int(11) DEFAULT NULL,
  `x` float NOT NULL DEFAULT 100,
  `y` float NOT NULL DEFAULT 100,
  `z` float NOT NULL DEFAULT 100,
  `priceMultiplier` float NOT NULL DEFAULT 1,
  `npcX` float NOT NULL DEFAULT 100,
  `npcY` float NOT NULL DEFAULT 100,
  `npcZ` float NOT NULL DEFAULT 100,
  `npcH` float NOT NULL DEFAULT 100,
  PRIMARY KEY (`id`),
  KEY `ammunations_ibfk_1` (`bizId`),
  CONSTRAINT `ammunations_ibfk_1` FOREIGN KEY (`bizId`) REFERENCES `bizs` (`id`) ON DELETE SET NULL ON UPDATE CASCADE
) ENGINE=InnoDB AUTO_INCREMENT=12 DEFAULT CHARSET=utf8 COLLATE=utf8_general_ci;

-- Дамп данных таблицы chaos_db.ammunations: ~11 rows (приблизительно)
INSERT INTO `ammunations` (`id`, `bizId`, `x`, `y`, `z`, `priceMultiplier`, `npcX`, `npcY`, `npcZ`, `npcH`) VALUES
	(1, 2, 2567.8, 294.47, 108.73, 1, 2566.61, 292.35, 108.73, -9.93),
	(2, 3, -1117.59, 2698.41, 18.55, 1, -1118.17, 2700.82, 18.55, -143.25),
	(3, 32, -1305.94, -394.32, 36.7, 1, -1304.33, -395.95, 36.7, 74.9),
	(4, 33, -662.2, -935.44, 21.83, 1, -660.94, -933.34, 21.83, 174.41),
	(5, 34, -3171.83, 1087.77, 20.84, 1, -3173.2, 1089.67, 20.84, -119.4),
	(6, 37, 22.07, -1107.28, 29.8, 1, 23.91, -1105.76, 29.8, 153.28),
	(7, 60, 810.05, -2157.2, 29.62, 1, 808.91, -2159.21, 29.62, -17.79),
	(8, 61, 252.15, -50.05, 69.94, 1, 253.52, -51.8, 69.94, 68.77),
	(9, 62, -330.16, 6083.8, 31.45, 1, -330.82, 6085.93, 31.45, -139.06),
	(10, 63, 1693.79, 3759.84, 34.71, 1, 1693.04, 3762, 34.71, -136.16),
	(11, 64, 842.33, -1033.45, 28.19, 1, 841.1, -1035.48, 28.19, -14.32);

-- Дамп структуры для таблица chaos_db.anticheatparams
CREATE TABLE IF NOT EXISTS `anticheatparams` (
  `id` int(11) NOT NULL AUTO_INCREMENT,
  `name` varchar(20) NOT NULL,
  `enable` tinyint(1) NOT NULL DEFAULT 0,
  `description` text NOT NULL,
  `punish` varchar(20) NOT NULL DEFAULT 'notify',
  PRIMARY KEY (`id`)
) ENGINE=InnoDB AUTO_INCREMENT=3 DEFAULT CHARSET=utf8 COLLATE=utf8_general_ci;

-- Дамп данных таблицы chaos_db.anticheatparams: ~2 rows (приблизительно)
INSERT INTO `anticheatparams` (`id`, `name`, `enable`, `description`, `punish`) VALUES
	(1, 'jail', 1, 'Покинул зону тюрьмы/КПЗ', 'kick'),
	(2, 'weapon', 1, 'Начитерил ган', 'kick');

-- Дамп структуры для таблица chaos_db.appearances
CREATE TABLE IF NOT EXISTS `appearances` (
  `id` int(11) NOT NULL AUTO_INCREMENT,
  `characterId` int(11) NOT NULL,
  `value` int(11) NOT NULL,
  `opacity` float NOT NULL,
  `order` int(11) NOT NULL,
  PRIMARY KEY (`id`),
  KEY `characterId` (`characterId`),
  CONSTRAINT `appearances_ibfk_1` FOREIGN KEY (`characterId`) REFERENCES `characters` (`id`) ON DELETE NO ACTION ON UPDATE CASCADE
) ENGINE=InnoDB AUTO_INCREMENT=210 DEFAULT CHARSET=utf8 COLLATE=utf8_general_ci;

-- Дамп данных таблицы chaos_db.appearances: ~0 rows (приблизительно)

-- Дамп структуры для таблица chaos_db.atms
CREATE TABLE IF NOT EXISTS `atms` (
  `id` int(11) NOT NULL AUTO_INCREMENT,
  `x` float NOT NULL,
  `y` float NOT NULL,
  `z` float NOT NULL,
  PRIMARY KEY (`id`)
) ENGINE=InnoDB AUTO_INCREMENT=78 DEFAULT CHARSET=utf8 COLLATE=utf8_general_ci;

-- Дамп данных таблицы chaos_db.atms: ~75 rows (приблизительно)
INSERT INTO `atms` (`id`, `x`, `y`, `z`) VALUES
	(1, -866.596, -187.813, 37.8427),
	(2, -867.637, -186.1, 37.8412),
	(3, -258.873, -723.443, 33.4798),
	(4, -256.213, -716.013, 33.5245),
	(5, -254.376, -692.434, 33.6092),
	(6, -303.351, -829.806, 32.4173),
	(7, -301.694, -830.013, 32.4173),
	(8, -203.816, -861.374, 30.268),
	(9, 2558.82, 351.002, 108.621),
	(10, 2558.41, 389.49, 108.623),
	(11, -1091.48, 2708.55, 18.9436),
	(12, 33.1647, -1348.26, 29.497),
	(13, 380.805, 323.434, 103.567),
	(14, 1702.95, 4933.52, 42.0637),
	(15, -1827.27, 784.842, 138.303),
	(16, 1153.74, -326.762, 69.2052),
	(17, -717.614, -915.68, 19.2156),
	(18, -56.9172, -1752.18, 29.421),
	(19, 1735.3, 6410.56, 35.0372),
	(20, 1968.12, 3743.64, 32.3437),
	(21, 2683.03, 3286.62, 55.2411),
	(22, 540.268, 2671.04, 42.1565),
	(23, -3240.67, 1008.58, 12.8307),
	(24, -3040.8, 593.117, 7.90893),
	(25, -2975.05, 380.089, 14.999),
	(26, -2958.96, 487.823, 15.4657),
	(28, -1570.05, -546.651, 34.9553),
	(29, -1571.06, -547.396, 34.9574),
	(30, -1305.35, -706.464, 25.3224),
	(31, 527.262, -160.634, 57.0934),
	(32, -1205.79, -324.798, 37.8597),
	(33, -1204.94, -326.336, 37.8366),
	(34, -3144.38, 1127.57, 20.8553),
	(35, 1171.39, 2702.49, 38.1755),
	(36, 1172.58, 2702.59, 38.1747),
	(37, 288.993, -1256.81, 29.4508),
	(38, 288.821, -1282.32, 29.6373),
	(39, -526.562, -1222.9, 18.4536),
	(40, -2072.44, -317.233, 13.3158),
	(41, 174.138, 6637.94, 31.573),
	(42, 155.838, 6642.83, 31.6011),
	(43, -97.2946, 6455.34, 31.4662),
	(44, -95.5205, 6457.14, 31.4609),
	(45, 1701.27, 6426.46, 32.7513),
	(46, 2564.59, 2584.8, 38.0826),
	(47, -282.964, 6226.09, 31.4929),
	(48, 285.469, 143.432, 104.173),
	(49, 1166.93, -456.154, 66.8018),
	(50, 1138.32, -468.946, 66.7309),
	(51, 349.921, -594.528, 28.7968),
	(52, 315.095, -593.652, 43.2841),
	(53, -821.649, -1082.01, 11.1324),
	(54, -1430.08, -211.069, 46.5004),
	(55, -1415.99, -211.989, 46.5004),
	(56, 1686.84, 4815.8, 42.0085),
	(57, 296.502, -894.129, 29.2319),
	(58, 295.752, -896.114, 29.2189),
	(59, -30.2863, -723.76, 44.2289),
	(60, -27.9923, -724.513, 44.2287),
	(62, -3241.18, 997.571, 12.5504),
	(63, -2975.09, 380.28, 14.9992),
	(64, -3043.95, 594.669, 7.73654),
	(65, 147.597, -1035.69, 29.3431),
	(66, 145.887, -1035.09, 29.345),
	(67, -2956.96, 487.738, 15.4645),
	(68, -1047.95, -2743.93, 21.3594),
	(69, -1038.16, -2749.59, 21.3594),
	(70, 472.401, -1001.55, 30.692),
	(71, 1822.57, 3683.09, 34.2767),
	(72, -1314.79, -836.042, 16.9601),
	(73, -1315.76, -834.668, 16.9618),
	(74, 89.8497, 2.41632, 68.2994),
	(75, 112.638, -819.317, 31.3379),
	(76, -594.526, -1161.27, 22.3242),
	(77, -596.083, -1161.35, 22.3242);

-- Дамп структуры для таблица chaos_db.bandzones
CREATE TABLE IF NOT EXISTS `bandzones` (
  `id` int(11) NOT NULL AUTO_INCREMENT,
  `x` float NOT NULL DEFAULT 100,
  `y` float NOT NULL DEFAULT 100,
  `factionId` int(11) NOT NULL,
  `size` int(11) NOT NULL DEFAULT 100,
  PRIMARY KEY (`id`),
  KEY `bandzones_ibfk_1` (`factionId`),
  CONSTRAINT `bandzones_ibfk_1` FOREIGN KEY (`factionId`) REFERENCES `factions` (`id`) ON DELETE NO ACTION ON UPDATE CASCADE
) ENGINE=InnoDB AUTO_INCREMENT=25 DEFAULT CHARSET=utf8 COLLATE=utf8_general_ci;

-- Дамп данных таблицы chaos_db.bandzones: ~24 rows (приблизительно)
INSERT INTO `bandzones` (`id`, `x`, `y`, `factionId`, `size`) VALUES
	(1, -160.4, -1486.9, 8, 100),
	(2, 39.6401, -1886.86, 9, 100),
	(3, 439.65, -1886.75, 10, 100),
	(4, 1239.62, -1886.65, 11, 100),
	(5, 39.5501, -1486.94, 8, 100),
	(6, 39.5775, -1686.95, 8, 100),
	(7, 239.641, -1886.79, 9, 100),
	(8, -160.323, -1686.85, 8, 100),
	(9, -160.317, -1886.87, 9, 100),
	(10, 239.634, -1686.98, 10, 100),
	(11, 239.565, -1486.93, 8, 100),
	(12, 439.557, -1486.93, 8, 100),
	(13, 439.609, -1686.78, 10, 100),
	(14, 639.649, -1686.78, 10, 100),
	(15, 839.57, -1686.77, 10, 100),
	(16, 1039.6, -1686.79, 11, 100),
	(17, 1239.55, -1686.71, 11, 100),
	(18, 1039.7, -1886.65, 11, 100),
	(19, 1039.54, -1486.78, 11, 100),
	(20, 1239.52, -1486.77, 11, 100),
	(21, 439.661, -2086.73, 10, 100),
	(22, 239.69, -2086.8, 9, 100),
	(23, 39.6685, -2086.8, 9, 100),
	(24, -160.316, -2086.83, 9, 100);

-- Дамп структуры для таблица chaos_db.banks
CREATE TABLE IF NOT EXISTS `banks` (
  `id` int(11) NOT NULL AUTO_INCREMENT,
  `x` float NOT NULL DEFAULT 100,
  `y` float NOT NULL DEFAULT 100,
  `z` float NOT NULL DEFAULT 100,
  `npcX` float NOT NULL DEFAULT 100,
  `npcY` float NOT NULL DEFAULT 100,
  `npcZ` float NOT NULL DEFAULT 100,
  `npcH` float NOT NULL DEFAULT 100,
  PRIMARY KEY (`id`)
) ENGINE=InnoDB AUTO_INCREMENT=7 DEFAULT CHARSET=utf8 COLLATE=utf8_general_ci;

-- Дамп данных таблицы chaos_db.banks: ~5 rows (приблизительно)
INSERT INTO `banks` (`id`, `x`, `y`, `z`, `npcX`, `npcY`, `npcZ`, `npcH`) VALUES
	(1, 314.26, -278.94, 54.17, 313.72, -280.64, 54.16, -25.04),
	(2, 1175.07, 2706.33, 38.09, 1174.99, 2708.28, 38.09, 174.63),
	(3, -2962.83, 482.96, 15.7, -2961, 482.86, 15.7, 85.25),
	(4, 150.01, -1040.31, 29.37, 149.4, -1042.11, 29.37, -24.83),
	(5, -1212.68, -330.85, 37.79, -1211.83, -331.9, 37.78, 25.04);

-- Дамп структуры для таблица chaos_db.bans
CREATE TABLE IF NOT EXISTS `bans` (
  `id` int(11) NOT NULL AUTO_INCREMENT,
  `ip` varchar(40) DEFAULT NULL,
  `socialClub` varchar(128) DEFAULT NULL,
  `serial` varchar(128) DEFAULT NULL,
  `reason` varchar(128) DEFAULT NULL,
  PRIMARY KEY (`id`)
) ENGINE=InnoDB DEFAULT CHARSET=utf8 COLLATE=utf8_general_ci;

-- Дамп данных таблицы chaos_db.bans: ~0 rows (приблизительно)

-- Дамп структуры для таблица chaos_db.barbershops
CREATE TABLE IF NOT EXISTS `barbershops` (
  `id` int(11) NOT NULL AUTO_INCREMENT,
  `bizId` int(11) DEFAULT NULL,
  `bType` int(11) NOT NULL DEFAULT 0,
  `x` float NOT NULL DEFAULT 100,
  `y` float NOT NULL DEFAULT 100,
  `z` float NOT NULL DEFAULT 100,
  `placeX` float NOT NULL DEFAULT 100,
  `placeY` float NOT NULL DEFAULT 100,
  `placeZ` float NOT NULL DEFAULT 100,
  `placeH` float NOT NULL DEFAULT 100,
  `cameraX` float NOT NULL DEFAULT 100,
  `cameraY` float NOT NULL DEFAULT 100,
  `cameraZ` float NOT NULL DEFAULT 100,
  `priceMultiplier` float NOT NULL DEFAULT 1,
  `npcX` float NOT NULL DEFAULT 100,
  `npcY` float NOT NULL DEFAULT 100,
  `npcZ` float NOT NULL DEFAULT 100,
  `npcH` float NOT NULL DEFAULT 100,
  PRIMARY KEY (`id`),
  KEY `barbershops_ibfk_1` (`bizId`),
  CONSTRAINT `barbershops_ibfk_1` FOREIGN KEY (`bizId`) REFERENCES `bizs` (`id`) ON DELETE SET NULL ON UPDATE CASCADE
) ENGINE=InnoDB AUTO_INCREMENT=8 DEFAULT CHARSET=utf8 COLLATE=utf8_general_ci;

-- Дамп данных таблицы chaos_db.barbershops: ~7 rows (приблизительно)
INSERT INTO `barbershops` (`id`, `bizId`, `bType`, `x`, `y`, `z`, `placeX`, `placeY`, `placeZ`, `placeH`, `cameraX`, `cameraY`, `cameraZ`, `priceMultiplier`, `npcX`, `npcY`, `npcZ`, `npcH`) VALUES
	(1, 15, 5, -821.83, -185.03, 37.57, -815.32, -182.63, 37.57, -150.77, -814.07, -184.64, 38.07, 1, -821.94, -183.17, 37.57, -157.59),
	(2, 22, 1, -1285.86, -1115.57, 6.99, -1282, -1119.17, 7, -5.62, -1281.98, -1116.39, 7.49, 1, -1284.02, -1115.52, 6.99, 95.45),
	(3, 75, 2, 133.69, -1709.43, 29.29, 138.88, -1708.65, 29.3, 47.94, 136.56, -1706.61, 29.79, 1, 134.86, -1707.94, 29.29, 134.18),
	(4, 76, 3, -30.41, -150.07, 57.08, -35.02, -152.48, 57.09, -111.45, -32.43, -153.43, 57.58, 1, -30.99, -151.64, 57.08, -25.8),
	(5, 77, 2, 1209.84, -470.41, 66.21, 1212.61, -474.9, 66.22, -19.82, 1213.45, -472.1, 66.71, 1, 1211.49, -470.83, 66.21, 69.02),
	(6, 78, 4, 1931.81, 3726.84, 32.84, 1932.94, 3731.89, 32.85, 118.12, 1930.44, 3730.52, 33.34, 1, 1930.94, 3728.3, 32.84, -154.14),
	(7, 79, 2, -279.27, 6231.56, 31.7, -278.96, 6226.37, 31.71, -47.35, -277.1, 6228.21, 32.2, 1, -277.95, 6230.24, 31.7, 42.61);

-- Дамп структуры для таблица chaos_db.bars
CREATE TABLE IF NOT EXISTS `bars` (
  `id` int(11) NOT NULL AUTO_INCREMENT,
  `x` float NOT NULL DEFAULT 100,
  `y` float NOT NULL DEFAULT 100,
  `z` float NOT NULL DEFAULT 100,
  PRIMARY KEY (`id`)
) ENGINE=InnoDB AUTO_INCREMENT=3 DEFAULT CHARSET=utf8 COLLATE=utf8_general_ci;

-- Дамп данных таблицы chaos_db.bars: ~2 rows (приблизительно)
INSERT INTO `bars` (`id`, `x`, `y`, `z`) VALUES
	(1, -1182.74, -1532.99, 4.38),
	(2, -303.41, 6267.67, 31.53);

-- Дамп структуры для таблица chaos_db.bins
CREATE TABLE IF NOT EXISTS `bins` (
  `id` int(11) NOT NULL AUTO_INCREMENT,
  `x` float NOT NULL,
  `y` float NOT NULL,
  `z` float NOT NULL,
  PRIMARY KEY (`id`)
) ENGINE=InnoDB AUTO_INCREMENT=295 DEFAULT CHARSET=utf8 COLLATE=utf8_general_ci;

-- Дамп данных таблицы chaos_db.bins: ~291 rows (приблизительно)
INSERT INTO `bins` (`id`, `x`, `y`, `z`) VALUES
	(1, 0.095055, -1734.03, 31.6386),
	(2, 103.589, -1809.01, 28.7339),
	(3, 476.41, -600.217, 28.4995),
	(4, 475.773, -604.105, 28.4995),
	(5, 449.348, -574.154, 28.4998),
	(6, 459.657, -849.441, 27.8185),
	(7, 459.394, -841.761, 28.0447),
	(8, 476.408, -853.266, 26.8398),
	(9, 455.46, -1061.38, 29.7458),
	(10, 430.908, -1063.09, 29.8439),
	(11, 488.46, -1326.03, 29.9199),
	(12, 169.453, -1209.7, 29.5146),
	(13, 164.717, -1209.13, 29.6176),
	(14, 153.251, -1208.02, 29.6556),
	(15, 148.879, -1208.17, 29.6844),
	(16, 122.292, -1188.1, 30.0799),
	(17, 122.645, -1180.86, 30.1497),
	(18, 138.807, -1178.2, 30.1363),
	(19, 140.082, -1185.4, 29.9485),
	(20, 130.824, -1179.04, 29.6405),
	(21, 144.768, -1188.91, 30.3479),
	(22, 150.857, -1186.38, 31.2768),
	(23, 158.531, -1188.29, 30.0266),
	(24, 164.677, -1188.14, 30.4919),
	(25, 172.837, -1187.99, 31.2733),
	(26, 179.042, -1186.98, 31.6354),
	(27, 27.9227, -1230.38, 29.8807),
	(28, 22.315, -1230.43, 29.7046),
	(29, 12.4097, -1229.26, 29.9675),
	(30, 5.75266, -1229.24, 29.6962),
	(31, 2.03039, -1244.9, 29.8305),
	(32, -42.4826, -1201.44, 30.3793),
	(33, 3.84294, -1203.8, 31.1898),
	(34, 12.1453, -1204.42, 31.4979),
	(35, 21.9346, -1201.68, 31.3935),
	(36, 25.6996, -1209.1, 30.506),
	(37, 989.498, -1805.62, 32.059),
	(38, 986.798, -1838.1, 33.369),
	(39, 975.359, -1872.73, 33.5678),
	(40, 1014.96, -1869.84, 33.2431),
	(41, 1019.04, -1870.96, 33.2568),
	(42, 1025.92, -1854.52, 33.2467),
	(43, 1076.18, -1940.96, 33.3424),
	(44, 1079.77, -1942.59, 33.2893),
	(45, 882.147, -1999.39, 31.0966),
	(46, 865.048, -2198.12, 32.9146),
	(47, 868.789, -2198.52, 32.9762),
	(48, 888.681, -2172.59, 32.8947),
	(49, 900.111, -2182.13, 31.1939),
	(50, 831.773, -2181.24, 31.6719),
	(51, 854.796, -2201.97, 31.2388),
	(52, 895.598, -2236.61, 31.965),
	(53, 894.677, -2209.88, 32.9244),
	(54, 890.972, -1730.94, 31.0659),
	(55, 864.895, -1606.7, 32.5626),
	(56, 869.074, -1607.54, 30.3329),
	(57, 814.042, -1629.75, 33.3291),
	(58, 777.057, -1625.41, 33.2573),
	(59, 895.957, -1586.13, 31.1281),
	(60, 903.526, -1585.11, 32.7694),
	(61, 907.414, -1585.17, 32.8874),
	(62, 888.874, -1582.1, 32.9814),
	(63, 929.12, -1549.92, 33.1563),
	(64, 927.264, -1517.11, 33.1928),
	(65, 913.437, -1585.5, 31.3141),
	(66, 948.517, -1580.78, 32.6599),
	(67, 954.026, -1580.7, 32.6964),
	(68, 698.208, -1356.55, 26.2451),
	(69, 732.1, -1415.9, 27.3086),
	(70, 693.775, -1503.58, 11.1263),
	(71, 695.94, -1509.31, 10.6224),
	(72, 827.943, -1071.1, 28.7451),
	(73, 896.041, -1067.94, 35.0359),
	(74, 144.927, -1262.8, 29.2452),
	(75, 143.596, -1260.12, 29.2916),
	(76, -1987.17, -487.657, 11.6742),
	(77, 1267.74, -1581.04, 52.7815),
	(78, 1250.88, -1592.04, 53.4495),
	(79, 1168.3, -1651.74, 36.7776),
	(80, 1170.29, -1648.78, 36.7785),
	(81, 1171.7, -1642.96, 36.9178),
	(82, 1432.65, -1688.67, 66.854),
	(83, 1443.27, -1675.74, 67.829),
	(84, 1742.66, -1676.85, 113.314),
	(85, 1745.98, -1676.37, 114.151),
	(86, 1749.31, -1680.7, 113.998),
	(87, 1230.1, -1462.54, 34.7793),
	(88, 1225.21, -1462.72, 34.8342),
	(89, 1246.39, -1497.89, 34.6926),
	(90, 1152.01, -1407.02, 37.0149),
	(91, 1120.6, -1404.75, 36.8623),
	(92, 186.059, -1049.4, 30.7247),
	(93, 46.4986, -1073.38, 30.563),
	(94, 381.648, -1115.28, 29.8982),
	(95, -29.001, 6529.27, 31.4909),
	(96, -136.568, 6474.7, 31.4684),
	(97, -146.496, 6485.91, 31.1484),
	(98, -199.115, 6466.91, 33.4499),
	(99, -198.147, 6471.62, 33.2268),
	(100, -397.963, 6096.12, 31.4548),
	(101, -353.236, 6088.5, 32.7033),
	(102, 2439.06, -418.376, 93.5098),
	(103, 1066.62, 2657.92, 41.9126),
	(104, 485.51, -1274.87, 31.9229),
	(105, 363.833, -1195.78, 32.1708),
	(106, 357.564, -1195.83, 31.1752),
	(107, 461.617, -1973.53, 25.3833),
	(108, 576.752, -1930.5, 27.1224),
	(109, 575.083, -1928.15, 27.097),
	(110, 766.429, -1887.36, 31.477),
	(111, 767.227, -1882.09, 30.6067),
	(112, 817.009, -1976.88, 30.0104),
	(113, 852.714, -1979.52, 30.043),
	(114, 2000.26, 5001.99, 42.6347),
	(115, -176.027, -1730.15, 31.3287),
	(116, 2020.1, 4982.46, 41.2043),
	(117, 1771.74, 4587.79, 37.7049),
	(118, 1816.77, 4585.25, 36.0858),
	(120, 1712.86, 4714.73, 42.1957),
	(121, 1711.54, 4811.27, 41.9529),
	(122, 1714.17, 4811.04, 41.9388),
	(123, 1732.08, 4791.65, 41.8446),
	(124, 1727.44, 4787.06, 41.8959),
	(125, 1731.22, 4758.44, 41.9011),
	(126, 1659.99, 4821.96, 42.0006),
	(127, 1654.23, 4829.03, 42.013),
	(128, 1633.99, 4856.9, 41.9665),
	(129, 1636.47, 4876.31, 42.0309),
	(130, 1709.23, 4816.67, 42.02),
	(131, 1703.13, 4847.68, 42.0303),
	(132, 1703.3, 4875.17, 42.0322),
	(133, 1683.2, 4915.64, 42.0782),
	(134, 1720.94, 4931.85, 42.0934),
	(135, 1721.8, 4935.62, 42.0854),
	(136, 1686.22, 4972.48, 42.6831),
	(137, 1676.81, 4978.58, 42.3117),
	(138, 2411.27, 5049.25, 46.1193),
	(139, 2440.14, 4989.17, 46.2385),
	(140, 3640.83, 3746.86, 28.5157),
	(141, 3493.07, 3700.08, 33.8884),
	(142, 2869.37, 4411.7, 49.1698),
	(143, 2946.54, 4633.75, 48.5446),
	(146, 2737.23, 4414.92, 48.6233),
	(147, 2708.16, 4308.47, 46.3951),
	(148, 2522.48, 4210.5, 39.9343),
	(149, 2519.67, 4213.97, 39.9337),
	(150, 2501.29, 4213.84, 39.7752),
	(151, 2455.78, 4055.04, 38.065),
	(152, 2467.06, 3828.65, 40.0002),
	(153, 2434.52, 3768.55, 41.178),
	(154, 1975.98, 3786.94, 32.1802),
	(155, 1967.82, 3756.53, 32.2136),
	(156, 1925.41, 3744.95, 32.5142),
	(157, 1903.84, 3736, 32.5841),
	(158, 1381.19, 3615.86, 34.8932),
	(159, 1386.43, 3601.86, 34.8946),
	(160, 1390.3, 3624.58, 34.9776),
	(161, 1387.93, 3623.72, 35.0117),
	(162, 1428.45, 3621, 34.9184),
	(163, 1692.09, 3749.86, 34.2775),
	(164, 1946.42, 3831.2, 32.1473),
	(165, 1558.23, 3804.16, 34.2522),
	(166, 1453.22, 3752.25, 31.9342),
	(167, 1445.19, 3753.62, 32.0701),
	(168, 1284.9, 3622.59, 33.8186),
	(169, 983.167, 3581.59, 33.6124),
	(170, 464.725, 3552.13, 33.2385),
	(171, 436.671, 3562.1, 33.2385),
	(172, 57.9325, 2797.36, 57.8782),
	(173, 251.98, 2586.13, 45.1265),
	(174, 253.025, 2588.45, 45.0064),
	(175, 406.66, 2626.71, 44.4767),
	(176, 405.426, 2624.59, 44.4619),
	(177, 537.293, 2665.82, 42.2947),
	(178, 536.917, 2668.08, 42.2518),
	(179, 550.169, 2652.42, 42.4409),
	(180, 564.54, 2804.33, 42.1554),
	(181, 562.941, 2802.91, 42.2054),
	(182, 550.451, 2802.25, 43.4659),
	(183, 548.903, 2804.87, 43.814),
	(184, 572.158, 2791.21, 42.1085),
	(185, 569.728, 2790.94, 42.0665),
	(186, 1021.3, 2650.07, 39.5511),
	(187, 1018.85, 2650.1, 39.607),
	(188, 1117.45, 2626.14, 37.9963),
	(189, 1120.42, 2626.21, 37.9996),
	(190, 1176.82, 2729.65, 38.0041),
	(191, 1174.58, 2729.64, 38.0041),
	(192, 2056.49, 3197.79, 45.9646),
	(193, 2054.67, 3201.14, 47.336),
	(194, 2047.06, 3204.23, 46.3604),
	(195, 2044.57, 3202.15, 46.5571),
	(196, 2042.53, 3198.71, 45.1864),
	(197, 2041.4, 3197.02, 45.1864),
	(198, 2060.48, 3195.12, 45.8688),
	(199, 2062.81, 3193.49, 45.623),
	(200, 2066.3, 3192.23, 46.2846),
	(201, 2066, 3184.95, 46.1206),
	(202, 1981.84, 3047.3, 47.1864),
	(203, 1980.01, 3048.6, 47.2151),
	(204, 1964.41, 3030.94, 47.0563),
	(205, 1965.25, 3030.32, 47.0563),
	(206, 2673.32, 3293.45, 55.2403),
	(207, 2672.56, 3292.14, 55.2405),
	(208, 2540.71, 2598.96, 37.8589),
	(209, 2530.43, 2641.35, 37.9448),
	(210, 2533.45, 2641.29, 37.9722),
	(211, 2492.13, 1569.46, 32.7168),
	(212, 2570.88, 483.816, 108.632),
	(213, 2570.54, 485.43, 108.674),
	(214, 2557.58, 283.892, 108.606),
	(215, 2532.73, -316.193, 92.9928),
	(216, 2534.58, -318.234, 92.9928),
	(217, 1733.16, -1642.93, 112.583),
	(218, 1732.52, -1641.32, 112.577),
	(219, 1775.73, -1646.01, 112.611),
	(220, 1773.41, -1646.22, 112.622),
	(221, 1491.05, 1102.89, 114.334),
	(222, -1089.67, 2722.96, 19.0405),
	(223, -2523.32, 2302.13, 33.2501),
	(224, -2177.25, 4259.5, 48.957),
	(225, -2175.6, 4256.46, 48.957),
	(226, -2173.7, 4259.02, 48.9578),
	(227, -2187.32, 4249.23, 48.9397),
	(228, -2227.04, 4221.49, 47.0142),
	(229, -2228.28, 4224.35, 46.9196),
	(230, -2224.96, 4223.97, 47.1112),
	(231, -2224.01, 4221.37, 47.0248),
	(232, -683.226, 5787.96, 17.3309),
	(233, -687.791, 5790.56, 17.3309),
	(234, 171.437, 6412.14, 31.1433),
	(235, -127.95, 6230.32, 31.3397),
	(236, 35.7491, 6295.34, 31.2302),
	(237, 32.9151, 6293.63, 31.2303),
	(238, 5.42536, 6411.48, 31.3628),
	(239, -19.8662, 6387.9, 31.3542),
	(240, -158.866, 6296.52, 31.9555),
	(241, -157.009, 6295.45, 31.5142),
	(242, -153.976, 6292.23, 31.4889),
	(243, -160.976, 6307.82, 31.4677),
	(244, -162.908, 6309.13, 31.4848),
	(245, -184.252, 6320.04, 31.4205),
	(246, -186.191, 6321.79, 31.4408),
	(247, -180.842, 6316.72, 31.4134),
	(248, -138.492, 6342.49, 31.4907),
	(249, -125.456, 6345.34, 31.4904),
	(250, -58.0716, 6413.14, 31.4904),
	(251, -49.6618, 6418.68, 31.4904),
	(252, -29.1855, 6529.34, 31.4909),
	(253, -5.14231, 6511.09, 31.5571),
	(254, -6.08307, 6480.32, 31.4932),
	(255, -14.0063, 6478.35, 31.4521),
	(256, -35.6432, 6451.89, 31.478),
	(257, -39.4727, 6434.45, 31.4741),
	(258, -72.6141, 6504.05, 31.4906),
	(259, -74.9953, 6503.85, 31.4909),
	(260, -81.8516, 6478.99, 31.4908),
	(261, -80.3366, 6477.25, 31.4909),
	(262, -68.9902, 6442.96, 31.4934),
	(263, -343.069, 6068.42, 31.481),
	(264, -435.431, 5986.6, 31.4919),
	(265, -434.083, 5987.75, 31.5868),
	(266, -438.267, 5983.82, 31.4901),
	(267, -436.226, 6144.36, 31.4781),
	(268, -3187.57, 1270.56, 12.7785),
	(269, -3186.82, 1272.44, 12.6431),
	(270, -3189.23, 1204.94, 9.54388),
	(271, -3191.74, 1167.52, 9.40319),
	(272, -3207.81, 1126.11, 10.0037),
	(273, -3216.32, 1111.52, 10.3089),
	(274, -3223.01, 1093.38, 10.5226),
	(275, -3230.2, 1062.61, 11.1219),
	(276, -3248.2, 996.38, 12.4823),
	(277, -3173.51, 1096.4, 20.8369),
	(278, -3175.45, 1096.93, 20.8161),
	(279, -3088.46, 226.215, 13.9901),
	(280, -63.2327, -1233.94, 28.9348),
	(281, -53.8391, -1217.77, 28.7301),
	(282, -71.8601, -1204.79, 27.8453),
	(283, -3052.46, 588.673, 7.72087),
	(284, -153.836, 6349.54, 31.5939),
	(285, -116.97, 6365.47, 31.4719),
	(286, -115.677, 6366.76, 31.4708),
	(287, -135.507, 6360.53, 31.4861),
	(288, -577.677, 5231.03, 70.5361),
	(289, -579.973, 5230.13, 70.487),
	(290, -567.845, 5245.18, 70.4669),
	(291, -1922.78, 2030.42, 140.739),
	(292, -1925.48, 2031.67, 140.739),
	(293, -300.164, 6277.78, 31.4927),
	(294, -287.286, 6309.43, 31.4924);

-- Дамп структуры для таблица chaos_db.bizs
CREATE TABLE IF NOT EXISTS `bizs` (
  `id` int(11) NOT NULL AUTO_INCREMENT,
  `characterId` int(11) DEFAULT NULL,
  `characterNick` varchar(128) DEFAULT NULL,
  `factionId` int(11) NOT NULL DEFAULT 0,
  `date` datetime DEFAULT NULL,
  `name` varchar(128) NOT NULL DEFAULT '',
  `price` int(11) NOT NULL,
  `type` int(11) NOT NULL,
  `cashBox` int(11) NOT NULL DEFAULT 0,
  `productsCount` int(11) NOT NULL,
  `productsMaxCount` int(11) NOT NULL,
  `productsOrder` int(11) DEFAULT NULL,
  `productsOrderPrice` int(11) DEFAULT NULL,
  `x` float NOT NULL,
  `y` float NOT NULL,
  `z` float NOT NULL,
  PRIMARY KEY (`id`)
) ENGINE=InnoDB AUTO_INCREMENT=102 DEFAULT CHARSET=utf8 COLLATE=utf8_general_ci;

-- Дамп данных таблицы chaos_db.bizs: ~99 rows (приблизительно)
INSERT INTO `bizs` (`id`, `characterId`, `characterNick`, `factionId`, `date`, `name`, `price`, `type`, `cashBox`, `productsCount`, `productsMaxCount`, `productsOrder`, `productsOrderPrice`, `x`, `y`, `z`) VALUES
	(2, NULL, NULL, 12, NULL, 'Магазин оружия', 650000, 5, 0, 200000, 200000, NULL, NULL, 2567.39, 304.15, 108.61),
	(3, NULL, NULL, 12, NULL, 'Магазин оружия', 500000, 5, 0, 200000, 200000, NULL, NULL, -1110.45, 2692.02, 18.6),
	(4, NULL, NULL, 14, NULL, 'Супермаркет', 800000, 1, 2677, 249979, 250000, NULL, NULL, 31.41, -1350.12, 29.33),
	(5, NULL, NULL, 14, NULL, 'Супермаркет', 800000, 1, 209, 250000, 250000, NULL, NULL, 378.46, 321.94, 103.4),
	(6, NULL, NULL, 14, NULL, 'Супермаркет', 600000, 1, 0, 250000, 250000, NULL, NULL, 1699.45, 4931.31, 42.08),
	(7, NULL, NULL, 14, NULL, 'Супермаркет', 450000, 1, 0, 250000, 250000, NULL, NULL, -1823.22, 786.24, 138.21),
	(8, NULL, NULL, 14, NULL, 'Супермаркет', 450000, 1, 536, 250000, 250000, NULL, NULL, 1157.92, -327.68, 69.21),
	(9, NULL, NULL, 14, NULL, 'Супермаркет', 450000, 1, 2295, 250000, 250000, NULL, NULL, -709.48, -917.34, 19.21),
	(10, NULL, NULL, 14, NULL, 'Супермаркет', 700000, 1, 80, 250000, 250000, NULL, NULL, -51.68, -1758.62, 29.44),
	(11, NULL, NULL, 14, NULL, 'Супермаркет', 700000, 1, 149, 250000, 250000, NULL, NULL, 1732.78, 6409.62, 35),
	(12, NULL, NULL, 14, NULL, 'Супермаркет', 450000, 1, 477, 250000, 250000, NULL, NULL, 1966.72, 3740.56, 32.34),
	(13, NULL, NULL, 14, NULL, 'Супермаркет', 550000, 1, 164, 250000, 250000, NULL, NULL, 2684.62, 3284.16, 55.24),
	(14, NULL, NULL, 14, NULL, 'Супермаркет', 500000, 1, 223, 250000, 250000, NULL, NULL, 546.09, 2674.32, 42.16),
	(15, NULL, NULL, 12, NULL, 'Парикмахерская', 450000, 6, 139, 100000, 100000, NULL, NULL, -824.58, -187.4, 37.63),
	(16, NULL, NULL, 14, NULL, 'Супермаркет', 500000, 1, 0, 250000, 250000, NULL, NULL, -3238.41, 1006.47, 12.41),
	(17, NULL, NULL, 14, NULL, 'Супермаркет', 600000, 1, 0, 250000, 250000, NULL, NULL, -3038.26, 591.79, 7.82),
	(18, NULL, NULL, 13, NULL, 'АЗС', 700000, 0, 1730, 100000, 100000, NULL, NULL, -724, -933.72, 19.21),
	(19, NULL, NULL, 14, NULL, 'Супермаркет', 700000, 1, 0, 250000, 250000, NULL, NULL, -2974.33, 389.3, 15.03),
	(20, NULL, NULL, 14, NULL, 'Супермаркет', 550000, 1, 2256, 250000, 250000, NULL, NULL, -1490.2, -385.34, 40.03),
	(21, NULL, NULL, 14, NULL, 'Супермаркет', 400000, 1, 806, 250000, 250000, NULL, NULL, -1228.88, -902.79, 12.21),
	(22, NULL, NULL, 12, NULL, 'Парикмахерская', 700000, 6, 198, 100000, 100000, NULL, NULL, -1289.64, -1114.66, 6.69),
	(23, NULL, NULL, 13, NULL, 'АЗС', 900000, 0, 0, 100000, 100000, NULL, NULL, -70.11, -1759.99, 29.53),
	(24, NULL, NULL, 14, NULL, 'Клуб', 450000, 10, 0, 100000, 100000, NULL, NULL, -564.93, 273.21, 83.02),
	(25, NULL, NULL, 14, NULL, 'Закусочная', 500000, 2, 275, 100000, 100000, NULL, NULL, 815.973, 542.884, 125.92),
	(26, NULL, '', 14, NULL, 'Автосалон', 500000, 12, 0, 1000000, 1000000, NULL, NULL, -32.6352, -1111.91, 26.4224),
	(27, NULL, NULL, 12, NULL, 'СТО', 100000, 3, 8716, 100000, 100000, NULL, NULL, 538, -183, 54),
	(28, NULL, NULL, 14, NULL, 'Магазин масок', 300000, 7, 1980, 99972, 100000, NULL, NULL, -1337.47, -1275.32, 4.9),
	(29, NULL, NULL, 13, NULL, 'Тату-салон', 600000, 8, 34439, 100000, 100000, NULL, NULL, 1320.01, -1650.38, 52.15),
	(30, NULL, NULL, 14, NULL, 'Los Santos Customs', 1800000, 9, 101779128, 58401, 500000, NULL, NULL, -343.6, -126.75, 39.01),
	(31, NULL, NULL, 12, NULL, 'Зарядочная станция', 76000, 11, 0, 100000, 100000, NULL, NULL, 829.72, -1028.42, 26.69),
	(32, NULL, NULL, 12, NULL, 'Магазин оружия', 500000, 5, 0, 200000, 200000, NULL, NULL, -1315.67, -392.45, 36.57),
	(33, NULL, NULL, 12, NULL, 'Магазин оружия', 500000, 5, 6277, 200000, 200000, NULL, NULL, -661.26, -944.98, 21.79),
	(34, NULL, NULL, 12, NULL, 'Магазин оружия', 500000, 5, 0, 200000, 200000, NULL, NULL, -3162.47, 1084.52, 20.85),
	(35, NULL, NULL, 12, NULL, 'СТО', 100000, 3, 0, 100000, 100000, NULL, NULL, 491.731, -1320.39, 29.2044),
	(36, NULL, NULL, 12, NULL, 'СТО', 100000, 3, 0, 100000, 100000, NULL, NULL, -231.212, -1380.15, 31.2582),
	(37, NULL, NULL, 12, NULL, 'Магазин оружия', 500000, 5, 12409, 200000, 200000, NULL, NULL, 15.09, -1115.3, 29.79),
	(38, NULL, NULL, 14, NULL, 'Супермаркет', 400000, 1, 0, 250000, 250000, NULL, NULL, 1168.06, 2702.64, 38.18),
	(39, NULL, NULL, 13, NULL, 'АЗС', 400000, 0, 495, 100000, 100000, NULL, NULL, 265.03, -1263.46, 29.29),
	(40, NULL, NULL, 13, NULL, 'АЗС', 400000, 0, 0, 100000, 100000, NULL, NULL, 819.03, -1029.67, 26.4),
	(41, NULL, NULL, 13, NULL, 'АЗС', 400000, 0, 30, 100000, 100000, NULL, NULL, 1206.28, -1398.95, 35.39),
	(42, NULL, NULL, 13, NULL, 'АЗС', 400000, 0, 1188, 100000, 100000, NULL, NULL, 1179.1, -330.63, 69.32),
	(43, NULL, NULL, 13, NULL, 'АЗС', 400000, 0, 0, 100000, 100000, NULL, NULL, 620.61, 268.91, 103.09),
	(44, NULL, NULL, 13, NULL, 'АЗС', 400000, 0, 0, 100000, 100000, NULL, NULL, -527.09, -1214.96, 18.18),
	(45, NULL, NULL, 13, NULL, 'АЗС', 400000, 0, 0, 100000, 100000, NULL, NULL, -1440.14, -279.38, 46.21),
	(46, NULL, NULL, 13, NULL, 'АЗС', 400000, 0, 0, 100000, 100000, NULL, NULL, -2096.98, -321.58, 13.17),
	(47, NULL, NULL, 13, NULL, 'АЗС', 400000, 0, 0, 100000, 100000, NULL, NULL, -1798.62, 802.06, 138.65),
	(48, NULL, NULL, 13, NULL, 'АЗС', 400000, 0, 155, 100000, 100000, NULL, NULL, -2555.26, 2334.4, 33.08),
	(49, NULL, NULL, 13, NULL, 'АЗС', 400000, 0, 30, 100000, 100000, NULL, NULL, 179.95, 6602.94, 31.87),
	(50, NULL, NULL, 13, NULL, 'АЗС', 400000, 0, 1347, 100000, 100000, NULL, NULL, -94.29, 6419.67, 31.49),
	(51, NULL, NULL, 13, NULL, 'АЗС', 400000, 0, 179, 100000, 100000, NULL, NULL, 1700.4, 6417.14, 32.76),
	(52, NULL, NULL, 13, NULL, 'АЗС', 400000, 0, 0, 100000, 100000, NULL, NULL, 1686.91, 4929.94, 42.08),
	(53, NULL, NULL, 13, NULL, 'АЗС', 400000, 0, 436, 100000, 100000, NULL, NULL, 1784.01, 3333.07, 41.1),
	(54, NULL, NULL, 13, NULL, 'АЗС', 400000, 0, 1289, 100000, 100000, NULL, NULL, 2680.09, 3265.16, 55.41),
	(55, NULL, NULL, 13, NULL, 'АЗС', 400000, 0, 0, 100000, 100000, NULL, NULL, 2540.08, 2593.66, 37.94),
	(56, NULL, NULL, 13, NULL, 'АЗС', 400000, 0, 0, 100000, 100000, NULL, NULL, 1209.08, 2658.85, 37.9),
	(57, NULL, NULL, 13, NULL, 'АЗС', 400000, 0, 0, 100000, 100000, NULL, NULL, 265.73, 2607.31, 44.98),
	(58, NULL, NULL, 13, NULL, 'АЗС', 400000, 0, 0, 100000, 100000, NULL, NULL, 52.18, 2777.01, 58.04),
	(59, NULL, NULL, 13, NULL, 'АЗС', 400000, 0, 0, 100000, 100000, NULL, NULL, 2581.03, 361.8, 108.47),
	(60, NULL, NULL, 12, NULL, 'Магазин оружия', 400000, 5, 4957, 200000, 200000, NULL, NULL, 809.78, -2147.25, 29.37),
	(61, NULL, NULL, 12, NULL, 'Магазин оружия', 400000, 5, 5468, 200000, 200000, NULL, NULL, 244.33, -43.15, 69.9),
	(62, NULL, NULL, 12, NULL, 'Магазин оружия', 400000, 5, 8014, 200000, 200000, NULL, NULL, -326.13, 6074.17, 31.24),
	(63, NULL, NULL, 12, NULL, 'Магазин оружия', 400000, 5, 0, 200000, 200000, NULL, NULL, 1701.08, 3753.75, 34.35),
	(64, NULL, NULL, 12, NULL, 'Магазин оружия', 400000, 5, 4206, 200000, 200000, NULL, NULL, 845.8, -1022.05, 27.63),
	(65, NULL, NULL, 14, NULL, 'Los Santos Customs', 1400000, 9, 0, 500000, 500000, NULL, NULL, 1187.3, 2639.17, 38.4),
	(66, NULL, NULL, 14, NULL, 'Los Santos Customs', 1400000, 9, 124, 500000, 500000, NULL, NULL, 726.82, -1068.18, 28.31),
	(67, NULL, NULL, 14, NULL, 'Los Santos Customs', 1400000, 9, 1942410, 500000, 500000, NULL, NULL, -208.11, -1338.95, 34.89),
	(68, NULL, NULL, 14, NULL, 'Los Santos Customs', 1400000, 9, 2341431, 500000, 500000, NULL, NULL, -1143.75, -2005.88, 13.18),
	(69, NULL, NULL, 14, NULL, 'Los Santos Customs', 1400000, 9, 446, 500000, 500000, NULL, NULL, 100.97, 6618.74, 32.44),
	(70, NULL, NULL, 13, NULL, 'Тату-салон', 400000, 8, 0, 100000, 100000, NULL, NULL, 1858.62, 3750.14, 33.05),
	(71, NULL, NULL, 13, NULL, 'Тату-салон', 400000, 8, 0, 100000, 100000, NULL, NULL, -287.92, 6199.13, 31.46),
	(72, NULL, NULL, 13, NULL, 'Тату-салон', 400000, 8, 0, 100000, 100000, NULL, NULL, -3166.54, 1075.58, 20.85),
	(73, NULL, NULL, 13, NULL, 'Тату-салон', 400000, 8, 0, 100000, 100000, NULL, NULL, -1156.87, -1424.14, 4.73),
	(74, NULL, NULL, 13, NULL, 'Тату-салон', 400000, 8, 228477, 100000, 100000, NULL, NULL, 322.93, 176.9, 103.52),
	(75, NULL, NULL, 12, NULL, 'Парикмахерская', 400000, 6, 139, 100000, 100000, NULL, NULL, 133.29, -1714.2, 29.29),
	(76, NULL, NULL, 12, NULL, 'Парикмахерская', 400000, 6, 238, 100000, 100000, NULL, NULL, -31.8, -145.53, 57.07),
	(77, NULL, NULL, 12, NULL, 'Парикмахерская', 400000, 6, 0, 100000, 100000, NULL, NULL, 1205.39, -472.3, 66.16),
	(78, NULL, NULL, 12, NULL, 'Парикмахерская', 400000, 6, 0, 100000, 100000, NULL, NULL, 1933.59, 3722.73, 32.83),
	(79, NULL, NULL, 12, NULL, 'Парикмахерская', 400000, 6, 0, 100000, 100000, NULL, NULL, -284.03, 6232.27, 31.49),
	(81, NULL, NULL, 14, NULL, 'Супермаркет', 400000, 1, 79, 250000, 250000, NULL, NULL, 2560.36, 382.96, 108.62),
	(82, NULL, NULL, 12, NULL, 'Магазин одежды', 400000, 4, 0, 150000, 150000, NULL, NULL, -3.18, 6515.69, 31.48),
	(83, NULL, NULL, 12, NULL, 'Магазин одежды', 400000, 4, 330, 150000, 150000, NULL, NULL, -1093.92, 2706.82, 19.01),
	(84, NULL, NULL, 12, NULL, 'Магазин одежды', 400000, 4, 0, 150000, 150000, NULL, NULL, -3169.25, 1060.36, 20.86),
	(85, NULL, NULL, 12, NULL, 'Магазин одежды', 400000, 4, 0, 149970, 150000, NULL, NULL, 417.51, -809.84, 29.35),
	(86, NULL, NULL, 12, NULL, 'Магазин одежды', 400000, 4, 84, 150000, 150000, NULL, NULL, -815.48, -1078.64, 11.13),
	(87, NULL, NULL, 12, NULL, 'Магазин одежды', 400000, 4, 1188, 150000, 150000, NULL, NULL, -1202.47, -781.71, 17.33),
	(88, NULL, NULL, 12, NULL, 'Магазин одежды', 400000, 4, 4455, 149820, 150000, NULL, NULL, -1458.67, -233.44, 49.44),
	(89, NULL, NULL, 12, NULL, 'Магазин одежды', 400000, 4, 0, 150000, 150000, 100, 2400, -718.73, -156, 37),
	(90, NULL, NULL, 12, NULL, 'Магазин одежды', 400000, 4, 990, 150000, 150000, NULL, NULL, -153.35, -304.02, 38.89),
	(91, NULL, NULL, 12, NULL, 'Магазин одежды', 400000, 4, 208, 150000, 150000, NULL, NULL, 125.93, -207.2, 54.59),
	(92, NULL, NULL, 12, NULL, 'Магазин одежды', 400000, 4, 1185, 150000, 150000, NULL, NULL, 620.78, 2747.5, 42.09),
	(93, NULL, NULL, 12, NULL, 'Магазин одежды', 400000, 4, 0, 150000, 150000, NULL, NULL, 1201.11, 2702.54, 38.15),
	(94, NULL, NULL, 12, NULL, 'Магазин одежды', 400000, 4, 0, 150000, 150000, NULL, NULL, 1686.64, 4818.52, 41.99),
	(95, NULL, NULL, 13, NULL, 'АЗС', 400000, 0, 614, 100000, 100000, NULL, NULL, -319.54, -1471.38, 30.55),
	(96, NULL, NULL, 12, NULL, 'Зарядочная станция', 76000, 11, 0, 100000, 100000, NULL, NULL, 1213.88, -1407.64, 35.08),
	(97, NULL, NULL, 12, NULL, 'Зарядочная станция', 76000, 11, 0, 100000, 100000, NULL, NULL, 609.63, 268.8, 103.09),
	(98, NULL, NULL, 12, NULL, 'Зарядочная станция', 76000, 11, 0, 100000, 100000, NULL, NULL, -1435.26, -267.29, 46.21),
	(99, NULL, NULL, 12, NULL, 'Зарядочная станция', 76000, 11, 0, 100000, 100000, NULL, NULL, -2554.63, 2323.36, 33.06),
	(100, NULL, NULL, 12, NULL, 'Зарядочная станция', 76000, 11, 0, 100000, 100000, NULL, NULL, 168.96, 6601.13, 31.85),
	(101, NULL, NULL, 12, NULL, 'Зарядочная станция', 76000, 11, 0, 100000, 100000, NULL, NULL, 2570.46, 362.22, 108.46);

-- Дамп структуры для таблица chaos_db.bizstatistics
CREATE TABLE IF NOT EXISTS `bizstatistics` (
  `id` int(11) NOT NULL AUTO_INCREMENT,
  `bizId` int(11) NOT NULL,
  `date` datetime NOT NULL,
  `money` int(11) NOT NULL,
  PRIMARY KEY (`id`),
  KEY `bizstatistics_ibfk_1` (`bizId`),
  CONSTRAINT `bizstatistics_ibfk_1` FOREIGN KEY (`bizId`) REFERENCES `bizs` (`id`) ON DELETE CASCADE ON UPDATE CASCADE
) ENGINE=InnoDB AUTO_INCREMENT=6141 DEFAULT CHARSET=utf8 COLLATE=utf8_general_ci;

-- Дамп данных таблицы chaos_db.bizstatistics: ~5 286 rows (приблизительно)
INSERT INTO `bizstatistics` (`id`, `bizId`, `date`, `money`) VALUES
	(1, 2, '2024-04-02 12:00:25', 0),
	(2, 3, '2024-04-02 12:00:26', 0),
	(3, 4, '2024-04-02 12:00:27', 0),
	(4, 5, '2024-04-02 12:00:27', 149),
	(5, 6, '2024-04-02 12:00:27', 0),
	(6, 7, '2024-04-02 12:00:28', 0),
	(7, 8, '2024-04-02 12:00:28', 0),
	(8, 9, '2024-04-02 12:00:28', 0),
	(9, 10, '2024-04-02 12:00:28', 0),
	(10, 11, '2024-04-02 12:00:28', 0),
	(11, 12, '2024-04-02 12:00:28', 268),
	(12, 13, '2024-04-02 12:00:28', 0),
	(13, 14, '2024-04-02 12:00:28', 0),
	(14, 15, '2024-04-02 12:00:28', 0),
	(15, 16, '2024-04-02 12:00:28', 0),
	(16, 17, '2024-04-02 12:00:28', 0),
	(17, 18, '2024-04-02 12:00:28', 0),
	(18, 19, '2024-04-02 12:00:28', 0),
	(19, 20, '2024-04-02 12:00:28', 0),
	(20, 21, '2024-04-02 12:00:28', 0),
	(21, 22, '2024-04-02 12:00:28', 0),
	(22, 23, '2024-04-02 12:00:28', 0),
	(23, 24, '2024-04-02 12:00:28', 0),
	(24, 25, '2024-04-02 12:00:28', 0),
	(25, 27, '2024-04-02 12:00:29', 0),
	(26, 28, '2024-04-02 12:00:29', 0),
	(27, 29, '2024-04-02 12:00:29', 0),
	(28, 30, '2024-04-02 12:00:29', 53337),
	(29, 31, '2024-04-02 12:00:29', 0),
	(30, 32, '2024-04-02 12:00:29', 0),
	(31, 33, '2024-04-02 12:00:29', 0),
	(32, 34, '2024-04-02 12:00:29', 0),
	(33, 35, '2024-04-02 12:00:29', 0),
	(34, 36, '2024-04-02 12:00:29', 0),
	(35, 37, '2024-04-02 12:00:29', 0),
	(36, 38, '2024-04-02 12:00:29', 0),
	(37, 39, '2024-04-02 12:00:29', 0),
	(38, 40, '2024-04-02 12:00:29', 0),
	(39, 41, '2024-04-02 12:00:29', 0),
	(40, 42, '2024-04-02 12:00:29', 0),
	(41, 43, '2024-04-02 12:00:29', 0),
	(42, 44, '2024-04-02 12:00:29', 0),
	(43, 45, '2024-04-02 12:00:29', 0),
	(44, 46, '2024-04-02 12:00:29', 0),
	(45, 47, '2024-04-02 12:00:30', 0),
	(46, 48, '2024-04-02 12:00:30', 0),
	(47, 49, '2024-04-02 12:00:30', 0),
	(48, 50, '2024-04-02 12:00:30', 0),
	(49, 51, '2024-04-02 12:00:30', 0),
	(50, 52, '2024-04-02 12:00:30', 0),
	(51, 53, '2024-04-02 12:00:30', 0),
	(52, 54, '2024-04-02 12:00:30', 0),
	(53, 55, '2024-04-02 12:00:30', 0),
	(54, 56, '2024-04-02 12:00:30', 0),
	(55, 57, '2024-04-02 12:00:30', 0),
	(56, 58, '2024-04-02 12:00:30', 0),
	(57, 59, '2024-04-02 12:00:30', 0),
	(58, 60, '2024-04-02 12:00:30', 0),
	(59, 61, '2024-04-02 12:00:30', 0),
	(60, 62, '2024-04-02 12:00:30', 0),
	(61, 63, '2024-04-02 12:00:30', 0),
	(62, 64, '2024-04-02 12:00:30', 0),
	(63, 65, '2024-04-02 12:00:30', 0),
	(64, 66, '2024-04-02 12:00:31', 0),
	(65, 67, '2024-04-02 12:00:31', 0),
	(66, 68, '2024-04-02 12:00:31', 0),
	(67, 69, '2024-04-02 12:00:31', 0),
	(68, 70, '2024-04-02 12:00:31', 0),
	(69, 71, '2024-04-02 12:00:31', 0),
	(70, 72, '2024-04-02 12:00:31', 0),
	(71, 73, '2024-04-02 12:00:31', 0),
	(72, 74, '2024-04-02 12:00:31', 0),
	(73, 75, '2024-04-02 12:00:31', 0),
	(74, 76, '2024-04-02 12:00:31', 0),
	(75, 77, '2024-04-02 12:00:31', 0),
	(76, 78, '2024-04-02 12:00:31', 0),
	(77, 79, '2024-04-02 12:00:31', 0),
	(79, 81, '2024-04-02 12:00:31', 0),
	(80, 82, '2024-04-02 12:00:31', 0),
	(81, 83, '2024-04-02 12:00:31', 0),
	(82, 84, '2024-04-02 12:00:31', 0),
	(83, 85, '2024-04-02 12:00:31', 0),
	(84, 86, '2024-04-02 12:00:32', 0),
	(85, 87, '2024-04-02 12:00:32', 0),
	(86, 88, '2024-04-02 12:00:32', 0),
	(87, 89, '2024-04-02 12:00:32', 0),
	(88, 90, '2024-04-02 12:00:32', 0),
	(89, 91, '2024-04-02 12:00:32', 0),
	(90, 92, '2024-04-02 12:00:32', 0),
	(91, 93, '2024-04-02 12:00:32', 0),
	(92, 94, '2024-04-02 12:00:32', 0),
	(93, 95, '2024-04-02 12:00:32', 0),
	(94, 96, '2024-04-02 12:00:32', 0),
	(95, 97, '2024-04-02 12:00:32', 0),
	(96, 98, '2024-04-02 12:00:32', 0),
	(97, 99, '2024-04-02 12:00:32', 0),
	(98, 100, '2024-04-02 12:00:32', 0),
	(99, 101, '2024-04-02 12:00:32', 0),
	(100, 2, '2024-04-03 15:05:22', 0),
	(101, 3, '2024-04-03 15:05:22', 0),
	(102, 4, '2024-04-03 15:05:22', 0),
	(103, 5, '2024-04-03 15:05:22', 0),
	(104, 6, '2024-04-03 15:05:22', 0),
	(105, 7, '2024-04-03 15:05:22', 0),
	(106, 8, '2024-04-03 15:05:22', 0),
	(107, 9, '2024-04-03 15:05:22', 0),
	(108, 10, '2024-04-03 15:05:22', 0),
	(109, 11, '2024-04-03 15:05:22', 0),
	(110, 12, '2024-04-03 15:05:22', 0),
	(111, 13, '2024-04-03 15:05:22', 0),
	(112, 14, '2024-04-03 15:05:22', 0),
	(113, 15, '2024-04-03 15:05:23', 0),
	(114, 16, '2024-04-03 15:05:23', 0),
	(115, 17, '2024-04-03 15:05:23', 0),
	(116, 18, '2024-04-03 15:05:23', 0),
	(117, 19, '2024-04-03 15:05:23', 0),
	(118, 20, '2024-04-03 15:05:23', 0),
	(119, 21, '2024-04-03 15:05:23', 0),
	(120, 22, '2024-04-03 15:05:23', 0),
	(121, 23, '2024-04-03 15:05:23', 0),
	(122, 24, '2024-04-03 15:05:23', 0),
	(123, 25, '2024-04-03 15:05:23', 0),
	(124, 27, '2024-04-03 15:05:23', 0),
	(125, 28, '2024-04-03 15:05:23', 0),
	(126, 29, '2024-04-03 15:05:23', 0),
	(127, 30, '2024-04-03 15:05:23', 0),
	(128, 31, '2024-04-03 15:05:23', 0),
	(129, 32, '2024-04-03 15:05:23', 0),
	(130, 33, '2024-04-03 15:05:23', 0),
	(131, 34, '2024-04-03 15:05:23', 0),
	(132, 35, '2024-04-03 15:05:23', 0),
	(133, 36, '2024-04-03 15:05:23', 0),
	(134, 37, '2024-04-03 15:05:23', 0),
	(135, 38, '2024-04-03 15:05:23', 0),
	(136, 39, '2024-04-03 15:05:23', 0),
	(137, 40, '2024-04-03 15:05:23', 0),
	(138, 41, '2024-04-03 15:05:23', 0),
	(139, 42, '2024-04-03 15:05:24', 0),
	(140, 43, '2024-04-03 15:05:24', 0),
	(141, 44, '2024-04-03 15:05:24', 0),
	(142, 45, '2024-04-03 15:05:24', 0),
	(143, 46, '2024-04-03 15:05:24', 0),
	(144, 47, '2024-04-03 15:05:24', 0),
	(145, 48, '2024-04-03 15:05:24', 0),
	(146, 49, '2024-04-03 15:05:24', 0),
	(147, 50, '2024-04-03 15:05:24', 0),
	(148, 51, '2024-04-03 15:05:24', 0),
	(149, 52, '2024-04-03 15:05:24', 0),
	(150, 53, '2024-04-03 15:05:24', 0),
	(151, 54, '2024-04-03 15:05:24', 0),
	(152, 55, '2024-04-03 15:05:24', 0),
	(153, 56, '2024-04-03 15:05:24', 0),
	(154, 57, '2024-04-03 15:05:24', 0),
	(155, 58, '2024-04-03 15:05:24', 0),
	(156, 59, '2024-04-03 15:05:24', 0),
	(157, 60, '2024-04-03 15:05:24', 0),
	(158, 61, '2024-04-03 15:05:24', 0),
	(159, 62, '2024-04-03 15:05:24', 0),
	(160, 63, '2024-04-03 15:05:24', 0),
	(161, 64, '2024-04-03 15:05:24', 0),
	(162, 65, '2024-04-03 15:05:24', 0),
	(163, 66, '2024-04-03 15:05:24', 0),
	(164, 67, '2024-04-03 15:05:24', 0),
	(165, 68, '2024-04-03 15:05:25', 0),
	(166, 69, '2024-04-03 15:05:25', 0),
	(167, 70, '2024-04-03 15:05:25', 0),
	(168, 71, '2024-04-03 15:05:25', 0),
	(169, 72, '2024-04-03 15:05:25', 0),
	(170, 73, '2024-04-03 15:05:25', 0),
	(171, 74, '2024-04-03 15:05:25', 0),
	(172, 75, '2024-04-03 15:05:25', 0),
	(173, 76, '2024-04-03 15:05:25', 0),
	(174, 77, '2024-04-03 15:05:25', 0),
	(175, 78, '2024-04-03 15:05:25', 0),
	(176, 79, '2024-04-03 15:05:25', 0),
	(178, 81, '2024-04-03 15:05:25', 0),
	(179, 82, '2024-04-03 15:05:25', 0),
	(180, 83, '2024-04-03 15:05:25', 0),
	(181, 84, '2024-04-03 15:05:25', 0),
	(182, 85, '2024-04-03 15:05:25', 0),
	(183, 86, '2024-04-03 15:05:25', 0),
	(184, 87, '2024-04-03 15:05:25', 0),
	(185, 88, '2024-04-03 15:05:25', 0),
	(186, 89, '2024-04-03 15:05:25', 0),
	(187, 90, '2024-04-03 15:05:25', 0),
	(188, 91, '2024-04-03 15:05:25', 0),
	(189, 92, '2024-04-03 15:05:25', 0),
	(190, 93, '2024-04-03 15:05:26', 0),
	(191, 94, '2024-04-03 15:05:26', 0),
	(192, 95, '2024-04-03 15:05:26', 0),
	(193, 96, '2024-04-03 15:05:26', 0),
	(194, 97, '2024-04-03 15:05:26', 0),
	(195, 98, '2024-04-03 15:05:26', 0),
	(196, 99, '2024-04-03 15:05:26', 0),
	(197, 100, '2024-04-03 15:05:26', 0),
	(198, 101, '2024-04-03 15:05:26', 0),
	(199, 2, '2024-04-04 13:28:12', 0),
	(200, 3, '2024-04-04 13:28:14', 0),
	(201, 4, '2024-04-04 13:28:15', 0),
	(202, 5, '2024-04-04 13:28:15', 0),
	(203, 6, '2024-04-04 13:28:15', 0),
	(204, 7, '2024-04-04 13:28:15', 0),
	(205, 8, '2024-04-04 13:28:15', 0),
	(206, 9, '2024-04-04 13:28:15', 1319),
	(207, 10, '2024-04-04 13:28:15', 0),
	(208, 11, '2024-04-04 13:28:15', 0),
	(209, 12, '2024-04-04 13:28:15', 0),
	(210, 13, '2024-04-04 13:28:15', 0),
	(211, 14, '2024-04-04 13:28:15', 0),
	(212, 15, '2024-04-04 13:28:15', 0),
	(213, 16, '2024-04-04 13:28:15', 0),
	(214, 17, '2024-04-04 13:28:15', 0),
	(215, 18, '2024-04-04 13:28:15', 0),
	(216, 19, '2024-04-04 13:28:15', 0),
	(217, 20, '2024-04-04 13:28:15', 0),
	(218, 21, '2024-04-04 13:28:15', 0),
	(219, 22, '2024-04-04 13:28:15', 0),
	(220, 23, '2024-04-04 13:28:15', 0),
	(221, 24, '2024-04-04 13:28:15', 0),
	(222, 25, '2024-04-04 13:28:15', 0),
	(223, 27, '2024-04-04 13:28:15', 0),
	(224, 28, '2024-04-04 13:28:15', 0),
	(225, 29, '2024-04-04 13:28:16', 0),
	(226, 30, '2024-04-04 13:28:16', 0),
	(227, 31, '2024-04-04 13:28:16', 0),
	(228, 32, '2024-04-04 13:28:16', 0),
	(229, 33, '2024-04-04 13:28:16', 0),
	(230, 34, '2024-04-04 13:28:16', 0),
	(231, 35, '2024-04-04 13:28:16', 0),
	(232, 36, '2024-04-04 13:28:16', 0),
	(233, 37, '2024-04-04 13:28:16', 0),
	(234, 38, '2024-04-04 13:28:16', 0),
	(235, 39, '2024-04-04 13:28:16', 0),
	(236, 40, '2024-04-04 13:28:16', 0),
	(237, 41, '2024-04-04 13:28:16', 30),
	(238, 42, '2024-04-04 13:28:16', 0),
	(239, 43, '2024-04-04 13:28:16', 0),
	(240, 44, '2024-04-04 13:28:16', 0),
	(241, 45, '2024-04-04 13:28:16', 0),
	(242, 46, '2024-04-04 13:28:16', 0),
	(243, 47, '2024-04-04 13:28:16', 0),
	(244, 48, '2024-04-04 13:28:16', 0),
	(245, 49, '2024-04-04 13:28:16', 0),
	(246, 50, '2024-04-04 13:28:16', 0),
	(247, 51, '2024-04-04 13:28:16', 0),
	(248, 52, '2024-04-04 13:28:16', 0),
	(249, 53, '2024-04-04 13:28:16', 0),
	(250, 54, '2024-04-04 13:28:16', 0),
	(251, 55, '2024-04-04 13:28:16', 0),
	(252, 56, '2024-04-04 13:28:17', 0),
	(253, 57, '2024-04-04 13:28:17', 0),
	(254, 58, '2024-04-04 13:28:17', 0),
	(255, 59, '2024-04-04 13:28:17', 0),
	(256, 60, '2024-04-04 13:28:17', 0),
	(257, 61, '2024-04-04 13:28:17', 0),
	(258, 62, '2024-04-04 13:28:17', 0),
	(259, 63, '2024-04-04 13:28:17', 0),
	(260, 64, '2024-04-04 13:28:17', 0),
	(261, 65, '2024-04-04 13:28:17', 0),
	(262, 66, '2024-04-04 13:28:17', 0),
	(263, 67, '2024-04-04 13:28:17', 53807),
	(264, 68, '2024-04-04 13:28:17', 82047),
	(265, 69, '2024-04-04 13:28:17', 0),
	(266, 70, '2024-04-04 13:28:17', 0),
	(267, 71, '2024-04-04 13:28:17', 0),
	(268, 72, '2024-04-04 13:28:17', 0),
	(269, 73, '2024-04-04 13:28:17', 0),
	(270, 74, '2024-04-04 13:28:17', 0),
	(271, 75, '2024-04-04 13:28:17', 0),
	(272, 76, '2024-04-04 13:28:17', 0),
	(273, 77, '2024-04-04 13:28:17', 0),
	(274, 78, '2024-04-04 13:28:17', 0),
	(275, 79, '2024-04-04 13:28:17', 0),
	(277, 81, '2024-04-04 13:28:17', 0),
	(278, 82, '2024-04-04 13:28:17', 0),
	(279, 83, '2024-04-04 13:28:18', 0),
	(280, 84, '2024-04-04 13:28:18', 0),
	(281, 85, '2024-04-04 13:28:18', 0),
	(282, 86, '2024-04-04 13:28:18', 0),
	(283, 87, '2024-04-04 13:28:18', 0),
	(284, 88, '2024-04-04 13:28:18', 0),
	(285, 89, '2024-04-04 13:28:18', 0),
	(286, 90, '2024-04-04 13:28:18', 0),
	(287, 91, '2024-04-04 13:28:18', 0),
	(288, 92, '2024-04-04 13:28:18', 504),
	(289, 93, '2024-04-04 13:28:18', 0),
	(290, 94, '2024-04-04 13:28:18', 0),
	(291, 95, '2024-04-04 13:28:18', 0),
	(292, 96, '2024-04-04 13:28:18', 0),
	(293, 97, '2024-04-04 13:28:18', 0),
	(294, 98, '2024-04-04 13:28:18', 0),
	(295, 99, '2024-04-04 13:28:18', 0),
	(296, 100, '2024-04-04 13:28:18', 0),
	(297, 101, '2024-04-04 13:28:18', 0),
	(298, 30, '2024-04-05 07:45:43', 72394),
	(299, 91, '2024-04-05 07:49:08', 208),
	(300, 68, '2024-04-05 10:27:16', 31309),
	(301, 10, '2024-04-05 10:30:42', 80),
	(302, 25, '2024-04-05 10:33:40', 60),
	(303, 2, '2024-04-05 15:05:06', 0),
	(304, 3, '2024-04-05 15:05:06', 0),
	(305, 4, '2024-04-05 15:05:07', 0),
	(306, 5, '2024-04-05 15:05:07', 0),
	(307, 6, '2024-04-05 15:05:07', 0),
	(308, 7, '2024-04-05 15:05:07', 0),
	(309, 8, '2024-04-05 15:05:07', 0),
	(310, 9, '2024-04-05 15:05:07', 30),
	(311, 11, '2024-04-05 15:05:08', 0),
	(312, 12, '2024-04-05 15:05:08', 0),
	(313, 13, '2024-04-05 15:05:08', 0),
	(314, 14, '2024-04-05 15:05:08', 0),
	(315, 15, '2024-04-05 15:05:08', 0),
	(316, 16, '2024-04-05 15:05:08', 0),
	(317, 17, '2024-04-05 15:05:08', 0),
	(318, 18, '2024-04-05 15:05:08', 0),
	(319, 19, '2024-04-05 15:05:08', 0),
	(320, 20, '2024-04-05 15:05:08', 0),
	(321, 21, '2024-04-05 15:05:08', 0),
	(322, 22, '2024-04-05 15:05:08', 0),
	(323, 23, '2024-04-05 15:05:08', 0),
	(324, 24, '2024-04-05 15:05:08', 0),
	(325, 27, '2024-04-05 15:05:08', 0),
	(326, 28, '2024-04-05 15:05:08', 0),
	(327, 29, '2024-04-05 15:05:08', 0),
	(328, 31, '2024-04-05 15:05:08', 0),
	(329, 32, '2024-04-05 15:05:08', 0),
	(330, 33, '2024-04-05 15:05:08', 0),
	(331, 34, '2024-04-05 15:05:08', 0),
	(332, 35, '2024-04-05 15:05:08', 0),
	(333, 36, '2024-04-05 15:05:08', 0),
	(334, 37, '2024-04-05 15:05:08', 0),
	(335, 38, '2024-04-05 15:05:08', 0),
	(336, 39, '2024-04-05 15:05:08', 0),
	(337, 40, '2024-04-05 15:05:08', 0),
	(338, 41, '2024-04-05 15:05:09', 0),
	(339, 42, '2024-04-05 15:05:09', 0),
	(340, 43, '2024-04-05 15:05:09', 0),
	(341, 44, '2024-04-05 15:05:09', 0),
	(342, 45, '2024-04-05 15:05:09', 0),
	(343, 46, '2024-04-05 15:05:09', 0),
	(344, 47, '2024-04-05 15:05:09', 0),
	(345, 48, '2024-04-05 15:05:09', 0),
	(346, 49, '2024-04-05 15:05:09', 0),
	(347, 50, '2024-04-05 15:05:09', 0),
	(348, 51, '2024-04-05 15:05:09', 0),
	(349, 52, '2024-04-05 15:05:09', 0),
	(350, 53, '2024-04-05 15:05:09', 0),
	(351, 54, '2024-04-05 15:05:09', 0),
	(352, 55, '2024-04-05 15:05:09', 0),
	(353, 56, '2024-04-05 15:05:09', 0),
	(354, 57, '2024-04-05 15:05:09', 0),
	(355, 58, '2024-04-05 15:05:09', 0),
	(356, 59, '2024-04-05 15:05:09', 0),
	(357, 60, '2024-04-05 15:05:09', 0),
	(358, 61, '2024-04-05 15:05:09', 0),
	(359, 62, '2024-04-05 15:05:09', 0),
	(360, 63, '2024-04-05 15:05:09', 0),
	(361, 64, '2024-04-05 15:05:09', 0),
	(362, 65, '2024-04-05 15:05:09', 0),
	(363, 66, '2024-04-05 15:05:09', 0),
	(364, 67, '2024-04-05 15:05:09', 0),
	(365, 69, '2024-04-05 15:05:09', 0),
	(366, 70, '2024-04-05 15:05:10', 0),
	(367, 71, '2024-04-05 15:05:10', 0),
	(368, 72, '2024-04-05 15:05:10', 0),
	(369, 73, '2024-04-05 15:05:10', 0),
	(370, 74, '2024-04-05 15:05:10', 0),
	(371, 75, '2024-04-05 15:05:10', 0),
	(372, 76, '2024-04-05 15:05:10', 0),
	(373, 77, '2024-04-05 15:05:10', 0),
	(374, 78, '2024-04-05 15:05:10', 0),
	(375, 79, '2024-04-05 15:05:10', 0),
	(377, 81, '2024-04-05 15:05:10', 0),
	(378, 82, '2024-04-05 15:05:10', 0),
	(379, 83, '2024-04-05 15:05:10', 0),
	(380, 84, '2024-04-05 15:05:10', 0),
	(381, 85, '2024-04-05 15:05:10', 0),
	(382, 86, '2024-04-05 15:05:10', 0),
	(383, 87, '2024-04-05 15:05:10', 0),
	(384, 88, '2024-04-05 15:05:10', 0),
	(385, 89, '2024-04-05 15:05:10', 0),
	(386, 90, '2024-04-05 15:05:10', 0),
	(387, 92, '2024-04-05 15:05:10', 0),
	(388, 93, '2024-04-05 15:05:10', 0),
	(389, 94, '2024-04-05 15:05:10', 0),
	(390, 95, '2024-04-05 15:05:10', 0),
	(391, 96, '2024-04-05 15:05:10', 0),
	(392, 97, '2024-04-05 15:05:10', 0),
	(393, 98, '2024-04-05 15:05:11', 0),
	(394, 99, '2024-04-05 15:05:11', 0),
	(395, 100, '2024-04-05 15:05:11', 0),
	(396, 101, '2024-04-05 15:05:11', 0),
	(397, 2, '2024-04-05 21:02:25', 0),
	(398, 3, '2024-04-05 21:02:25', 0),
	(399, 4, '2024-04-05 21:02:26', 0),
	(400, 5, '2024-04-05 21:02:27', 0),
	(401, 6, '2024-04-05 21:02:27', 0),
	(402, 7, '2024-04-05 21:02:27', 0),
	(403, 8, '2024-04-05 21:02:27', 0),
	(404, 9, '2024-04-05 21:02:27', 0),
	(405, 10, '2024-04-05 21:02:27', 0),
	(406, 11, '2024-04-05 21:02:27', 0),
	(407, 12, '2024-04-05 21:02:27', 149),
	(408, 13, '2024-04-05 21:02:27', 0),
	(409, 14, '2024-04-05 21:02:27', 0),
	(410, 15, '2024-04-05 21:02:27', 0),
	(411, 16, '2024-04-05 21:02:27', 0),
	(412, 17, '2024-04-05 21:02:27', 0),
	(413, 18, '2024-04-05 21:02:27', 0),
	(414, 19, '2024-04-05 21:02:27', 0),
	(415, 20, '2024-04-05 21:02:27', 0),
	(416, 21, '2024-04-05 21:02:28', 200),
	(417, 22, '2024-04-05 21:02:28', 0),
	(418, 23, '2024-04-05 21:02:28', 0),
	(419, 24, '2024-04-05 21:02:28', 0),
	(420, 25, '2024-04-05 21:02:28', 0),
	(421, 27, '2024-04-05 21:02:28', 0),
	(422, 28, '2024-04-05 21:02:28', 0),
	(423, 29, '2024-04-05 21:02:28', 0),
	(424, 30, '2024-04-05 21:02:28', 0),
	(425, 31, '2024-04-05 21:02:28', 0),
	(426, 32, '2024-04-05 21:02:28', 0),
	(427, 33, '2024-04-05 21:02:28', 0),
	(428, 34, '2024-04-05 21:02:28', 0),
	(429, 35, '2024-04-05 21:02:28', 0),
	(430, 36, '2024-04-05 21:02:28', 0),
	(431, 37, '2024-04-05 21:02:28', 0),
	(432, 38, '2024-04-05 21:02:28', 0),
	(433, 39, '2024-04-05 21:02:28', 0),
	(434, 40, '2024-04-05 21:02:28', 0),
	(435, 41, '2024-04-05 21:02:28', 0),
	(436, 42, '2024-04-05 21:02:28', 0),
	(437, 43, '2024-04-05 21:02:28', 0),
	(438, 44, '2024-04-05 21:02:28', 0),
	(439, 45, '2024-04-05 21:02:28', 0),
	(440, 46, '2024-04-05 21:02:28', 0),
	(441, 47, '2024-04-05 21:02:28', 0),
	(442, 48, '2024-04-05 21:02:28', 0),
	(443, 49, '2024-04-05 21:02:28', 0),
	(444, 50, '2024-04-05 21:02:29', 0),
	(445, 51, '2024-04-05 21:02:29', 0),
	(446, 52, '2024-04-05 21:02:29', 0),
	(447, 53, '2024-04-05 21:02:29', 0),
	(448, 54, '2024-04-05 21:02:29', 0),
	(449, 55, '2024-04-05 21:02:29', 0),
	(450, 56, '2024-04-05 21:02:29', 0),
	(451, 57, '2024-04-05 21:02:29', 0),
	(452, 58, '2024-04-05 21:02:29', 0),
	(453, 59, '2024-04-05 21:02:29', 0),
	(454, 60, '2024-04-05 21:02:29', 0),
	(455, 61, '2024-04-05 21:02:29', 0),
	(456, 62, '2024-04-05 21:02:29', 0),
	(457, 63, '2024-04-05 21:02:29', 0),
	(458, 64, '2024-04-05 21:02:29', 0),
	(459, 65, '2024-04-05 21:02:29', 0),
	(460, 66, '2024-04-05 21:02:29', 0),
	(461, 67, '2024-04-05 21:02:29', 0),
	(462, 68, '2024-04-05 21:02:29', 0),
	(463, 69, '2024-04-05 21:02:29', 0),
	(464, 70, '2024-04-05 21:02:29', 0),
	(465, 71, '2024-04-05 21:02:29', 0),
	(466, 72, '2024-04-05 21:02:29', 0),
	(467, 73, '2024-04-05 21:02:29', 0),
	(468, 74, '2024-04-05 21:02:29', 0),
	(469, 75, '2024-04-05 21:02:29', 0),
	(470, 76, '2024-04-05 21:02:29', 0),
	(471, 77, '2024-04-05 21:02:30', 0),
	(472, 78, '2024-04-05 21:02:30', 0),
	(473, 79, '2024-04-05 21:02:30', 0),
	(475, 81, '2024-04-05 21:02:30', 0),
	(476, 82, '2024-04-05 21:02:30', 0),
	(477, 83, '2024-04-05 21:02:30', 0),
	(478, 84, '2024-04-05 21:02:30', 0),
	(479, 85, '2024-04-05 21:02:30', 0),
	(480, 86, '2024-04-05 21:02:30', 0),
	(481, 87, '2024-04-05 21:02:30', 0),
	(482, 88, '2024-04-05 21:02:30', 0),
	(483, 89, '2024-04-05 21:02:30', 0),
	(484, 90, '2024-04-05 21:02:30', 0),
	(485, 91, '2024-04-05 21:02:30', 0),
	(486, 92, '2024-04-05 21:02:30', 0),
	(487, 93, '2024-04-05 21:02:30', 0),
	(488, 94, '2024-04-05 21:02:30', 0),
	(489, 95, '2024-04-05 21:02:30', 0),
	(490, 96, '2024-04-05 21:02:30', 0),
	(491, 97, '2024-04-05 21:02:30', 0),
	(492, 98, '2024-04-05 21:02:30', 0),
	(493, 99, '2024-04-05 21:02:30', 0),
	(494, 100, '2024-04-05 21:02:30', 0),
	(495, 101, '2024-04-05 21:02:30', 0),
	(496, 2, '2024-04-06 21:16:05', 0),
	(497, 3, '2024-04-06 21:16:06', 0),
	(498, 4, '2024-04-06 21:16:07', 0),
	(499, 5, '2024-04-06 21:16:07', 0),
	(500, 6, '2024-04-06 21:16:07', 0),
	(501, 7, '2024-04-06 21:16:08', 0),
	(502, 8, '2024-04-06 21:16:08', 0),
	(503, 9, '2024-04-06 21:16:08', 0),
	(504, 10, '2024-04-06 21:16:08', 0),
	(505, 11, '2024-04-06 21:16:08', 0),
	(506, 12, '2024-04-06 21:16:08', 0),
	(507, 13, '2024-04-06 21:16:08', 0),
	(508, 14, '2024-04-06 21:16:08', 0),
	(509, 15, '2024-04-06 21:16:08', 0),
	(510, 16, '2024-04-06 21:16:08', 0),
	(511, 17, '2024-04-06 21:16:08', 0),
	(512, 18, '2024-04-06 21:16:08', 0),
	(513, 19, '2024-04-06 21:16:08', 0),
	(514, 20, '2024-04-06 21:16:08', 0),
	(515, 21, '2024-04-06 21:16:08', 0),
	(516, 22, '2024-04-06 21:16:08', 0),
	(517, 23, '2024-04-06 21:16:08', 0),
	(518, 24, '2024-04-06 21:16:08', 0),
	(519, 25, '2024-04-06 21:16:08', 0),
	(520, 27, '2024-04-06 21:16:08', 0),
	(521, 28, '2024-04-06 21:16:08', 0),
	(522, 29, '2024-04-06 21:16:08', 0),
	(523, 30, '2024-04-06 21:16:08', 0),
	(524, 31, '2024-04-06 21:16:08', 0),
	(525, 32, '2024-04-06 21:16:08', 0),
	(526, 33, '2024-04-06 21:16:08', 0),
	(527, 34, '2024-04-06 21:16:08', 0),
	(528, 35, '2024-04-06 21:16:09', 0),
	(529, 36, '2024-04-06 21:16:09', 0),
	(530, 37, '2024-04-06 21:16:09', 0),
	(531, 38, '2024-04-06 21:16:09', 0),
	(532, 39, '2024-04-06 21:16:09', 0),
	(533, 40, '2024-04-06 21:16:09', 0),
	(534, 41, '2024-04-06 21:16:09', 0),
	(535, 42, '2024-04-06 21:16:09', 0),
	(536, 43, '2024-04-06 21:16:09', 0),
	(537, 44, '2024-04-06 21:16:09', 0),
	(538, 45, '2024-04-06 21:16:09', 0),
	(539, 46, '2024-04-06 21:16:09', 0),
	(540, 47, '2024-04-06 21:16:09', 0),
	(541, 48, '2024-04-06 21:16:09', 0),
	(542, 49, '2024-04-06 21:16:09', 0),
	(543, 50, '2024-04-06 21:16:09', 0),
	(544, 51, '2024-04-06 21:16:09', 0),
	(545, 52, '2024-04-06 21:16:09', 0),
	(546, 53, '2024-04-06 21:16:09', 0),
	(547, 54, '2024-04-06 21:16:09', 0),
	(548, 55, '2024-04-06 21:16:09', 0),
	(549, 56, '2024-04-06 21:16:09', 0),
	(550, 57, '2024-04-06 21:16:09', 0),
	(551, 58, '2024-04-06 21:16:09', 0),
	(552, 59, '2024-04-06 21:16:09', 0),
	(553, 60, '2024-04-06 21:16:09', 0),
	(554, 61, '2024-04-06 21:16:09', 0),
	(555, 62, '2024-04-06 21:16:10', 0),
	(556, 63, '2024-04-06 21:16:10', 0),
	(557, 64, '2024-04-06 21:16:10', 0),
	(558, 65, '2024-04-06 21:16:10', 0),
	(559, 66, '2024-04-06 21:16:10', 0),
	(560, 67, '2024-04-06 21:16:10', 0),
	(561, 68, '2024-04-06 21:16:10', 0),
	(562, 69, '2024-04-06 21:16:10', 0),
	(563, 70, '2024-04-06 21:16:10', 0),
	(564, 71, '2024-04-06 21:16:10', 0),
	(565, 72, '2024-04-06 21:16:10', 0),
	(566, 73, '2024-04-06 21:16:10', 0),
	(567, 74, '2024-04-06 21:16:10', 0),
	(568, 75, '2024-04-06 21:16:10', 0),
	(569, 76, '2024-04-06 21:16:10', 0),
	(570, 77, '2024-04-06 21:16:10', 0),
	(571, 78, '2024-04-06 21:16:10', 0),
	(572, 79, '2024-04-06 21:16:10', 0),
	(574, 81, '2024-04-06 21:16:10', 0),
	(575, 82, '2024-04-06 21:16:10', 0),
	(576, 83, '2024-04-06 21:16:10', 0),
	(577, 84, '2024-04-06 21:16:10', 0),
	(578, 85, '2024-04-06 21:16:10', 0),
	(579, 86, '2024-04-06 21:16:10', 0),
	(580, 87, '2024-04-06 21:16:10', 0),
	(581, 88, '2024-04-06 21:16:10', 0),
	(582, 89, '2024-04-06 21:16:11', 0),
	(583, 90, '2024-04-06 21:16:11', 0),
	(584, 91, '2024-04-06 21:16:11', 0),
	(585, 92, '2024-04-06 21:16:11', 0),
	(586, 93, '2024-04-06 21:16:11', 0),
	(587, 94, '2024-04-06 21:16:11', 0),
	(588, 95, '2024-04-06 21:16:11', 0),
	(589, 96, '2024-04-06 21:16:11', 0),
	(590, 97, '2024-04-06 21:16:11', 0),
	(591, 98, '2024-04-06 21:16:11', 0),
	(592, 99, '2024-04-06 21:16:11', 0),
	(593, 100, '2024-04-06 21:16:11', 0),
	(594, 101, '2024-04-06 21:16:11', 0),
	(595, 2, '2024-04-08 12:05:53', 0),
	(596, 3, '2024-04-08 12:05:53', 0),
	(597, 4, '2024-04-08 12:05:53', 0),
	(598, 5, '2024-04-08 12:05:53', 0),
	(599, 6, '2024-04-08 12:05:53', 0),
	(600, 7, '2024-04-08 12:05:53', 0),
	(601, 8, '2024-04-08 12:05:53', 0),
	(602, 9, '2024-04-08 12:05:53', 0),
	(603, 10, '2024-04-08 12:05:53', 0),
	(604, 11, '2024-04-08 12:05:53', 0),
	(605, 12, '2024-04-08 12:05:53', 0),
	(606, 13, '2024-04-08 12:05:53', 0),
	(607, 14, '2024-04-08 12:05:53', 0),
	(608, 15, '2024-04-08 12:05:53', 0),
	(609, 16, '2024-04-08 12:05:53', 0),
	(610, 17, '2024-04-08 12:05:54', 0),
	(611, 18, '2024-04-08 12:05:54', 0),
	(612, 19, '2024-04-08 12:05:54', 0),
	(613, 20, '2024-04-08 12:05:54', 0),
	(614, 21, '2024-04-08 12:05:54', 0),
	(615, 22, '2024-04-08 12:05:54', 0),
	(616, 23, '2024-04-08 12:05:54', 0),
	(617, 24, '2024-04-08 12:05:54', 0),
	(618, 25, '2024-04-08 12:05:54', 0),
	(619, 27, '2024-04-08 12:05:54', 0),
	(620, 28, '2024-04-08 12:05:54', 0),
	(621, 29, '2024-04-08 12:05:54', 0),
	(622, 30, '2024-04-08 12:05:54', 0),
	(623, 31, '2024-04-08 12:05:54', 0),
	(624, 32, '2024-04-08 12:05:54', 0),
	(625, 33, '2024-04-08 12:05:54', 0),
	(626, 34, '2024-04-08 12:05:54', 0),
	(627, 35, '2024-04-08 12:05:54', 0),
	(628, 36, '2024-04-08 12:05:54', 0),
	(629, 37, '2024-04-08 12:05:54', 0),
	(630, 38, '2024-04-08 12:05:54', 0),
	(631, 39, '2024-04-08 12:05:54', 0),
	(632, 40, '2024-04-08 12:05:54', 0),
	(633, 41, '2024-04-08 12:05:54', 0),
	(634, 42, '2024-04-08 12:05:54', 0),
	(635, 43, '2024-04-08 12:05:54', 0),
	(636, 44, '2024-04-08 12:05:54', 0),
	(637, 45, '2024-04-08 12:05:55', 0),
	(638, 46, '2024-04-08 12:05:55', 0),
	(639, 47, '2024-04-08 12:05:55', 0),
	(640, 48, '2024-04-08 12:05:55', 155),
	(641, 49, '2024-04-08 12:05:55', 0),
	(642, 50, '2024-04-08 12:05:55', 0),
	(643, 51, '2024-04-08 12:05:55', 0),
	(644, 52, '2024-04-08 12:05:55', 0),
	(645, 53, '2024-04-08 12:05:55', 0),
	(646, 54, '2024-04-08 12:05:55', 0),
	(647, 55, '2024-04-08 12:05:55', 0),
	(648, 56, '2024-04-08 12:05:55', 0),
	(649, 57, '2024-04-08 12:05:55', 0),
	(650, 58, '2024-04-08 12:05:55', 0),
	(651, 59, '2024-04-08 12:05:55', 0),
	(652, 60, '2024-04-08 12:05:55', 0),
	(653, 61, '2024-04-08 12:05:55', 0),
	(654, 62, '2024-04-08 12:05:55', 0),
	(655, 63, '2024-04-08 12:05:55', 0),
	(656, 64, '2024-04-08 12:05:55', 0),
	(657, 65, '2024-04-08 12:05:55', 0),
	(658, 66, '2024-04-08 12:05:55', 0),
	(659, 67, '2024-04-08 12:05:55', 0),
	(660, 68, '2024-04-08 12:05:55', 0),
	(661, 69, '2024-04-08 12:05:55', 0),
	(662, 70, '2024-04-08 12:05:55', 0),
	(663, 71, '2024-04-08 12:05:56', 0),
	(664, 72, '2024-04-08 12:05:56', 0),
	(665, 73, '2024-04-08 12:05:56', 0),
	(666, 74, '2024-04-08 12:05:56', 0),
	(667, 75, '2024-04-08 12:05:56', 0),
	(668, 76, '2024-04-08 12:05:56', 0),
	(669, 77, '2024-04-08 12:05:56', 0),
	(670, 78, '2024-04-08 12:05:56', 0),
	(671, 79, '2024-04-08 12:05:56', 0),
	(673, 81, '2024-04-08 12:05:56', 0),
	(674, 82, '2024-04-08 12:05:56', 0),
	(675, 83, '2024-04-08 12:05:56', 0),
	(676, 84, '2024-04-08 12:05:56', 0),
	(677, 85, '2024-04-08 12:05:56', 0),
	(678, 86, '2024-04-08 12:05:56', 0),
	(679, 87, '2024-04-08 12:05:56', 0),
	(680, 88, '2024-04-08 12:05:56', 0),
	(681, 89, '2024-04-08 12:05:56', 0),
	(682, 90, '2024-04-08 12:05:56', 0),
	(683, 91, '2024-04-08 12:05:56', 0),
	(684, 92, '2024-04-08 12:05:56', 0),
	(685, 93, '2024-04-08 12:05:56', 0),
	(686, 94, '2024-04-08 12:05:56', 0),
	(687, 95, '2024-04-08 12:05:56', 0),
	(688, 96, '2024-04-08 12:05:56', 0),
	(689, 97, '2024-04-08 12:05:57', 0),
	(690, 98, '2024-04-08 12:05:57', 0),
	(691, 99, '2024-04-08 12:05:57', 0),
	(692, 100, '2024-04-08 12:05:57', 0),
	(693, 101, '2024-04-08 12:05:57', 0),
	(694, 2, '2024-04-08 21:28:40', 0),
	(695, 3, '2024-04-08 21:28:40', 0),
	(696, 4, '2024-04-08 21:28:41', 0),
	(697, 5, '2024-04-08 21:28:41', 0),
	(698, 6, '2024-04-08 21:28:41', 0),
	(699, 7, '2024-04-08 21:28:42', 0),
	(700, 8, '2024-04-08 21:28:42', 0),
	(701, 9, '2024-04-08 21:28:42', 0),
	(702, 10, '2024-04-08 21:28:42', 0),
	(703, 11, '2024-04-08 21:28:42', 0),
	(704, 12, '2024-04-08 21:28:42', 0),
	(705, 13, '2024-04-08 21:28:42', 0),
	(706, 14, '2024-04-08 21:28:42', 0),
	(707, 15, '2024-04-08 21:28:42', 0),
	(708, 16, '2024-04-08 21:28:42', 0),
	(709, 17, '2024-04-08 21:28:42', 0),
	(710, 18, '2024-04-08 21:28:42', 0),
	(711, 19, '2024-04-08 21:28:42', 0),
	(712, 20, '2024-04-08 21:28:42', 0),
	(713, 21, '2024-04-08 21:28:42', 0),
	(714, 22, '2024-04-08 21:28:42', 0),
	(715, 23, '2024-04-08 21:28:42', 0),
	(716, 24, '2024-04-08 21:28:42', 0),
	(717, 25, '2024-04-08 21:28:42', 0),
	(718, 27, '2024-04-08 21:28:42', 0),
	(719, 28, '2024-04-08 21:28:42', 0),
	(720, 29, '2024-04-08 21:28:42', 0),
	(721, 30, '2024-04-08 21:28:42', 0),
	(722, 31, '2024-04-08 21:28:42', 0),
	(723, 32, '2024-04-08 21:28:42', 0),
	(724, 33, '2024-04-08 21:28:42', 0),
	(725, 34, '2024-04-08 21:28:43', 0),
	(726, 35, '2024-04-08 21:28:43', 0),
	(727, 36, '2024-04-08 21:28:43', 0),
	(728, 37, '2024-04-08 21:28:43', 0),
	(729, 38, '2024-04-08 21:28:43', 0),
	(730, 39, '2024-04-08 21:28:43', 0),
	(731, 40, '2024-04-08 21:28:43', 0),
	(732, 41, '2024-04-08 21:28:43', 0),
	(733, 42, '2024-04-08 21:28:43', 0),
	(734, 43, '2024-04-08 21:28:43', 0),
	(735, 44, '2024-04-08 21:28:43', 0),
	(736, 45, '2024-04-08 21:28:43', 0),
	(737, 46, '2024-04-08 21:28:43', 0),
	(738, 47, '2024-04-08 21:28:43', 0),
	(739, 48, '2024-04-08 21:28:43', 0),
	(740, 49, '2024-04-08 21:28:43', 30),
	(741, 50, '2024-04-08 21:28:43', 0),
	(742, 51, '2024-04-08 21:28:43', 0),
	(743, 52, '2024-04-08 21:28:43', 0),
	(744, 53, '2024-04-08 21:28:43', 0),
	(745, 54, '2024-04-08 21:28:43', 0),
	(746, 55, '2024-04-08 21:28:43', 0),
	(747, 56, '2024-04-08 21:28:43', 0),
	(748, 57, '2024-04-08 21:28:43', 0),
	(749, 58, '2024-04-08 21:28:43', 0),
	(750, 59, '2024-04-08 21:28:43', 0),
	(751, 60, '2024-04-08 21:28:43', 0),
	(752, 61, '2024-04-08 21:28:44', 0),
	(753, 62, '2024-04-08 21:28:44', 0),
	(754, 63, '2024-04-08 21:28:44', 0),
	(755, 64, '2024-04-08 21:28:44', 0),
	(756, 65, '2024-04-08 21:28:44', 0),
	(757, 66, '2024-04-08 21:28:44', 0),
	(758, 67, '2024-04-08 21:28:44', 0),
	(759, 68, '2024-04-08 21:28:44', 0),
	(760, 69, '2024-04-08 21:28:44', 0),
	(761, 70, '2024-04-08 21:28:44', 0),
	(762, 71, '2024-04-08 21:28:44', 0),
	(763, 72, '2024-04-08 21:28:44', 0),
	(764, 73, '2024-04-08 21:28:44', 0),
	(765, 74, '2024-04-08 21:28:44', 170480),
	(766, 75, '2024-04-08 21:28:44', 0),
	(767, 76, '2024-04-08 21:28:44', 0),
	(768, 77, '2024-04-08 21:28:44', 0),
	(769, 78, '2024-04-08 21:28:44', 0),
	(770, 79, '2024-04-08 21:28:44', 0),
	(772, 81, '2024-04-08 21:28:44', 0),
	(773, 82, '2024-04-08 21:28:44', 0),
	(774, 83, '2024-04-08 21:28:44', 330),
	(775, 84, '2024-04-08 21:28:44', 0),
	(776, 85, '2024-04-08 21:28:44', 0),
	(777, 86, '2024-04-08 21:28:44', 0),
	(778, 87, '2024-04-08 21:28:44', 0),
	(779, 88, '2024-04-08 21:28:45', 0),
	(780, 89, '2024-04-08 21:28:45', 0),
	(781, 90, '2024-04-08 21:28:45', 0),
	(782, 91, '2024-04-08 21:28:45', 0),
	(783, 92, '2024-04-08 21:28:45', 0),
	(784, 93, '2024-04-08 21:28:45', 0),
	(785, 94, '2024-04-08 21:28:45', 0),
	(786, 95, '2024-04-08 21:28:45', 0),
	(787, 96, '2024-04-08 21:28:45', 0),
	(788, 97, '2024-04-08 21:28:45', 0),
	(789, 98, '2024-04-08 21:28:45', 0),
	(790, 99, '2024-04-08 21:28:45', 0),
	(791, 100, '2024-04-08 21:28:45', 0),
	(792, 101, '2024-04-08 21:28:45', 0),
	(793, 2, '2024-04-12 10:03:29', 0),
	(794, 3, '2024-04-12 10:03:29', 0),
	(795, 4, '2024-04-12 10:03:31', 0),
	(796, 5, '2024-04-12 10:03:31', 0),
	(797, 6, '2024-04-12 10:03:31', 0),
	(798, 7, '2024-04-12 10:03:31', 0),
	(799, 8, '2024-04-12 10:03:31', 0),
	(800, 9, '2024-04-12 10:03:31', 0),
	(801, 10, '2024-04-12 10:03:32', 0),
	(802, 11, '2024-04-12 10:03:32', 0),
	(803, 12, '2024-04-12 10:03:32', 0),
	(804, 13, '2024-04-12 10:03:32', 0),
	(805, 14, '2024-04-12 10:03:32', 0),
	(806, 15, '2024-04-12 10:03:32', 0),
	(807, 16, '2024-04-12 10:03:32', 0),
	(808, 17, '2024-04-12 10:03:32', 0),
	(809, 18, '2024-04-12 10:03:32', 0),
	(810, 19, '2024-04-12 10:03:32', 0),
	(811, 20, '2024-04-12 10:03:32', 0),
	(812, 21, '2024-04-12 10:03:32', 0),
	(813, 22, '2024-04-12 10:03:32', 0),
	(814, 23, '2024-04-12 10:03:32', 0),
	(815, 24, '2024-04-12 10:03:32', 0),
	(816, 25, '2024-04-12 10:03:32', 0),
	(817, 27, '2024-04-12 10:03:32', 0),
	(818, 28, '2024-04-12 10:03:32', 0),
	(819, 29, '2024-04-12 10:03:32', 0),
	(820, 30, '2024-04-12 10:03:32', 0),
	(821, 31, '2024-04-12 10:03:32', 0),
	(822, 32, '2024-04-12 10:03:32', 0),
	(823, 33, '2024-04-12 10:03:32', 0),
	(824, 34, '2024-04-12 10:03:32', 0),
	(825, 35, '2024-04-12 10:03:32', 0),
	(826, 36, '2024-04-12 10:03:32', 0),
	(827, 37, '2024-04-12 10:03:33', 0),
	(828, 38, '2024-04-12 10:03:33', 0),
	(829, 39, '2024-04-12 10:03:33', 0),
	(830, 40, '2024-04-12 10:03:33', 0),
	(831, 41, '2024-04-12 10:03:33', 0),
	(832, 42, '2024-04-12 10:03:33', 0),
	(833, 43, '2024-04-12 10:03:33', 0),
	(834, 44, '2024-04-12 10:03:33', 0),
	(835, 45, '2024-04-12 10:03:33', 0),
	(836, 46, '2024-04-12 10:03:33', 0),
	(837, 47, '2024-04-12 10:03:33', 0),
	(838, 48, '2024-04-12 10:03:33', 0),
	(839, 49, '2024-04-12 10:03:33', 0),
	(840, 50, '2024-04-12 10:03:33', 0),
	(841, 51, '2024-04-12 10:03:33', 0),
	(842, 52, '2024-04-12 10:03:33', 0),
	(843, 53, '2024-04-12 10:03:33', 0),
	(844, 54, '2024-04-12 10:03:33', 0),
	(845, 55, '2024-04-12 10:03:33', 0),
	(846, 56, '2024-04-12 10:03:33', 0),
	(847, 57, '2024-04-12 10:03:33', 0),
	(848, 58, '2024-04-12 10:03:33', 0),
	(849, 59, '2024-04-12 10:03:33', 0),
	(850, 60, '2024-04-12 10:03:33', 0),
	(851, 61, '2024-04-12 10:03:33', 0),
	(852, 62, '2024-04-12 10:03:33', 0),
	(853, 63, '2024-04-12 10:03:33', 0),
	(854, 64, '2024-04-12 10:03:34', 0),
	(855, 65, '2024-04-12 10:03:34', 0),
	(856, 66, '2024-04-12 10:03:34', 0),
	(857, 67, '2024-04-12 10:03:34', 0),
	(858, 68, '2024-04-12 10:03:34', 0),
	(859, 69, '2024-04-12 10:03:34', 0),
	(860, 70, '2024-04-12 10:03:34', 0),
	(861, 71, '2024-04-12 10:03:34', 0),
	(862, 72, '2024-04-12 10:03:34', 0),
	(863, 73, '2024-04-12 10:03:34', 0),
	(864, 74, '2024-04-12 10:03:34', 0),
	(865, 75, '2024-04-12 10:03:34', 0),
	(866, 76, '2024-04-12 10:03:34', 0),
	(867, 77, '2024-04-12 10:03:34', 0),
	(868, 78, '2024-04-12 10:03:34', 0),
	(869, 79, '2024-04-12 10:03:34', 0),
	(871, 81, '2024-04-12 10:03:34', 0),
	(872, 82, '2024-04-12 10:03:34', 0),
	(873, 83, '2024-04-12 10:03:34', 0),
	(874, 84, '2024-04-12 10:03:34', 0),
	(875, 85, '2024-04-12 10:03:34', 0),
	(876, 86, '2024-04-12 10:03:34', 0),
	(877, 87, '2024-04-12 10:03:34', 0),
	(878, 88, '2024-04-12 10:03:34', 0),
	(879, 89, '2024-04-12 10:03:34', 0),
	(880, 90, '2024-04-12 10:03:35', 0),
	(881, 91, '2024-04-12 10:03:35', 0),
	(882, 92, '2024-04-12 10:03:35', 0),
	(883, 93, '2024-04-12 10:03:35', 0),
	(884, 94, '2024-04-12 10:03:35', 0),
	(885, 95, '2024-04-12 10:03:35', 0),
	(886, 96, '2024-04-12 10:03:35', 0),
	(887, 97, '2024-04-12 10:03:35', 0),
	(888, 98, '2024-04-12 10:03:35', 0),
	(889, 99, '2024-04-12 10:03:35', 0),
	(890, 100, '2024-04-12 10:03:35', 0),
	(891, 101, '2024-04-12 10:03:35', 0),
	(892, 2, '2024-04-13 19:03:21', 0),
	(893, 3, '2024-04-13 19:03:22', 0),
	(894, 4, '2024-04-13 19:03:24', 0),
	(895, 5, '2024-04-13 19:03:24', 0),
	(896, 6, '2024-04-13 19:03:24', 0),
	(897, 7, '2024-04-13 19:03:24', 0),
	(898, 8, '2024-04-13 19:03:24', 0),
	(899, 9, '2024-04-13 19:03:24', 0),
	(900, 10, '2024-04-13 19:03:24', 0),
	(901, 11, '2024-04-13 19:03:24', 0),
	(902, 12, '2024-04-13 19:03:24', 0),
	(903, 13, '2024-04-13 19:03:24', 0),
	(904, 14, '2024-04-13 19:03:24', 0),
	(905, 15, '2024-04-13 19:03:24', 0),
	(906, 16, '2024-04-13 19:03:24', 0),
	(907, 17, '2024-04-13 19:03:24', 0),
	(908, 18, '2024-04-13 19:03:24', 0),
	(909, 19, '2024-04-13 19:03:24', 0),
	(910, 20, '2024-04-13 19:03:24', 0),
	(911, 21, '2024-04-13 19:03:24', 0),
	(912, 22, '2024-04-13 19:03:24', 0),
	(913, 23, '2024-04-13 19:03:24', 0),
	(914, 24, '2024-04-13 19:03:24', 0),
	(915, 25, '2024-04-13 19:03:24', 0),
	(916, 27, '2024-04-13 19:03:24', 0),
	(917, 28, '2024-04-13 19:03:25', 0),
	(918, 29, '2024-04-13 19:03:25', 0),
	(919, 30, '2024-04-13 19:03:25', 0),
	(920, 31, '2024-04-13 19:03:25', 0),
	(921, 32, '2024-04-13 19:03:25', 0),
	(922, 33, '2024-04-13 19:03:25', 0),
	(923, 34, '2024-04-13 19:03:25', 0),
	(924, 35, '2024-04-13 19:03:25', 0),
	(925, 36, '2024-04-13 19:03:25', 0),
	(926, 37, '2024-04-13 19:03:25', 0),
	(927, 38, '2024-04-13 19:03:25', 0),
	(928, 39, '2024-04-13 19:03:25', 0),
	(929, 40, '2024-04-13 19:03:25', 0),
	(930, 41, '2024-04-13 19:03:25', 0),
	(931, 42, '2024-04-13 19:03:25', 0),
	(932, 43, '2024-04-13 19:03:25', 0),
	(933, 44, '2024-04-13 19:03:25', 0),
	(934, 45, '2024-04-13 19:03:25', 0),
	(935, 46, '2024-04-13 19:03:25', 0),
	(936, 47, '2024-04-13 19:03:25', 0),
	(937, 48, '2024-04-13 19:03:25', 0),
	(938, 49, '2024-04-13 19:03:25', 0),
	(939, 50, '2024-04-13 19:03:25', 0),
	(940, 51, '2024-04-13 19:03:25', 0),
	(941, 52, '2024-04-13 19:03:25', 0),
	(942, 53, '2024-04-13 19:03:25', 0),
	(943, 54, '2024-04-13 19:03:26', 0),
	(944, 55, '2024-04-13 19:03:26', 0),
	(945, 56, '2024-04-13 19:03:26', 0),
	(946, 57, '2024-04-13 19:03:26', 0),
	(947, 58, '2024-04-13 19:03:26', 0),
	(948, 59, '2024-04-13 19:03:26', 0),
	(949, 60, '2024-04-13 19:03:26', 0),
	(950, 61, '2024-04-13 19:03:26', 0),
	(951, 62, '2024-04-13 19:03:26', 0),
	(952, 63, '2024-04-13 19:03:26', 0),
	(953, 64, '2024-04-13 19:03:26', 0),
	(954, 65, '2024-04-13 19:03:26', 0),
	(955, 66, '2024-04-13 19:03:26', 0),
	(956, 67, '2024-04-13 19:03:26', 0),
	(957, 68, '2024-04-13 19:03:26', 0),
	(958, 69, '2024-04-13 19:03:26', 0),
	(959, 70, '2024-04-13 19:03:26', 0),
	(960, 71, '2024-04-13 19:03:26', 0),
	(961, 72, '2024-04-13 19:03:26', 0),
	(962, 73, '2024-04-13 19:03:26', 0),
	(963, 74, '2024-04-13 19:03:26', 0),
	(964, 75, '2024-04-13 19:03:26', 0),
	(965, 76, '2024-04-13 19:03:26', 0),
	(966, 77, '2024-04-13 19:03:26', 0),
	(967, 78, '2024-04-13 19:03:26', 0),
	(968, 79, '2024-04-13 19:03:26', 0),
	(970, 81, '2024-04-13 19:03:27', 0),
	(971, 82, '2024-04-13 19:03:27', 0),
	(972, 83, '2024-04-13 19:03:27', 0),
	(973, 84, '2024-04-13 19:03:27', 0),
	(974, 85, '2024-04-13 19:03:27', 0),
	(975, 86, '2024-04-13 19:03:27', 0),
	(976, 87, '2024-04-13 19:03:27', 0),
	(977, 88, '2024-04-13 19:03:27', 0),
	(978, 89, '2024-04-13 19:03:27', 0),
	(979, 90, '2024-04-13 19:03:27', 0),
	(980, 91, '2024-04-13 19:03:27', 0),
	(981, 92, '2024-04-13 19:03:27', 0),
	(982, 93, '2024-04-13 19:03:27', 0),
	(983, 94, '2024-04-13 19:03:27', 0),
	(984, 95, '2024-04-13 19:03:27', 0),
	(985, 96, '2024-04-13 19:03:27', 0),
	(986, 97, '2024-04-13 19:03:27', 0),
	(987, 98, '2024-04-13 19:03:27', 0),
	(988, 99, '2024-04-13 19:03:27', 0),
	(989, 100, '2024-04-13 19:03:27', 0),
	(990, 101, '2024-04-13 19:03:27', 0),
	(991, 2, '2024-04-13 21:32:37', 0),
	(992, 3, '2024-04-13 21:32:38', 0),
	(993, 4, '2024-04-13 21:32:39', 0),
	(994, 5, '2024-04-13 21:32:39', 0),
	(995, 6, '2024-04-13 21:32:39', 0),
	(996, 7, '2024-04-13 21:32:39', 0),
	(997, 8, '2024-04-13 21:32:39', 0),
	(998, 9, '2024-04-13 21:32:39', 0),
	(999, 10, '2024-04-13 21:32:39', 0),
	(1000, 11, '2024-04-13 21:32:39', 0),
	(1001, 12, '2024-04-13 21:32:39', 0),
	(1002, 13, '2024-04-13 21:32:39', 0),
	(1003, 14, '2024-04-13 21:32:39', 0),
	(1004, 15, '2024-04-13 21:32:39', 0),
	(1005, 16, '2024-04-13 21:32:40', 0),
	(1006, 17, '2024-04-13 21:32:40', 0),
	(1007, 18, '2024-04-13 21:32:40', 0),
	(1008, 19, '2024-04-13 21:32:40', 0),
	(1009, 20, '2024-04-13 21:32:40', 0),
	(1010, 21, '2024-04-13 21:32:40', 0),
	(1011, 22, '2024-04-13 21:32:40', 0),
	(1012, 23, '2024-04-13 21:32:40', 0),
	(1013, 24, '2024-04-13 21:32:40', 0),
	(1014, 25, '2024-04-13 21:32:40', 0),
	(1015, 27, '2024-04-13 21:32:40', 0),
	(1016, 28, '2024-04-13 21:32:40', 0),
	(1017, 29, '2024-04-13 21:32:40', 0),
	(1018, 30, '2024-04-13 21:32:40', 0),
	(1019, 31, '2024-04-13 21:32:40', 0),
	(1020, 32, '2024-04-13 21:32:40', 0),
	(1021, 33, '2024-04-13 21:32:40', 0),
	(1022, 34, '2024-04-13 21:32:40', 0),
	(1023, 35, '2024-04-13 21:32:40', 0),
	(1024, 36, '2024-04-13 21:32:40', 0),
	(1025, 37, '2024-04-13 21:32:40', 0),
	(1026, 38, '2024-04-13 21:32:40', 0),
	(1027, 39, '2024-04-13 21:32:40', 0),
	(1028, 40, '2024-04-13 21:32:40', 0),
	(1029, 41, '2024-04-13 21:32:40', 0),
	(1030, 42, '2024-04-13 21:32:40', 0),
	(1031, 43, '2024-04-13 21:32:41', 0),
	(1032, 44, '2024-04-13 21:32:41', 0),
	(1033, 45, '2024-04-13 21:32:41', 0),
	(1034, 46, '2024-04-13 21:32:41', 0),
	(1035, 47, '2024-04-13 21:32:41', 0),
	(1036, 48, '2024-04-13 21:32:41', 0),
	(1037, 49, '2024-04-13 21:32:41', 0),
	(1038, 50, '2024-04-13 21:32:41', 0),
	(1039, 51, '2024-04-13 21:32:41', 0),
	(1040, 52, '2024-04-13 21:32:41', 0),
	(1041, 53, '2024-04-13 21:32:41', 0),
	(1042, 54, '2024-04-13 21:32:41', 0),
	(1043, 55, '2024-04-13 21:32:41', 0),
	(1044, 56, '2024-04-13 21:32:41', 0),
	(1045, 57, '2024-04-13 21:32:41', 0),
	(1046, 58, '2024-04-13 21:32:41', 0),
	(1047, 59, '2024-04-13 21:32:41', 0),
	(1048, 60, '2024-04-13 21:32:41', 0),
	(1049, 61, '2024-04-13 21:32:41', 0),
	(1050, 62, '2024-04-13 21:32:41', 0),
	(1051, 63, '2024-04-13 21:32:41', 0),
	(1052, 64, '2024-04-13 21:32:41', 0),
	(1053, 65, '2024-04-13 21:32:41', 0),
	(1054, 66, '2024-04-13 21:32:41', 0),
	(1055, 67, '2024-04-13 21:32:41', 0),
	(1056, 68, '2024-04-13 21:32:41', 0),
	(1057, 69, '2024-04-13 21:32:41', 0),
	(1058, 70, '2024-04-13 21:32:42', 0),
	(1059, 71, '2024-04-13 21:32:42', 0),
	(1060, 72, '2024-04-13 21:32:42', 0),
	(1061, 73, '2024-04-13 21:32:42', 0),
	(1062, 74, '2024-04-13 21:32:42', 0),
	(1063, 75, '2024-04-13 21:32:42', 0),
	(1064, 76, '2024-04-13 21:32:42', 0),
	(1065, 77, '2024-04-13 21:32:42', 0),
	(1066, 78, '2024-04-13 21:32:42', 0),
	(1067, 79, '2024-04-13 21:32:42', 0),
	(1069, 81, '2024-04-13 21:32:42', 0),
	(1070, 82, '2024-04-13 21:32:42', 0),
	(1071, 83, '2024-04-13 21:32:42', 0),
	(1072, 84, '2024-04-13 21:32:42', 0),
	(1073, 85, '2024-04-13 21:32:42', 0),
	(1074, 86, '2024-04-13 21:32:42', 0),
	(1075, 87, '2024-04-13 21:32:42', 0),
	(1076, 88, '2024-04-13 21:32:42', 0),
	(1077, 89, '2024-04-13 21:32:42', 0),
	(1078, 90, '2024-04-13 21:32:42', 0),
	(1079, 91, '2024-04-13 21:32:42', 0),
	(1080, 92, '2024-04-13 21:32:42', 0),
	(1081, 93, '2024-04-13 21:32:42', 0),
	(1082, 94, '2024-04-13 21:32:42', 0),
	(1083, 95, '2024-04-13 21:32:42', 0),
	(1084, 96, '2024-04-13 21:32:43', 0),
	(1085, 97, '2024-04-13 21:32:43', 0),
	(1086, 98, '2024-04-13 21:32:43', 0),
	(1087, 99, '2024-04-13 21:32:43', 0),
	(1088, 100, '2024-04-13 21:32:43', 0),
	(1089, 101, '2024-04-13 21:32:43', 0),
	(1090, 2, '2024-04-15 09:19:15', 0),
	(1091, 3, '2024-04-15 09:19:15', 0),
	(1092, 4, '2024-04-15 09:19:17', 0),
	(1093, 5, '2024-04-15 09:19:17', 0),
	(1094, 6, '2024-04-15 09:19:17', 0),
	(1095, 7, '2024-04-15 09:19:18', 0),
	(1096, 8, '2024-04-15 09:19:18', 0),
	(1097, 9, '2024-04-15 09:19:18', 0),
	(1098, 10, '2024-04-15 09:19:18', 0),
	(1099, 11, '2024-04-15 09:19:18', 0),
	(1100, 12, '2024-04-15 09:19:18', 0),
	(1101, 13, '2024-04-15 09:19:18', 0),
	(1102, 14, '2024-04-15 09:19:18', 0),
	(1103, 15, '2024-04-15 09:19:18', 0),
	(1104, 16, '2024-04-15 09:19:18', 0),
	(1105, 17, '2024-04-15 09:19:18', 0),
	(1106, 18, '2024-04-15 09:19:18', 0),
	(1107, 19, '2024-04-15 09:19:18', 0),
	(1108, 20, '2024-04-15 09:19:18', 0),
	(1109, 21, '2024-04-15 09:19:18', 0),
	(1110, 22, '2024-04-15 09:19:18', 0),
	(1111, 23, '2024-04-15 09:19:18', 0),
	(1112, 24, '2024-04-15 09:19:18', 0),
	(1113, 25, '2024-04-15 09:19:18', 0),
	(1114, 27, '2024-04-15 09:19:18', 0),
	(1115, 28, '2024-04-15 09:19:18', 0),
	(1116, 29, '2024-04-15 09:19:18', 0),
	(1117, 30, '2024-04-15 09:19:18', 0),
	(1118, 31, '2024-04-15 09:19:18', 0),
	(1119, 32, '2024-04-15 09:19:18', 0),
	(1120, 33, '2024-04-15 09:19:18', 0),
	(1121, 34, '2024-04-15 09:19:19', 0),
	(1122, 35, '2024-04-15 09:19:19', 0),
	(1123, 36, '2024-04-15 09:19:19', 0),
	(1124, 37, '2024-04-15 09:19:19', 0),
	(1125, 38, '2024-04-15 09:19:19', 0),
	(1126, 39, '2024-04-15 09:19:19', 0),
	(1127, 40, '2024-04-15 09:19:19', 0),
	(1128, 41, '2024-04-15 09:19:19', 0),
	(1129, 42, '2024-04-15 09:19:19', 79),
	(1130, 43, '2024-04-15 09:19:19', 0),
	(1131, 44, '2024-04-15 09:19:19', 0),
	(1132, 45, '2024-04-15 09:19:19', 0),
	(1133, 46, '2024-04-15 09:19:19', 0),
	(1134, 47, '2024-04-15 09:19:19', 0),
	(1135, 48, '2024-04-15 09:19:19', 0),
	(1136, 49, '2024-04-15 09:19:19', 0),
	(1137, 50, '2024-04-15 09:19:19', 0),
	(1138, 51, '2024-04-15 09:19:19', 0),
	(1139, 52, '2024-04-15 09:19:19', 0),
	(1140, 53, '2024-04-15 09:19:19', 0),
	(1141, 54, '2024-04-15 09:19:19', 0),
	(1142, 55, '2024-04-15 09:19:19', 0),
	(1143, 56, '2024-04-15 09:19:19', 0),
	(1144, 57, '2024-04-15 09:19:19', 0),
	(1145, 58, '2024-04-15 09:19:19', 0),
	(1146, 59, '2024-04-15 09:19:20', 0),
	(1147, 60, '2024-04-15 09:19:20', 0),
	(1148, 61, '2024-04-15 09:19:20', 5468),
	(1149, 62, '2024-04-15 09:19:20', 0),
	(1150, 63, '2024-04-15 09:19:20', 0),
	(1151, 64, '2024-04-15 09:19:20', 0),
	(1152, 65, '2024-04-15 09:19:20', 0),
	(1153, 66, '2024-04-15 09:19:20', 0),
	(1154, 67, '2024-04-15 09:19:20', 0),
	(1155, 68, '2024-04-15 09:19:20', 2430748),
	(1156, 69, '2024-04-15 09:19:20', 0),
	(1157, 70, '2024-04-15 09:19:20', 0),
	(1158, 71, '2024-04-15 09:19:20', 0),
	(1159, 72, '2024-04-15 09:19:20', 0),
	(1160, 73, '2024-04-15 09:19:20', 0),
	(1161, 74, '2024-04-15 09:19:20', 0),
	(1162, 75, '2024-04-15 09:19:20', 0),
	(1163, 76, '2024-04-15 09:19:20', 0),
	(1164, 77, '2024-04-15 09:19:20', 0),
	(1165, 78, '2024-04-15 09:19:20', 0),
	(1166, 79, '2024-04-15 09:19:20', 0),
	(1168, 81, '2024-04-15 09:19:20', 79),
	(1169, 82, '2024-04-15 09:19:20', 0),
	(1170, 83, '2024-04-15 09:19:20', 0),
	(1171, 84, '2024-04-15 09:19:21', 0),
	(1172, 85, '2024-04-15 09:19:21', 0),
	(1173, 86, '2024-04-15 09:19:21', 0),
	(1174, 87, '2024-04-15 09:19:21', 0),
	(1175, 88, '2024-04-15 09:19:21', 0),
	(1176, 89, '2024-04-15 09:19:21', 198),
	(1177, 90, '2024-04-15 09:19:21', 0),
	(1178, 91, '2024-04-15 09:19:21', 0),
	(1179, 92, '2024-04-15 09:19:21', 0),
	(1180, 93, '2024-04-15 09:19:21', 0),
	(1181, 94, '2024-04-15 09:19:21', 0),
	(1182, 95, '2024-04-15 09:19:21', 0),
	(1183, 96, '2024-04-15 09:19:21', 0),
	(1184, 97, '2024-04-15 09:19:21', 0),
	(1185, 98, '2024-04-15 09:19:21', 0),
	(1186, 99, '2024-04-15 09:19:21', 0),
	(1187, 100, '2024-04-15 09:19:21', 0),
	(1188, 101, '2024-04-15 09:19:21', 0),
	(1189, 2, '2024-04-16 09:40:34', 0),
	(1190, 3, '2024-04-16 09:40:35', 0),
	(1191, 4, '2024-04-16 09:40:37', 0),
	(1192, 5, '2024-04-16 09:40:37', 0),
	(1193, 6, '2024-04-16 09:40:37', 0),
	(1194, 7, '2024-04-16 09:40:37', 0),
	(1195, 8, '2024-04-16 09:40:37', 0),
	(1196, 9, '2024-04-16 09:40:37', 0),
	(1197, 10, '2024-04-16 09:40:37', 0),
	(1198, 11, '2024-04-16 09:40:37', 0),
	(1199, 12, '2024-04-16 09:40:37', 0),
	(1200, 13, '2024-04-16 09:40:37', 0),
	(1201, 14, '2024-04-16 09:40:38', 0),
	(1202, 15, '2024-04-16 09:40:38', 0),
	(1203, 16, '2024-04-16 09:40:38', 0),
	(1204, 17, '2024-04-16 09:40:38', 0),
	(1205, 18, '2024-04-16 09:40:38', 0),
	(1206, 19, '2024-04-16 09:40:38', 0),
	(1207, 20, '2024-04-16 09:40:38', 297),
	(1208, 21, '2024-04-16 09:40:38', 0),
	(1209, 22, '2024-04-16 09:40:38', 0),
	(1210, 23, '2024-04-16 09:40:38', 0),
	(1211, 24, '2024-04-16 09:40:38', 0),
	(1212, 25, '2024-04-16 09:40:38', 0),
	(1213, 27, '2024-04-16 09:40:38', 0),
	(1214, 28, '2024-04-16 09:40:38', 0),
	(1215, 29, '2024-04-16 09:40:38', 0),
	(1216, 30, '2024-04-16 09:40:38', 579373),
	(1217, 31, '2024-04-16 09:40:38', 0),
	(1218, 32, '2024-04-16 09:40:38', 0),
	(1219, 33, '2024-04-16 09:40:38', 0),
	(1220, 34, '2024-04-16 09:40:38', 0),
	(1221, 35, '2024-04-16 09:40:38', 0),
	(1222, 36, '2024-04-16 09:40:38', 0),
	(1223, 37, '2024-04-16 09:40:38', 0),
	(1224, 38, '2024-04-16 09:40:38', 0),
	(1225, 39, '2024-04-16 09:40:38', 0),
	(1226, 40, '2024-04-16 09:40:38', 0),
	(1227, 41, '2024-04-16 09:40:39', 0),
	(1228, 42, '2024-04-16 09:40:39', 0),
	(1229, 43, '2024-04-16 09:40:39', 0),
	(1230, 44, '2024-04-16 09:40:39', 0),
	(1231, 45, '2024-04-16 09:40:39', 0),
	(1232, 46, '2024-04-16 09:40:39', 0),
	(1233, 47, '2024-04-16 09:40:39', 0),
	(1234, 48, '2024-04-16 09:40:39', 0),
	(1235, 49, '2024-04-16 09:40:39', 0),
	(1236, 50, '2024-04-16 09:40:39', 1347),
	(1237, 51, '2024-04-16 09:40:39', 0),
	(1238, 52, '2024-04-16 09:40:39', 0),
	(1239, 53, '2024-04-16 09:40:39', 0),
	(1240, 54, '2024-04-16 09:40:39', 0),
	(1241, 55, '2024-04-16 09:40:39', 0),
	(1242, 56, '2024-04-16 09:40:39', 0),
	(1243, 57, '2024-04-16 09:40:39', 0),
	(1244, 58, '2024-04-16 09:40:39', 0),
	(1245, 59, '2024-04-16 09:40:39', 0),
	(1246, 60, '2024-04-16 09:40:39', 0),
	(1247, 61, '2024-04-16 09:40:39', 0),
	(1248, 62, '2024-04-16 09:40:39', 0),
	(1249, 63, '2024-04-16 09:40:39', 0),
	(1250, 64, '2024-04-16 09:40:39', 0),
	(1251, 65, '2024-04-16 09:40:39', 0),
	(1252, 66, '2024-04-16 09:40:40', 0),
	(1253, 67, '2024-04-16 09:40:40', 0),
	(1254, 68, '2024-04-16 09:40:40', 35764),
	(1255, 69, '2024-04-16 09:40:40', 0),
	(1256, 70, '2024-04-16 09:40:40', 0),
	(1257, 71, '2024-04-16 09:40:40', 0),
	(1258, 72, '2024-04-16 09:40:40', 0),
	(1259, 73, '2024-04-16 09:40:40', 0),
	(1260, 74, '2024-04-16 09:40:40', 0),
	(1261, 75, '2024-04-16 09:40:40', 0),
	(1262, 76, '2024-04-16 09:40:40', 0),
	(1263, 77, '2024-04-16 09:40:40', 0),
	(1264, 78, '2024-04-16 09:40:40', 0),
	(1265, 79, '2024-04-16 09:40:40', 0),
	(1267, 81, '2024-04-16 09:40:40', 0),
	(1268, 82, '2024-04-16 09:40:40', 0),
	(1269, 83, '2024-04-16 09:40:40', 0),
	(1270, 84, '2024-04-16 09:40:40', 0),
	(1271, 85, '2024-04-16 09:40:40', 0),
	(1272, 86, '2024-04-16 09:40:40', 0),
	(1273, 87, '2024-04-16 09:40:40', 0),
	(1274, 88, '2024-04-16 09:40:40', 0),
	(1275, 89, '2024-04-16 09:40:40', 0),
	(1276, 90, '2024-04-16 09:40:40', 0),
	(1277, 91, '2024-04-16 09:40:40', 0),
	(1278, 92, '2024-04-16 09:40:41', 0),
	(1279, 93, '2024-04-16 09:40:41', 0),
	(1280, 94, '2024-04-16 09:40:41', 0),
	(1281, 95, '2024-04-16 09:40:41', 0),
	(1282, 96, '2024-04-16 09:40:41', 0),
	(1283, 97, '2024-04-16 09:40:41', 0),
	(1284, 98, '2024-04-16 09:40:41', 0),
	(1285, 99, '2024-04-16 09:40:41', 0),
	(1286, 100, '2024-04-16 09:40:41', 0),
	(1287, 101, '2024-04-16 09:40:41', 0),
	(1288, 2, '2024-04-17 08:26:53', 0),
	(1289, 3, '2024-04-17 08:26:54', 0),
	(1290, 4, '2024-04-17 08:26:57', 0),
	(1291, 5, '2024-04-17 08:26:57', 0),
	(1292, 6, '2024-04-17 08:26:58', 0),
	(1293, 7, '2024-04-17 08:26:58', 0),
	(1294, 8, '2024-04-17 08:26:58', 0),
	(1295, 9, '2024-04-17 08:26:58', 0),
	(1296, 10, '2024-04-17 08:26:58', 0),
	(1297, 11, '2024-04-17 08:26:58', 0),
	(1298, 12, '2024-04-17 08:26:58', 0),
	(1299, 13, '2024-04-17 08:26:58', 0),
	(1300, 14, '2024-04-17 08:26:58', 0),
	(1301, 15, '2024-04-17 08:26:58', 0),
	(1302, 16, '2024-04-17 08:26:58', 0),
	(1303, 17, '2024-04-17 08:26:58', 0),
	(1304, 18, '2024-04-17 08:26:58', 0),
	(1305, 19, '2024-04-17 08:26:58', 0),
	(1306, 20, '2024-04-17 08:26:58', 0),
	(1307, 21, '2024-04-17 08:26:58', 0),
	(1308, 22, '2024-04-17 08:26:58', 0),
	(1309, 23, '2024-04-17 08:26:58', 0),
	(1310, 24, '2024-04-17 08:26:59', 0),
	(1311, 25, '2024-04-17 08:26:59', 0),
	(1312, 27, '2024-04-17 08:26:59', 0),
	(1313, 28, '2024-04-17 08:26:59', 0),
	(1314, 29, '2024-04-17 08:26:59', 0),
	(1315, 30, '2024-04-17 08:26:59', 0),
	(1316, 31, '2024-04-17 08:26:59', 0),
	(1317, 32, '2024-04-17 08:26:59', 0),
	(1318, 33, '2024-04-17 08:26:59', 0),
	(1319, 34, '2024-04-17 08:26:59', 0),
	(1320, 35, '2024-04-17 08:26:59', 0),
	(1321, 36, '2024-04-17 08:26:59', 0),
	(1322, 37, '2024-04-17 08:26:59', 0),
	(1323, 38, '2024-04-17 08:26:59', 0),
	(1324, 39, '2024-04-17 08:26:59', 0),
	(1325, 40, '2024-04-17 08:26:59', 0),
	(1326, 41, '2024-04-17 08:26:59', 0),
	(1327, 42, '2024-04-17 08:26:59', 0),
	(1328, 43, '2024-04-17 08:26:59', 0),
	(1329, 44, '2024-04-17 08:26:59', 0),
	(1330, 45, '2024-04-17 08:26:59', 0),
	(1331, 46, '2024-04-17 08:26:59', 0),
	(1332, 47, '2024-04-17 08:27:00', 0),
	(1333, 48, '2024-04-17 08:27:00', 0),
	(1334, 49, '2024-04-17 08:27:00', 0),
	(1335, 50, '2024-04-17 08:27:00', 0),
	(1336, 51, '2024-04-17 08:27:00', 0),
	(1337, 52, '2024-04-17 08:27:00', 0),
	(1338, 53, '2024-04-17 08:27:00', 0),
	(1339, 54, '2024-04-17 08:27:00', 0),
	(1340, 55, '2024-04-17 08:27:00', 0),
	(1341, 56, '2024-04-17 08:27:00', 0),
	(1342, 57, '2024-04-17 08:27:00', 0),
	(1343, 58, '2024-04-17 08:27:00', 0),
	(1344, 59, '2024-04-17 08:27:00', 0),
	(1345, 60, '2024-04-17 08:27:00', 0),
	(1346, 61, '2024-04-17 08:27:00', 0),
	(1347, 62, '2024-04-17 08:27:00', 0),
	(1348, 63, '2024-04-17 08:27:00', 0),
	(1349, 64, '2024-04-17 08:27:00', 0),
	(1350, 65, '2024-04-17 08:27:00', 0),
	(1351, 66, '2024-04-17 08:27:01', 0),
	(1352, 67, '2024-04-17 08:27:01', 0),
	(1353, 68, '2024-04-17 08:27:01', 0),
	(1354, 69, '2024-04-17 08:27:01', 0),
	(1355, 70, '2024-04-17 08:27:01', 0),
	(1356, 71, '2024-04-17 08:27:01', 0),
	(1357, 72, '2024-04-17 08:27:01', 0),
	(1358, 73, '2024-04-17 08:27:01', 0),
	(1359, 74, '2024-04-17 08:27:01', 0),
	(1360, 75, '2024-04-17 08:27:01', 0),
	(1361, 76, '2024-04-17 08:27:01', 0),
	(1362, 77, '2024-04-17 08:27:01', 0),
	(1363, 78, '2024-04-17 08:27:01', 0),
	(1364, 79, '2024-04-17 08:27:01', 0),
	(1366, 81, '2024-04-17 08:27:02', 0),
	(1367, 82, '2024-04-17 08:27:02', 0),
	(1368, 83, '2024-04-17 08:27:02', 0),
	(1369, 84, '2024-04-17 08:27:02', 0),
	(1370, 85, '2024-04-17 08:27:02', 0),
	(1371, 86, '2024-04-17 08:27:02', 0),
	(1372, 87, '2024-04-17 08:27:02', 0),
	(1373, 88, '2024-04-17 08:27:02', 0),
	(1374, 89, '2024-04-17 08:27:02', 0),
	(1375, 90, '2024-04-17 08:27:02', 0),
	(1376, 91, '2024-04-17 08:27:02', 0),
	(1377, 92, '2024-04-17 08:27:02', 0),
	(1378, 93, '2024-04-17 08:27:02', 0),
	(1379, 94, '2024-04-17 08:27:02', 0),
	(1380, 95, '2024-04-17 08:27:02', 0),
	(1381, 96, '2024-04-17 08:27:02', 0),
	(1382, 97, '2024-04-17 08:27:02', 0),
	(1383, 98, '2024-04-17 08:27:03', 0),
	(1384, 99, '2024-04-17 08:27:03', 0),
	(1385, 100, '2024-04-17 08:27:03', 0),
	(1386, 101, '2024-04-17 08:27:03', 0),
	(1387, 2, '2024-04-18 11:07:24', 0),
	(1388, 3, '2024-04-18 11:07:25', 0),
	(1389, 4, '2024-04-18 11:07:28', 0),
	(1390, 5, '2024-04-18 11:07:28', 0),
	(1391, 6, '2024-04-18 11:07:28', 0),
	(1392, 7, '2024-04-18 11:07:28', 0),
	(1393, 8, '2024-04-18 11:07:28', 0),
	(1394, 9, '2024-04-18 11:07:28', 0),
	(1395, 10, '2024-04-18 11:07:28', 0),
	(1396, 11, '2024-04-18 11:07:28', 0),
	(1397, 12, '2024-04-18 11:07:29', 0),
	(1398, 13, '2024-04-18 11:07:29', 0),
	(1399, 14, '2024-04-18 11:07:29', 0),
	(1400, 15, '2024-04-18 11:07:29', 0),
	(1401, 16, '2024-04-18 11:07:29', 0),
	(1402, 17, '2024-04-18 11:07:29', 0),
	(1403, 18, '2024-04-18 11:07:29', 0),
	(1404, 19, '2024-04-18 11:07:29', 0),
	(1405, 20, '2024-04-18 11:07:29', 0),
	(1406, 21, '2024-04-18 11:07:29', 0),
	(1407, 22, '2024-04-18 11:07:29', 0),
	(1408, 23, '2024-04-18 11:07:29', 0),
	(1409, 24, '2024-04-18 11:07:29', 0),
	(1410, 25, '2024-04-18 11:07:29', 0),
	(1411, 27, '2024-04-18 11:07:29', 0),
	(1412, 28, '2024-04-18 11:07:29', 0),
	(1413, 29, '2024-04-18 11:07:29', 0),
	(1414, 30, '2024-04-18 11:07:29', 0),
	(1415, 31, '2024-04-18 11:07:29', 0),
	(1416, 32, '2024-04-18 11:07:29', 0),
	(1417, 33, '2024-04-18 11:07:29', 0),
	(1418, 34, '2024-04-18 11:07:29', 0),
	(1419, 35, '2024-04-18 11:07:30', 0),
	(1420, 36, '2024-04-18 11:07:30', 0),
	(1421, 37, '2024-04-18 11:07:30', 0),
	(1422, 38, '2024-04-18 11:07:30', 0),
	(1423, 39, '2024-04-18 11:07:30', 0),
	(1424, 40, '2024-04-18 11:07:30', 0),
	(1425, 41, '2024-04-18 11:07:30', 0),
	(1426, 42, '2024-04-18 11:07:30', 0),
	(1427, 43, '2024-04-18 11:07:30', 0),
	(1428, 44, '2024-04-18 11:07:30', 0),
	(1429, 45, '2024-04-18 11:07:30', 0),
	(1430, 46, '2024-04-18 11:07:30', 0),
	(1431, 47, '2024-04-18 11:07:30', 0),
	(1432, 48, '2024-04-18 11:07:30', 0),
	(1433, 49, '2024-04-18 11:07:30', 0),
	(1434, 50, '2024-04-18 11:07:30', 0),
	(1435, 51, '2024-04-18 11:07:30', 0),
	(1436, 52, '2024-04-18 11:07:30', 0),
	(1437, 53, '2024-04-18 11:07:30', 0),
	(1438, 54, '2024-04-18 11:07:30', 0),
	(1439, 55, '2024-04-18 11:07:30', 0),
	(1440, 56, '2024-04-18 11:07:30', 0),
	(1441, 57, '2024-04-18 11:07:30', 0),
	(1442, 58, '2024-04-18 11:07:31', 0),
	(1443, 59, '2024-04-18 11:07:31', 0),
	(1444, 60, '2024-04-18 11:07:31', 0),
	(1445, 61, '2024-04-18 11:07:31', 0),
	(1446, 62, '2024-04-18 11:07:31', 0),
	(1447, 63, '2024-04-18 11:07:31', 0),
	(1448, 64, '2024-04-18 11:07:31', 0),
	(1449, 65, '2024-04-18 11:07:31', 0),
	(1450, 66, '2024-04-18 11:07:31', 0),
	(1451, 67, '2024-04-18 11:07:31', 0),
	(1452, 68, '2024-04-18 11:07:31', 0),
	(1453, 69, '2024-04-18 11:07:31', 0),
	(1454, 70, '2024-04-18 11:07:31', 0),
	(1455, 71, '2024-04-18 11:07:31', 0),
	(1456, 72, '2024-04-18 11:07:31', 0),
	(1457, 73, '2024-04-18 11:07:31', 0),
	(1458, 74, '2024-04-18 11:07:31', 0),
	(1459, 75, '2024-04-18 11:07:31', 0),
	(1460, 76, '2024-04-18 11:07:31', 0),
	(1461, 77, '2024-04-18 11:07:31', 0),
	(1462, 78, '2024-04-18 11:07:31', 0),
	(1463, 79, '2024-04-18 11:07:31', 0),
	(1465, 81, '2024-04-18 11:07:32', 0),
	(1466, 82, '2024-04-18 11:07:32', 0),
	(1467, 83, '2024-04-18 11:07:32', 0),
	(1468, 84, '2024-04-18 11:07:32', 0),
	(1469, 85, '2024-04-18 11:07:32', 0),
	(1470, 86, '2024-04-18 11:07:32', 0),
	(1471, 87, '2024-04-18 11:07:32', 0),
	(1472, 88, '2024-04-18 11:07:32', 0),
	(1473, 89, '2024-04-18 11:07:32', 0),
	(1474, 90, '2024-04-18 11:07:32', 0),
	(1475, 91, '2024-04-18 11:07:32', 0),
	(1476, 92, '2024-04-18 11:07:32', 0),
	(1477, 93, '2024-04-18 11:07:32', 0),
	(1478, 94, '2024-04-18 11:07:32', 0),
	(1479, 95, '2024-04-18 11:07:32', 0),
	(1480, 96, '2024-04-18 11:07:32', 0),
	(1481, 97, '2024-04-18 11:07:32', 0),
	(1482, 98, '2024-04-18 11:07:32', 0),
	(1483, 99, '2024-04-18 11:07:32', 0),
	(1484, 100, '2024-04-18 11:07:32', 0),
	(1485, 101, '2024-04-18 11:07:32', 0),
	(1486, 2, '2024-04-19 11:44:30', 0),
	(1487, 3, '2024-04-19 11:44:31', 0),
	(1488, 4, '2024-04-19 11:44:34', 0),
	(1489, 5, '2024-04-19 11:44:34', 0),
	(1490, 6, '2024-04-19 11:44:34', 0),
	(1491, 7, '2024-04-19 11:44:34', 0),
	(1492, 8, '2024-04-19 11:44:34', 0),
	(1493, 9, '2024-04-19 11:44:34', 0),
	(1494, 10, '2024-04-19 11:44:34', 0),
	(1495, 11, '2024-04-19 11:44:34', 0),
	(1496, 12, '2024-04-19 11:44:34', 0),
	(1497, 13, '2024-04-19 11:44:34', 0),
	(1498, 14, '2024-04-19 11:44:34', 0),
	(1499, 15, '2024-04-19 11:44:34', 0),
	(1500, 16, '2024-04-19 11:44:35', 0),
	(1501, 17, '2024-04-19 11:44:35', 0),
	(1502, 18, '2024-04-19 11:44:35', 0),
	(1503, 19, '2024-04-19 11:44:35', 0),
	(1504, 20, '2024-04-19 11:44:35', 0),
	(1505, 21, '2024-04-19 11:44:35', 0),
	(1506, 22, '2024-04-19 11:44:35', 0),
	(1507, 23, '2024-04-19 11:44:35', 0),
	(1508, 24, '2024-04-19 11:44:35', 0),
	(1509, 25, '2024-04-19 11:44:35', 0),
	(1510, 27, '2024-04-19 11:44:35', 0),
	(1511, 28, '2024-04-19 11:44:35', 0),
	(1512, 29, '2024-04-19 11:44:35', 0),
	(1513, 30, '2024-04-19 11:44:35', 957949),
	(1514, 31, '2024-04-19 11:44:35', 0),
	(1515, 32, '2024-04-19 11:44:35', 0),
	(1516, 33, '2024-04-19 11:44:36', 0),
	(1517, 34, '2024-04-19 11:44:36', 0),
	(1518, 35, '2024-04-19 11:44:36', 0),
	(1519, 36, '2024-04-19 11:44:36', 0),
	(1520, 37, '2024-04-19 11:44:36', 0),
	(1521, 38, '2024-04-19 11:44:36', 0),
	(1522, 39, '2024-04-19 11:44:36', 0),
	(1523, 40, '2024-04-19 11:44:36', 0),
	(1524, 41, '2024-04-19 11:44:36', 0),
	(1525, 42, '2024-04-19 11:44:36', 0),
	(1526, 43, '2024-04-19 11:44:36', 0),
	(1527, 44, '2024-04-19 11:44:36', 0),
	(1528, 45, '2024-04-19 11:44:36', 0),
	(1529, 46, '2024-04-19 11:44:36', 0),
	(1530, 47, '2024-04-19 11:44:36', 0),
	(1531, 48, '2024-04-19 11:44:36', 0),
	(1532, 49, '2024-04-19 11:44:36', 0),
	(1533, 50, '2024-04-19 11:44:36', 0),
	(1534, 51, '2024-04-19 11:44:37', 0),
	(1535, 52, '2024-04-19 11:44:37', 0),
	(1536, 53, '2024-04-19 11:44:37', 0),
	(1537, 54, '2024-04-19 11:44:37', 0),
	(1538, 55, '2024-04-19 11:44:37', 0),
	(1539, 56, '2024-04-19 11:44:37', 0),
	(1540, 57, '2024-04-19 11:44:37', 0),
	(1541, 58, '2024-04-19 11:44:37', 0),
	(1542, 59, '2024-04-19 11:44:37', 0),
	(1543, 60, '2024-04-19 11:44:37', 0),
	(1544, 61, '2024-04-19 11:44:37', 0),
	(1545, 62, '2024-04-19 11:44:37', 0),
	(1546, 63, '2024-04-19 11:44:37', 0),
	(1547, 64, '2024-04-19 11:44:37', 0),
	(1548, 65, '2024-04-19 11:44:37', 0),
	(1549, 66, '2024-04-19 11:44:37', 0),
	(1550, 67, '2024-04-19 11:44:37', 0),
	(1551, 68, '2024-04-19 11:44:37', 0),
	(1552, 69, '2024-04-19 11:44:37', 0),
	(1553, 70, '2024-04-19 11:44:38', 0),
	(1554, 71, '2024-04-19 11:44:38', 0),
	(1555, 72, '2024-04-19 11:44:38', 0),
	(1556, 73, '2024-04-19 11:44:38', 0),
	(1557, 74, '2024-04-19 11:44:38', 0),
	(1558, 75, '2024-04-19 11:44:38', 0),
	(1559, 76, '2024-04-19 11:44:38', 0),
	(1560, 77, '2024-04-19 11:44:38', 0),
	(1561, 78, '2024-04-19 11:44:38', 0),
	(1562, 79, '2024-04-19 11:44:38', 0),
	(1564, 81, '2024-04-19 11:44:38', 0),
	(1565, 82, '2024-04-19 11:44:38', 0),
	(1566, 83, '2024-04-19 11:44:38', 0),
	(1567, 84, '2024-04-19 11:44:38', 0),
	(1568, 85, '2024-04-19 11:44:38', 0),
	(1569, 86, '2024-04-19 11:44:38', 0),
	(1570, 87, '2024-04-19 11:44:38', 0),
	(1571, 88, '2024-04-19 11:44:38', 0),
	(1572, 89, '2024-04-19 11:44:38', 0),
	(1573, 90, '2024-04-19 11:44:39', 0),
	(1574, 91, '2024-04-19 11:44:39', 0),
	(1575, 92, '2024-04-19 11:44:39', 0),
	(1576, 93, '2024-04-19 11:44:39', 0),
	(1577, 94, '2024-04-19 11:44:39', 0),
	(1578, 95, '2024-04-19 11:44:39', 0),
	(1579, 96, '2024-04-19 11:44:39', 0),
	(1580, 97, '2024-04-19 11:44:39', 0),
	(1581, 98, '2024-04-19 11:44:39', 0),
	(1582, 99, '2024-04-19 11:44:39', 0),
	(1583, 100, '2024-04-19 11:44:39', 0),
	(1584, 101, '2024-04-19 11:44:39', 0),
	(1585, 2, '2024-04-23 09:26:06', 0),
	(1586, 3, '2024-04-23 09:26:07', 0),
	(1587, 4, '2024-04-23 09:26:08', 0),
	(1588, 5, '2024-04-23 09:26:09', 0),
	(1589, 6, '2024-04-23 09:26:09', 0),
	(1590, 7, '2024-04-23 09:26:09', 0),
	(1591, 8, '2024-04-23 09:26:09', 0),
	(1592, 9, '2024-04-23 09:26:09', 0),
	(1593, 10, '2024-04-23 09:26:09', 0),
	(1594, 11, '2024-04-23 09:26:09', 0),
	(1595, 12, '2024-04-23 09:26:09', 0),
	(1596, 13, '2024-04-23 09:26:09', 0),
	(1597, 14, '2024-04-23 09:26:09', 0),
	(1598, 15, '2024-04-23 09:26:09', 0),
	(1599, 16, '2024-04-23 09:26:09', 0),
	(1600, 17, '2024-04-23 09:26:09', 0),
	(1601, 18, '2024-04-23 09:26:09', 0),
	(1602, 19, '2024-04-23 09:26:09', 0),
	(1603, 20, '2024-04-23 09:26:09', 0),
	(1604, 21, '2024-04-23 09:26:09', 0),
	(1605, 22, '2024-04-23 09:26:09', 0),
	(1606, 23, '2024-04-23 09:26:09', 0),
	(1607, 24, '2024-04-23 09:26:09', 0),
	(1608, 25, '2024-04-23 09:26:09', 0),
	(1609, 27, '2024-04-23 09:26:09', 0),
	(1610, 28, '2024-04-23 09:26:09', 0),
	(1611, 29, '2024-04-23 09:26:09', 0),
	(1612, 30, '2024-04-23 09:26:10', 221096),
	(1613, 31, '2024-04-23 09:26:10', 0),
	(1614, 32, '2024-04-23 09:26:10', 0),
	(1615, 33, '2024-04-23 09:26:10', 0),
	(1616, 34, '2024-04-23 09:26:10', 0),
	(1617, 35, '2024-04-23 09:26:10', 0),
	(1618, 36, '2024-04-23 09:26:10', 0),
	(1619, 37, '2024-04-23 09:26:10', 0),
	(1620, 38, '2024-04-23 09:26:10', 0),
	(1621, 39, '2024-04-23 09:26:10', 0),
	(1622, 40, '2024-04-23 09:26:10', 0),
	(1623, 41, '2024-04-23 09:26:10', 0),
	(1624, 42, '2024-04-23 09:26:10', 0),
	(1625, 43, '2024-04-23 09:26:10', 0),
	(1626, 44, '2024-04-23 09:26:10', 0),
	(1627, 45, '2024-04-23 09:26:10', 0),
	(1628, 46, '2024-04-23 09:26:10', 0),
	(1629, 47, '2024-04-23 09:26:10', 0),
	(1630, 48, '2024-04-23 09:26:10', 0),
	(1631, 49, '2024-04-23 09:26:10', 0),
	(1632, 50, '2024-04-23 09:26:10', 0),
	(1633, 51, '2024-04-23 09:26:10', 0),
	(1634, 52, '2024-04-23 09:26:10', 0),
	(1635, 53, '2024-04-23 09:26:10', 0),
	(1636, 54, '2024-04-23 09:26:10', 0),
	(1637, 55, '2024-04-23 09:26:10', 0),
	(1638, 56, '2024-04-23 09:26:11', 0),
	(1639, 57, '2024-04-23 09:26:11', 0),
	(1640, 58, '2024-04-23 09:26:11', 0),
	(1641, 59, '2024-04-23 09:26:11', 0),
	(1642, 60, '2024-04-23 09:26:11', 0),
	(1643, 61, '2024-04-23 09:26:11', 0),
	(1644, 62, '2024-04-23 09:26:11', 0),
	(1645, 63, '2024-04-23 09:26:11', 0),
	(1646, 64, '2024-04-23 09:26:11', 0),
	(1647, 65, '2024-04-23 09:26:11', 0),
	(1648, 66, '2024-04-23 09:26:11', 0),
	(1649, 67, '2024-04-23 09:26:11', 0),
	(1650, 68, '2024-04-23 09:26:11', 0),
	(1651, 69, '2024-04-23 09:26:11', 0),
	(1652, 70, '2024-04-23 09:26:11', 0),
	(1653, 71, '2024-04-23 09:26:11', 0),
	(1654, 72, '2024-04-23 09:26:11', 0),
	(1655, 73, '2024-04-23 09:26:11', 0),
	(1656, 74, '2024-04-23 09:26:11', 0),
	(1657, 75, '2024-04-23 09:26:11', 0),
	(1658, 76, '2024-04-23 09:26:11', 0),
	(1659, 77, '2024-04-23 09:26:11', 0),
	(1660, 78, '2024-04-23 09:26:11', 0),
	(1661, 79, '2024-04-23 09:26:11', 0),
	(1663, 81, '2024-04-23 09:26:11', 0),
	(1664, 82, '2024-04-23 09:26:12', 0),
	(1665, 83, '2024-04-23 09:26:12', 0),
	(1666, 84, '2024-04-23 09:26:12', 0),
	(1667, 85, '2024-04-23 09:26:12', 0),
	(1668, 86, '2024-04-23 09:26:12', 0),
	(1669, 87, '2024-04-23 09:26:12', 0),
	(1670, 88, '2024-04-23 09:26:12', 0),
	(1671, 89, '2024-04-23 09:26:12', 0),
	(1672, 90, '2024-04-23 09:26:12', 0),
	(1673, 91, '2024-04-23 09:26:12', 0),
	(1674, 92, '2024-04-23 09:26:12', 0),
	(1675, 93, '2024-04-23 09:26:12', 0),
	(1676, 94, '2024-04-23 09:26:12', 0),
	(1677, 95, '2024-04-23 09:26:12', 0),
	(1678, 96, '2024-04-23 09:26:12', 0),
	(1679, 97, '2024-04-23 09:26:12', 0),
	(1680, 98, '2024-04-23 09:26:12', 0),
	(1681, 99, '2024-04-23 09:26:12', 0),
	(1682, 100, '2024-04-23 09:26:12', 0),
	(1683, 101, '2024-04-23 09:26:12', 0),
	(1684, 2, '2024-04-27 10:34:20', 0),
	(1685, 3, '2024-04-27 10:34:20', 0),
	(1686, 4, '2024-04-27 10:34:22', 197),
	(1687, 5, '2024-04-27 10:34:22', 0),
	(1688, 6, '2024-04-27 10:34:22', 0),
	(1689, 7, '2024-04-27 10:34:22', 0),
	(1690, 8, '2024-04-27 10:34:22', 268),
	(1691, 9, '2024-04-27 10:34:22', 0),
	(1692, 10, '2024-04-27 10:34:22', 0),
	(1693, 11, '2024-04-27 10:34:23', 0),
	(1694, 12, '2024-04-27 10:34:23', 60),
	(1695, 13, '2024-04-27 10:34:23', 0),
	(1696, 14, '2024-04-27 10:34:23', 0),
	(1697, 15, '2024-04-27 10:34:23', 0),
	(1698, 16, '2024-04-27 10:34:23', 0),
	(1699, 17, '2024-04-27 10:34:23', 0),
	(1700, 18, '2024-04-27 10:34:23', 0),
	(1701, 19, '2024-04-27 10:34:23', 0),
	(1702, 20, '2024-04-27 10:34:23', 0),
	(1703, 21, '2024-04-27 10:34:23', 0),
	(1704, 22, '2024-04-27 10:34:23', 0),
	(1705, 23, '2024-04-27 10:34:23', 0),
	(1706, 24, '2024-04-27 10:34:23', 0),
	(1707, 25, '2024-04-27 10:34:23', 0),
	(1708, 27, '2024-04-27 10:34:23', 0),
	(1709, 28, '2024-04-27 10:34:23', 0),
	(1710, 29, '2024-04-27 10:34:23', 0),
	(1711, 30, '2024-04-27 10:34:23', 1204014),
	(1712, 31, '2024-04-27 10:34:23', 0),
	(1713, 32, '2024-04-27 10:34:23', 0),
	(1714, 33, '2024-04-27 10:34:23', 0),
	(1715, 34, '2024-04-27 10:34:23', 0),
	(1716, 35, '2024-04-27 10:34:23', 0),
	(1717, 36, '2024-04-27 10:34:23', 0),
	(1718, 37, '2024-04-27 10:34:24', 0),
	(1719, 38, '2024-04-27 10:34:24', 0),
	(1720, 39, '2024-04-27 10:34:24', 0),
	(1721, 40, '2024-04-27 10:34:24', 0),
	(1722, 41, '2024-04-27 10:34:24', 0),
	(1723, 42, '2024-04-27 10:34:24', 0),
	(1724, 43, '2024-04-27 10:34:24', 0),
	(1725, 44, '2024-04-27 10:34:24', 0),
	(1726, 45, '2024-04-27 10:34:24', 0),
	(1727, 46, '2024-04-27 10:34:24', 0),
	(1728, 47, '2024-04-27 10:34:24', 0),
	(1729, 48, '2024-04-27 10:34:24', 0),
	(1730, 49, '2024-04-27 10:34:24', 0),
	(1731, 50, '2024-04-27 10:34:24', 0),
	(1732, 51, '2024-04-27 10:34:24', 0),
	(1733, 52, '2024-04-27 10:34:24', 0),
	(1734, 53, '2024-04-27 10:34:24', 0),
	(1735, 54, '2024-04-27 10:34:24', 0),
	(1736, 55, '2024-04-27 10:34:24', 0),
	(1737, 56, '2024-04-27 10:34:24', 0),
	(1738, 57, '2024-04-27 10:34:24', 0),
	(1739, 58, '2024-04-27 10:34:24', 0),
	(1740, 59, '2024-04-27 10:34:24', 0),
	(1741, 60, '2024-04-27 10:34:24', 0),
	(1742, 61, '2024-04-27 10:34:24', 0),
	(1743, 62, '2024-04-27 10:34:24', 0),
	(1744, 63, '2024-04-27 10:34:24', 0),
	(1745, 64, '2024-04-27 10:34:25', 0),
	(1746, 65, '2024-04-27 10:34:25', 0),
	(1747, 66, '2024-04-27 10:34:25', 0),
	(1748, 67, '2024-04-27 10:34:25', 727997),
	(1749, 68, '2024-04-27 10:34:25', 2590038),
	(1750, 69, '2024-04-27 10:34:25', 0),
	(1751, 70, '2024-04-27 10:34:25', 0),
	(1752, 71, '2024-04-27 10:34:25', 0),
	(1753, 72, '2024-04-27 10:34:25', 0),
	(1754, 73, '2024-04-27 10:34:25', 0),
	(1755, 74, '2024-04-27 10:34:25', 0),
	(1756, 75, '2024-04-27 10:34:25', 0),
	(1757, 76, '2024-04-27 10:34:25', 0),
	(1758, 77, '2024-04-27 10:34:25', 0),
	(1759, 78, '2024-04-27 10:34:25', 0),
	(1760, 79, '2024-04-27 10:34:25', 0),
	(1762, 81, '2024-04-27 10:34:25', 0),
	(1763, 82, '2024-04-27 10:34:25', 0),
	(1764, 83, '2024-04-27 10:34:25', 0),
	(1765, 84, '2024-04-27 10:34:25', 0),
	(1766, 85, '2024-04-27 10:34:25', 0),
	(1767, 86, '2024-04-27 10:34:25', 84),
	(1768, 87, '2024-04-27 10:34:25', 0),
	(1769, 88, '2024-04-27 10:34:25', 0),
	(1770, 89, '2024-04-27 10:34:25', 2535),
	(1771, 90, '2024-04-27 10:34:26', 0),
	(1772, 91, '2024-04-27 10:34:26', 0),
	(1773, 92, '2024-04-27 10:34:26', 0),
	(1774, 93, '2024-04-27 10:34:26', 0),
	(1775, 94, '2024-04-27 10:34:26', 0),
	(1776, 95, '2024-04-27 10:34:26', 0),
	(1777, 96, '2024-04-27 10:34:26', 0),
	(1778, 97, '2024-04-27 10:34:26', 0),
	(1779, 98, '2024-04-27 10:34:26', 0),
	(1780, 99, '2024-04-27 10:34:26', 0),
	(1781, 100, '2024-04-27 10:34:26', 0),
	(1782, 101, '2024-04-27 10:34:26', 0),
	(1783, 2, '2024-04-28 14:02:46', 0),
	(1784, 3, '2024-04-28 14:02:46', 0),
	(1785, 4, '2024-04-28 14:02:47', 0),
	(1786, 5, '2024-04-28 14:02:48', 0),
	(1787, 6, '2024-04-28 14:02:48', 0),
	(1788, 7, '2024-04-28 14:02:48', 0),
	(1789, 8, '2024-04-28 14:02:48', 0),
	(1790, 9, '2024-04-28 14:02:48', 0),
	(1791, 10, '2024-04-28 14:02:48', 0),
	(1792, 11, '2024-04-28 14:02:48', 0),
	(1793, 12, '2024-04-28 14:02:48', 0),
	(1794, 13, '2024-04-28 14:02:48', 0),
	(1795, 14, '2024-04-28 14:02:48', 0),
	(1796, 15, '2024-04-28 14:02:48', 0),
	(1797, 16, '2024-04-28 14:02:48', 0),
	(1798, 17, '2024-04-28 14:02:48', 0),
	(1799, 18, '2024-04-28 14:02:48', 0),
	(1800, 19, '2024-04-28 14:02:48', 0),
	(1801, 20, '2024-04-28 14:02:48', 0),
	(1802, 21, '2024-04-28 14:02:48', 0),
	(1803, 22, '2024-04-28 14:02:48', 0),
	(1804, 23, '2024-04-28 14:02:48', 0),
	(1805, 24, '2024-04-28 14:02:48', 0),
	(1806, 25, '2024-04-28 14:02:49', 0),
	(1807, 27, '2024-04-28 14:02:49', 0),
	(1808, 28, '2024-04-28 14:02:49', 0),
	(1809, 29, '2024-04-28 14:02:49', 0),
	(1810, 30, '2024-04-28 14:02:49', 65043),
	(1811, 31, '2024-04-28 14:02:49', 0),
	(1812, 32, '2024-04-28 14:02:49', 0),
	(1813, 33, '2024-04-28 14:02:49', 0),
	(1814, 34, '2024-04-28 14:02:49', 0),
	(1815, 35, '2024-04-28 14:02:49', 0),
	(1816, 36, '2024-04-28 14:02:49', 0),
	(1817, 37, '2024-04-28 14:02:49', 5931),
	(1818, 38, '2024-04-28 14:02:49', 0),
	(1819, 39, '2024-04-28 14:02:49', 436),
	(1820, 40, '2024-04-28 14:02:49', 0),
	(1821, 41, '2024-04-28 14:02:49', 0),
	(1822, 42, '2024-04-28 14:02:49', 0),
	(1823, 43, '2024-04-28 14:02:49', 0),
	(1824, 44, '2024-04-28 14:02:49', 0),
	(1825, 45, '2024-04-28 14:02:49', 0),
	(1826, 46, '2024-04-28 14:02:49', 0),
	(1827, 47, '2024-04-28 14:02:49', 0),
	(1828, 48, '2024-04-28 14:02:49', 0),
	(1829, 49, '2024-04-28 14:02:49', 0),
	(1830, 50, '2024-04-28 14:02:49', 0),
	(1831, 51, '2024-04-28 14:02:49', 0),
	(1832, 52, '2024-04-28 14:02:50', 0),
	(1833, 53, '2024-04-28 14:02:50', 0),
	(1834, 54, '2024-04-28 14:02:50', 0),
	(1835, 55, '2024-04-28 14:02:50', 0),
	(1836, 56, '2024-04-28 14:02:50', 0),
	(1837, 57, '2024-04-28 14:02:50', 0),
	(1838, 58, '2024-04-28 14:02:50', 0),
	(1839, 59, '2024-04-28 14:02:50', 0),
	(1840, 60, '2024-04-28 14:02:50', 0),
	(1841, 61, '2024-04-28 14:02:50', 0),
	(1842, 62, '2024-04-28 14:02:50', 0),
	(1843, 63, '2024-04-28 14:02:50', 0),
	(1844, 64, '2024-04-28 14:02:50', 0),
	(1845, 65, '2024-04-28 14:02:50', 0),
	(1846, 66, '2024-04-28 14:02:50', 0),
	(1847, 67, '2024-04-28 14:02:50', 0),
	(1848, 68, '2024-04-28 14:02:50', 1359786),
	(1849, 69, '2024-04-28 14:02:50', 0),
	(1850, 70, '2024-04-28 14:02:50', 0),
	(1851, 71, '2024-04-28 14:02:50', 0),
	(1852, 72, '2024-04-28 14:02:50', 0),
	(1853, 73, '2024-04-28 14:02:50', 0),
	(1854, 74, '2024-04-28 14:02:50', 0),
	(1855, 75, '2024-04-28 14:02:50', 0),
	(1856, 76, '2024-04-28 14:02:50', 0),
	(1857, 77, '2024-04-28 14:02:50', 0),
	(1858, 78, '2024-04-28 14:02:51', 0),
	(1859, 79, '2024-04-28 14:02:51', 0),
	(1861, 81, '2024-04-28 14:02:51', 0),
	(1862, 82, '2024-04-28 14:02:51', 0),
	(1863, 83, '2024-04-28 14:02:51', 0),
	(1864, 84, '2024-04-28 14:02:51', 0),
	(1865, 85, '2024-04-28 14:02:51', 0),
	(1866, 86, '2024-04-28 14:02:51', 0),
	(1867, 87, '2024-04-28 14:02:51', 0),
	(1868, 88, '2024-04-28 14:02:51', 0),
	(1869, 89, '2024-04-28 14:02:51', 0),
	(1870, 90, '2024-04-28 14:02:51', 0),
	(1871, 91, '2024-04-28 14:02:51', 0),
	(1872, 92, '2024-04-28 14:02:51', 0),
	(1873, 93, '2024-04-28 14:02:51', 0),
	(1874, 94, '2024-04-28 14:02:51', 0),
	(1875, 95, '2024-04-28 14:02:51', 0),
	(1876, 96, '2024-04-28 14:02:51', 0),
	(1877, 97, '2024-04-28 14:02:51', 0),
	(1878, 98, '2024-04-28 14:02:51', 0),
	(1879, 99, '2024-04-28 14:02:51', 0),
	(1880, 100, '2024-04-28 14:02:51', 0),
	(1881, 101, '2024-04-28 14:02:51', 0),
	(1882, 89, '2024-05-02 08:30:38', 99),
	(1883, 2, '2024-05-02 12:14:31', 0),
	(1884, 3, '2024-05-02 12:14:31', 0),
	(1885, 4, '2024-05-02 12:14:33', 0),
	(1886, 5, '2024-05-02 12:14:33', 0),
	(1887, 6, '2024-05-02 12:14:33', 0),
	(1888, 7, '2024-05-02 12:14:33', 0),
	(1889, 8, '2024-05-02 12:14:33', 268),
	(1890, 9, '2024-05-02 12:14:33', 0),
	(1891, 10, '2024-05-02 12:14:33', 0),
	(1892, 11, '2024-05-02 12:14:33', 0),
	(1893, 12, '2024-05-02 12:14:33', 0),
	(1894, 13, '2024-05-02 12:14:33', 0),
	(1895, 14, '2024-05-02 12:14:33', 0),
	(1896, 15, '2024-05-02 12:14:33', 0),
	(1897, 16, '2024-05-02 12:14:33', 0),
	(1898, 17, '2024-05-02 12:14:33', 0),
	(1899, 18, '2024-05-02 12:14:33', 0),
	(1900, 19, '2024-05-02 12:14:34', 0),
	(1901, 20, '2024-05-02 12:14:34', 992),
	(1902, 21, '2024-05-02 12:14:34', 0),
	(1903, 22, '2024-05-02 12:14:34', 198),
	(1904, 23, '2024-05-02 12:14:34', 0),
	(1905, 24, '2024-05-02 12:14:34', 0),
	(1906, 25, '2024-05-02 12:14:34', 0),
	(1907, 27, '2024-05-02 12:14:34', 8716),
	(1908, 28, '2024-05-02 12:14:34', 0),
	(1909, 29, '2024-05-02 12:14:34', 0),
	(1910, 30, '2024-05-02 12:14:34', 0),
	(1911, 31, '2024-05-02 12:14:34', 0),
	(1912, 32, '2024-05-02 12:14:34', 0),
	(1913, 33, '2024-05-02 12:14:34', 4385),
	(1914, 34, '2024-05-02 12:14:34', 0),
	(1915, 35, '2024-05-02 12:14:34', 0),
	(1916, 36, '2024-05-02 12:14:34', 0),
	(1917, 37, '2024-05-02 12:14:34', 0),
	(1918, 38, '2024-05-02 12:14:34', 0),
	(1919, 39, '2024-05-02 12:14:34', 0),
	(1920, 40, '2024-05-02 12:14:34', 0),
	(1921, 41, '2024-05-02 12:14:34', 0),
	(1922, 42, '2024-05-02 12:14:34', 1109),
	(1923, 43, '2024-05-02 12:14:34', 0),
	(1924, 44, '2024-05-02 12:14:34', 0),
	(1925, 45, '2024-05-02 12:14:34', 0),
	(1926, 46, '2024-05-02 12:14:35', 0),
	(1927, 47, '2024-05-02 12:14:35', 0),
	(1928, 48, '2024-05-02 12:14:35', 0),
	(1929, 49, '2024-05-02 12:14:35', 0),
	(1930, 50, '2024-05-02 12:14:35', 0),
	(1931, 51, '2024-05-02 12:14:35', 0),
	(1932, 52, '2024-05-02 12:14:35', 0),
	(1933, 53, '2024-05-02 12:14:35', 0),
	(1934, 54, '2024-05-02 12:14:35', 0),
	(1935, 55, '2024-05-02 12:14:35', 0),
	(1936, 56, '2024-05-02 12:14:35', 0),
	(1937, 57, '2024-05-02 12:14:35', 0),
	(1938, 58, '2024-05-02 12:14:35', 0),
	(1939, 59, '2024-05-02 12:14:35', 0),
	(1940, 60, '2024-05-02 12:14:35', 0),
	(1941, 61, '2024-05-02 12:14:35', 0),
	(1942, 62, '2024-05-02 12:14:35', 0),
	(1943, 63, '2024-05-02 12:14:35', 0),
	(1944, 64, '2024-05-02 12:14:35', 0),
	(1945, 65, '2024-05-02 12:14:35', 0),
	(1946, 66, '2024-05-02 12:14:35', 361722),
	(1947, 67, '2024-05-02 12:14:35', 160504),
	(1948, 68, '2024-05-02 12:14:35', 198),
	(1949, 69, '2024-05-02 12:14:35', 446),
	(1950, 70, '2024-05-02 12:14:35', 0),
	(1951, 71, '2024-05-02 12:14:35', 0),
	(1952, 72, '2024-05-02 12:14:35', 0),
	(1953, 73, '2024-05-02 12:14:36', 0),
	(1954, 74, '2024-05-02 12:14:36', 0),
	(1955, 75, '2024-05-02 12:14:36', 0),
	(1956, 76, '2024-05-02 12:14:36', 0),
	(1957, 77, '2024-05-02 12:14:36', 0),
	(1958, 78, '2024-05-02 12:14:36', 0),
	(1959, 79, '2024-05-02 12:14:36', 0),
	(1961, 81, '2024-05-02 12:14:36', 0),
	(1962, 82, '2024-05-02 12:14:36', 0),
	(1963, 83, '2024-05-02 12:14:36', 0),
	(1964, 84, '2024-05-02 12:14:36', 0),
	(1965, 85, '2024-05-02 12:14:36', 0),
	(1966, 86, '2024-05-02 12:14:36', 0),
	(1967, 87, '2024-05-02 12:14:36', 0),
	(1968, 88, '2024-05-02 12:14:36', 0),
	(1969, 90, '2024-05-02 12:14:36', 0),
	(1970, 91, '2024-05-02 12:14:36', 0),
	(1971, 92, '2024-05-02 12:14:36', 0),
	(1972, 93, '2024-05-02 12:14:36', 0),
	(1973, 94, '2024-05-02 12:14:36', 0),
	(1974, 95, '2024-05-02 12:14:36', 0),
	(1975, 96, '2024-05-02 12:14:36', 0),
	(1976, 97, '2024-05-02 12:14:36', 0),
	(1977, 98, '2024-05-02 12:14:36', 0),
	(1978, 99, '2024-05-02 12:14:36', 0),
	(1979, 100, '2024-05-02 12:14:37', 0),
	(1980, 101, '2024-05-02 12:14:37', 0),
	(1981, 2, '2024-05-03 09:26:41', 0),
	(1982, 3, '2024-05-03 09:26:42', 0),
	(1983, 4, '2024-05-03 09:26:44', 0),
	(1984, 5, '2024-05-03 09:26:44', 0),
	(1985, 6, '2024-05-03 09:26:44', 0),
	(1986, 7, '2024-05-03 09:26:44', 0),
	(1987, 8, '2024-05-03 09:26:44', 0),
	(1988, 9, '2024-05-03 09:26:44', 0),
	(1989, 10, '2024-05-03 09:26:44', 0),
	(1990, 11, '2024-05-03 09:26:44', 0),
	(1991, 12, '2024-05-03 09:26:44', 0),
	(1992, 13, '2024-05-03 09:26:44', 0),
	(1993, 14, '2024-05-03 09:26:44', 0),
	(1994, 15, '2024-05-03 09:26:44', 0),
	(1995, 16, '2024-05-03 09:26:45', 0),
	(1996, 17, '2024-05-03 09:26:45', 0),
	(1997, 18, '2024-05-03 09:26:45', 0),
	(1998, 19, '2024-05-03 09:26:45', 0),
	(1999, 20, '2024-05-03 09:26:45', 0),
	(2000, 21, '2024-05-03 09:26:45', 546),
	(2001, 22, '2024-05-03 09:26:45', 0),
	(2002, 23, '2024-05-03 09:26:45', 0),
	(2003, 24, '2024-05-03 09:26:45', 0),
	(2004, 25, '2024-05-03 09:26:45', 0),
	(2005, 27, '2024-05-03 09:26:45', 0),
	(2006, 28, '2024-05-03 09:26:45', 0),
	(2007, 29, '2024-05-03 09:26:45', 34439),
	(2008, 30, '2024-05-03 09:26:45', 0),
	(2009, 31, '2024-05-03 09:26:45', 0),
	(2010, 32, '2024-05-03 09:26:45', 0),
	(2011, 33, '2024-05-03 09:26:45', 0),
	(2012, 34, '2024-05-03 09:26:45', 0),
	(2013, 35, '2024-05-03 09:26:45', 0),
	(2014, 36, '2024-05-03 09:26:45', 0),
	(2015, 37, '2024-05-03 09:26:45', 0),
	(2016, 38, '2024-05-03 09:26:45', 0),
	(2017, 39, '2024-05-03 09:26:45', 0),
	(2018, 40, '2024-05-03 09:26:45', 0),
	(2019, 41, '2024-05-03 09:26:45', 0),
	(2020, 42, '2024-05-03 09:26:45', 0),
	(2021, 43, '2024-05-03 09:26:46', 0),
	(2022, 44, '2024-05-03 09:26:46', 0),
	(2023, 45, '2024-05-03 09:26:46', 0),
	(2024, 46, '2024-05-03 09:26:46', 0),
	(2025, 47, '2024-05-03 09:26:46', 0),
	(2026, 48, '2024-05-03 09:26:46', 0),
	(2027, 49, '2024-05-03 09:26:46', 0),
	(2028, 50, '2024-05-03 09:26:46', 0),
	(2029, 51, '2024-05-03 09:26:46', 0),
	(2030, 52, '2024-05-03 09:26:46', 0),
	(2031, 53, '2024-05-03 09:26:46', 0),
	(2032, 54, '2024-05-03 09:26:46', 0),
	(2033, 55, '2024-05-03 09:26:46', 0),
	(2034, 56, '2024-05-03 09:26:46', 0),
	(2035, 57, '2024-05-03 09:26:46', 0),
	(2036, 58, '2024-05-03 09:26:46', 0),
	(2037, 59, '2024-05-03 09:26:46', 0),
	(2038, 60, '2024-05-03 09:26:46', 4957),
	(2039, 61, '2024-05-03 09:26:46', 0),
	(2040, 62, '2024-05-03 09:26:46', 0),
	(2041, 63, '2024-05-03 09:26:46', 0),
	(2042, 64, '2024-05-03 09:26:46', 0),
	(2043, 65, '2024-05-03 09:26:46', 0),
	(2044, 66, '2024-05-03 09:26:46', 0),
	(2045, 67, '2024-05-03 09:26:46', 0),
	(2046, 68, '2024-05-03 09:26:46', 2043915),
	(2047, 69, '2024-05-03 09:26:47', 0),
	(2048, 70, '2024-05-03 09:26:47', 0),
	(2049, 71, '2024-05-03 09:26:47', 0),
	(2050, 72, '2024-05-03 09:26:47', 0),
	(2051, 73, '2024-05-03 09:26:47', 0),
	(2052, 74, '2024-05-03 09:26:47', 0),
	(2053, 75, '2024-05-03 09:26:47', 0),
	(2054, 76, '2024-05-03 09:26:47', 0),
	(2055, 77, '2024-05-03 09:26:47', 0),
	(2056, 78, '2024-05-03 09:26:47', 0),
	(2057, 79, '2024-05-03 09:26:47', 0),
	(2059, 81, '2024-05-03 09:26:47', 0),
	(2060, 82, '2024-05-03 09:26:47', 0),
	(2061, 83, '2024-05-03 09:26:47', 0),
	(2062, 84, '2024-05-03 09:26:47', 0),
	(2063, 85, '2024-05-03 09:26:47', 0),
	(2064, 86, '2024-05-03 09:26:47', 0),
	(2065, 87, '2024-05-03 09:26:47', 0),
	(2066, 88, '2024-05-03 09:26:47', 0),
	(2067, 89, '2024-05-03 09:26:47', 0),
	(2068, 90, '2024-05-03 09:26:47', 0),
	(2069, 91, '2024-05-03 09:26:47', 0),
	(2070, 92, '2024-05-03 09:26:47', 0),
	(2071, 93, '2024-05-03 09:26:47', 0),
	(2072, 94, '2024-05-03 09:26:48', 0),
	(2073, 95, '2024-05-03 09:26:48', 0),
	(2074, 96, '2024-05-03 09:26:48', 0),
	(2075, 97, '2024-05-03 09:26:48', 0),
	(2076, 98, '2024-05-03 09:26:48', 0),
	(2077, 99, '2024-05-03 09:26:48', 0),
	(2078, 100, '2024-05-03 09:26:48', 0),
	(2079, 101, '2024-05-03 09:26:48', 0),
	(2080, 9, '2024-05-04 07:50:32', 430),
	(2081, 2, '2024-05-04 08:14:24', 0),
	(2082, 3, '2024-05-04 08:14:25', 0),
	(2083, 4, '2024-05-04 08:14:27', 0),
	(2084, 5, '2024-05-04 08:14:27', 0),
	(2085, 6, '2024-05-04 08:14:27', 0),
	(2086, 7, '2024-05-04 08:14:27', 0),
	(2087, 8, '2024-05-04 08:14:27', 0),
	(2088, 10, '2024-05-04 08:14:27', 0),
	(2089, 11, '2024-05-04 08:14:27', 0),
	(2090, 12, '2024-05-04 08:14:27', 0),
	(2091, 13, '2024-05-04 08:14:27', 0),
	(2092, 14, '2024-05-04 08:14:27', 0),
	(2093, 15, '2024-05-04 08:14:28', 0),
	(2094, 16, '2024-05-04 08:14:28', 0),
	(2095, 17, '2024-05-04 08:14:28', 0),
	(2096, 18, '2024-05-04 08:14:28', 0),
	(2097, 19, '2024-05-04 08:14:28', 0),
	(2098, 20, '2024-05-04 08:14:28', 0),
	(2099, 21, '2024-05-04 08:14:28', 0),
	(2100, 22, '2024-05-04 08:14:28', 0),
	(2101, 23, '2024-05-04 08:14:28', 0),
	(2102, 24, '2024-05-04 08:14:28', 0),
	(2103, 25, '2024-05-04 08:14:28', 0),
	(2104, 27, '2024-05-04 08:14:28', 0),
	(2105, 28, '2024-05-04 08:14:28', 0),
	(2106, 29, '2024-05-04 08:14:28', 0),
	(2107, 30, '2024-05-04 08:14:28', 0),
	(2108, 31, '2024-05-04 08:14:28', 0),
	(2109, 32, '2024-05-04 08:14:28', 0),
	(2110, 33, '2024-05-04 08:14:28', 0),
	(2111, 34, '2024-05-04 08:14:28', 0),
	(2112, 35, '2024-05-04 08:14:28', 0),
	(2113, 36, '2024-05-04 08:14:28', 0),
	(2114, 37, '2024-05-04 08:14:28', 0),
	(2115, 38, '2024-05-04 08:14:28', 0),
	(2116, 39, '2024-05-04 08:14:28', 0),
	(2117, 40, '2024-05-04 08:14:28', 0),
	(2118, 41, '2024-05-04 08:14:29', 0),
	(2119, 42, '2024-05-04 08:14:29', 0),
	(2120, 43, '2024-05-04 08:14:29', 0),
	(2121, 44, '2024-05-04 08:14:29', 0),
	(2122, 45, '2024-05-04 08:14:29', 0),
	(2123, 46, '2024-05-04 08:14:29', 0),
	(2124, 47, '2024-05-04 08:14:29', 0),
	(2125, 48, '2024-05-04 08:14:29', 0),
	(2126, 49, '2024-05-04 08:14:29', 0),
	(2127, 50, '2024-05-04 08:14:29', 0),
	(2128, 51, '2024-05-04 08:14:29', 0),
	(2129, 52, '2024-05-04 08:14:29', 0),
	(2130, 53, '2024-05-04 08:14:29', 0),
	(2131, 54, '2024-05-04 08:14:29', 0),
	(2132, 55, '2024-05-04 08:14:29', 0),
	(2133, 56, '2024-05-04 08:14:29', 0),
	(2134, 57, '2024-05-04 08:14:29', 0),
	(2135, 58, '2024-05-04 08:14:29', 0),
	(2136, 59, '2024-05-04 08:14:29', 0),
	(2137, 60, '2024-05-04 08:14:29', 0),
	(2138, 61, '2024-05-04 08:14:29', 0),
	(2139, 62, '2024-05-04 08:14:29', 0),
	(2140, 63, '2024-05-04 08:14:29', 0),
	(2141, 64, '2024-05-04 08:14:29', 0),
	(2142, 65, '2024-05-04 08:14:29', 0),
	(2143, 66, '2024-05-04 08:14:29', 0),
	(2144, 67, '2024-05-04 08:14:30', 0),
	(2145, 68, '2024-05-04 08:14:30', 0),
	(2146, 69, '2024-05-04 08:14:30', 0),
	(2147, 70, '2024-05-04 08:14:30', 0),
	(2148, 71, '2024-05-04 08:14:30', 0),
	(2149, 72, '2024-05-04 08:14:30', 0),
	(2150, 73, '2024-05-04 08:14:30', 0),
	(2151, 74, '2024-05-04 08:14:30', 0),
	(2152, 75, '2024-05-04 08:14:30', 0),
	(2153, 76, '2024-05-04 08:14:30', 0),
	(2154, 77, '2024-05-04 08:14:30', 0),
	(2155, 78, '2024-05-04 08:14:30', 0),
	(2156, 79, '2024-05-04 08:14:30', 0),
	(2158, 81, '2024-05-04 08:14:30', 0),
	(2159, 82, '2024-05-04 08:14:30', 0),
	(2160, 83, '2024-05-04 08:14:30', 0),
	(2161, 84, '2024-05-04 08:14:30', 0),
	(2162, 85, '2024-05-04 08:14:30', 0),
	(2163, 86, '2024-05-04 08:14:30', 0),
	(2164, 87, '2024-05-04 08:14:30', 0),
	(2165, 88, '2024-05-04 08:14:30', 0),
	(2166, 89, '2024-05-04 08:14:30', 0),
	(2167, 90, '2024-05-04 08:14:30', 0),
	(2168, 91, '2024-05-04 08:14:30', 0),
	(2169, 92, '2024-05-04 08:14:31', 0),
	(2170, 93, '2024-05-04 08:14:31', 0),
	(2171, 94, '2024-05-04 08:14:31', 0),
	(2172, 95, '2024-05-04 08:14:31', 0),
	(2173, 96, '2024-05-04 08:14:31', 0),
	(2174, 97, '2024-05-04 08:14:31', 0),
	(2175, 98, '2024-05-04 08:14:31', 0),
	(2176, 99, '2024-05-04 08:14:31', 0),
	(2177, 100, '2024-05-04 08:14:31', 0),
	(2178, 101, '2024-05-04 08:14:31', 0),
	(2179, 2, '2024-05-05 09:19:35', 0),
	(2180, 3, '2024-05-05 09:19:36', 0),
	(2181, 4, '2024-05-05 09:19:37', 0),
	(2182, 5, '2024-05-05 09:19:37', 0),
	(2183, 6, '2024-05-05 09:19:38', 0),
	(2184, 7, '2024-05-05 09:19:38', 0),
	(2185, 8, '2024-05-05 09:19:38', 0),
	(2186, 9, '2024-05-05 09:19:38', 0),
	(2187, 10, '2024-05-05 09:19:38', 0),
	(2188, 11, '2024-05-05 09:19:38', 0),
	(2189, 12, '2024-05-05 09:19:38', 0),
	(2190, 13, '2024-05-05 09:19:38', 0),
	(2191, 14, '2024-05-05 09:19:38', 0),
	(2192, 15, '2024-05-05 09:19:38', 0),
	(2193, 16, '2024-05-05 09:19:38', 0),
	(2194, 17, '2024-05-05 09:19:38', 0),
	(2195, 18, '2024-05-05 09:19:38', 0),
	(2196, 19, '2024-05-05 09:19:38', 0),
	(2197, 20, '2024-05-05 09:19:38', 0),
	(2198, 21, '2024-05-05 09:19:38', 0),
	(2199, 22, '2024-05-05 09:19:38', 0),
	(2200, 23, '2024-05-05 09:19:38', 0),
	(2201, 24, '2024-05-05 09:19:38', 0),
	(2202, 25, '2024-05-05 09:19:38', 0),
	(2203, 27, '2024-05-05 09:19:38', 0),
	(2204, 28, '2024-05-05 09:19:38', 0),
	(2205, 29, '2024-05-05 09:19:38', 0),
	(2206, 30, '2024-05-05 09:19:39', 0),
	(2207, 31, '2024-05-05 09:19:39', 0),
	(2208, 32, '2024-05-05 09:19:39', 0),
	(2209, 33, '2024-05-05 09:19:39', 0),
	(2210, 34, '2024-05-05 09:19:39', 0),
	(2211, 35, '2024-05-05 09:19:39', 0),
	(2212, 36, '2024-05-05 09:19:39', 0),
	(2213, 37, '2024-05-05 09:19:39', 0),
	(2214, 38, '2024-05-05 09:19:39', 0),
	(2215, 39, '2024-05-05 09:19:39', 0),
	(2216, 40, '2024-05-05 09:19:39', 0),
	(2217, 41, '2024-05-05 09:19:39', 0),
	(2218, 42, '2024-05-05 09:19:39', 0),
	(2219, 43, '2024-05-05 09:19:39', 0),
	(2220, 44, '2024-05-05 09:19:39', 0),
	(2221, 45, '2024-05-05 09:19:39', 0),
	(2222, 46, '2024-05-05 09:19:39', 0),
	(2223, 47, '2024-05-05 09:19:39', 0),
	(2224, 48, '2024-05-05 09:19:39', 0),
	(2225, 49, '2024-05-05 09:19:39', 0),
	(2226, 50, '2024-05-05 09:19:39', 0),
	(2227, 51, '2024-05-05 09:19:39', 0),
	(2228, 52, '2024-05-05 09:19:39', 0),
	(2229, 53, '2024-05-05 09:19:39', 0),
	(2230, 54, '2024-05-05 09:19:39', 0),
	(2231, 55, '2024-05-05 09:19:39', 0),
	(2232, 56, '2024-05-05 09:19:40', 0),
	(2233, 57, '2024-05-05 09:19:40', 0),
	(2234, 58, '2024-05-05 09:19:40', 0),
	(2235, 59, '2024-05-05 09:19:40', 0),
	(2236, 60, '2024-05-05 09:19:40', 0),
	(2237, 61, '2024-05-05 09:19:40', 0),
	(2238, 62, '2024-05-05 09:19:40', 0),
	(2239, 63, '2024-05-05 09:19:40', 0),
	(2240, 64, '2024-05-05 09:19:40', 0),
	(2241, 65, '2024-05-05 09:19:40', 0),
	(2242, 66, '2024-05-05 09:19:40', 0),
	(2243, 67, '2024-05-05 09:19:40', 0),
	(2244, 68, '2024-05-05 09:19:40', 0),
	(2245, 69, '2024-05-05 09:19:40', 0),
	(2246, 70, '2024-05-05 09:19:40', 0),
	(2247, 71, '2024-05-05 09:19:40', 0),
	(2248, 72, '2024-05-05 09:19:40', 0),
	(2249, 73, '2024-05-05 09:19:40', 0),
	(2250, 74, '2024-05-05 09:19:40', 0),
	(2251, 75, '2024-05-05 09:19:40', 0),
	(2252, 76, '2024-05-05 09:19:40', 0),
	(2253, 77, '2024-05-05 09:19:40', 0),
	(2254, 78, '2024-05-05 09:19:40', 0),
	(2255, 79, '2024-05-05 09:19:40', 0),
	(2257, 81, '2024-05-05 09:19:41', 0),
	(2258, 82, '2024-05-05 09:19:41', 0),
	(2259, 83, '2024-05-05 09:19:41', 0),
	(2260, 84, '2024-05-05 09:19:41', 0),
	(2261, 85, '2024-05-05 09:19:41', 0),
	(2262, 86, '2024-05-05 09:19:41', 0),
	(2263, 87, '2024-05-05 09:19:41', 0),
	(2264, 88, '2024-05-05 09:19:41', 0),
	(2265, 89, '2024-05-05 09:19:41', 0),
	(2266, 90, '2024-05-05 09:19:41', 0),
	(2267, 91, '2024-05-05 09:19:41', 0),
	(2268, 92, '2024-05-05 09:19:41', 0),
	(2269, 93, '2024-05-05 09:19:41', 0),
	(2270, 94, '2024-05-05 09:19:41', 0),
	(2271, 95, '2024-05-05 09:19:41', 0),
	(2272, 96, '2024-05-05 09:19:41', 0),
	(2273, 97, '2024-05-05 09:19:41', 0),
	(2274, 98, '2024-05-05 09:19:41', 0),
	(2275, 99, '2024-05-05 09:19:41', 0),
	(2276, 100, '2024-05-05 09:19:41', 0),
	(2277, 101, '2024-05-05 09:19:41', 0),
	(2278, 2, '2024-05-06 10:14:36', 0),
	(2279, 3, '2024-05-06 10:14:37', 0),
	(2280, 4, '2024-05-06 10:14:39', 0),
	(2281, 5, '2024-05-06 10:14:39', 0),
	(2282, 6, '2024-05-06 10:14:39', 0),
	(2283, 7, '2024-05-06 10:14:39', 0),
	(2284, 8, '2024-05-06 10:14:39', 0),
	(2285, 9, '2024-05-06 10:14:39', 0),
	(2286, 10, '2024-05-06 10:14:39', 0),
	(2287, 11, '2024-05-06 10:14:39', 0),
	(2288, 12, '2024-05-06 10:14:39', 0),
	(2289, 13, '2024-05-06 10:14:39', 0),
	(2290, 14, '2024-05-06 10:14:39', 0),
	(2291, 15, '2024-05-06 10:14:39', 0),
	(2292, 16, '2024-05-06 10:14:39', 0),
	(2293, 17, '2024-05-06 10:14:39', 0),
	(2294, 18, '2024-05-06 10:14:39', 0),
	(2295, 19, '2024-05-06 10:14:39', 0),
	(2296, 20, '2024-05-06 10:14:40', 0),
	(2297, 21, '2024-05-06 10:14:40', 0),
	(2298, 22, '2024-05-06 10:14:40', 0),
	(2299, 23, '2024-05-06 10:14:40', 0),
	(2300, 24, '2024-05-06 10:14:40', 0),
	(2301, 25, '2024-05-06 10:14:40', 90),
	(2302, 27, '2024-05-06 10:14:40', 0),
	(2303, 28, '2024-05-06 10:14:40', 0),
	(2304, 29, '2024-05-06 10:14:40', 0),
	(2305, 30, '2024-05-06 10:14:40', 247847),
	(2306, 31, '2024-05-06 10:14:40', 0),
	(2307, 32, '2024-05-06 10:14:40', 0),
	(2308, 33, '2024-05-06 10:14:40', 0),
	(2309, 34, '2024-05-06 10:14:40', 0),
	(2310, 35, '2024-05-06 10:14:40', 0),
	(2311, 36, '2024-05-06 10:14:40', 0),
	(2312, 37, '2024-05-06 10:14:40', 0),
	(2313, 38, '2024-05-06 10:14:40', 0),
	(2314, 39, '2024-05-06 10:14:40', 0),
	(2315, 40, '2024-05-06 10:14:40', 0),
	(2316, 41, '2024-05-06 10:14:40', 0),
	(2317, 42, '2024-05-06 10:14:40', 0),
	(2318, 43, '2024-05-06 10:14:40', 0),
	(2319, 44, '2024-05-06 10:14:40', 0),
	(2320, 45, '2024-05-06 10:14:40', 0),
	(2321, 46, '2024-05-06 10:14:41', 0),
	(2322, 47, '2024-05-06 10:14:41', 0),
	(2323, 48, '2024-05-06 10:14:41', 0),
	(2324, 49, '2024-05-06 10:14:41', 0),
	(2325, 50, '2024-05-06 10:14:41', 0),
	(2326, 51, '2024-05-06 10:14:41', 179),
	(2327, 52, '2024-05-06 10:14:41', 0),
	(2328, 53, '2024-05-06 10:14:41', 0),
	(2329, 54, '2024-05-06 10:14:41', 773),
	(2330, 55, '2024-05-06 10:14:41', 0),
	(2331, 56, '2024-05-06 10:14:41', 0),
	(2332, 57, '2024-05-06 10:14:41', 0),
	(2333, 58, '2024-05-06 10:14:41', 0),
	(2334, 59, '2024-05-06 10:14:41', 0),
	(2335, 60, '2024-05-06 10:14:41', 0),
	(2336, 61, '2024-05-06 10:14:41', 0),
	(2337, 62, '2024-05-06 10:14:41', 8014),
	(2338, 63, '2024-05-06 10:14:41', 0),
	(2339, 64, '2024-05-06 10:14:41', 0),
	(2340, 65, '2024-05-06 10:14:41', 0),
	(2341, 66, '2024-05-06 10:14:41', 0),
	(2342, 67, '2024-05-06 10:14:41', 0),
	(2343, 68, '2024-05-06 10:14:41', 2020314),
	(2344, 69, '2024-05-06 10:14:41', 0),
	(2345, 70, '2024-05-06 10:14:41', 0),
	(2346, 71, '2024-05-06 10:14:41', 0),
	(2347, 72, '2024-05-06 10:14:42', 0),
	(2348, 73, '2024-05-06 10:14:42', 0),
	(2349, 74, '2024-05-06 10:14:42', 0),
	(2350, 75, '2024-05-06 10:14:42', 0),
	(2351, 76, '2024-05-06 10:14:42', 0),
	(2352, 77, '2024-05-06 10:14:42', 0),
	(2353, 78, '2024-05-06 10:14:42', 0),
	(2354, 79, '2024-05-06 10:14:42', 0),
	(2356, 81, '2024-05-06 10:14:42', 0),
	(2357, 82, '2024-05-06 10:14:42', 0),
	(2358, 83, '2024-05-06 10:14:42', 0),
	(2359, 84, '2024-05-06 10:14:42', 0),
	(2360, 85, '2024-05-06 10:14:42', 0),
	(2361, 86, '2024-05-06 10:14:42', 0),
	(2362, 87, '2024-05-06 10:14:42', 0),
	(2363, 88, '2024-05-06 10:14:42', 0),
	(2364, 89, '2024-05-06 10:14:42', 139),
	(2365, 90, '2024-05-06 10:14:42', 0),
	(2366, 91, '2024-05-06 10:14:42', 0),
	(2367, 92, '2024-05-06 10:14:42', 0),
	(2368, 93, '2024-05-06 10:14:42', 116),
	(2369, 94, '2024-05-06 10:14:42', 0),
	(2370, 95, '2024-05-06 10:14:42', 0),
	(2371, 96, '2024-05-06 10:14:43', 0),
	(2372, 97, '2024-05-06 10:14:43', 0),
	(2373, 98, '2024-05-06 10:14:43', 0),
	(2374, 99, '2024-05-06 10:14:43', 0),
	(2375, 100, '2024-05-06 10:14:43', 0),
	(2376, 101, '2024-05-06 10:14:43', 0),
	(2377, 2, '2024-05-07 09:00:52', 0),
	(2378, 3, '2024-05-07 09:00:52', 0),
	(2379, 4, '2024-05-07 09:00:54', 0),
	(2380, 5, '2024-05-07 09:00:54', 0),
	(2381, 6, '2024-05-07 09:00:55', 0),
	(2382, 7, '2024-05-07 09:00:55', 0),
	(2383, 8, '2024-05-07 09:00:55', 0),
	(2384, 9, '2024-05-07 09:00:55', 0),
	(2385, 10, '2024-05-07 09:00:55', 0),
	(2386, 11, '2024-05-07 09:00:55', 0),
	(2387, 12, '2024-05-07 09:00:55', 0),
	(2388, 13, '2024-05-07 09:00:55', 0),
	(2389, 14, '2024-05-07 09:00:55', 0),
	(2390, 15, '2024-05-07 09:00:55', 0),
	(2391, 16, '2024-05-07 09:00:55', 0),
	(2392, 17, '2024-05-07 09:00:55', 0),
	(2393, 18, '2024-05-07 09:00:55', 0),
	(2394, 19, '2024-05-07 09:00:55', 0),
	(2395, 20, '2024-05-07 09:00:55', 0),
	(2396, 21, '2024-05-07 09:00:55', 0),
	(2397, 22, '2024-05-07 09:00:55', 0),
	(2398, 23, '2024-05-07 09:00:55', 0),
	(2399, 24, '2024-05-07 09:00:55', 0),
	(2400, 25, '2024-05-07 09:00:55', 0),
	(2401, 27, '2024-05-07 09:00:55', 0),
	(2402, 28, '2024-05-07 09:00:55', 990),
	(2403, 29, '2024-05-07 09:00:55', 0),
	(2404, 30, '2024-05-07 09:00:55', 0),
	(2405, 31, '2024-05-07 09:00:55', 0),
	(2406, 32, '2024-05-07 09:00:56', 0),
	(2407, 33, '2024-05-07 09:00:56', 0),
	(2408, 34, '2024-05-07 09:00:56', 0),
	(2409, 35, '2024-05-07 09:00:56', 0),
	(2410, 36, '2024-05-07 09:00:56', 0),
	(2411, 37, '2024-05-07 09:00:56', 0),
	(2412, 38, '2024-05-07 09:00:56', 0),
	(2413, 39, '2024-05-07 09:00:56', 0),
	(2414, 40, '2024-05-07 09:00:56', 0),
	(2415, 41, '2024-05-07 09:00:56', 0),
	(2416, 42, '2024-05-07 09:00:56', 0),
	(2417, 43, '2024-05-07 09:00:56', 0),
	(2418, 44, '2024-05-07 09:00:56', 0),
	(2419, 45, '2024-05-07 09:00:56', 0),
	(2420, 46, '2024-05-07 09:00:56', 0),
	(2421, 47, '2024-05-07 09:00:56', 0),
	(2422, 48, '2024-05-07 09:00:56', 0),
	(2423, 49, '2024-05-07 09:00:56', 0),
	(2424, 50, '2024-05-07 09:00:56', 0),
	(2425, 51, '2024-05-07 09:00:56', 0),
	(2426, 52, '2024-05-07 09:00:56', 0),
	(2427, 53, '2024-05-07 09:00:56', 0),
	(2428, 54, '2024-05-07 09:00:56', 0),
	(2429, 55, '2024-05-07 09:00:56', 0),
	(2430, 56, '2024-05-07 09:00:56', 0),
	(2431, 57, '2024-05-07 09:00:57', 0),
	(2432, 58, '2024-05-07 09:00:57', 0),
	(2433, 59, '2024-05-07 09:00:57', 0),
	(2434, 60, '2024-05-07 09:00:57', 0),
	(2435, 61, '2024-05-07 09:00:57', 0),
	(2436, 62, '2024-05-07 09:00:57', 0),
	(2437, 63, '2024-05-07 09:00:57', 0),
	(2438, 64, '2024-05-07 09:00:57', 0),
	(2439, 65, '2024-05-07 09:00:57', 0),
	(2440, 66, '2024-05-07 09:00:57', 0),
	(2441, 67, '2024-05-07 09:00:57', 0),
	(2442, 68, '2024-05-07 09:00:57', 0),
	(2443, 69, '2024-05-07 09:00:57', 0),
	(2444, 70, '2024-05-07 09:00:57', 0),
	(2445, 71, '2024-05-07 09:00:57', 0),
	(2446, 72, '2024-05-07 09:00:57', 0),
	(2447, 73, '2024-05-07 09:00:57', 0),
	(2448, 74, '2024-05-07 09:00:57', 0),
	(2449, 75, '2024-05-07 09:00:57', 0),
	(2450, 76, '2024-05-07 09:00:57', 0),
	(2451, 77, '2024-05-07 09:00:57', 0),
	(2452, 78, '2024-05-07 09:00:57', 0),
	(2453, 79, '2024-05-07 09:00:57', 0),
	(2455, 81, '2024-05-07 09:00:57', 0),
	(2456, 82, '2024-05-07 09:00:58', 0),
	(2457, 83, '2024-05-07 09:00:58', 0),
	(2458, 84, '2024-05-07 09:00:58', 0),
	(2459, 85, '2024-05-07 09:00:58', 436),
	(2460, 86, '2024-05-07 09:00:58', 0),
	(2461, 87, '2024-05-07 09:00:58', 0),
	(2462, 88, '2024-05-07 09:00:58', 0),
	(2463, 89, '2024-05-07 09:00:58', 0),
	(2464, 90, '2024-05-07 09:00:58', 0),
	(2465, 91, '2024-05-07 09:00:58', 0),
	(2466, 92, '2024-05-07 09:00:58', 0),
	(2467, 93, '2024-05-07 09:00:58', 0),
	(2468, 94, '2024-05-07 09:00:58', 0),
	(2469, 95, '2024-05-07 09:00:58', 0),
	(2470, 96, '2024-05-07 09:00:58', 0),
	(2471, 97, '2024-05-07 09:00:58', 0),
	(2472, 98, '2024-05-07 09:00:58', 0),
	(2473, 99, '2024-05-07 09:00:58', 0),
	(2474, 100, '2024-05-07 09:00:58', 0),
	(2475, 101, '2024-05-07 09:00:58', 0),
	(2476, 30, '2024-05-10 12:49:14', 3253319),
	(2477, 67, '2024-05-10 12:57:36', 854098),
	(2478, 37, '2024-05-10 13:14:20', 2201),
	(2479, 15, '2024-05-10 13:19:31', 139),
	(2480, 2, '2024-05-10 13:58:53', 0),
	(2481, 3, '2024-05-10 13:58:54', 0),
	(2482, 4, '2024-05-10 13:58:56', 0),
	(2483, 5, '2024-05-10 13:58:56', 0),
	(2484, 6, '2024-05-10 13:58:56', 0),
	(2485, 7, '2024-05-10 13:58:56', 0),
	(2486, 8, '2024-05-10 13:58:56', 0),
	(2487, 9, '2024-05-10 13:58:56', 0),
	(2488, 10, '2024-05-10 13:58:56', 0),
	(2489, 11, '2024-05-10 13:58:56', 0),
	(2490, 12, '2024-05-10 13:58:56', 0),
	(2491, 13, '2024-05-10 13:58:56', 0),
	(2492, 14, '2024-05-10 13:58:56', 0),
	(2493, 16, '2024-05-10 13:58:56', 0),
	(2494, 17, '2024-05-10 13:58:57', 0),
	(2495, 18, '2024-05-10 13:58:57', 0),
	(2496, 19, '2024-05-10 13:58:57', 0),
	(2497, 20, '2024-05-10 13:58:57', 0),
	(2498, 21, '2024-05-10 13:58:57', 0),
	(2499, 22, '2024-05-10 13:58:57', 0),
	(2500, 23, '2024-05-10 13:58:57', 0),
	(2501, 24, '2024-05-10 13:58:57', 0),
	(2502, 25, '2024-05-10 13:58:57', 0),
	(2503, 27, '2024-05-10 13:58:57', 0),
	(2504, 28, '2024-05-10 13:58:57', 0),
	(2505, 29, '2024-05-10 13:58:57', 0),
	(2506, 31, '2024-05-10 13:58:57', 0),
	(2507, 32, '2024-05-10 13:58:57', 0),
	(2508, 33, '2024-05-10 13:58:57', 0),
	(2509, 34, '2024-05-10 13:58:57', 0),
	(2510, 35, '2024-05-10 13:58:57', 0),
	(2511, 36, '2024-05-10 13:58:57', 0),
	(2512, 38, '2024-05-10 13:58:57', 0),
	(2513, 39, '2024-05-10 13:58:57', 0),
	(2514, 40, '2024-05-10 13:58:57', 0),
	(2515, 41, '2024-05-10 13:58:57', 0),
	(2516, 42, '2024-05-10 13:58:57', 0),
	(2517, 43, '2024-05-10 13:58:57', 0),
	(2518, 44, '2024-05-10 13:58:57', 0),
	(2519, 45, '2024-05-10 13:58:58', 0),
	(2520, 46, '2024-05-10 13:58:58', 0),
	(2521, 47, '2024-05-10 13:58:58', 0),
	(2522, 48, '2024-05-10 13:58:58', 0),
	(2523, 49, '2024-05-10 13:58:58', 0),
	(2524, 50, '2024-05-10 13:58:58', 0),
	(2525, 51, '2024-05-10 13:58:58', 0),
	(2526, 52, '2024-05-10 13:58:58', 0),
	(2527, 53, '2024-05-10 13:58:58', 0),
	(2528, 54, '2024-05-10 13:58:58', 0),
	(2529, 55, '2024-05-10 13:58:58', 0),
	(2530, 56, '2024-05-10 13:58:58', 0),
	(2531, 57, '2024-05-10 13:58:58', 0),
	(2532, 58, '2024-05-10 13:58:58', 0),
	(2533, 59, '2024-05-10 13:58:58', 0),
	(2534, 60, '2024-05-10 13:58:58', 0),
	(2535, 61, '2024-05-10 13:58:58', 0),
	(2536, 62, '2024-05-10 13:58:58', 0),
	(2537, 63, '2024-05-10 13:58:58', 0),
	(2538, 64, '2024-05-10 13:58:58', 0),
	(2539, 65, '2024-05-10 13:58:58', 0),
	(2540, 66, '2024-05-10 13:58:58', 0),
	(2541, 68, '2024-05-10 13:58:58', 0),
	(2542, 69, '2024-05-10 13:58:58', 0),
	(2543, 70, '2024-05-10 13:58:58', 0),
	(2544, 71, '2024-05-10 13:58:58', 0),
	(2545, 72, '2024-05-10 13:58:59', 0),
	(2546, 73, '2024-05-10 13:58:59', 0),
	(2547, 74, '2024-05-10 13:58:59', 0),
	(2548, 75, '2024-05-10 13:58:59', 0),
	(2549, 76, '2024-05-10 13:58:59', 0),
	(2550, 77, '2024-05-10 13:58:59', 0),
	(2551, 78, '2024-05-10 13:58:59', 0),
	(2552, 79, '2024-05-10 13:58:59', 0),
	(2554, 81, '2024-05-10 13:58:59', 0),
	(2555, 82, '2024-05-10 13:58:59', 0),
	(2556, 83, '2024-05-10 13:58:59', 0),
	(2557, 84, '2024-05-10 13:58:59', 0),
	(2558, 85, '2024-05-10 13:58:59', 0),
	(2559, 86, '2024-05-10 13:58:59', 0),
	(2560, 87, '2024-05-10 13:58:59', 0),
	(2561, 88, '2024-05-10 13:58:59', 0),
	(2562, 89, '2024-05-10 13:58:59', 0),
	(2563, 90, '2024-05-10 13:58:59', 0),
	(2564, 91, '2024-05-10 13:58:59', 0),
	(2565, 92, '2024-05-10 13:58:59', 0),
	(2566, 93, '2024-05-10 13:58:59', 0),
	(2567, 94, '2024-05-10 13:58:59', 0),
	(2568, 95, '2024-05-10 13:58:59', 0),
	(2569, 96, '2024-05-10 13:58:59', 0),
	(2570, 97, '2024-05-10 13:59:00', 0),
	(2571, 98, '2024-05-10 13:59:00', 0),
	(2572, 99, '2024-05-10 13:59:00', 0),
	(2573, 100, '2024-05-10 13:59:00', 0),
	(2574, 101, '2024-05-10 13:59:00', 0),
	(2575, 4, '2024-05-11 06:39:55', 149),
	(2576, 18, '2024-05-11 07:35:00', 1724),
	(2577, 9, '2024-05-11 07:35:30', 516),
	(2578, 2, '2024-05-11 09:46:19', 0),
	(2579, 3, '2024-05-11 09:46:20', 0),
	(2580, 5, '2024-05-11 09:46:20', 0),
	(2581, 6, '2024-05-11 09:46:20', 0),
	(2582, 7, '2024-05-11 09:46:20', 0),
	(2583, 8, '2024-05-11 09:46:20', 0),
	(2584, 10, '2024-05-11 09:46:20', 0),
	(2585, 11, '2024-05-11 09:46:20', 0),
	(2586, 12, '2024-05-11 09:46:20', 0),
	(2587, 13, '2024-05-11 09:46:21', 0),
	(2588, 14, '2024-05-11 09:46:21', 0),
	(2589, 15, '2024-05-11 09:46:21', 0),
	(2590, 16, '2024-05-11 09:46:21', 0),
	(2591, 17, '2024-05-11 09:46:21', 0),
	(2592, 19, '2024-05-11 09:46:21', 0),
	(2593, 20, '2024-05-11 09:46:21', 0),
	(2594, 21, '2024-05-11 09:46:21', 0),
	(2595, 22, '2024-05-11 09:46:21', 0),
	(2596, 23, '2024-05-11 09:46:21', 0),
	(2597, 24, '2024-05-11 09:46:21', 0),
	(2598, 25, '2024-05-11 09:46:21', 125),
	(2599, 27, '2024-05-11 09:46:21', 0),
	(2600, 28, '2024-05-11 09:46:21', 0),
	(2601, 29, '2024-05-11 09:46:21', 0),
	(2602, 30, '2024-05-11 09:46:21', 1673546),
	(2603, 31, '2024-05-11 09:46:21', 0),
	(2604, 32, '2024-05-11 09:46:21', 0),
	(2605, 33, '2024-05-11 09:46:21', 0),
	(2606, 34, '2024-05-11 09:46:21', 0),
	(2607, 35, '2024-05-11 09:46:21', 0),
	(2608, 36, '2024-05-11 09:46:21', 0),
	(2609, 37, '2024-05-11 09:46:21', 0),
	(2610, 38, '2024-05-11 09:46:21', 0),
	(2611, 39, '2024-05-11 09:46:21', 0),
	(2612, 40, '2024-05-11 09:46:21', 0),
	(2613, 41, '2024-05-11 09:46:22', 0),
	(2614, 42, '2024-05-11 09:46:22', 0),
	(2615, 43, '2024-05-11 09:46:22', 0),
	(2616, 44, '2024-05-11 09:46:22', 0),
	(2617, 45, '2024-05-11 09:46:22', 0),
	(2618, 46, '2024-05-11 09:46:22', 0),
	(2619, 47, '2024-05-11 09:46:22', 0),
	(2620, 48, '2024-05-11 09:46:22', 0),
	(2621, 49, '2024-05-11 09:46:22', 0),
	(2622, 50, '2024-05-11 09:46:22', 0),
	(2623, 51, '2024-05-11 09:46:22', 0),
	(2624, 52, '2024-05-11 09:46:22', 0),
	(2625, 53, '2024-05-11 09:46:22', 337),
	(2626, 54, '2024-05-11 09:46:22', 0),
	(2627, 55, '2024-05-11 09:46:22', 0),
	(2628, 56, '2024-05-11 09:46:22', 0),
	(2629, 57, '2024-05-11 09:46:22', 0),
	(2630, 58, '2024-05-11 09:46:22', 0),
	(2631, 59, '2024-05-11 09:46:22', 0),
	(2632, 60, '2024-05-11 09:46:22', 0),
	(2633, 61, '2024-05-11 09:46:22', 0),
	(2634, 62, '2024-05-11 09:46:22', 0),
	(2635, 63, '2024-05-11 09:46:22', 0),
	(2636, 64, '2024-05-11 09:46:22', 0),
	(2637, 65, '2024-05-11 09:46:22', 0),
	(2638, 66, '2024-05-11 09:46:22', 0),
	(2639, 67, '2024-05-11 09:46:23', 69424),
	(2640, 68, '2024-05-11 09:46:23', 0),
	(2641, 69, '2024-05-11 09:46:23', 0),
	(2642, 70, '2024-05-11 09:46:23', 0),
	(2643, 71, '2024-05-11 09:46:23', 0),
	(2644, 72, '2024-05-11 09:46:23', 0),
	(2645, 73, '2024-05-11 09:46:23', 0),
	(2646, 74, '2024-05-11 09:46:23', 0),
	(2647, 75, '2024-05-11 09:46:23', 0),
	(2648, 76, '2024-05-11 09:46:23', 0),
	(2649, 77, '2024-05-11 09:46:23', 0),
	(2650, 78, '2024-05-11 09:46:23', 0),
	(2651, 79, '2024-05-11 09:46:23', 0),
	(2653, 81, '2024-05-11 09:46:23', 0),
	(2654, 82, '2024-05-11 09:46:23', 0),
	(2655, 83, '2024-05-11 09:46:23', 0),
	(2656, 84, '2024-05-11 09:46:23', 0),
	(2657, 85, '2024-05-11 09:46:23', 0),
	(2658, 86, '2024-05-11 09:46:23', 0),
	(2659, 87, '2024-05-11 09:46:23', 1188),
	(2660, 88, '2024-05-11 09:46:23', 0),
	(2661, 89, '2024-05-11 09:46:23', 0),
	(2662, 90, '2024-05-11 09:46:23', 0),
	(2663, 91, '2024-05-11 09:46:23', 0),
	(2664, 92, '2024-05-11 09:46:24', 0),
	(2665, 93, '2024-05-11 09:46:24', 0),
	(2666, 94, '2024-05-11 09:46:24', 0),
	(2667, 95, '2024-05-11 09:46:24', 0),
	(2668, 96, '2024-05-11 09:46:24', 0),
	(2669, 97, '2024-05-11 09:46:24', 0),
	(2670, 98, '2024-05-11 09:46:24', 0),
	(2671, 99, '2024-05-11 09:46:24', 0),
	(2672, 100, '2024-05-11 09:46:24', 0),
	(2673, 101, '2024-05-11 09:46:24', 0),
	(2674, 2, '2024-05-11 22:11:50', 0),
	(2675, 3, '2024-05-11 22:11:50', 0),
	(2676, 4, '2024-05-11 22:11:51', 0),
	(2677, 5, '2024-05-11 22:11:51', 0),
	(2678, 6, '2024-05-11 22:11:51', 0),
	(2679, 7, '2024-05-11 22:11:51', 0),
	(2680, 8, '2024-05-11 22:11:51', 0),
	(2681, 9, '2024-05-11 22:11:51', 0),
	(2682, 10, '2024-05-11 22:11:51', 0),
	(2683, 11, '2024-05-11 22:11:51', 0),
	(2684, 12, '2024-05-11 22:11:51', 0),
	(2685, 13, '2024-05-11 22:11:51', 0),
	(2686, 14, '2024-05-11 22:11:51', 0),
	(2687, 15, '2024-05-11 22:11:51', 0),
	(2688, 16, '2024-05-11 22:11:51', 0),
	(2689, 17, '2024-05-11 22:11:51', 0),
	(2690, 18, '2024-05-11 22:11:51', 0),
	(2691, 19, '2024-05-11 22:11:51', 0),
	(2692, 20, '2024-05-11 22:11:51', 0),
	(2693, 21, '2024-05-11 22:11:51', 0),
	(2694, 22, '2024-05-11 22:11:51', 0),
	(2695, 23, '2024-05-11 22:11:51', 0),
	(2696, 24, '2024-05-11 22:11:52', 0),
	(2697, 25, '2024-05-11 22:11:52', 0),
	(2698, 27, '2024-05-11 22:11:52', 0),
	(2699, 28, '2024-05-11 22:11:52', 0),
	(2700, 29, '2024-05-11 22:11:52', 0),
	(2701, 30, '2024-05-11 22:11:52', 2728119),
	(2702, 31, '2024-05-11 22:11:52', 0),
	(2703, 32, '2024-05-11 22:11:52', 0),
	(2704, 33, '2024-05-11 22:11:52', 0),
	(2705, 34, '2024-05-11 22:11:52', 0),
	(2706, 35, '2024-05-11 22:11:52', 0),
	(2707, 36, '2024-05-11 22:11:52', 0),
	(2708, 37, '2024-05-11 22:11:52', 0),
	(2709, 38, '2024-05-11 22:11:52', 0),
	(2710, 39, '2024-05-11 22:11:52', 0),
	(2711, 40, '2024-05-11 22:11:52', 0),
	(2712, 41, '2024-05-11 22:11:52', 0),
	(2713, 42, '2024-05-11 22:11:52', 0),
	(2714, 43, '2024-05-11 22:11:52', 0),
	(2715, 44, '2024-05-11 22:11:52', 0),
	(2716, 45, '2024-05-11 22:11:52', 0),
	(2717, 46, '2024-05-11 22:11:52', 0),
	(2718, 47, '2024-05-11 22:11:52', 0),
	(2719, 48, '2024-05-11 22:11:52', 0),
	(2720, 49, '2024-05-11 22:11:52', 0),
	(2721, 50, '2024-05-11 22:11:52', 0),
	(2722, 51, '2024-05-11 22:11:52', 0),
	(2723, 52, '2024-05-11 22:11:53', 0),
	(2724, 53, '2024-05-11 22:11:53', 0),
	(2725, 54, '2024-05-11 22:11:53', 0),
	(2726, 55, '2024-05-11 22:11:53', 0),
	(2727, 56, '2024-05-11 22:11:53', 0),
	(2728, 57, '2024-05-11 22:11:53', 0),
	(2729, 58, '2024-05-11 22:11:53', 0),
	(2730, 59, '2024-05-11 22:11:53', 0),
	(2731, 60, '2024-05-11 22:11:53', 0),
	(2732, 61, '2024-05-11 22:11:53', 0),
	(2733, 62, '2024-05-11 22:11:53', 0),
	(2734, 63, '2024-05-11 22:11:53', 0),
	(2735, 64, '2024-05-11 22:11:53', 0),
	(2736, 65, '2024-05-11 22:11:53', 0),
	(2737, 66, '2024-05-11 22:11:53', 0),
	(2738, 67, '2024-05-11 22:11:53', 0),
	(2739, 68, '2024-05-11 22:11:53', 321117),
	(2740, 69, '2024-05-11 22:11:53', 0),
	(2741, 70, '2024-05-11 22:11:53', 0),
	(2742, 71, '2024-05-11 22:11:53', 0),
	(2743, 72, '2024-05-11 22:11:53', 0),
	(2744, 73, '2024-05-11 22:11:53', 0),
	(2745, 74, '2024-05-11 22:11:53', 0),
	(2746, 75, '2024-05-11 22:11:53', 0),
	(2747, 76, '2024-05-11 22:11:53', 0),
	(2748, 77, '2024-05-11 22:11:54', 0),
	(2749, 78, '2024-05-11 22:11:54', 0),
	(2750, 79, '2024-05-11 22:11:54', 0),
	(2752, 81, '2024-05-11 22:11:54', 0),
	(2753, 82, '2024-05-11 22:11:54', 0),
	(2754, 83, '2024-05-11 22:11:54', 0),
	(2755, 84, '2024-05-11 22:11:54', 0),
	(2756, 85, '2024-05-11 22:11:54', 0),
	(2757, 86, '2024-05-11 22:11:54', 0),
	(2758, 87, '2024-05-11 22:11:54', 0),
	(2759, 88, '2024-05-11 22:11:54', 0),
	(2760, 89, '2024-05-11 22:11:54', 0),
	(2761, 90, '2024-05-11 22:11:54', 0),
	(2762, 91, '2024-05-11 22:11:54', 0),
	(2763, 92, '2024-05-11 22:11:54', 0),
	(2764, 93, '2024-05-11 22:11:54', 0),
	(2765, 94, '2024-05-11 22:11:54', 0),
	(2766, 95, '2024-05-11 22:11:54', 614),
	(2767, 96, '2024-05-11 22:11:54', 0),
	(2768, 97, '2024-05-11 22:11:54', 0),
	(2769, 98, '2024-05-11 22:11:54', 0),
	(2770, 99, '2024-05-11 22:11:54', 0),
	(2771, 100, '2024-05-11 22:11:54', 0),
	(2772, 101, '2024-05-11 22:11:54', 0),
	(2773, 2, '2024-05-13 21:04:44', 0),
	(2774, 3, '2024-05-13 21:04:45', 0),
	(2775, 4, '2024-05-13 21:04:45', 0),
	(2776, 5, '2024-05-13 21:04:45', 0),
	(2777, 6, '2024-05-13 21:04:45', 0),
	(2778, 7, '2024-05-13 21:04:45', 0),
	(2779, 8, '2024-05-13 21:04:45', 0),
	(2780, 9, '2024-05-13 21:04:45', 0),
	(2781, 10, '2024-05-13 21:04:45', 0),
	(2782, 11, '2024-05-13 21:04:45', 0),
	(2783, 12, '2024-05-13 21:04:45', 0),
	(2784, 13, '2024-05-13 21:04:45', 0),
	(2785, 14, '2024-05-13 21:04:45', 0),
	(2786, 15, '2024-05-13 21:04:45', 0),
	(2787, 16, '2024-05-13 21:04:46', 0),
	(2788, 17, '2024-05-13 21:04:46', 0),
	(2789, 18, '2024-05-13 21:04:46', 0),
	(2790, 19, '2024-05-13 21:04:46', 0),
	(2791, 20, '2024-05-13 21:04:46', 0),
	(2792, 21, '2024-05-13 21:04:46', 0),
	(2793, 22, '2024-05-13 21:04:46', 0),
	(2794, 23, '2024-05-13 21:04:46', 0),
	(2795, 24, '2024-05-13 21:04:46', 0),
	(2796, 25, '2024-05-13 21:04:46', 0),
	(2797, 27, '2024-05-13 21:04:46', 0),
	(2798, 28, '2024-05-13 21:04:46', 0),
	(2799, 29, '2024-05-13 21:04:46', 0),
	(2800, 30, '2024-05-13 21:04:46', 124),
	(2801, 31, '2024-05-13 21:04:46', 0),
	(2802, 32, '2024-05-13 21:04:46', 0),
	(2803, 33, '2024-05-13 21:04:46', 0),
	(2804, 34, '2024-05-13 21:04:46', 0),
	(2805, 35, '2024-05-13 21:04:46', 0),
	(2806, 36, '2024-05-13 21:04:46', 0),
	(2807, 37, '2024-05-13 21:04:46', 0),
	(2808, 38, '2024-05-13 21:04:46', 0),
	(2809, 39, '2024-05-13 21:04:46', 0),
	(2810, 40, '2024-05-13 21:04:46', 0),
	(2811, 41, '2024-05-13 21:04:46', 0),
	(2812, 42, '2024-05-13 21:04:46', 0),
	(2813, 43, '2024-05-13 21:04:47', 0),
	(2814, 44, '2024-05-13 21:04:47', 0),
	(2815, 45, '2024-05-13 21:04:47', 0),
	(2816, 46, '2024-05-13 21:04:47', 0),
	(2817, 47, '2024-05-13 21:04:47', 0),
	(2818, 48, '2024-05-13 21:04:47', 0),
	(2819, 49, '2024-05-13 21:04:47', 0),
	(2820, 50, '2024-05-13 21:04:47', 0),
	(2821, 51, '2024-05-13 21:04:47', 0),
	(2822, 52, '2024-05-13 21:04:47', 0),
	(2823, 53, '2024-05-13 21:04:47', 0),
	(2824, 54, '2024-05-13 21:04:47', 0),
	(2825, 55, '2024-05-13 21:04:47', 0),
	(2826, 56, '2024-05-13 21:04:47', 0),
	(2827, 57, '2024-05-13 21:04:47', 0),
	(2828, 58, '2024-05-13 21:04:47', 0),
	(2829, 59, '2024-05-13 21:04:47', 0),
	(2830, 60, '2024-05-13 21:04:47', 0),
	(2831, 61, '2024-05-13 21:04:47', 0),
	(2832, 62, '2024-05-13 21:04:47', 0),
	(2833, 63, '2024-05-13 21:04:47', 0),
	(2834, 64, '2024-05-13 21:04:47', 0),
	(2835, 65, '2024-05-13 21:04:47', 0),
	(2836, 66, '2024-05-13 21:04:47', 0),
	(2837, 67, '2024-05-13 21:04:47', 0),
	(2838, 68, '2024-05-13 21:04:47', 0),
	(2839, 69, '2024-05-13 21:04:47', 0),
	(2840, 70, '2024-05-13 21:04:48', 0),
	(2841, 71, '2024-05-13 21:04:48', 0),
	(2842, 72, '2024-05-13 21:04:48', 0),
	(2843, 73, '2024-05-13 21:04:48', 0),
	(2844, 74, '2024-05-13 21:04:48', 0),
	(2845, 75, '2024-05-13 21:04:48', 0),
	(2846, 76, '2024-05-13 21:04:48', 0),
	(2847, 77, '2024-05-13 21:04:48', 0),
	(2848, 78, '2024-05-13 21:04:48', 0),
	(2849, 79, '2024-05-13 21:04:48', 0),
	(2851, 81, '2024-05-13 21:04:48', 0),
	(2852, 82, '2024-05-13 21:04:48', 0),
	(2853, 83, '2024-05-13 21:04:48', 0),
	(2854, 84, '2024-05-13 21:04:48', 0),
	(2855, 85, '2024-05-13 21:04:48', 0),
	(2856, 86, '2024-05-13 21:04:48', 0),
	(2857, 87, '2024-05-13 21:04:48', 0),
	(2858, 88, '2024-05-13 21:04:48', 0),
	(2859, 89, '2024-05-13 21:04:48', 0),
	(2860, 90, '2024-05-13 21:04:48', 0),
	(2861, 91, '2024-05-13 21:04:48', 0),
	(2862, 92, '2024-05-13 21:04:48', 0),
	(2863, 93, '2024-05-13 21:04:48', 0),
	(2864, 94, '2024-05-13 21:04:48', 0),
	(2865, 95, '2024-05-13 21:04:48', 0),
	(2866, 96, '2024-05-13 21:04:49', 0),
	(2867, 97, '2024-05-13 21:04:49', 0),
	(2868, 98, '2024-05-13 21:04:49', 0),
	(2869, 99, '2024-05-13 21:04:49', 0),
	(2870, 100, '2024-05-13 21:04:49', 0),
	(2871, 101, '2024-05-13 21:04:49', 0),
	(2872, 30, '2024-05-15 15:47:07', 174614),
	(2873, 2, '2024-05-19 14:38:16', 0),
	(2874, 3, '2024-05-19 14:38:16', 0),
	(2875, 4, '2024-05-19 14:38:17', 0),
	(2876, 5, '2024-05-19 14:38:17', 0),
	(2877, 6, '2024-05-19 14:38:17', 0),
	(2878, 7, '2024-05-19 14:38:17', 0),
	(2879, 8, '2024-05-19 14:38:17', 0),
	(2880, 9, '2024-05-19 14:38:17', 0),
	(2881, 10, '2024-05-19 14:38:17', 0),
	(2882, 11, '2024-05-19 14:38:17', 0),
	(2883, 12, '2024-05-19 14:38:17', 0),
	(2884, 13, '2024-05-19 14:38:17', 0),
	(2885, 14, '2024-05-19 14:38:17', 0),
	(2886, 15, '2024-05-19 14:38:17', 0),
	(2887, 16, '2024-05-19 14:38:17', 0),
	(2888, 17, '2024-05-19 14:38:17', 0),
	(2889, 18, '2024-05-19 14:38:17', 0),
	(2890, 19, '2024-05-19 14:38:18', 0),
	(2891, 20, '2024-05-19 14:38:18', 0),
	(2892, 21, '2024-05-19 14:38:18', 0),
	(2893, 22, '2024-05-19 14:38:18', 0),
	(2894, 23, '2024-05-19 14:38:18', 0),
	(2895, 24, '2024-05-19 14:38:18', 0),
	(2896, 25, '2024-05-19 14:38:18', 0),
	(2897, 27, '2024-05-19 14:38:18', 0),
	(2898, 28, '2024-05-19 14:38:18', 0),
	(2899, 29, '2024-05-19 14:38:18', 0),
	(2900, 30, '2024-05-19 14:38:18', 0),
	(2901, 31, '2024-05-19 14:38:18', 0),
	(2902, 32, '2024-05-19 14:38:18', 0),
	(2903, 33, '2024-05-19 14:38:18', 0),
	(2904, 34, '2024-05-19 14:38:18', 0),
	(2905, 35, '2024-05-19 14:38:18', 0),
	(2906, 36, '2024-05-19 14:38:18', 0),
	(2907, 37, '2024-05-19 14:38:18', 0),
	(2908, 38, '2024-05-19 14:38:18', 0),
	(2909, 39, '2024-05-19 14:38:18', 0),
	(2910, 40, '2024-05-19 14:38:18', 0),
	(2911, 41, '2024-05-19 14:38:18', 0),
	(2912, 42, '2024-05-19 14:38:18', 0),
	(2913, 43, '2024-05-19 14:38:18', 0),
	(2914, 44, '2024-05-19 14:38:18', 0),
	(2915, 45, '2024-05-19 14:38:18', 0),
	(2916, 46, '2024-05-19 14:38:19', 0),
	(2917, 47, '2024-05-19 14:38:19', 0),
	(2918, 48, '2024-05-19 14:38:19', 0),
	(2919, 49, '2024-05-19 14:38:19', 0),
	(2920, 50, '2024-05-19 14:38:19', 0),
	(2921, 51, '2024-05-19 14:38:19', 0),
	(2922, 52, '2024-05-19 14:38:19', 0),
	(2923, 53, '2024-05-19 14:38:19', 0),
	(2924, 54, '2024-05-19 14:38:19', 0),
	(2925, 55, '2024-05-19 14:38:19', 0),
	(2926, 56, '2024-05-19 14:38:19', 0),
	(2927, 57, '2024-05-19 14:38:19', 0),
	(2928, 58, '2024-05-19 14:38:19', 0),
	(2929, 59, '2024-05-19 14:38:19', 0),
	(2930, 60, '2024-05-19 14:38:19', 0),
	(2931, 61, '2024-05-19 14:38:19', 0),
	(2932, 62, '2024-05-19 14:38:19', 0),
	(2933, 63, '2024-05-19 14:38:19', 0),
	(2934, 64, '2024-05-19 14:38:19', 0),
	(2935, 65, '2024-05-19 14:38:19', 0),
	(2936, 66, '2024-05-19 14:38:19', 0),
	(2937, 67, '2024-05-19 14:38:19', 0),
	(2938, 68, '2024-05-19 14:38:19', 0),
	(2939, 69, '2024-05-19 14:38:19', 0),
	(2940, 70, '2024-05-19 14:38:19', 0),
	(2941, 71, '2024-05-19 14:38:19', 0),
	(2942, 72, '2024-05-19 14:38:20', 0),
	(2943, 73, '2024-05-19 14:38:20', 0),
	(2944, 74, '2024-05-19 14:38:20', 0),
	(2945, 75, '2024-05-19 14:38:20', 0),
	(2946, 76, '2024-05-19 14:38:20', 0),
	(2947, 77, '2024-05-19 14:38:20', 0),
	(2948, 78, '2024-05-19 14:38:20', 0),
	(2949, 79, '2024-05-19 14:38:20', 0),
	(2951, 81, '2024-05-19 14:38:20', 0),
	(2952, 82, '2024-05-19 14:38:20', 0),
	(2953, 83, '2024-05-19 14:38:20', 0),
	(2954, 84, '2024-05-19 14:38:20', 0),
	(2955, 85, '2024-05-19 14:38:20', 0),
	(2956, 86, '2024-05-19 14:38:20', 0),
	(2957, 87, '2024-05-19 14:38:20', 0),
	(2958, 88, '2024-05-19 14:38:20', 0),
	(2959, 89, '2024-05-19 14:38:20', 0),
	(2960, 90, '2024-05-19 14:38:20', 0),
	(2961, 91, '2024-05-19 14:38:20', 0),
	(2962, 92, '2024-05-19 14:38:20', 0),
	(2963, 93, '2024-05-19 14:38:20', 0),
	(2964, 94, '2024-05-19 14:38:20', 0),
	(2965, 95, '2024-05-19 14:38:20', 0),
	(2966, 96, '2024-05-19 14:38:20', 0),
	(2967, 97, '2024-05-19 14:38:20', 0),
	(2968, 98, '2024-05-19 14:38:21', 0),
	(2969, 99, '2024-05-19 14:38:21', 0),
	(2970, 100, '2024-05-19 14:38:21', 0),
	(2971, 101, '2024-05-19 14:38:21', 0),
	(2972, 2, '2024-05-20 09:57:15', 0),
	(2973, 3, '2024-05-20 09:57:16', 0),
	(2974, 4, '2024-05-20 09:57:16', 0),
	(2975, 5, '2024-05-20 09:57:16', 0),
	(2976, 6, '2024-05-20 09:57:17', 0),
	(2977, 7, '2024-05-20 09:57:17', 0),
	(2978, 8, '2024-05-20 09:57:17', 0),
	(2979, 9, '2024-05-20 09:57:17', 0),
	(2980, 10, '2024-05-20 09:57:17', 0),
	(2981, 11, '2024-05-20 09:57:17', 0),
	(2982, 12, '2024-05-20 09:57:17', 0),
	(2983, 13, '2024-05-20 09:57:17', 0),
	(2984, 14, '2024-05-20 09:57:17', 0),
	(2985, 15, '2024-05-20 09:57:17', 0),
	(2986, 16, '2024-05-20 09:57:17', 0),
	(2987, 17, '2024-05-20 09:57:17', 0),
	(2988, 18, '2024-05-20 09:57:17', 0),
	(2989, 19, '2024-05-20 09:57:17', 0),
	(2990, 20, '2024-05-20 09:57:17', 0),
	(2991, 21, '2024-05-20 09:57:17', 0),
	(2992, 22, '2024-05-20 09:57:17', 0),
	(2993, 23, '2024-05-20 09:57:18', 0),
	(2994, 24, '2024-05-20 09:57:18', 0),
	(2995, 25, '2024-05-20 09:57:18', 0),
	(2996, 27, '2024-05-20 09:57:18', 0),
	(2997, 28, '2024-05-20 09:57:18', 0),
	(2998, 29, '2024-05-20 09:57:18', 0),
	(2999, 30, '2024-05-20 09:57:18', 1493146),
	(3000, 31, '2024-05-20 09:57:18', 0),
	(3001, 32, '2024-05-20 09:57:18', 0),
	(3002, 33, '2024-05-20 09:57:18', 0),
	(3003, 34, '2024-05-20 09:57:18', 0),
	(3004, 35, '2024-05-20 09:57:18', 0),
	(3005, 36, '2024-05-20 09:57:18', 0),
	(3006, 37, '2024-05-20 09:57:18', 0),
	(3007, 38, '2024-05-20 09:57:18', 0),
	(3008, 39, '2024-05-20 09:57:18', 0),
	(3009, 40, '2024-05-20 09:57:18', 0),
	(3010, 41, '2024-05-20 09:57:18', 0),
	(3011, 42, '2024-05-20 09:57:18', 0),
	(3012, 43, '2024-05-20 09:57:18', 0),
	(3013, 44, '2024-05-20 09:57:18', 0),
	(3014, 45, '2024-05-20 09:57:18', 0),
	(3015, 46, '2024-05-20 09:57:19', 0),
	(3016, 47, '2024-05-20 09:57:19', 0),
	(3017, 48, '2024-05-20 09:57:19', 0),
	(3018, 49, '2024-05-20 09:57:19', 0),
	(3019, 50, '2024-05-20 09:57:19', 0),
	(3020, 51, '2024-05-20 09:57:19', 0),
	(3021, 52, '2024-05-20 09:57:19', 0),
	(3022, 53, '2024-05-20 09:57:19', 0),
	(3023, 54, '2024-05-20 09:57:19', 0),
	(3024, 55, '2024-05-20 09:57:19', 0),
	(3025, 56, '2024-05-20 09:57:19', 0),
	(3026, 57, '2024-05-20 09:57:19', 0),
	(3027, 58, '2024-05-20 09:57:19', 0),
	(3028, 59, '2024-05-20 09:57:19', 0),
	(3029, 60, '2024-05-20 09:57:19', 0),
	(3030, 61, '2024-05-20 09:57:19', 0),
	(3031, 62, '2024-05-20 09:57:19', 0),
	(3032, 63, '2024-05-20 09:57:19', 0),
	(3033, 64, '2024-05-20 09:57:19', 4206),
	(3034, 65, '2024-05-20 09:57:19', 0),
	(3035, 66, '2024-05-20 09:57:20', 0),
	(3036, 67, '2024-05-20 09:57:20', 0),
	(3037, 68, '2024-05-20 09:57:20', 0),
	(3038, 69, '2024-05-20 09:57:20', 0),
	(3039, 70, '2024-05-20 09:57:20', 0),
	(3040, 71, '2024-05-20 09:57:20', 0),
	(3041, 72, '2024-05-20 09:57:20', 0),
	(3042, 73, '2024-05-20 09:57:20', 0),
	(3043, 74, '2024-05-20 09:57:20', 0),
	(3044, 75, '2024-05-20 09:57:20', 0),
	(3045, 76, '2024-05-20 09:57:20', 0),
	(3046, 77, '2024-05-20 09:57:20', 0),
	(3047, 78, '2024-05-20 09:57:20', 0),
	(3048, 79, '2024-05-20 09:57:20', 0),
	(3050, 81, '2024-05-20 09:57:20', 0),
	(3051, 82, '2024-05-20 09:57:20', 0),
	(3052, 83, '2024-05-20 09:57:20', 0),
	(3053, 84, '2024-05-20 09:57:20', 0),
	(3054, 85, '2024-05-20 09:57:20', 0),
	(3055, 86, '2024-05-20 09:57:20', 0),
	(3056, 87, '2024-05-20 09:57:20', 0),
	(3057, 88, '2024-05-20 09:57:20', 0),
	(3058, 89, '2024-05-20 09:57:20', 0),
	(3059, 90, '2024-05-20 09:57:20', 0),
	(3060, 91, '2024-05-20 09:57:20', 0),
	(3061, 92, '2024-05-20 09:57:21', 0),
	(3062, 93, '2024-05-20 09:57:21', 0),
	(3063, 94, '2024-05-20 09:57:21', 0),
	(3064, 95, '2024-05-20 09:57:21', 0),
	(3065, 96, '2024-05-20 09:57:21', 0),
	(3066, 97, '2024-05-20 09:57:21', 0),
	(3067, 98, '2024-05-20 09:57:21', 0),
	(3068, 99, '2024-05-20 09:57:21', 0),
	(3069, 100, '2024-05-20 09:57:21', 0),
	(3070, 101, '2024-05-20 09:57:21', 0),
	(3071, 2, '2024-05-22 10:23:40', 0),
	(3072, 3, '2024-05-22 10:23:41', 0),
	(3073, 4, '2024-05-22 10:23:41', 0),
	(3074, 5, '2024-05-22 10:23:41', 0),
	(3075, 6, '2024-05-22 10:23:41', 0),
	(3076, 7, '2024-05-22 10:23:41', 0),
	(3077, 8, '2024-05-22 10:23:41', 0),
	(3078, 9, '2024-05-22 10:23:41', 0),
	(3079, 10, '2024-05-22 10:23:41', 0),
	(3080, 11, '2024-05-22 10:23:42', 0),
	(3081, 12, '2024-05-22 10:23:42', 0),
	(3082, 13, '2024-05-22 10:23:42', 164),
	(3083, 14, '2024-05-22 10:23:42', 0),
	(3084, 15, '2024-05-22 10:23:42', 0),
	(3085, 16, '2024-05-22 10:23:42', 0),
	(3086, 17, '2024-05-22 10:23:42', 0),
	(3087, 18, '2024-05-22 10:23:42', 0),
	(3088, 19, '2024-05-22 10:23:42', 0),
	(3089, 20, '2024-05-22 10:23:42', 0),
	(3090, 21, '2024-05-22 10:23:42', 0),
	(3091, 22, '2024-05-22 10:23:42', 0),
	(3092, 23, '2024-05-22 10:23:42', 0),
	(3093, 24, '2024-05-22 10:23:42', 0),
	(3094, 25, '2024-05-22 10:23:42', 0),
	(3095, 27, '2024-05-22 10:23:42', 0),
	(3096, 28, '2024-05-22 10:23:42', 0),
	(3097, 29, '2024-05-22 10:23:42', 0),
	(3098, 30, '2024-05-22 10:23:42', 841723),
	(3099, 31, '2024-05-22 10:23:42', 0),
	(3100, 32, '2024-05-22 10:23:42', 0),
	(3101, 33, '2024-05-22 10:23:42', 0),
	(3102, 34, '2024-05-22 10:23:42', 0),
	(3103, 35, '2024-05-22 10:23:42', 0),
	(3104, 36, '2024-05-22 10:23:42', 0),
	(3105, 37, '2024-05-22 10:23:42', 0),
	(3106, 38, '2024-05-22 10:23:43', 0),
	(3107, 39, '2024-05-22 10:23:43', 0),
	(3108, 40, '2024-05-22 10:23:43', 0),
	(3109, 41, '2024-05-22 10:23:43', 0),
	(3110, 42, '2024-05-22 10:23:43', 0),
	(3111, 43, '2024-05-22 10:23:43', 0),
	(3112, 44, '2024-05-22 10:23:43', 0),
	(3113, 45, '2024-05-22 10:23:43', 0),
	(3114, 46, '2024-05-22 10:23:43', 0),
	(3115, 47, '2024-05-22 10:23:43', 0),
	(3116, 48, '2024-05-22 10:23:43', 0),
	(3117, 49, '2024-05-22 10:23:43', 0),
	(3118, 50, '2024-05-22 10:23:43', 0),
	(3119, 51, '2024-05-22 10:23:43', 0),
	(3120, 52, '2024-05-22 10:23:43', 0),
	(3121, 53, '2024-05-22 10:23:43', 0),
	(3122, 54, '2024-05-22 10:23:43', 516),
	(3123, 55, '2024-05-22 10:23:43', 0),
	(3124, 56, '2024-05-22 10:23:43', 0),
	(3125, 57, '2024-05-22 10:23:43', 0),
	(3126, 58, '2024-05-22 10:23:43', 0),
	(3127, 59, '2024-05-22 10:23:43', 0),
	(3128, 60, '2024-05-22 10:23:43', 0),
	(3129, 61, '2024-05-22 10:23:43', 0),
	(3130, 62, '2024-05-22 10:23:43', 0),
	(3131, 63, '2024-05-22 10:23:43', 0),
	(3132, 64, '2024-05-22 10:23:43', 0),
	(3133, 65, '2024-05-22 10:23:44', 0),
	(3134, 66, '2024-05-22 10:23:44', 0),
	(3135, 67, '2024-05-22 10:23:44', 0),
	(3136, 68, '2024-05-22 10:23:44', 0),
	(3137, 69, '2024-05-22 10:23:44', 0),
	(3138, 70, '2024-05-22 10:23:44', 0),
	(3139, 71, '2024-05-22 10:23:44', 0),
	(3140, 72, '2024-05-22 10:23:44', 0),
	(3141, 73, '2024-05-22 10:23:44', 0),
	(3142, 74, '2024-05-22 10:23:44', 0),
	(3143, 75, '2024-05-22 10:23:44', 0),
	(3144, 76, '2024-05-22 10:23:44', 0),
	(3145, 77, '2024-05-22 10:23:44', 0),
	(3146, 78, '2024-05-22 10:23:44', 0),
	(3147, 79, '2024-05-22 10:23:44', 0),
	(3149, 81, '2024-05-22 10:23:44', 0),
	(3150, 82, '2024-05-22 10:23:44', 0),
	(3151, 83, '2024-05-22 10:23:44', 0),
	(3152, 84, '2024-05-22 10:23:44', 0),
	(3153, 85, '2024-05-22 10:23:44', 0),
	(3154, 86, '2024-05-22 10:23:44', 0),
	(3155, 87, '2024-05-22 10:23:44', 0),
	(3156, 88, '2024-05-22 10:23:44', 0),
	(3157, 89, '2024-05-22 10:23:44', 18315),
	(3158, 90, '2024-05-22 10:23:44', 0),
	(3159, 91, '2024-05-22 10:23:44', 0),
	(3160, 92, '2024-05-22 10:23:45', 0),
	(3161, 93, '2024-05-22 10:23:45', 0),
	(3162, 94, '2024-05-22 10:23:45', 0),
	(3163, 95, '2024-05-22 10:23:45', 0),
	(3164, 96, '2024-05-22 10:23:45', 0),
	(3165, 97, '2024-05-22 10:23:45', 0),
	(3166, 98, '2024-05-22 10:23:45', 0),
	(3167, 99, '2024-05-22 10:23:45', 0),
	(3168, 100, '2024-05-22 10:23:45', 0),
	(3169, 101, '2024-05-22 10:23:45', 0),
	(3170, 2, '2024-05-26 09:08:59', 0),
	(3171, 3, '2024-05-26 09:08:59', 0),
	(3172, 4, '2024-05-26 09:09:00', 0),
	(3173, 5, '2024-05-26 09:09:00', 0),
	(3174, 6, '2024-05-26 09:09:00', 0),
	(3175, 7, '2024-05-26 09:09:00', 0),
	(3176, 8, '2024-05-26 09:09:00', 0),
	(3177, 9, '2024-05-26 09:09:00', 0),
	(3178, 10, '2024-05-26 09:09:00', 0),
	(3179, 11, '2024-05-26 09:09:00', 0),
	(3180, 12, '2024-05-26 09:09:00', 0),
	(3181, 13, '2024-05-26 09:09:00', 0),
	(3182, 14, '2024-05-26 09:09:00', 0),
	(3183, 15, '2024-05-26 09:09:00', 0),
	(3184, 16, '2024-05-26 09:09:00', 0),
	(3185, 17, '2024-05-26 09:09:00', 0),
	(3186, 18, '2024-05-26 09:09:00', 0),
	(3187, 19, '2024-05-26 09:09:00', 0),
	(3188, 20, '2024-05-26 09:09:00', 0),
	(3189, 21, '2024-05-26 09:09:00', 0),
	(3190, 22, '2024-05-26 09:09:00', 0),
	(3191, 23, '2024-05-26 09:09:00', 0),
	(3192, 24, '2024-05-26 09:09:00', 0),
	(3193, 25, '2024-05-26 09:09:00', 0),
	(3194, 27, '2024-05-26 09:09:01', 0),
	(3195, 28, '2024-05-26 09:09:01', 0),
	(3196, 29, '2024-05-26 09:09:01', 0),
	(3197, 30, '2024-05-26 09:09:01', 460474),
	(3198, 31, '2024-05-26 09:09:01', 0),
	(3199, 32, '2024-05-26 09:09:01', 0),
	(3200, 33, '2024-05-26 09:09:01', 0),
	(3201, 34, '2024-05-26 09:09:01', 0),
	(3202, 35, '2024-05-26 09:09:01', 0),
	(3203, 36, '2024-05-26 09:09:01', 0),
	(3204, 37, '2024-05-26 09:09:01', 0),
	(3205, 38, '2024-05-26 09:09:01', 0),
	(3206, 39, '2024-05-26 09:09:01', 0),
	(3207, 40, '2024-05-26 09:09:01', 0),
	(3208, 41, '2024-05-26 09:09:01', 0),
	(3209, 42, '2024-05-26 09:09:01', 0),
	(3210, 43, '2024-05-26 09:09:01', 0),
	(3211, 44, '2024-05-26 09:09:01', 0),
	(3212, 45, '2024-05-26 09:09:01', 0),
	(3213, 46, '2024-05-26 09:09:01', 0),
	(3214, 47, '2024-05-26 09:09:01', 0),
	(3215, 48, '2024-05-26 09:09:01', 0),
	(3216, 49, '2024-05-26 09:09:01', 0),
	(3217, 50, '2024-05-26 09:09:01', 0),
	(3218, 51, '2024-05-26 09:09:01', 0),
	(3219, 52, '2024-05-26 09:09:01', 0),
	(3220, 53, '2024-05-26 09:09:02', 0),
	(3221, 54, '2024-05-26 09:09:02', 0),
	(3222, 55, '2024-05-26 09:09:02', 0),
	(3223, 56, '2024-05-26 09:09:02', 0),
	(3224, 57, '2024-05-26 09:09:02', 0),
	(3225, 58, '2024-05-26 09:09:02', 0),
	(3226, 59, '2024-05-26 09:09:02', 0),
	(3227, 60, '2024-05-26 09:09:02', 0),
	(3228, 61, '2024-05-26 09:09:02', 0),
	(3229, 62, '2024-05-26 09:09:02', 0),
	(3230, 63, '2024-05-26 09:09:02', 0),
	(3231, 64, '2024-05-26 09:09:02', 0),
	(3232, 65, '2024-05-26 09:09:02', 0),
	(3233, 66, '2024-05-26 09:09:02', 0),
	(3234, 67, '2024-05-26 09:09:02', 0),
	(3235, 68, '2024-05-26 09:09:02', 0),
	(3236, 69, '2024-05-26 09:09:02', 0),
	(3237, 70, '2024-05-26 09:09:02', 0),
	(3238, 71, '2024-05-26 09:09:02', 0),
	(3239, 72, '2024-05-26 09:09:02', 0),
	(3240, 73, '2024-05-26 09:09:02', 0),
	(3241, 74, '2024-05-26 09:09:02', 0),
	(3242, 75, '2024-05-26 09:09:02', 0),
	(3243, 76, '2024-05-26 09:09:02', 0),
	(3244, 77, '2024-05-26 09:09:02', 0),
	(3245, 78, '2024-05-26 09:09:02', 0),
	(3246, 79, '2024-05-26 09:09:02', 0),
	(3248, 81, '2024-05-26 09:09:03', 0),
	(3249, 82, '2024-05-26 09:09:03', 0),
	(3250, 83, '2024-05-26 09:09:03', 0),
	(3251, 84, '2024-05-26 09:09:03', 0),
	(3252, 85, '2024-05-26 09:09:03', 0),
	(3253, 86, '2024-05-26 09:09:03', 0),
	(3254, 87, '2024-05-26 09:09:03', 0),
	(3255, 88, '2024-05-26 09:09:03', 0),
	(3256, 89, '2024-05-26 09:09:03', 0),
	(3257, 90, '2024-05-26 09:09:03', 0),
	(3258, 91, '2024-05-26 09:09:03', 0),
	(3259, 92, '2024-05-26 09:09:03', 0),
	(3260, 93, '2024-05-26 09:09:03', 0),
	(3261, 94, '2024-05-26 09:09:03', 0),
	(3262, 95, '2024-05-26 09:09:03', 0),
	(3263, 96, '2024-05-26 09:09:03', 0),
	(3264, 97, '2024-05-26 09:09:03', 0),
	(3265, 98, '2024-05-26 09:09:03', 0),
	(3266, 99, '2024-05-26 09:09:03', 0),
	(3267, 100, '2024-05-26 09:09:03', 0),
	(3268, 101, '2024-05-26 09:09:03', 0),
	(3269, 2, '2024-05-27 11:30:31', 0),
	(3270, 3, '2024-05-27 11:30:32', 0),
	(3271, 4, '2024-05-27 11:30:32', 0),
	(3272, 5, '2024-05-27 11:30:32', 0),
	(3273, 6, '2024-05-27 11:30:32', 0),
	(3274, 7, '2024-05-27 11:30:32', 0),
	(3275, 8, '2024-05-27 11:30:32', 0),
	(3276, 9, '2024-05-27 11:30:32', 0),
	(3277, 10, '2024-05-27 11:30:33', 0),
	(3278, 11, '2024-05-27 11:30:33', 0),
	(3279, 12, '2024-05-27 11:30:33', 0),
	(3280, 13, '2024-05-27 11:30:33', 0),
	(3281, 14, '2024-05-27 11:30:33', 0),
	(3282, 15, '2024-05-27 11:30:33', 0),
	(3283, 16, '2024-05-27 11:30:33', 0),
	(3284, 17, '2024-05-27 11:30:33', 0),
	(3285, 18, '2024-05-27 11:30:33', 0),
	(3286, 19, '2024-05-27 11:30:33', 0),
	(3287, 20, '2024-05-27 11:30:33', 0),
	(3288, 21, '2024-05-27 11:30:33', 0),
	(3289, 22, '2024-05-27 11:30:33', 0),
	(3290, 23, '2024-05-27 11:30:33', 0),
	(3291, 24, '2024-05-27 11:30:33', 0),
	(3292, 25, '2024-05-27 11:30:33', 0),
	(3293, 27, '2024-05-27 11:30:33', 0),
	(3294, 28, '2024-05-27 11:30:33', 0),
	(3295, 29, '2024-05-27 11:30:33', 0),
	(3296, 30, '2024-05-27 11:30:33', 0),
	(3297, 31, '2024-05-27 11:30:33', 0),
	(3298, 32, '2024-05-27 11:30:33', 0),
	(3299, 33, '2024-05-27 11:30:33', 0),
	(3300, 34, '2024-05-27 11:30:33', 0),
	(3301, 35, '2024-05-27 11:30:33', 0),
	(3302, 36, '2024-05-27 11:30:34', 0),
	(3303, 37, '2024-05-27 11:30:34', 0),
	(3304, 38, '2024-05-27 11:30:34', 0),
	(3305, 39, '2024-05-27 11:30:34', 0),
	(3306, 40, '2024-05-27 11:30:34', 0),
	(3307, 41, '2024-05-27 11:30:34', 0),
	(3308, 42, '2024-05-27 11:30:34', 0),
	(3309, 43, '2024-05-27 11:30:34', 0),
	(3310, 44, '2024-05-27 11:30:34', 0),
	(3311, 45, '2024-05-27 11:30:34', 0),
	(3312, 46, '2024-05-27 11:30:34', 0),
	(3313, 47, '2024-05-27 11:30:34', 0),
	(3314, 48, '2024-05-27 11:30:34', 0),
	(3315, 49, '2024-05-27 11:30:34', 0),
	(3316, 50, '2024-05-27 11:30:34', 0),
	(3317, 51, '2024-05-27 11:30:34', 0),
	(3318, 52, '2024-05-27 11:30:34', 0),
	(3319, 53, '2024-05-27 11:30:34', 0),
	(3320, 54, '2024-05-27 11:30:34', 0),
	(3321, 55, '2024-05-27 11:30:34', 0),
	(3322, 56, '2024-05-27 11:30:34', 0),
	(3323, 57, '2024-05-27 11:30:34', 0),
	(3324, 58, '2024-05-27 11:30:34', 0),
	(3325, 59, '2024-05-27 11:30:34', 0),
	(3326, 60, '2024-05-27 11:30:34', 0),
	(3327, 61, '2024-05-27 11:30:34', 0),
	(3328, 62, '2024-05-27 11:30:34', 0),
	(3329, 63, '2024-05-27 11:30:35', 0),
	(3330, 64, '2024-05-27 11:30:35', 0),
	(3331, 65, '2024-05-27 11:30:35', 0),
	(3332, 66, '2024-05-27 11:30:35', 0),
	(3333, 67, '2024-05-27 11:30:35', 0),
	(3334, 68, '2024-05-27 11:30:35', 0),
	(3335, 69, '2024-05-27 11:30:35', 0),
	(3336, 70, '2024-05-27 11:30:35', 0),
	(3337, 71, '2024-05-27 11:30:35', 0),
	(3338, 72, '2024-05-27 11:30:35', 0),
	(3339, 73, '2024-05-27 11:30:35', 0),
	(3340, 74, '2024-05-27 11:30:35', 0),
	(3341, 75, '2024-05-27 11:30:35', 0),
	(3342, 76, '2024-05-27 11:30:35', 0),
	(3343, 77, '2024-05-27 11:30:35', 0),
	(3344, 78, '2024-05-27 11:30:35', 0),
	(3345, 79, '2024-05-27 11:30:35', 0),
	(3347, 81, '2024-05-27 11:30:35', 0),
	(3348, 82, '2024-05-27 11:30:35', 0),
	(3349, 83, '2024-05-27 11:30:35', 0),
	(3350, 84, '2024-05-27 11:30:35', 0),
	(3351, 85, '2024-05-27 11:30:35', 0),
	(3352, 86, '2024-05-27 11:30:35', 0),
	(3353, 87, '2024-05-27 11:30:35', 0),
	(3354, 88, '2024-05-27 11:30:35', 0),
	(3355, 89, '2024-05-27 11:30:36', 0),
	(3356, 90, '2024-05-27 11:30:36', 990),
	(3357, 91, '2024-05-27 11:30:36', 0),
	(3358, 92, '2024-05-27 11:30:36', 0),
	(3359, 93, '2024-05-27 11:30:36', 0),
	(3360, 94, '2024-05-27 11:30:36', 0),
	(3361, 95, '2024-05-27 11:30:36', 0),
	(3362, 96, '2024-05-27 11:30:36', 0),
	(3363, 97, '2024-05-27 11:30:36', 0),
	(3364, 98, '2024-05-27 11:30:36', 0),
	(3365, 99, '2024-05-27 11:30:36', 0),
	(3366, 100, '2024-05-27 11:30:36', 0),
	(3367, 101, '2024-05-27 11:30:36', 0),
	(3368, 2, '2024-05-28 18:35:44', 0),
	(3369, 3, '2024-05-28 18:35:44', 0),
	(3370, 4, '2024-05-28 18:35:45', 0),
	(3371, 5, '2024-05-28 18:35:45', 0),
	(3372, 6, '2024-05-28 18:35:45', 0),
	(3373, 7, '2024-05-28 18:35:45', 0),
	(3374, 8, '2024-05-28 18:35:45', 0),
	(3375, 9, '2024-05-28 18:35:45', 0),
	(3376, 10, '2024-05-28 18:35:45', 0),
	(3377, 11, '2024-05-28 18:35:45', 0),
	(3378, 12, '2024-05-28 18:35:45', 0),
	(3379, 13, '2024-05-28 18:35:45', 0),
	(3380, 14, '2024-05-28 18:35:45', 0),
	(3381, 15, '2024-05-28 18:35:45', 0),
	(3382, 16, '2024-05-28 18:35:45', 0),
	(3383, 17, '2024-05-28 18:35:45', 0),
	(3384, 18, '2024-05-28 18:35:45', 0),
	(3385, 19, '2024-05-28 18:35:45', 0),
	(3386, 20, '2024-05-28 18:35:45', 0),
	(3387, 21, '2024-05-28 18:35:45', 0),
	(3388, 22, '2024-05-28 18:35:45', 0),
	(3389, 23, '2024-05-28 18:35:46', 0),
	(3390, 24, '2024-05-28 18:35:46', 0),
	(3391, 25, '2024-05-28 18:35:46', 0),
	(3392, 27, '2024-05-28 18:35:46', 0),
	(3393, 28, '2024-05-28 18:35:46', 0),
	(3394, 29, '2024-05-28 18:35:46', 0),
	(3395, 30, '2024-05-28 18:35:46', 0),
	(3396, 31, '2024-05-28 18:35:46', 0),
	(3397, 32, '2024-05-28 18:35:46', 0),
	(3398, 33, '2024-05-28 18:35:46', 0),
	(3399, 34, '2024-05-28 18:35:46', 0),
	(3400, 35, '2024-05-28 18:35:46', 0),
	(3401, 36, '2024-05-28 18:35:46', 0),
	(3402, 37, '2024-05-28 18:35:46', 0),
	(3403, 38, '2024-05-28 18:35:46', 0),
	(3404, 39, '2024-05-28 18:35:46', 0),
	(3405, 40, '2024-05-28 18:35:46', 0),
	(3406, 41, '2024-05-28 18:35:46', 0),
	(3407, 42, '2024-05-28 18:35:46', 0),
	(3408, 43, '2024-05-28 18:35:46', 0),
	(3409, 44, '2024-05-28 18:35:46', 0),
	(3410, 45, '2024-05-28 18:35:46', 0),
	(3411, 46, '2024-05-28 18:35:46', 0),
	(3412, 47, '2024-05-28 18:35:46', 0),
	(3413, 48, '2024-05-28 18:35:46', 0),
	(3414, 49, '2024-05-28 18:35:47', 0),
	(3415, 50, '2024-05-28 18:35:47', 0),
	(3416, 51, '2024-05-28 18:35:47', 0),
	(3417, 52, '2024-05-28 18:35:47', 0),
	(3418, 53, '2024-05-28 18:35:47', 0),
	(3419, 54, '2024-05-28 18:35:47', 0),
	(3420, 55, '2024-05-28 18:35:47', 0),
	(3421, 56, '2024-05-28 18:35:47', 0),
	(3422, 57, '2024-05-28 18:35:47', 0),
	(3423, 58, '2024-05-28 18:35:47', 0),
	(3424, 59, '2024-05-28 18:35:47', 0),
	(3425, 60, '2024-05-28 18:35:47', 0),
	(3426, 61, '2024-05-28 18:35:47', 0),
	(3427, 62, '2024-05-28 18:35:47', 0),
	(3428, 63, '2024-05-28 18:35:47', 0),
	(3429, 64, '2024-05-28 18:35:47', 0),
	(3430, 65, '2024-05-28 18:35:47', 0),
	(3431, 66, '2024-05-28 18:35:47', 0),
	(3432, 67, '2024-05-28 18:35:47', 0),
	(3433, 68, '2024-05-28 18:35:47', 0),
	(3434, 69, '2024-05-28 18:35:47', 0),
	(3435, 70, '2024-05-28 18:35:47', 0),
	(3436, 71, '2024-05-28 18:35:47', 0),
	(3437, 72, '2024-05-28 18:35:47', 0),
	(3438, 73, '2024-05-28 18:35:47', 0),
	(3439, 74, '2024-05-28 18:35:47', 0),
	(3440, 75, '2024-05-28 18:35:48', 0),
	(3441, 76, '2024-05-28 18:35:48', 0),
	(3442, 77, '2024-05-28 18:35:48', 0),
	(3443, 78, '2024-05-28 18:35:48', 0),
	(3444, 79, '2024-05-28 18:35:48', 0),
	(3446, 81, '2024-05-28 18:35:48', 0),
	(3447, 82, '2024-05-28 18:35:48', 0),
	(3448, 83, '2024-05-28 18:35:48', 0),
	(3449, 84, '2024-05-28 18:35:48', 0),
	(3450, 85, '2024-05-28 18:35:48', 0),
	(3451, 86, '2024-05-28 18:35:48', 0),
	(3452, 87, '2024-05-28 18:35:48', 0),
	(3453, 88, '2024-05-28 18:35:48', 0),
	(3454, 89, '2024-05-28 18:35:48', 0),
	(3455, 90, '2024-05-28 18:35:48', 0),
	(3456, 91, '2024-05-28 18:35:48', 0),
	(3457, 92, '2024-05-28 18:35:48', 0),
	(3458, 93, '2024-05-28 18:35:48', 0),
	(3459, 94, '2024-05-28 18:35:48', 0),
	(3460, 95, '2024-05-28 18:35:48', 0),
	(3461, 96, '2024-05-28 18:35:48', 0),
	(3462, 97, '2024-05-28 18:35:48', 0),
	(3463, 98, '2024-05-28 18:35:48', 0),
	(3464, 99, '2024-05-28 18:35:48', 0),
	(3465, 100, '2024-05-28 18:35:48', 0),
	(3466, 101, '2024-05-28 18:35:49', 0),
	(3467, 2, '2024-05-29 11:27:36', 0),
	(3468, 3, '2024-05-29 11:27:36', 0),
	(3469, 4, '2024-05-29 11:27:37', 0),
	(3470, 5, '2024-05-29 11:27:37', 0),
	(3471, 6, '2024-05-29 11:27:37', 0),
	(3472, 7, '2024-05-29 11:27:37', 0),
	(3473, 8, '2024-05-29 11:27:37', 0),
	(3474, 9, '2024-05-29 11:27:37', 0),
	(3475, 10, '2024-05-29 11:27:37', 0),
	(3476, 11, '2024-05-29 11:27:37', 0),
	(3477, 12, '2024-05-29 11:27:37', 0),
	(3478, 13, '2024-05-29 11:27:37', 0),
	(3479, 14, '2024-05-29 11:27:37', 0),
	(3480, 15, '2024-05-29 11:27:37', 0),
	(3481, 16, '2024-05-29 11:27:37', 0),
	(3482, 17, '2024-05-29 11:27:37', 0),
	(3483, 18, '2024-05-29 11:27:37', 0),
	(3484, 19, '2024-05-29 11:27:37', 0),
	(3485, 20, '2024-05-29 11:27:37', 0),
	(3486, 21, '2024-05-29 11:27:38', 0),
	(3487, 22, '2024-05-29 11:27:38', 0),
	(3488, 23, '2024-05-29 11:27:38', 0),
	(3489, 24, '2024-05-29 11:27:38', 0),
	(3490, 25, '2024-05-29 11:27:38', 0),
	(3491, 27, '2024-05-29 11:27:38', 0),
	(3492, 28, '2024-05-29 11:27:38', 0),
	(3493, 29, '2024-05-29 11:27:38', 0),
	(3494, 30, '2024-05-29 11:27:38', 248),
	(3495, 31, '2024-05-29 11:27:38', 0),
	(3496, 32, '2024-05-29 11:27:38', 0),
	(3497, 33, '2024-05-29 11:27:38', 0),
	(3498, 34, '2024-05-29 11:27:38', 0),
	(3499, 35, '2024-05-29 11:27:38', 0),
	(3500, 36, '2024-05-29 11:27:38', 0),
	(3501, 37, '2024-05-29 11:27:38', 0),
	(3502, 38, '2024-05-29 11:27:38', 0),
	(3503, 39, '2024-05-29 11:27:38', 0),
	(3504, 40, '2024-05-29 11:27:38', 0),
	(3505, 41, '2024-05-29 11:27:38', 0),
	(3506, 42, '2024-05-29 11:27:38', 0),
	(3507, 43, '2024-05-29 11:27:38', 0),
	(3508, 44, '2024-05-29 11:27:38', 0),
	(3509, 45, '2024-05-29 11:27:38', 0),
	(3510, 46, '2024-05-29 11:27:38', 0),
	(3511, 47, '2024-05-29 11:27:39', 0),
	(3512, 48, '2024-05-29 11:27:39', 0),
	(3513, 49, '2024-05-29 11:27:39', 0),
	(3514, 50, '2024-05-29 11:27:39', 0),
	(3515, 51, '2024-05-29 11:27:39', 0),
	(3516, 52, '2024-05-29 11:27:39', 0),
	(3517, 53, '2024-05-29 11:27:39', 0),
	(3518, 54, '2024-05-29 11:27:39', 0),
	(3519, 55, '2024-05-29 11:27:39', 0),
	(3520, 56, '2024-05-29 11:27:39', 0),
	(3521, 57, '2024-05-29 11:27:39', 0),
	(3522, 58, '2024-05-29 11:27:39', 0),
	(3523, 59, '2024-05-29 11:27:39', 0),
	(3524, 60, '2024-05-29 11:27:39', 0),
	(3525, 61, '2024-05-29 11:27:39', 0),
	(3526, 62, '2024-05-29 11:27:39', 0),
	(3527, 63, '2024-05-29 11:27:39', 0),
	(3528, 64, '2024-05-29 11:27:39', 0),
	(3529, 65, '2024-05-29 11:27:39', 0),
	(3530, 66, '2024-05-29 11:27:39', 0),
	(3531, 67, '2024-05-29 11:27:39', 0),
	(3532, 68, '2024-05-29 11:27:39', 0),
	(3533, 69, '2024-05-29 11:27:39', 0),
	(3534, 70, '2024-05-29 11:27:39', 0),
	(3535, 71, '2024-05-29 11:27:39', 0),
	(3536, 72, '2024-05-29 11:27:39', 0),
	(3537, 73, '2024-05-29 11:27:40', 0),
	(3538, 74, '2024-05-29 11:27:40', 0),
	(3539, 75, '2024-05-29 11:27:40', 0),
	(3540, 76, '2024-05-29 11:27:40', 0),
	(3541, 77, '2024-05-29 11:27:40', 0),
	(3542, 78, '2024-05-29 11:27:40', 0),
	(3543, 79, '2024-05-29 11:27:40', 0),
	(3545, 81, '2024-05-29 11:27:40', 0),
	(3546, 82, '2024-05-29 11:27:40', 0),
	(3547, 83, '2024-05-29 11:27:40', 0),
	(3548, 84, '2024-05-29 11:27:40', 0),
	(3549, 85, '2024-05-29 11:27:40', 0),
	(3550, 86, '2024-05-29 11:27:40', 0),
	(3551, 87, '2024-05-29 11:27:40', 0),
	(3552, 88, '2024-05-29 11:27:40', 0),
	(3553, 89, '2024-05-29 11:27:40', 0),
	(3554, 90, '2024-05-29 11:27:40', 0),
	(3555, 91, '2024-05-29 11:27:40', 0),
	(3556, 92, '2024-05-29 11:27:40', 0),
	(3557, 93, '2024-05-29 11:27:40', 0),
	(3558, 94, '2024-05-29 11:27:40', 0),
	(3559, 95, '2024-05-29 11:27:40', 0),
	(3560, 96, '2024-05-29 11:27:40', 0),
	(3561, 97, '2024-05-29 11:27:40', 0),
	(3562, 98, '2024-05-29 11:27:40', 0),
	(3563, 99, '2024-05-29 11:27:41', 0),
	(3564, 100, '2024-05-29 11:27:41', 0),
	(3565, 101, '2024-05-29 11:27:41', 0),
	(3566, 2, '2024-05-30 09:18:58', 0),
	(3567, 3, '2024-05-30 09:18:58', 0),
	(3568, 4, '2024-05-30 09:18:58', 0),
	(3569, 5, '2024-05-30 09:18:59', 0),
	(3570, 6, '2024-05-30 09:18:59', 0),
	(3571, 7, '2024-05-30 09:18:59', 0),
	(3572, 8, '2024-05-30 09:18:59', 0),
	(3573, 9, '2024-05-30 09:18:59', 0),
	(3574, 10, '2024-05-30 09:18:59', 0),
	(3575, 11, '2024-05-30 09:18:59', 0),
	(3576, 12, '2024-05-30 09:18:59', 0),
	(3577, 13, '2024-05-30 09:18:59', 0),
	(3578, 14, '2024-05-30 09:18:59', 0),
	(3579, 15, '2024-05-30 09:18:59', 0),
	(3580, 16, '2024-05-30 09:18:59', 0),
	(3581, 17, '2024-05-30 09:18:59', 0),
	(3582, 18, '2024-05-30 09:18:59', 0),
	(3583, 19, '2024-05-30 09:18:59', 0),
	(3584, 20, '2024-05-30 09:18:59', 0),
	(3585, 21, '2024-05-30 09:18:59', 0),
	(3586, 22, '2024-05-30 09:18:59', 0),
	(3587, 23, '2024-05-30 09:18:59', 0),
	(3588, 24, '2024-05-30 09:18:59', 0),
	(3589, 25, '2024-05-30 09:18:59', 0),
	(3590, 27, '2024-05-30 09:18:59', 0),
	(3591, 28, '2024-05-30 09:19:00', 0),
	(3592, 29, '2024-05-30 09:19:00', 0),
	(3593, 30, '2024-05-30 09:19:00', 124),
	(3594, 31, '2024-05-30 09:19:00', 0),
	(3595, 32, '2024-05-30 09:19:00', 0),
	(3596, 33, '2024-05-30 09:19:00', 0),
	(3597, 34, '2024-05-30 09:19:00', 0),
	(3598, 35, '2024-05-30 09:19:00', 0),
	(3599, 36, '2024-05-30 09:19:00', 0),
	(3600, 37, '2024-05-30 09:19:00', 0),
	(3601, 38, '2024-05-30 09:19:00', 0),
	(3602, 39, '2024-05-30 09:19:00', 0),
	(3603, 40, '2024-05-30 09:19:00', 0),
	(3604, 41, '2024-05-30 09:19:00', 0),
	(3605, 42, '2024-05-30 09:19:00', 0),
	(3606, 43, '2024-05-30 09:19:00', 0),
	(3607, 44, '2024-05-30 09:19:00', 0),
	(3608, 45, '2024-05-30 09:19:00', 0),
	(3609, 46, '2024-05-30 09:19:00', 0),
	(3610, 47, '2024-05-30 09:19:00', 0),
	(3611, 48, '2024-05-30 09:19:00', 0),
	(3612, 49, '2024-05-30 09:19:00', 0),
	(3613, 50, '2024-05-30 09:19:00', 0),
	(3614, 51, '2024-05-30 09:19:00', 0),
	(3615, 52, '2024-05-30 09:19:00', 0),
	(3616, 53, '2024-05-30 09:19:00', 0),
	(3617, 54, '2024-05-30 09:19:00', 0),
	(3618, 55, '2024-05-30 09:19:01', 0),
	(3619, 56, '2024-05-30 09:19:01', 0),
	(3620, 57, '2024-05-30 09:19:01', 0),
	(3621, 58, '2024-05-30 09:19:01', 0),
	(3622, 59, '2024-05-30 09:19:01', 0),
	(3623, 60, '2024-05-30 09:19:01', 0),
	(3624, 61, '2024-05-30 09:19:01', 0),
	(3625, 62, '2024-05-30 09:19:01', 0),
	(3626, 63, '2024-05-30 09:19:01', 0),
	(3627, 64, '2024-05-30 09:19:01', 0),
	(3628, 65, '2024-05-30 09:19:01', 0),
	(3629, 66, '2024-05-30 09:19:01', 0),
	(3630, 67, '2024-05-30 09:19:01', 0),
	(3631, 68, '2024-05-30 09:19:01', 0),
	(3632, 69, '2024-05-30 09:19:01', 0),
	(3633, 70, '2024-05-30 09:19:01', 0),
	(3634, 71, '2024-05-30 09:19:01', 0),
	(3635, 72, '2024-05-30 09:19:01', 0),
	(3636, 73, '2024-05-30 09:19:01', 0),
	(3637, 74, '2024-05-30 09:19:01', 0),
	(3638, 75, '2024-05-30 09:19:01', 0),
	(3639, 76, '2024-05-30 09:19:01', 0),
	(3640, 77, '2024-05-30 09:19:01', 0),
	(3641, 78, '2024-05-30 09:19:01', 0),
	(3642, 79, '2024-05-30 09:19:01', 0),
	(3644, 81, '2024-05-30 09:19:02', 0),
	(3645, 82, '2024-05-30 09:19:02', 0),
	(3646, 83, '2024-05-30 09:19:02', 0),
	(3647, 84, '2024-05-30 09:19:02', 0),
	(3648, 85, '2024-05-30 09:19:02', 0),
	(3649, 86, '2024-05-30 09:19:02', 0),
	(3650, 87, '2024-05-30 09:19:02', 0),
	(3651, 88, '2024-05-30 09:19:02', 0),
	(3652, 89, '2024-05-30 09:19:02', 0),
	(3653, 90, '2024-05-30 09:19:02', 0),
	(3654, 91, '2024-05-30 09:19:02', 0),
	(3655, 92, '2024-05-30 09:19:02', 0),
	(3656, 93, '2024-05-30 09:19:02', 0),
	(3657, 94, '2024-05-30 09:19:02', 0),
	(3658, 95, '2024-05-30 09:19:02', 0),
	(3659, 96, '2024-05-30 09:19:02', 0),
	(3660, 97, '2024-05-30 09:19:02', 0),
	(3661, 98, '2024-05-30 09:19:02', 0),
	(3662, 99, '2024-05-30 09:19:02', 0),
	(3663, 100, '2024-05-30 09:19:02', 0),
	(3664, 101, '2024-05-30 09:19:02', 0),
	(3665, 2, '2024-06-03 09:52:10', 0),
	(3666, 3, '2024-06-03 09:52:10', 0),
	(3667, 4, '2024-06-03 09:52:11', 0),
	(3668, 5, '2024-06-03 09:52:11', 0),
	(3669, 6, '2024-06-03 09:52:11', 0),
	(3670, 7, '2024-06-03 09:52:11', 0),
	(3671, 8, '2024-06-03 09:52:11', 0),
	(3672, 9, '2024-06-03 09:52:11', 0),
	(3673, 10, '2024-06-03 09:52:11', 0),
	(3674, 11, '2024-06-03 09:52:11', 0),
	(3675, 12, '2024-06-03 09:52:11', 0),
	(3676, 13, '2024-06-03 09:52:11', 0),
	(3677, 14, '2024-06-03 09:52:11', 0),
	(3678, 15, '2024-06-03 09:52:11', 0),
	(3679, 16, '2024-06-03 09:52:11', 0),
	(3680, 17, '2024-06-03 09:52:11', 0),
	(3681, 18, '2024-06-03 09:52:12', 0),
	(3682, 19, '2024-06-03 09:52:12', 0),
	(3683, 20, '2024-06-03 09:52:12', 0),
	(3684, 21, '2024-06-03 09:52:12', 0),
	(3685, 22, '2024-06-03 09:52:12', 0),
	(3686, 23, '2024-06-03 09:52:12', 0),
	(3687, 24, '2024-06-03 09:52:12', 0),
	(3688, 25, '2024-06-03 09:52:12', 0),
	(3689, 27, '2024-06-03 09:52:12', 0),
	(3690, 28, '2024-06-03 09:52:12', 0),
	(3691, 29, '2024-06-03 09:52:12', 0),
	(3692, 30, '2024-06-03 09:52:12', 0),
	(3693, 31, '2024-06-03 09:52:12', 0),
	(3694, 32, '2024-06-03 09:52:12', 0),
	(3695, 33, '2024-06-03 09:52:12', 0),
	(3696, 34, '2024-06-03 09:52:12', 0),
	(3697, 35, '2024-06-03 09:52:12', 0),
	(3698, 36, '2024-06-03 09:52:12', 0),
	(3699, 37, '2024-06-03 09:52:12', 0),
	(3700, 38, '2024-06-03 09:52:12', 0),
	(3701, 39, '2024-06-03 09:52:12', 0),
	(3702, 40, '2024-06-03 09:52:12', 0),
	(3703, 41, '2024-06-03 09:52:12', 0),
	(3704, 42, '2024-06-03 09:52:12', 0),
	(3705, 43, '2024-06-03 09:52:12', 0),
	(3706, 44, '2024-06-03 09:52:12', 0),
	(3707, 45, '2024-06-03 09:52:12', 0),
	(3708, 46, '2024-06-03 09:52:13', 0),
	(3709, 47, '2024-06-03 09:52:13', 0),
	(3710, 48, '2024-06-03 09:52:13', 0),
	(3711, 49, '2024-06-03 09:52:13', 0),
	(3712, 50, '2024-06-03 09:52:13', 0),
	(3713, 51, '2024-06-03 09:52:13', 0),
	(3714, 52, '2024-06-03 09:52:13', 0),
	(3715, 53, '2024-06-03 09:52:13', 99),
	(3716, 54, '2024-06-03 09:52:13', 0),
	(3717, 55, '2024-06-03 09:52:13', 0),
	(3718, 56, '2024-06-03 09:52:13', 0),
	(3719, 57, '2024-06-03 09:52:13', 0),
	(3720, 58, '2024-06-03 09:52:13', 0),
	(3721, 59, '2024-06-03 09:52:13', 0),
	(3722, 60, '2024-06-03 09:52:13', 0),
	(3723, 61, '2024-06-03 09:52:13', 0),
	(3724, 62, '2024-06-03 09:52:13', 0),
	(3725, 63, '2024-06-03 09:52:13', 0),
	(3726, 64, '2024-06-03 09:52:13', 0),
	(3727, 65, '2024-06-03 09:52:13', 0),
	(3728, 66, '2024-06-03 09:52:13', 0),
	(3729, 67, '2024-06-03 09:52:13', 0),
	(3730, 68, '2024-06-03 09:52:13', 0),
	(3731, 69, '2024-06-03 09:52:13', 0),
	(3732, 70, '2024-06-03 09:52:13', 0),
	(3733, 71, '2024-06-03 09:52:13', 0),
	(3734, 72, '2024-06-03 09:52:14', 0),
	(3735, 73, '2024-06-03 09:52:14', 0),
	(3736, 74, '2024-06-03 09:52:14', 0),
	(3737, 75, '2024-06-03 09:52:14', 0),
	(3738, 76, '2024-06-03 09:52:14', 0),
	(3739, 77, '2024-06-03 09:52:14', 0),
	(3740, 78, '2024-06-03 09:52:14', 0),
	(3741, 79, '2024-06-03 09:52:14', 0),
	(3743, 81, '2024-06-03 09:52:14', 0),
	(3744, 82, '2024-06-03 09:52:14', 0),
	(3745, 83, '2024-06-03 09:52:14', 0),
	(3746, 84, '2024-06-03 09:52:14', 0),
	(3747, 85, '2024-06-03 09:52:14', 0),
	(3748, 86, '2024-06-03 09:52:14', 0),
	(3749, 87, '2024-06-03 09:52:14', 0),
	(3750, 88, '2024-06-03 09:52:14', 0),
	(3751, 89, '2024-06-03 09:52:14', 0),
	(3752, 90, '2024-06-03 09:52:14', 0),
	(3753, 91, '2024-06-03 09:52:14', 0),
	(3754, 92, '2024-06-03 09:52:14', 0),
	(3755, 93, '2024-06-03 09:52:14', 0),
	(3756, 94, '2024-06-03 09:52:14', 0),
	(3757, 95, '2024-06-03 09:52:14', 0),
	(3758, 96, '2024-06-03 09:52:14', 0),
	(3759, 97, '2024-06-03 09:52:14', 0),
	(3760, 98, '2024-06-03 09:52:15', 0),
	(3761, 99, '2024-06-03 09:52:15', 0),
	(3762, 100, '2024-06-03 09:52:15', 0),
	(3763, 101, '2024-06-03 09:52:15', 0),
	(3764, 2, '2024-06-04 11:57:50', 0),
	(3765, 3, '2024-06-04 11:57:51', 0),
	(3766, 4, '2024-06-04 11:57:51', 0),
	(3767, 5, '2024-06-04 11:57:51', 0),
	(3768, 6, '2024-06-04 11:57:51', 0),
	(3769, 7, '2024-06-04 11:57:51', 0),
	(3770, 8, '2024-06-04 11:57:51', 0),
	(3771, 9, '2024-06-04 11:57:51', 0),
	(3772, 10, '2024-06-04 11:57:51', 0),
	(3773, 11, '2024-06-04 11:57:52', 0),
	(3774, 12, '2024-06-04 11:57:52', 0),
	(3775, 13, '2024-06-04 11:57:52', 0),
	(3776, 14, '2024-06-04 11:57:52', 0),
	(3777, 15, '2024-06-04 11:57:52', 0),
	(3778, 16, '2024-06-04 11:57:52', 0),
	(3779, 17, '2024-06-04 11:57:52', 0),
	(3780, 18, '2024-06-04 11:57:52', 0),
	(3781, 19, '2024-06-04 11:57:52', 0),
	(3782, 20, '2024-06-04 11:57:52', 0),
	(3783, 21, '2024-06-04 11:57:52', 0),
	(3784, 22, '2024-06-04 11:57:52', 0),
	(3785, 23, '2024-06-04 11:57:52', 0),
	(3786, 24, '2024-06-04 11:57:52', 0),
	(3787, 25, '2024-06-04 11:57:52', 0),
	(3788, 27, '2024-06-04 11:57:52', 0),
	(3789, 28, '2024-06-04 11:57:52', 0),
	(3790, 29, '2024-06-04 11:57:52', 0),
	(3791, 30, '2024-06-04 11:57:52', 0),
	(3792, 31, '2024-06-04 11:57:52', 0),
	(3793, 32, '2024-06-04 11:57:52', 0),
	(3794, 33, '2024-06-04 11:57:52', 0),
	(3795, 34, '2024-06-04 11:57:52', 0),
	(3796, 35, '2024-06-04 11:57:52', 0),
	(3797, 36, '2024-06-04 11:57:52', 0),
	(3798, 37, '2024-06-04 11:57:52', 0),
	(3799, 38, '2024-06-04 11:57:53', 0),
	(3800, 39, '2024-06-04 11:57:53', 0),
	(3801, 40, '2024-06-04 11:57:53', 0),
	(3802, 41, '2024-06-04 11:57:53', 0),
	(3803, 42, '2024-06-04 11:57:53', 0),
	(3804, 43, '2024-06-04 11:57:53', 0),
	(3805, 44, '2024-06-04 11:57:53', 0),
	(3806, 45, '2024-06-04 11:57:53', 0),
	(3807, 46, '2024-06-04 11:57:53', 0),
	(3808, 47, '2024-06-04 11:57:53', 0),
	(3809, 48, '2024-06-04 11:57:53', 0),
	(3810, 49, '2024-06-04 11:57:53', 0),
	(3811, 50, '2024-06-04 11:57:53', 0),
	(3812, 51, '2024-06-04 11:57:53', 0),
	(3813, 52, '2024-06-04 11:57:53', 0),
	(3814, 53, '2024-06-04 11:57:53', 0),
	(3815, 54, '2024-06-04 11:57:53', 0),
	(3816, 55, '2024-06-04 11:57:53', 0),
	(3817, 56, '2024-06-04 11:57:53', 0),
	(3818, 57, '2024-06-04 11:57:53', 0),
	(3819, 58, '2024-06-04 11:57:53', 0),
	(3820, 59, '2024-06-04 11:57:53', 0),
	(3821, 60, '2024-06-04 11:57:53', 0),
	(3822, 61, '2024-06-04 11:57:53', 0),
	(3823, 62, '2024-06-04 11:57:53', 0),
	(3824, 63, '2024-06-04 11:57:54', 0),
	(3825, 64, '2024-06-04 11:57:54', 0),
	(3826, 65, '2024-06-04 11:57:54', 0),
	(3827, 66, '2024-06-04 11:57:54', 0),
	(3828, 67, '2024-06-04 11:57:54', 0),
	(3829, 68, '2024-06-04 11:57:54', 0),
	(3830, 69, '2024-06-04 11:57:54', 0),
	(3831, 70, '2024-06-04 11:57:54', 0),
	(3832, 71, '2024-06-04 11:57:54', 0),
	(3833, 72, '2024-06-04 11:57:54', 0),
	(3834, 73, '2024-06-04 11:57:54', 0),
	(3835, 74, '2024-06-04 11:57:54', 0),
	(3836, 75, '2024-06-04 11:57:54', 0),
	(3837, 76, '2024-06-04 11:57:54', 0),
	(3838, 77, '2024-06-04 11:57:54', 0),
	(3839, 78, '2024-06-04 11:57:54', 0),
	(3840, 79, '2024-06-04 11:57:54', 0),
	(3842, 81, '2024-06-04 11:57:54', 0),
	(3843, 82, '2024-06-04 11:57:54', 0),
	(3844, 83, '2024-06-04 11:57:54', 0),
	(3845, 84, '2024-06-04 11:57:54', 0),
	(3846, 85, '2024-06-04 11:57:54', 0),
	(3847, 86, '2024-06-04 11:57:54', 0),
	(3848, 87, '2024-06-04 11:57:54', 0),
	(3849, 88, '2024-06-04 11:57:54', 0),
	(3850, 89, '2024-06-04 11:57:55', 0),
	(3851, 90, '2024-06-04 11:57:55', 0),
	(3852, 91, '2024-06-04 11:57:55', 0),
	(3853, 92, '2024-06-04 11:57:55', 0),
	(3854, 93, '2024-06-04 11:57:55', 0),
	(3855, 94, '2024-06-04 11:57:55', 0),
	(3856, 95, '2024-06-04 11:57:55', 0),
	(3857, 96, '2024-06-04 11:57:55', 0),
	(3858, 97, '2024-06-04 11:57:55', 0),
	(3859, 98, '2024-06-04 11:57:55', 0),
	(3860, 99, '2024-06-04 11:57:55', 0),
	(3861, 100, '2024-06-04 11:57:55', 0),
	(3862, 101, '2024-06-04 11:57:55', 0),
	(3863, 2, '2024-06-06 08:51:02', 0),
	(3864, 3, '2024-06-06 08:51:03', 0),
	(3865, 4, '2024-06-06 08:51:03', 0),
	(3866, 5, '2024-06-06 08:51:03', 0),
	(3867, 6, '2024-06-06 08:51:03', 0),
	(3868, 7, '2024-06-06 08:51:03', 0),
	(3869, 8, '2024-06-06 08:51:03', 0),
	(3870, 9, '2024-06-06 08:51:03', 0),
	(3871, 10, '2024-06-06 08:51:04', 0),
	(3872, 11, '2024-06-06 08:51:04', 0),
	(3873, 12, '2024-06-06 08:51:04', 0),
	(3874, 13, '2024-06-06 08:51:04', 0),
	(3875, 14, '2024-06-06 08:51:04', 0),
	(3876, 15, '2024-06-06 08:51:04', 0),
	(3877, 16, '2024-06-06 08:51:04', 0),
	(3878, 17, '2024-06-06 08:51:04', 0),
	(3879, 18, '2024-06-06 08:51:04', 0),
	(3880, 19, '2024-06-06 08:51:04', 0),
	(3881, 20, '2024-06-06 08:51:04', 0),
	(3882, 21, '2024-06-06 08:51:04', 0),
	(3883, 22, '2024-06-06 08:51:04', 0),
	(3884, 23, '2024-06-06 08:51:04', 0),
	(3885, 24, '2024-06-06 08:51:04', 0),
	(3886, 25, '2024-06-06 08:51:04', 0),
	(3887, 27, '2024-06-06 08:51:04', 0),
	(3888, 28, '2024-06-06 08:51:04', 0),
	(3889, 29, '2024-06-06 08:51:04', 0),
	(3890, 30, '2024-06-06 08:51:04', 0),
	(3891, 31, '2024-06-06 08:51:04', 0),
	(3892, 32, '2024-06-06 08:51:04', 0),
	(3893, 33, '2024-06-06 08:51:04', 0),
	(3894, 34, '2024-06-06 08:51:04', 0),
	(3895, 35, '2024-06-06 08:51:04', 0),
	(3896, 36, '2024-06-06 08:51:05', 0),
	(3897, 37, '2024-06-06 08:51:05', 0),
	(3898, 38, '2024-06-06 08:51:05', 0),
	(3899, 39, '2024-06-06 08:51:05', 0),
	(3900, 40, '2024-06-06 08:51:05', 0),
	(3901, 41, '2024-06-06 08:51:05', 0),
	(3902, 42, '2024-06-06 08:51:05', 0),
	(3903, 43, '2024-06-06 08:51:05', 0),
	(3904, 44, '2024-06-06 08:51:05', 0),
	(3905, 45, '2024-06-06 08:51:05', 0),
	(3906, 46, '2024-06-06 08:51:05', 0),
	(3907, 47, '2024-06-06 08:51:05', 0),
	(3908, 48, '2024-06-06 08:51:05', 0),
	(3909, 49, '2024-06-06 08:51:05', 0),
	(3910, 50, '2024-06-06 08:51:05', 0),
	(3911, 51, '2024-06-06 08:51:05', 0),
	(3912, 52, '2024-06-06 08:51:05', 0),
	(3913, 53, '2024-06-06 08:51:05', 0),
	(3914, 54, '2024-06-06 08:51:05', 0),
	(3915, 55, '2024-06-06 08:51:05', 0),
	(3916, 56, '2024-06-06 08:51:05', 0),
	(3917, 57, '2024-06-06 08:51:05', 0),
	(3918, 58, '2024-06-06 08:51:05', 0),
	(3919, 59, '2024-06-06 08:51:05', 0),
	(3920, 60, '2024-06-06 08:51:05', 0),
	(3921, 61, '2024-06-06 08:51:06', 0),
	(3922, 62, '2024-06-06 08:51:06', 0),
	(3923, 63, '2024-06-06 08:51:06', 0),
	(3924, 64, '2024-06-06 08:51:06', 0),
	(3925, 65, '2024-06-06 08:51:06', 0),
	(3926, 66, '2024-06-06 08:51:06', 0),
	(3927, 67, '2024-06-06 08:51:06', 0),
	(3928, 68, '2024-06-06 08:51:06', 0),
	(3929, 69, '2024-06-06 08:51:06', 0),
	(3930, 70, '2024-06-06 08:51:06', 0),
	(3931, 71, '2024-06-06 08:51:06', 0),
	(3932, 72, '2024-06-06 08:51:06', 0),
	(3933, 73, '2024-06-06 08:51:06', 0),
	(3934, 74, '2024-06-06 08:51:06', 0),
	(3935, 75, '2024-06-06 08:51:06', 0),
	(3936, 76, '2024-06-06 08:51:06', 0),
	(3937, 77, '2024-06-06 08:51:06', 0),
	(3938, 78, '2024-06-06 08:51:06', 0),
	(3939, 79, '2024-06-06 08:51:06', 0),
	(3941, 81, '2024-06-06 08:51:06', 0),
	(3942, 82, '2024-06-06 08:51:06', 0),
	(3943, 83, '2024-06-06 08:51:06', 0),
	(3944, 84, '2024-06-06 08:51:06', 0),
	(3945, 85, '2024-06-06 08:51:06', 0),
	(3946, 86, '2024-06-06 08:51:06', 0),
	(3947, 87, '2024-06-06 08:51:07', 0),
	(3948, 88, '2024-06-06 08:51:07', 0),
	(3949, 89, '2024-06-06 08:51:07', 0),
	(3950, 90, '2024-06-06 08:51:07', 0),
	(3951, 91, '2024-06-06 08:51:07', 0),
	(3952, 92, '2024-06-06 08:51:07', 0),
	(3953, 93, '2024-06-06 08:51:07', 0),
	(3954, 94, '2024-06-06 08:51:07', 0),
	(3955, 95, '2024-06-06 08:51:07', 0),
	(3956, 96, '2024-06-06 08:51:07', 0),
	(3957, 97, '2024-06-06 08:51:07', 0),
	(3958, 98, '2024-06-06 08:51:07', 0),
	(3959, 99, '2024-06-06 08:51:07', 0),
	(3960, 100, '2024-06-06 08:51:07', 0),
	(3961, 101, '2024-06-06 08:51:07', 0),
	(3962, 2, '2024-06-07 07:04:32', 0),
	(3963, 3, '2024-06-07 07:04:32', 0),
	(3964, 4, '2024-06-07 07:04:33', 0),
	(3965, 5, '2024-06-07 07:04:33', 0),
	(3966, 6, '2024-06-07 07:04:33', 0),
	(3967, 7, '2024-06-07 07:04:33', 0),
	(3968, 8, '2024-06-07 07:04:33', 0),
	(3969, 9, '2024-06-07 07:04:33', 0),
	(3970, 10, '2024-06-07 07:04:33', 0),
	(3971, 11, '2024-06-07 07:04:33', 0),
	(3972, 12, '2024-06-07 07:04:33', 0),
	(3973, 13, '2024-06-07 07:04:33', 0),
	(3974, 14, '2024-06-07 07:04:33', 0),
	(3975, 15, '2024-06-07 07:04:33', 0),
	(3976, 16, '2024-06-07 07:04:33', 0),
	(3977, 17, '2024-06-07 07:04:33', 0),
	(3978, 18, '2024-06-07 07:04:33', 0),
	(3979, 19, '2024-06-07 07:04:33', 0),
	(3980, 20, '2024-06-07 07:04:33', 0),
	(3981, 21, '2024-06-07 07:04:33', 0),
	(3982, 22, '2024-06-07 07:04:34', 0),
	(3983, 23, '2024-06-07 07:04:34', 0),
	(3984, 24, '2024-06-07 07:04:34', 0),
	(3985, 25, '2024-06-07 07:04:34', 0),
	(3986, 27, '2024-06-07 07:04:34', 0),
	(3987, 28, '2024-06-07 07:04:34', 0),
	(3988, 29, '2024-06-07 07:04:34', 0),
	(3989, 30, '2024-06-07 07:04:34', 0),
	(3990, 31, '2024-06-07 07:04:34', 0),
	(3991, 32, '2024-06-07 07:04:34', 0),
	(3992, 33, '2024-06-07 07:04:34', 0),
	(3993, 34, '2024-06-07 07:04:34', 0),
	(3994, 35, '2024-06-07 07:04:34', 0),
	(3995, 36, '2024-06-07 07:04:34', 0),
	(3996, 37, '2024-06-07 07:04:34', 0),
	(3997, 38, '2024-06-07 07:04:34', 0),
	(3998, 39, '2024-06-07 07:04:34', 0),
	(3999, 40, '2024-06-07 07:04:34', 0),
	(4000, 41, '2024-06-07 07:04:34', 0),
	(4001, 42, '2024-06-07 07:04:34', 0),
	(4002, 43, '2024-06-07 07:04:34', 0),
	(4003, 44, '2024-06-07 07:04:34', 0),
	(4004, 45, '2024-06-07 07:04:34', 0),
	(4005, 46, '2024-06-07 07:04:34', 0),
	(4006, 47, '2024-06-07 07:04:34', 0),
	(4007, 48, '2024-06-07 07:04:34', 0),
	(4008, 49, '2024-06-07 07:04:35', 0),
	(4009, 50, '2024-06-07 07:04:35', 0),
	(4010, 51, '2024-06-07 07:04:35', 0),
	(4011, 52, '2024-06-07 07:04:35', 0),
	(4012, 53, '2024-06-07 07:04:35', 0),
	(4013, 54, '2024-06-07 07:04:35', 0),
	(4014, 55, '2024-06-07 07:04:35', 0),
	(4015, 56, '2024-06-07 07:04:35', 0),
	(4016, 57, '2024-06-07 07:04:35', 0),
	(4017, 58, '2024-06-07 07:04:35', 0),
	(4018, 59, '2024-06-07 07:04:35', 0),
	(4019, 60, '2024-06-07 07:04:35', 0),
	(4020, 61, '2024-06-07 07:04:35', 0),
	(4021, 62, '2024-06-07 07:04:35', 0),
	(4022, 63, '2024-06-07 07:04:35', 0),
	(4023, 64, '2024-06-07 07:04:35', 0),
	(4024, 65, '2024-06-07 07:04:35', 0),
	(4025, 66, '2024-06-07 07:04:35', 0),
	(4026, 67, '2024-06-07 07:04:35', 0),
	(4027, 68, '2024-06-07 07:04:35', 0),
	(4028, 69, '2024-06-07 07:04:35', 0),
	(4029, 70, '2024-06-07 07:04:35', 0),
	(4030, 71, '2024-06-07 07:04:35', 0),
	(4031, 72, '2024-06-07 07:04:35', 0),
	(4032, 73, '2024-06-07 07:04:35', 0),
	(4033, 74, '2024-06-07 07:04:36', 0),
	(4034, 75, '2024-06-07 07:04:36', 0),
	(4035, 76, '2024-06-07 07:04:36', 0),
	(4036, 77, '2024-06-07 07:04:36', 0),
	(4037, 78, '2024-06-07 07:04:36', 0),
	(4038, 79, '2024-06-07 07:04:36', 0),
	(4040, 81, '2024-06-07 07:04:36', 0),
	(4041, 82, '2024-06-07 07:04:36', 0),
	(4042, 83, '2024-06-07 07:04:36', 0),
	(4043, 84, '2024-06-07 07:04:36', 0),
	(4044, 85, '2024-06-07 07:04:36', 0),
	(4045, 86, '2024-06-07 07:04:36', 0),
	(4046, 87, '2024-06-07 07:04:36', 0),
	(4047, 88, '2024-06-07 07:04:36', 0),
	(4048, 89, '2024-06-07 07:04:36', 0),
	(4049, 90, '2024-06-07 07:04:36', 0),
	(4050, 91, '2024-06-07 07:04:36', 0),
	(4051, 92, '2024-06-07 07:04:36', 0),
	(4052, 93, '2024-06-07 07:04:36', 0),
	(4053, 94, '2024-06-07 07:04:36', 0),
	(4054, 95, '2024-06-07 07:04:36', 0),
	(4055, 96, '2024-06-07 07:04:36', 0),
	(4056, 97, '2024-06-07 07:04:36', 0),
	(4057, 98, '2024-06-07 07:04:36', 0),
	(4058, 99, '2024-06-07 07:04:36', 0),
	(4059, 100, '2024-06-07 07:04:37', 0),
	(4060, 101, '2024-06-07 07:04:37', 0),
	(4061, 2, '2024-06-11 10:43:47', 0),
	(4062, 3, '2024-06-11 10:43:48', 0),
	(4063, 4, '2024-06-11 10:43:48', 0),
	(4064, 5, '2024-06-11 10:43:48', 0),
	(4065, 6, '2024-06-11 10:43:48', 0),
	(4066, 7, '2024-06-11 10:43:49', 0),
	(4067, 8, '2024-06-11 10:43:49', 0),
	(4068, 9, '2024-06-11 10:43:49', 0),
	(4069, 10, '2024-06-11 10:43:49', 0),
	(4070, 11, '2024-06-11 10:43:49', 0),
	(4071, 12, '2024-06-11 10:43:49', 0),
	(4072, 13, '2024-06-11 10:43:49', 0),
	(4073, 14, '2024-06-11 10:43:49', 0),
	(4074, 15, '2024-06-11 10:43:49', 0),
	(4075, 16, '2024-06-11 10:43:49', 0),
	(4076, 17, '2024-06-11 10:43:49', 0),
	(4077, 18, '2024-06-11 10:43:49', 0),
	(4078, 19, '2024-06-11 10:43:49', 0),
	(4079, 20, '2024-06-11 10:43:49', 0),
	(4080, 21, '2024-06-11 10:43:49', 0),
	(4081, 22, '2024-06-11 10:43:49', 0),
	(4082, 23, '2024-06-11 10:43:49', 0),
	(4083, 24, '2024-06-11 10:43:49', 0),
	(4084, 25, '2024-06-11 10:43:49', 0),
	(4085, 27, '2024-06-11 10:43:49', 0),
	(4086, 28, '2024-06-11 10:43:49', 0),
	(4087, 29, '2024-06-11 10:43:49', 0),
	(4088, 30, '2024-06-11 10:43:49', 0),
	(4089, 31, '2024-06-11 10:43:49', 0),
	(4090, 32, '2024-06-11 10:43:49', 0),
	(4091, 33, '2024-06-11 10:43:50', 0),
	(4092, 34, '2024-06-11 10:43:50', 0),
	(4093, 35, '2024-06-11 10:43:50', 0),
	(4094, 36, '2024-06-11 10:43:50', 0),
	(4095, 37, '2024-06-11 10:43:50', 0),
	(4096, 38, '2024-06-11 10:43:50', 0),
	(4097, 39, '2024-06-11 10:43:50', 0),
	(4098, 40, '2024-06-11 10:43:50', 0),
	(4099, 41, '2024-06-11 10:43:50', 0),
	(4100, 42, '2024-06-11 10:43:50', 0),
	(4101, 43, '2024-06-11 10:43:50', 0),
	(4102, 44, '2024-06-11 10:43:50', 0),
	(4103, 45, '2024-06-11 10:43:50', 0),
	(4104, 46, '2024-06-11 10:43:50', 0),
	(4105, 47, '2024-06-11 10:43:50', 0),
	(4106, 48, '2024-06-11 10:43:50', 0),
	(4107, 49, '2024-06-11 10:43:50', 0),
	(4108, 50, '2024-06-11 10:43:50', 0),
	(4109, 51, '2024-06-11 10:43:50', 0),
	(4110, 52, '2024-06-11 10:43:50', 0),
	(4111, 53, '2024-06-11 10:43:50', 0),
	(4112, 54, '2024-06-11 10:43:50', 0),
	(4113, 55, '2024-06-11 10:43:50', 0),
	(4114, 56, '2024-06-11 10:43:50', 0),
	(4115, 57, '2024-06-11 10:43:50', 0),
	(4116, 58, '2024-06-11 10:43:50', 0),
	(4117, 59, '2024-06-11 10:43:50', 0),
	(4118, 60, '2024-06-11 10:43:51', 0),
	(4119, 61, '2024-06-11 10:43:51', 0),
	(4120, 62, '2024-06-11 10:43:51', 0),
	(4121, 63, '2024-06-11 10:43:51', 0),
	(4122, 64, '2024-06-11 10:43:51', 0),
	(4123, 65, '2024-06-11 10:43:51', 0),
	(4124, 66, '2024-06-11 10:43:51', 0),
	(4125, 67, '2024-06-11 10:43:51', 0),
	(4126, 68, '2024-06-11 10:43:51', 0),
	(4127, 69, '2024-06-11 10:43:51', 0),
	(4128, 70, '2024-06-11 10:43:51', 0),
	(4129, 71, '2024-06-11 10:43:51', 0),
	(4130, 72, '2024-06-11 10:43:51', 0),
	(4131, 73, '2024-06-11 10:43:51', 0),
	(4132, 74, '2024-06-11 10:43:51', 0),
	(4133, 75, '2024-06-11 10:43:51', 0),
	(4134, 76, '2024-06-11 10:43:51', 0),
	(4135, 77, '2024-06-11 10:43:51', 0),
	(4136, 78, '2024-06-11 10:43:51', 0),
	(4137, 79, '2024-06-11 10:43:51', 0),
	(4139, 81, '2024-06-11 10:43:51', 0),
	(4140, 82, '2024-06-11 10:43:51', 0),
	(4141, 83, '2024-06-11 10:43:51', 0),
	(4142, 84, '2024-06-11 10:43:51', 0),
	(4143, 85, '2024-06-11 10:43:51', 0),
	(4144, 86, '2024-06-11 10:43:51', 0),
	(4145, 87, '2024-06-11 10:43:52', 0),
	(4146, 88, '2024-06-11 10:43:52', 0),
	(4147, 89, '2024-06-11 10:43:52', 0),
	(4148, 90, '2024-06-11 10:43:52', 0),
	(4149, 91, '2024-06-11 10:43:52', 0),
	(4150, 92, '2024-06-11 10:43:52', 0),
	(4151, 93, '2024-06-11 10:43:52', 0),
	(4152, 94, '2024-06-11 10:43:52', 0),
	(4153, 95, '2024-06-11 10:43:52', 0),
	(4154, 96, '2024-06-11 10:43:52', 0),
	(4155, 97, '2024-06-11 10:43:52', 0),
	(4156, 98, '2024-06-11 10:43:52', 0),
	(4157, 99, '2024-06-11 10:43:52', 0),
	(4158, 100, '2024-06-11 10:43:52', 0),
	(4159, 101, '2024-06-11 10:43:52', 0),
	(4160, 2, '2024-06-11 21:23:12', 0),
	(4161, 3, '2024-06-11 21:23:13', 0),
	(4162, 4, '2024-06-11 21:23:13', 0),
	(4163, 5, '2024-06-11 21:23:13', 0),
	(4164, 6, '2024-06-11 21:23:13', 0),
	(4165, 7, '2024-06-11 21:23:14', 0),
	(4166, 8, '2024-06-11 21:23:14', 0),
	(4167, 9, '2024-06-11 21:23:14', 0),
	(4168, 10, '2024-06-11 21:23:14', 0),
	(4169, 11, '2024-06-11 21:23:14', 0),
	(4170, 12, '2024-06-11 21:23:14', 0),
	(4171, 13, '2024-06-11 21:23:14', 0),
	(4172, 14, '2024-06-11 21:23:14', 223),
	(4173, 15, '2024-06-11 21:23:14', 0),
	(4174, 16, '2024-06-11 21:23:14', 0),
	(4175, 17, '2024-06-11 21:23:14', 0),
	(4176, 18, '2024-06-11 21:23:14', 0),
	(4177, 19, '2024-06-11 21:23:14', 0),
	(4178, 20, '2024-06-11 21:23:14', 0),
	(4179, 21, '2024-06-11 21:23:14', 0),
	(4180, 22, '2024-06-11 21:23:14', 0),
	(4181, 23, '2024-06-11 21:23:14', 0),
	(4182, 24, '2024-06-11 21:23:14', 0),
	(4183, 25, '2024-06-11 21:23:14', 0),
	(4184, 27, '2024-06-11 21:23:14', 0),
	(4185, 28, '2024-06-11 21:23:14', 0),
	(4186, 29, '2024-06-11 21:23:14', 0),
	(4187, 30, '2024-06-11 21:23:14', 56433),
	(4188, 31, '2024-06-11 21:23:14', 0),
	(4189, 32, '2024-06-11 21:23:15', 0),
	(4190, 33, '2024-06-11 21:23:15', 0),
	(4191, 34, '2024-06-11 21:23:15', 0),
	(4192, 35, '2024-06-11 21:23:15', 0),
	(4193, 36, '2024-06-11 21:23:15', 0),
	(4194, 37, '2024-06-11 21:23:15', 0),
	(4195, 38, '2024-06-11 21:23:15', 0),
	(4196, 39, '2024-06-11 21:23:15', 0),
	(4197, 40, '2024-06-11 21:23:15', 0),
	(4198, 41, '2024-06-11 21:23:15', 0),
	(4199, 42, '2024-06-11 21:23:15', 0),
	(4200, 43, '2024-06-11 21:23:15', 0),
	(4201, 44, '2024-06-11 21:23:15', 0),
	(4202, 45, '2024-06-11 21:23:15', 0),
	(4203, 46, '2024-06-11 21:23:15', 0),
	(4204, 47, '2024-06-11 21:23:15', 0),
	(4205, 48, '2024-06-11 21:23:15', 0),
	(4206, 49, '2024-06-11 21:23:15', 0),
	(4207, 50, '2024-06-11 21:23:15', 0),
	(4208, 51, '2024-06-11 21:23:15', 0),
	(4209, 52, '2024-06-11 21:23:15', 0),
	(4210, 53, '2024-06-11 21:23:15', 0),
	(4211, 54, '2024-06-11 21:23:15', 0),
	(4212, 55, '2024-06-11 21:23:15', 0),
	(4213, 56, '2024-06-11 21:23:15', 0),
	(4214, 57, '2024-06-11 21:23:15', 0),
	(4215, 58, '2024-06-11 21:23:15', 0),
	(4216, 59, '2024-06-11 21:23:16', 0),
	(4217, 60, '2024-06-11 21:23:16', 0),
	(4218, 61, '2024-06-11 21:23:16', 0),
	(4219, 62, '2024-06-11 21:23:16', 0),
	(4220, 63, '2024-06-11 21:23:16', 0),
	(4221, 64, '2024-06-11 21:23:16', 0),
	(4222, 65, '2024-06-11 21:23:16', 0),
	(4223, 66, '2024-06-11 21:23:16', 0),
	(4224, 67, '2024-06-11 21:23:16', 0),
	(4225, 68, '2024-06-11 21:23:16', 0),
	(4226, 69, '2024-06-11 21:23:16', 0),
	(4227, 70, '2024-06-11 21:23:16', 0),
	(4228, 71, '2024-06-11 21:23:16', 0),
	(4229, 72, '2024-06-11 21:23:16', 0),
	(4230, 73, '2024-06-11 21:23:16', 0),
	(4231, 74, '2024-06-11 21:23:16', 0),
	(4232, 75, '2024-06-11 21:23:16', 0),
	(4233, 76, '2024-06-11 21:23:16', 0),
	(4234, 77, '2024-06-11 21:23:16', 0),
	(4235, 78, '2024-06-11 21:23:16', 0),
	(4236, 79, '2024-06-11 21:23:16', 0),
	(4238, 81, '2024-06-11 21:23:16', 0),
	(4239, 82, '2024-06-11 21:23:16', 0),
	(4240, 83, '2024-06-11 21:23:16', 0),
	(4241, 84, '2024-06-11 21:23:17', 0),
	(4242, 85, '2024-06-11 21:23:17', 0),
	(4243, 86, '2024-06-11 21:23:17', 0),
	(4244, 87, '2024-06-11 21:23:17', 0),
	(4245, 88, '2024-06-11 21:23:17', 0),
	(4246, 89, '2024-06-11 21:23:17', 0),
	(4247, 90, '2024-06-11 21:23:17', 0),
	(4248, 91, '2024-06-11 21:23:17', 0),
	(4249, 92, '2024-06-11 21:23:17', 681),
	(4250, 93, '2024-06-11 21:23:17', 0),
	(4251, 94, '2024-06-11 21:23:17', 0),
	(4252, 95, '2024-06-11 21:23:17', 0),
	(4253, 96, '2024-06-11 21:23:17', 0),
	(4254, 97, '2024-06-11 21:23:17', 0),
	(4255, 98, '2024-06-11 21:23:17', 0),
	(4256, 99, '2024-06-11 21:23:17', 0),
	(4257, 100, '2024-06-11 21:23:17', 0),
	(4258, 101, '2024-06-11 21:23:17', 0),
	(4259, 2, '2024-06-13 17:51:55', 0),
	(4260, 3, '2024-06-13 17:51:56', 0),
	(4261, 4, '2024-06-13 17:51:57', 0),
	(4262, 5, '2024-06-13 17:51:57', 0),
	(4263, 6, '2024-06-13 17:51:57', 0),
	(4264, 7, '2024-06-13 17:51:57', 0),
	(4265, 8, '2024-06-13 17:51:57', 0),
	(4266, 9, '2024-06-13 17:51:57', 0),
	(4267, 10, '2024-06-13 17:51:57', 0),
	(4268, 11, '2024-06-13 17:51:57', 0),
	(4269, 12, '2024-06-13 17:51:57', 0),
	(4270, 13, '2024-06-13 17:51:57', 0),
	(4271, 14, '2024-06-13 17:51:57', 0),
	(4272, 15, '2024-06-13 17:51:57', 0),
	(4273, 16, '2024-06-13 17:51:57', 0),
	(4274, 17, '2024-06-13 17:51:57', 0),
	(4275, 18, '2024-06-13 17:51:57', 0),
	(4276, 19, '2024-06-13 17:51:57', 0),
	(4277, 20, '2024-06-13 17:51:57', 0),
	(4278, 21, '2024-06-13 17:51:57', 0),
	(4279, 22, '2024-06-13 17:51:57', 0),
	(4280, 23, '2024-06-13 17:51:58', 0),
	(4281, 24, '2024-06-13 17:51:58', 0),
	(4282, 25, '2024-06-13 17:51:58', 0),
	(4283, 27, '2024-06-13 17:51:58', 0),
	(4284, 28, '2024-06-13 17:51:58', 0),
	(4285, 29, '2024-06-13 17:51:58', 0),
	(4286, 30, '2024-06-13 17:51:58', 38858),
	(4287, 31, '2024-06-13 17:51:58', 0),
	(4288, 32, '2024-06-13 17:51:58', 0),
	(4289, 33, '2024-06-13 17:51:58', 0),
	(4290, 34, '2024-06-13 17:51:58', 0),
	(4291, 35, '2024-06-13 17:51:58', 0),
	(4292, 36, '2024-06-13 17:51:58', 0),
	(4293, 37, '2024-06-13 17:51:58', 0),
	(4294, 38, '2024-06-13 17:51:58', 0),
	(4295, 39, '2024-06-13 17:51:58', 0),
	(4296, 40, '2024-06-13 17:51:58', 0),
	(4297, 41, '2024-06-13 17:51:58', 0),
	(4298, 42, '2024-06-13 17:51:58', 0),
	(4299, 43, '2024-06-13 17:51:58', 0),
	(4300, 44, '2024-06-13 17:51:58', 0),
	(4301, 45, '2024-06-13 17:51:58', 0),
	(4302, 46, '2024-06-13 17:51:58', 0),
	(4303, 47, '2024-06-13 17:51:58', 0),
	(4304, 48, '2024-06-13 17:51:58', 0),
	(4305, 49, '2024-06-13 17:51:59', 0),
	(4306, 50, '2024-06-13 17:51:59', 0),
	(4307, 51, '2024-06-13 17:51:59', 0),
	(4308, 52, '2024-06-13 17:51:59', 0),
	(4309, 53, '2024-06-13 17:51:59', 0),
	(4310, 54, '2024-06-13 17:51:59', 0),
	(4311, 55, '2024-06-13 17:51:59', 0),
	(4312, 56, '2024-06-13 17:51:59', 0),
	(4313, 57, '2024-06-13 17:51:59', 0),
	(4314, 58, '2024-06-13 17:51:59', 0),
	(4315, 59, '2024-06-13 17:51:59', 0),
	(4316, 60, '2024-06-13 17:51:59', 0),
	(4317, 61, '2024-06-13 17:51:59', 0),
	(4318, 62, '2024-06-13 17:51:59', 0),
	(4319, 63, '2024-06-13 17:51:59', 0),
	(4320, 64, '2024-06-13 17:51:59', 0),
	(4321, 65, '2024-06-13 17:51:59', 0),
	(4322, 66, '2024-06-13 17:51:59', 124),
	(4323, 67, '2024-06-13 17:51:59', 0),
	(4324, 68, '2024-06-13 17:51:59', 0),
	(4325, 69, '2024-06-13 17:51:59', 0),
	(4326, 70, '2024-06-13 17:51:59', 0),
	(4327, 71, '2024-06-13 17:51:59', 0),
	(4328, 72, '2024-06-13 17:51:59', 0),
	(4329, 73, '2024-06-13 17:51:59', 0),
	(4330, 74, '2024-06-13 17:52:00', 0),
	(4331, 75, '2024-06-13 17:52:00', 0),
	(4332, 76, '2024-06-13 17:52:00', 0),
	(4333, 77, '2024-06-13 17:52:00', 0),
	(4334, 78, '2024-06-13 17:52:00', 0),
	(4335, 79, '2024-06-13 17:52:00', 0),
	(4337, 81, '2024-06-13 17:52:00', 0),
	(4338, 82, '2024-06-13 17:52:00', 0),
	(4339, 83, '2024-06-13 17:52:00', 0),
	(4340, 84, '2024-06-13 17:52:00', 0),
	(4341, 85, '2024-06-13 17:52:00', 0),
	(4342, 86, '2024-06-13 17:52:00', 0),
	(4343, 87, '2024-06-13 17:52:00', 0),
	(4344, 88, '2024-06-13 17:52:00', 0),
	(4345, 89, '2024-06-13 17:52:00', 0),
	(4346, 90, '2024-06-13 17:52:00', 0),
	(4347, 91, '2024-06-13 17:52:00', 0),
	(4348, 92, '2024-06-13 17:52:00', 0),
	(4349, 93, '2024-06-13 17:52:00', 0),
	(4350, 94, '2024-06-13 17:52:00', 0),
	(4351, 95, '2024-06-13 17:52:00', 0),
	(4352, 96, '2024-06-13 17:52:00', 0),
	(4353, 97, '2024-06-13 17:52:00', 0),
	(4354, 98, '2024-06-13 17:52:00', 0),
	(4355, 99, '2024-06-13 17:52:01', 0),
	(4356, 100, '2024-06-13 17:52:01', 0),
	(4357, 101, '2024-06-13 17:52:01', 0),
	(4358, 2, '2024-06-13 21:16:53', 0),
	(4359, 3, '2024-06-13 21:16:54', 0),
	(4360, 4, '2024-06-13 21:16:54', 0),
	(4361, 5, '2024-06-13 21:16:54', 0),
	(4362, 6, '2024-06-13 21:16:54', 0),
	(4363, 7, '2024-06-13 21:16:54', 0),
	(4364, 8, '2024-06-13 21:16:54', 0),
	(4365, 9, '2024-06-13 21:16:54', 0),
	(4366, 10, '2024-06-13 21:16:55', 0),
	(4367, 11, '2024-06-13 21:16:55', 0),
	(4368, 12, '2024-06-13 21:16:55', 0),
	(4369, 13, '2024-06-13 21:16:55', 0),
	(4370, 14, '2024-06-13 21:16:55', 0),
	(4371, 15, '2024-06-13 21:16:55', 0),
	(4372, 16, '2024-06-13 21:16:55', 0),
	(4373, 17, '2024-06-13 21:16:55', 0),
	(4374, 18, '2024-06-13 21:16:55', 0),
	(4375, 19, '2024-06-13 21:16:55', 0),
	(4376, 20, '2024-06-13 21:16:55', 0),
	(4377, 21, '2024-06-13 21:16:55', 0),
	(4378, 22, '2024-06-13 21:16:55', 0),
	(4379, 23, '2024-06-13 21:16:55', 0),
	(4380, 24, '2024-06-13 21:16:55', 0),
	(4381, 25, '2024-06-13 21:16:55', 0),
	(4382, 27, '2024-06-13 21:16:55', 0),
	(4383, 28, '2024-06-13 21:16:55', 0),
	(4384, 29, '2024-06-13 21:16:55', 0),
	(4385, 30, '2024-06-13 21:16:55', 5431269),
	(4386, 31, '2024-06-13 21:16:55', 0),
	(4387, 32, '2024-06-13 21:16:55', 0),
	(4388, 33, '2024-06-13 21:16:55', 0),
	(4389, 34, '2024-06-13 21:16:55', 0),
	(4390, 35, '2024-06-13 21:16:55', 0),
	(4391, 36, '2024-06-13 21:16:56', 0),
	(4392, 37, '2024-06-13 21:16:56', 0),
	(4393, 38, '2024-06-13 21:16:56', 0),
	(4394, 39, '2024-06-13 21:16:56', 0),
	(4395, 40, '2024-06-13 21:16:56', 0),
	(4396, 41, '2024-06-13 21:16:56', 0),
	(4397, 42, '2024-06-13 21:16:56', 0),
	(4398, 43, '2024-06-13 21:16:56', 0),
	(4399, 44, '2024-06-13 21:16:56', 0),
	(4400, 45, '2024-06-13 21:16:56', 0),
	(4401, 46, '2024-06-13 21:16:56', 0),
	(4402, 47, '2024-06-13 21:16:56', 0),
	(4403, 48, '2024-06-13 21:16:56', 0),
	(4404, 49, '2024-06-13 21:16:56', 0),
	(4405, 50, '2024-06-13 21:16:56', 0),
	(4406, 51, '2024-06-13 21:16:56', 0),
	(4407, 52, '2024-06-13 21:16:56', 0),
	(4408, 53, '2024-06-13 21:16:56', 0),
	(4409, 54, '2024-06-13 21:16:56', 0),
	(4410, 55, '2024-06-13 21:16:56', 0),
	(4411, 56, '2024-06-13 21:16:56', 0),
	(4412, 57, '2024-06-13 21:16:56', 0),
	(4413, 58, '2024-06-13 21:16:56', 0),
	(4414, 59, '2024-06-13 21:16:56', 0),
	(4415, 60, '2024-06-13 21:16:56', 0),
	(4416, 61, '2024-06-13 21:16:56', 0),
	(4417, 62, '2024-06-13 21:16:57', 0),
	(4418, 63, '2024-06-13 21:16:57', 0),
	(4419, 64, '2024-06-13 21:16:57', 0),
	(4420, 65, '2024-06-13 21:16:57', 0),
	(4421, 66, '2024-06-13 21:16:57', 0),
	(4422, 67, '2024-06-13 21:16:57', 0),
	(4423, 68, '2024-06-13 21:16:57', 0),
	(4424, 69, '2024-06-13 21:16:57', 0),
	(4425, 70, '2024-06-13 21:16:57', 0),
	(4426, 71, '2024-06-13 21:16:57', 0),
	(4427, 72, '2024-06-13 21:16:57', 0),
	(4428, 73, '2024-06-13 21:16:57', 0),
	(4429, 74, '2024-06-13 21:16:57', 0),
	(4430, 75, '2024-06-13 21:16:57', 0),
	(4431, 76, '2024-06-13 21:16:57', 0),
	(4432, 77, '2024-06-13 21:16:57', 0),
	(4433, 78, '2024-06-13 21:16:57', 0),
	(4434, 79, '2024-06-13 21:16:57', 0),
	(4436, 81, '2024-06-13 21:16:57', 0),
	(4437, 82, '2024-06-13 21:16:57', 0),
	(4438, 83, '2024-06-13 21:16:57', 0),
	(4439, 84, '2024-06-13 21:16:57', 0),
	(4440, 85, '2024-06-13 21:16:57', 0),
	(4441, 86, '2024-06-13 21:16:57', 0),
	(4442, 87, '2024-06-13 21:16:57', 0),
	(4443, 88, '2024-06-13 21:16:58', 0),
	(4444, 89, '2024-06-13 21:16:58', 0),
	(4445, 90, '2024-06-13 21:16:58', 0),
	(4446, 91, '2024-06-13 21:16:58', 0),
	(4447, 92, '2024-06-13 21:16:58', 0),
	(4448, 93, '2024-06-13 21:16:58', 0),
	(4449, 94, '2024-06-13 21:16:58', 0),
	(4450, 95, '2024-06-13 21:16:58', 0),
	(4451, 96, '2024-06-13 21:16:58', 0),
	(4452, 97, '2024-06-13 21:16:58', 0),
	(4453, 98, '2024-06-13 21:16:58', 0),
	(4454, 99, '2024-06-13 21:16:58', 0),
	(4455, 100, '2024-06-13 21:16:58', 0),
	(4456, 101, '2024-06-13 21:16:58', 0),
	(4457, 2, '2024-06-14 21:08:41', 0),
	(4458, 3, '2024-06-14 21:08:42', 0),
	(4459, 4, '2024-06-14 21:08:42', 0),
	(4460, 5, '2024-06-14 21:08:42', 0),
	(4461, 6, '2024-06-14 21:08:42', 0),
	(4462, 7, '2024-06-14 21:08:43', 0),
	(4463, 8, '2024-06-14 21:08:43', 0),
	(4464, 9, '2024-06-14 21:08:43', 0),
	(4465, 10, '2024-06-14 21:08:43', 0),
	(4466, 11, '2024-06-14 21:08:43', 0),
	(4467, 12, '2024-06-14 21:08:43', 0),
	(4468, 13, '2024-06-14 21:08:43', 0),
	(4469, 14, '2024-06-14 21:08:43', 0),
	(4470, 15, '2024-06-14 21:08:43', 0),
	(4471, 16, '2024-06-14 21:08:43', 0),
	(4472, 17, '2024-06-14 21:08:43', 0),
	(4473, 18, '2024-06-14 21:08:43', 0),
	(4474, 19, '2024-06-14 21:08:43', 0),
	(4475, 20, '2024-06-14 21:08:43', 0),
	(4476, 21, '2024-06-14 21:08:43', 0),
	(4477, 22, '2024-06-14 21:08:43', 0),
	(4478, 23, '2024-06-14 21:08:43', 0),
	(4479, 24, '2024-06-14 21:08:43', 0),
	(4480, 25, '2024-06-14 21:08:43', 0),
	(4481, 27, '2024-06-14 21:08:43', 0),
	(4482, 28, '2024-06-14 21:08:43', 0),
	(4483, 29, '2024-06-14 21:08:43', 0),
	(4484, 30, '2024-06-14 21:08:43', 174123),
	(4485, 31, '2024-06-14 21:08:43', 0),
	(4486, 32, '2024-06-14 21:08:44', 0),
	(4487, 33, '2024-06-14 21:08:44', 0),
	(4488, 34, '2024-06-14 21:08:44', 0),
	(4489, 35, '2024-06-14 21:08:44', 0),
	(4490, 36, '2024-06-14 21:08:44', 0),
	(4491, 37, '2024-06-14 21:08:44', 0),
	(4492, 38, '2024-06-14 21:08:44', 0),
	(4493, 39, '2024-06-14 21:08:44', 0),
	(4494, 40, '2024-06-14 21:08:44', 0),
	(4495, 41, '2024-06-14 21:08:44', 0),
	(4496, 42, '2024-06-14 21:08:44', 0),
	(4497, 43, '2024-06-14 21:08:44', 0),
	(4498, 44, '2024-06-14 21:08:44', 0),
	(4499, 45, '2024-06-14 21:08:44', 0),
	(4500, 46, '2024-06-14 21:08:44', 0),
	(4501, 47, '2024-06-14 21:08:44', 0),
	(4502, 48, '2024-06-14 21:08:44', 0),
	(4503, 49, '2024-06-14 21:08:44', 0),
	(4504, 50, '2024-06-14 21:08:44', 0),
	(4505, 51, '2024-06-14 21:08:44', 0),
	(4506, 52, '2024-06-14 21:08:44', 0),
	(4507, 53, '2024-06-14 21:08:44', 0),
	(4508, 54, '2024-06-14 21:08:44', 0),
	(4509, 55, '2024-06-14 21:08:44', 0),
	(4510, 56, '2024-06-14 21:08:45', 0),
	(4511, 57, '2024-06-14 21:08:45', 0),
	(4512, 58, '2024-06-14 21:08:45', 0),
	(4513, 59, '2024-06-14 21:08:45', 0),
	(4514, 60, '2024-06-14 21:08:45', 0),
	(4515, 61, '2024-06-14 21:08:45', 0),
	(4516, 62, '2024-06-14 21:08:45', 0),
	(4517, 63, '2024-06-14 21:08:45', 0),
	(4518, 64, '2024-06-14 21:08:45', 0),
	(4519, 65, '2024-06-14 21:08:45', 0),
	(4520, 66, '2024-06-14 21:08:45', 0),
	(4521, 67, '2024-06-14 21:08:45', 0),
	(4522, 68, '2024-06-14 21:08:45', 0),
	(4523, 69, '2024-06-14 21:08:45', 0),
	(4524, 70, '2024-06-14 21:08:45', 0),
	(4525, 71, '2024-06-14 21:08:45', 0),
	(4526, 72, '2024-06-14 21:08:45', 0),
	(4527, 73, '2024-06-14 21:08:45', 0),
	(4528, 74, '2024-06-14 21:08:45', 0),
	(4529, 75, '2024-06-14 21:08:45', 0),
	(4530, 76, '2024-06-14 21:08:45', 0),
	(4531, 77, '2024-06-14 21:08:45', 0),
	(4532, 78, '2024-06-14 21:08:45', 0),
	(4533, 79, '2024-06-14 21:08:45', 0),
	(4535, 81, '2024-06-14 21:08:46', 0),
	(4536, 82, '2024-06-14 21:08:46', 0),
	(4537, 83, '2024-06-14 21:08:46', 0),
	(4538, 84, '2024-06-14 21:08:46', 0),
	(4539, 85, '2024-06-14 21:08:46', 0),
	(4540, 86, '2024-06-14 21:08:46', 0),
	(4541, 87, '2024-06-14 21:08:46', 0),
	(4542, 88, '2024-06-14 21:08:46', 0),
	(4543, 89, '2024-06-14 21:08:46', 0),
	(4544, 90, '2024-06-14 21:08:46', 0),
	(4545, 91, '2024-06-14 21:08:46', 0),
	(4546, 92, '2024-06-14 21:08:46', 0),
	(4547, 93, '2024-06-14 21:08:46', 0),
	(4548, 94, '2024-06-14 21:08:46', 0),
	(4549, 95, '2024-06-14 21:08:46', 0),
	(4550, 96, '2024-06-14 21:08:46', 0),
	(4551, 97, '2024-06-14 21:08:46', 0),
	(4552, 98, '2024-06-14 21:08:46', 0),
	(4553, 99, '2024-06-14 21:08:46', 0),
	(4554, 100, '2024-06-14 21:08:46', 0),
	(4555, 101, '2024-06-14 21:08:46', 0),
	(4556, 30, '2024-06-15 21:15:29', 95880063),
	(4557, 2, '2024-06-15 21:22:34', 0),
	(4558, 3, '2024-06-15 21:22:35', 0),
	(4559, 4, '2024-06-15 21:22:35', 0),
	(4560, 5, '2024-06-15 21:22:35', 0),
	(4561, 6, '2024-06-15 21:22:35', 0),
	(4562, 7, '2024-06-15 21:22:35', 0),
	(4563, 8, '2024-06-15 21:22:36', 0),
	(4564, 9, '2024-06-15 21:22:36', 0),
	(4565, 10, '2024-06-15 21:22:36', 0),
	(4566, 11, '2024-06-15 21:22:36', 0),
	(4567, 12, '2024-06-15 21:22:36', 0),
	(4568, 13, '2024-06-15 21:22:36', 0),
	(4569, 14, '2024-06-15 21:22:36', 0),
	(4570, 15, '2024-06-15 21:22:36', 0),
	(4571, 16, '2024-06-15 21:22:36', 0),
	(4572, 17, '2024-06-15 21:22:36', 0),
	(4573, 18, '2024-06-15 21:22:36', 0),
	(4574, 19, '2024-06-15 21:22:36', 0),
	(4575, 20, '2024-06-15 21:22:36', 0),
	(4576, 21, '2024-06-15 21:22:36', 0),
	(4577, 22, '2024-06-15 21:22:36', 0),
	(4578, 23, '2024-06-15 21:22:36', 0),
	(4579, 24, '2024-06-15 21:22:36', 0),
	(4580, 25, '2024-06-15 21:22:36', 0),
	(4581, 27, '2024-06-15 21:22:36', 0),
	(4582, 28, '2024-06-15 21:22:36', 0),
	(4583, 29, '2024-06-15 21:22:36', 0),
	(4584, 31, '2024-06-15 21:22:36', 0),
	(4585, 32, '2024-06-15 21:22:36', 0),
	(4586, 33, '2024-06-15 21:22:36', 0),
	(4587, 34, '2024-06-15 21:22:36', 0),
	(4588, 35, '2024-06-15 21:22:37', 0),
	(4589, 36, '2024-06-15 21:22:37', 0),
	(4590, 37, '2024-06-15 21:22:37', 0),
	(4591, 38, '2024-06-15 21:22:37', 0),
	(4592, 39, '2024-06-15 21:22:37', 0),
	(4593, 40, '2024-06-15 21:22:37', 0),
	(4594, 41, '2024-06-15 21:22:37', 0),
	(4595, 42, '2024-06-15 21:22:37', 0),
	(4596, 43, '2024-06-15 21:22:37', 0),
	(4597, 44, '2024-06-15 21:22:37', 0),
	(4598, 45, '2024-06-15 21:22:37', 0),
	(4599, 46, '2024-06-15 21:22:37', 0),
	(4600, 47, '2024-06-15 21:22:37', 0),
	(4601, 48, '2024-06-15 21:22:37', 0),
	(4602, 49, '2024-06-15 21:22:37', 0),
	(4603, 50, '2024-06-15 21:22:37', 0),
	(4604, 51, '2024-06-15 21:22:37', 0),
	(4605, 52, '2024-06-15 21:22:37', 0),
	(4606, 53, '2024-06-15 21:22:37', 0),
	(4607, 54, '2024-06-15 21:22:37', 0),
	(4608, 55, '2024-06-15 21:22:37', 0),
	(4609, 56, '2024-06-15 21:22:37', 0),
	(4610, 57, '2024-06-15 21:22:37', 0),
	(4611, 58, '2024-06-15 21:22:37', 0),
	(4612, 59, '2024-06-15 21:22:37', 0),
	(4613, 60, '2024-06-15 21:22:38', 0),
	(4614, 61, '2024-06-15 21:22:38', 0),
	(4615, 62, '2024-06-15 21:22:38', 0),
	(4616, 63, '2024-06-15 21:22:38', 0),
	(4617, 64, '2024-06-15 21:22:38', 0),
	(4618, 65, '2024-06-15 21:22:38', 0),
	(4619, 66, '2024-06-15 21:22:38', 0),
	(4620, 67, '2024-06-15 21:22:38', 0),
	(4621, 68, '2024-06-15 21:22:38', 0),
	(4622, 69, '2024-06-15 21:22:38', 0),
	(4623, 70, '2024-06-15 21:22:38', 0),
	(4624, 71, '2024-06-15 21:22:38', 0),
	(4625, 72, '2024-06-15 21:22:38', 0),
	(4626, 73, '2024-06-15 21:22:38', 0),
	(4627, 74, '2024-06-15 21:22:38', 0),
	(4628, 75, '2024-06-15 21:22:38', 0),
	(4629, 76, '2024-06-15 21:22:38', 0),
	(4630, 77, '2024-06-15 21:22:38', 0),
	(4631, 78, '2024-06-15 21:22:38', 0),
	(4632, 79, '2024-06-15 21:22:38', 0),
	(4634, 81, '2024-06-15 21:22:38', 0),
	(4635, 82, '2024-06-15 21:22:39', 0),
	(4636, 83, '2024-06-15 21:22:39', 0),
	(4637, 84, '2024-06-15 21:22:39', 0),
	(4638, 85, '2024-06-15 21:22:39', 0),
	(4639, 86, '2024-06-15 21:22:39', 0),
	(4640, 87, '2024-06-15 21:22:39', 0),
	(4641, 88, '2024-06-15 21:22:39', 0),
	(4642, 89, '2024-06-15 21:22:39', 0),
	(4643, 90, '2024-06-15 21:22:39', 0),
	(4644, 91, '2024-06-15 21:22:39', 0),
	(4645, 92, '2024-06-15 21:22:39', 0),
	(4646, 93, '2024-06-15 21:22:39', 0),
	(4647, 94, '2024-06-15 21:22:39', 0),
	(4648, 95, '2024-06-15 21:22:39', 0),
	(4649, 96, '2024-06-15 21:22:39', 0),
	(4650, 97, '2024-06-15 21:22:39', 0),
	(4651, 98, '2024-06-15 21:22:39', 0),
	(4652, 99, '2024-06-15 21:22:39', 0),
	(4653, 100, '2024-06-15 21:22:39', 0),
	(4654, 101, '2024-06-15 21:22:39', 0),
	(4655, 2, '2024-06-16 21:34:41', 0),
	(4656, 3, '2024-06-16 21:34:41', 0),
	(4657, 4, '2024-06-16 21:34:41', 446),
	(4658, 5, '2024-06-16 21:34:41', 0),
	(4659, 6, '2024-06-16 21:34:41', 0),
	(4660, 7, '2024-06-16 21:34:41', 0),
	(4661, 8, '2024-06-16 21:34:41', 0),
	(4662, 9, '2024-06-16 21:34:41', 0),
	(4663, 10, '2024-06-16 21:34:41', 0),
	(4664, 11, '2024-06-16 21:34:41', 0),
	(4665, 12, '2024-06-16 21:34:41', 0),
	(4666, 13, '2024-06-16 21:34:41', 0),
	(4667, 14, '2024-06-16 21:34:42', 0),
	(4668, 15, '2024-06-16 21:34:42', 0),
	(4669, 16, '2024-06-16 21:34:42', 0),
	(4670, 17, '2024-06-16 21:34:42', 0),
	(4671, 18, '2024-06-16 21:34:42', 0),
	(4672, 19, '2024-06-16 21:34:42', 0),
	(4673, 20, '2024-06-16 21:34:42', 0),
	(4674, 21, '2024-06-16 21:34:42', 0),
	(4675, 22, '2024-06-16 21:34:42', 0),
	(4676, 23, '2024-06-16 21:34:42', 0),
	(4677, 24, '2024-06-16 21:34:42', 0),
	(4678, 25, '2024-06-16 21:34:42', 0),
	(4679, 27, '2024-06-16 21:34:42', 0),
	(4680, 28, '2024-06-16 21:34:42', 990),
	(4681, 29, '2024-06-16 21:34:42', 0),
	(4682, 30, '2024-06-16 21:34:42', 1612),
	(4683, 31, '2024-06-16 21:34:42', 0),
	(4684, 32, '2024-06-16 21:34:42', 0),
	(4685, 33, '2024-06-16 21:34:42', 0),
	(4686, 34, '2024-06-16 21:34:42', 0),
	(4687, 35, '2024-06-16 21:34:42', 0),
	(4688, 36, '2024-06-16 21:34:42', 0),
	(4689, 37, '2024-06-16 21:34:42', 0),
	(4690, 38, '2024-06-16 21:34:42', 0),
	(4691, 39, '2024-06-16 21:34:42', 0),
	(4692, 40, '2024-06-16 21:34:43', 0),
	(4693, 41, '2024-06-16 21:34:43', 0),
	(4694, 42, '2024-06-16 21:34:43', 0),
	(4695, 43, '2024-06-16 21:34:43', 0),
	(4696, 44, '2024-06-16 21:34:43', 0),
	(4697, 45, '2024-06-16 21:34:43', 0),
	(4698, 46, '2024-06-16 21:34:43', 0),
	(4699, 47, '2024-06-16 21:34:43', 0),
	(4700, 48, '2024-06-16 21:34:43', 0),
	(4701, 49, '2024-06-16 21:34:43', 0),
	(4702, 50, '2024-06-16 21:34:43', 0),
	(4703, 51, '2024-06-16 21:34:43', 0),
	(4704, 52, '2024-06-16 21:34:43', 0),
	(4705, 53, '2024-06-16 21:34:43', 0),
	(4706, 54, '2024-06-16 21:34:43', 0),
	(4707, 55, '2024-06-16 21:34:43', 0),
	(4708, 56, '2024-06-16 21:34:43', 0),
	(4709, 57, '2024-06-16 21:34:43', 0),
	(4710, 58, '2024-06-16 21:34:43', 0),
	(4711, 59, '2024-06-16 21:34:43', 0),
	(4712, 60, '2024-06-16 21:34:43', 0),
	(4713, 61, '2024-06-16 21:34:43', 0),
	(4714, 62, '2024-06-16 21:34:43', 0),
	(4715, 63, '2024-06-16 21:34:43', 0),
	(4716, 64, '2024-06-16 21:34:43', 0),
	(4717, 65, '2024-06-16 21:34:43', 0),
	(4718, 66, '2024-06-16 21:34:44', 0),
	(4719, 67, '2024-06-16 21:34:44', 0),
	(4720, 68, '2024-06-16 21:34:44', 0),
	(4721, 69, '2024-06-16 21:34:44', 0),
	(4722, 70, '2024-06-16 21:34:44', 0),
	(4723, 71, '2024-06-16 21:34:44', 0),
	(4724, 72, '2024-06-16 21:34:44', 0),
	(4725, 73, '2024-06-16 21:34:44', 0),
	(4726, 74, '2024-06-16 21:34:44', 0),
	(4727, 75, '2024-06-16 21:34:44', 0),
	(4728, 76, '2024-06-16 21:34:44', 0),
	(4729, 77, '2024-06-16 21:34:44', 0),
	(4730, 78, '2024-06-16 21:34:44', 0),
	(4731, 79, '2024-06-16 21:34:44', 0),
	(4733, 81, '2024-06-16 21:34:44', 0),
	(4734, 82, '2024-06-16 21:34:44', 0),
	(4735, 83, '2024-06-16 21:34:44', 0),
	(4736, 84, '2024-06-16 21:34:44', 0),
	(4737, 85, '2024-06-16 21:34:44', 769),
	(4738, 86, '2024-06-16 21:34:44', 0),
	(4739, 87, '2024-06-16 21:34:44', 0),
	(4740, 88, '2024-06-16 21:34:44', 4455),
	(4741, 89, '2024-06-16 21:34:44', 0),
	(4742, 90, '2024-06-16 21:34:44', 0),
	(4743, 91, '2024-06-16 21:34:45', 0),
	(4744, 92, '2024-06-16 21:34:45', 0),
	(4745, 93, '2024-06-16 21:34:45', 0),
	(4746, 94, '2024-06-16 21:34:45', 0),
	(4747, 95, '2024-06-16 21:34:45', 0),
	(4748, 96, '2024-06-16 21:34:45', 0),
	(4749, 97, '2024-06-16 21:34:45', 0),
	(4750, 98, '2024-06-16 21:34:45', 0),
	(4751, 99, '2024-06-16 21:34:45', 0),
	(4752, 100, '2024-06-16 21:34:45', 0),
	(4753, 101, '2024-06-16 21:34:45', 0),
	(4754, 2, '2024-06-18 22:30:47', 0),
	(4755, 3, '2024-06-18 22:30:48', 0),
	(4756, 4, '2024-06-18 22:30:48', 0),
	(4757, 5, '2024-06-18 22:30:48', 0),
	(4758, 6, '2024-06-18 22:30:49', 0),
	(4759, 7, '2024-06-18 22:30:49', 0),
	(4760, 8, '2024-06-18 22:30:49', 0),
	(4761, 9, '2024-06-18 22:30:49', 0),
	(4762, 10, '2024-06-18 22:30:49', 0),
	(4763, 11, '2024-06-18 22:30:49', 0),
	(4764, 12, '2024-06-18 22:30:49', 0),
	(4765, 13, '2024-06-18 22:30:49', 0),
	(4766, 14, '2024-06-18 22:30:49', 0),
	(4767, 15, '2024-06-18 22:30:49', 0),
	(4768, 16, '2024-06-18 22:30:49', 0),
	(4769, 17, '2024-06-18 22:30:49', 0),
	(4770, 18, '2024-06-18 22:30:49', 0),
	(4771, 19, '2024-06-18 22:30:49', 0),
	(4772, 20, '2024-06-18 22:30:49', 0),
	(4773, 21, '2024-06-18 22:30:49', 0),
	(4774, 22, '2024-06-18 22:30:49', 0),
	(4775, 23, '2024-06-18 22:30:49', 0),
	(4776, 24, '2024-06-18 22:30:49', 0),
	(4777, 25, '2024-06-18 22:30:50', 0),
	(4778, 27, '2024-06-18 22:30:50', 0),
	(4779, 28, '2024-06-18 22:30:50', 0),
	(4780, 29, '2024-06-18 22:30:50', 0),
	(4781, 30, '2024-06-18 22:30:50', 190704),
	(4782, 31, '2024-06-18 22:30:50', 0),
	(4783, 32, '2024-06-18 22:30:50', 0),
	(4784, 33, '2024-06-18 22:30:50', 0),
	(4785, 34, '2024-06-18 22:30:50', 0),
	(4786, 35, '2024-06-18 22:30:50', 0),
	(4787, 36, '2024-06-18 22:30:50', 0),
	(4788, 37, '2024-06-18 22:30:50', 0),
	(4789, 38, '2024-06-18 22:30:50', 0),
	(4790, 39, '2024-06-18 22:30:50', 0),
	(4791, 40, '2024-06-18 22:30:50', 0),
	(4792, 41, '2024-06-18 22:30:50', 0),
	(4793, 42, '2024-06-18 22:30:50', 0),
	(4794, 43, '2024-06-18 22:30:50', 0),
	(4795, 44, '2024-06-18 22:30:50', 0),
	(4796, 45, '2024-06-18 22:30:50', 0),
	(4797, 46, '2024-06-18 22:30:50', 0),
	(4798, 47, '2024-06-18 22:30:50', 0),
	(4799, 48, '2024-06-18 22:30:50', 0),
	(4800, 49, '2024-06-18 22:30:50', 0),
	(4801, 50, '2024-06-18 22:30:50', 0),
	(4802, 51, '2024-06-18 22:30:51', 0),
	(4803, 52, '2024-06-18 22:30:51', 0),
	(4804, 53, '2024-06-18 22:30:51', 0),
	(4805, 54, '2024-06-18 22:30:51', 0),
	(4806, 55, '2024-06-18 22:30:51', 0),
	(4807, 56, '2024-06-18 22:30:51', 0),
	(4808, 57, '2024-06-18 22:30:51', 0),
	(4809, 58, '2024-06-18 22:30:51', 0),
	(4810, 59, '2024-06-18 22:30:51', 0),
	(4811, 60, '2024-06-18 22:30:51', 0),
	(4812, 61, '2024-06-18 22:30:51', 0),
	(4813, 62, '2024-06-18 22:30:51', 0),
	(4814, 63, '2024-06-18 22:30:51', 0),
	(4815, 64, '2024-06-18 22:30:51', 0),
	(4816, 65, '2024-06-18 22:30:51', 0),
	(4817, 66, '2024-06-18 22:30:51', 0),
	(4818, 67, '2024-06-18 22:30:51', 0),
	(4819, 68, '2024-06-18 22:30:51', 0),
	(4820, 69, '2024-06-18 22:30:51', 0),
	(4821, 70, '2024-06-18 22:30:51', 0),
	(4822, 71, '2024-06-18 22:30:51', 0),
	(4823, 72, '2024-06-18 22:30:51', 0),
	(4824, 73, '2024-06-18 22:30:51', 0),
	(4825, 74, '2024-06-18 22:30:51', 0),
	(4826, 75, '2024-06-18 22:30:51', 0),
	(4827, 76, '2024-06-18 22:30:52', 0),
	(4828, 77, '2024-06-18 22:30:52', 0),
	(4829, 78, '2024-06-18 22:30:52', 0),
	(4830, 79, '2024-06-18 22:30:52', 0),
	(4832, 81, '2024-06-18 22:30:52', 0),
	(4833, 82, '2024-06-18 22:30:52', 0),
	(4834, 83, '2024-06-18 22:30:52', 0),
	(4835, 84, '2024-06-18 22:30:52', 0),
	(4836, 85, '2024-06-18 22:30:52', 0),
	(4837, 86, '2024-06-18 22:30:52', 0),
	(4838, 87, '2024-06-18 22:30:52', 0),
	(4839, 88, '2024-06-18 22:30:52', 0),
	(4840, 89, '2024-06-18 22:30:52', 0),
	(4841, 90, '2024-06-18 22:30:52', 0),
	(4842, 91, '2024-06-18 22:30:52', 0),
	(4843, 92, '2024-06-18 22:30:52', 0),
	(4844, 93, '2024-06-18 22:30:52', 0),
	(4845, 94, '2024-06-18 22:30:52', 0),
	(4846, 95, '2024-06-18 22:30:52', 0),
	(4847, 96, '2024-06-18 22:30:52', 0),
	(4848, 97, '2024-06-18 22:30:52', 0),
	(4849, 98, '2024-06-18 22:30:52', 0),
	(4850, 99, '2024-06-18 22:30:52', 0),
	(4851, 100, '2024-06-18 22:30:52', 0),
	(4852, 101, '2024-06-18 22:30:53', 0),
	(4853, 2, '2024-06-19 21:06:45', 0),
	(4854, 3, '2024-06-19 21:06:46', 0),
	(4855, 4, '2024-06-19 21:06:47', 0),
	(4856, 5, '2024-06-19 21:06:47', 0),
	(4857, 6, '2024-06-19 21:06:47', 0),
	(4858, 7, '2024-06-19 21:06:47', 0),
	(4859, 8, '2024-06-19 21:06:47', 0),
	(4860, 9, '2024-06-19 21:06:47', 0),
	(4861, 10, '2024-06-19 21:06:47', 0),
	(4862, 11, '2024-06-19 21:06:47', 0),
	(4863, 12, '2024-06-19 21:06:47', 0),
	(4864, 13, '2024-06-19 21:06:47', 0),
	(4865, 14, '2024-06-19 21:06:47', 0),
	(4866, 15, '2024-06-19 21:06:47', 0),
	(4867, 16, '2024-06-19 21:06:47', 0),
	(4868, 17, '2024-06-19 21:06:47', 0),
	(4869, 18, '2024-06-19 21:06:48', 0),
	(4870, 19, '2024-06-19 21:06:48', 0),
	(4871, 20, '2024-06-19 21:06:48', 0),
	(4872, 21, '2024-06-19 21:06:48', 0),
	(4873, 22, '2024-06-19 21:06:48', 0),
	(4874, 23, '2024-06-19 21:06:48', 0),
	(4875, 24, '2024-06-19 21:06:48', 0),
	(4876, 25, '2024-06-19 21:06:48', 0),
	(4877, 27, '2024-06-19 21:06:48', 0),
	(4878, 28, '2024-06-19 21:06:48', 0),
	(4879, 29, '2024-06-19 21:06:48', 0),
	(4880, 30, '2024-06-19 21:06:48', 5570),
	(4881, 31, '2024-06-19 21:06:48', 0),
	(4882, 32, '2024-06-19 21:06:48', 0),
	(4883, 33, '2024-06-19 21:06:48', 0),
	(4884, 34, '2024-06-19 21:06:48', 0),
	(4885, 35, '2024-06-19 21:06:48', 0),
	(4886, 36, '2024-06-19 21:06:48', 0),
	(4887, 37, '2024-06-19 21:06:48', 0),
	(4888, 38, '2024-06-19 21:06:48', 0),
	(4889, 39, '2024-06-19 21:06:48', 0),
	(4890, 40, '2024-06-19 21:06:48', 0),
	(4891, 41, '2024-06-19 21:06:48', 0),
	(4892, 42, '2024-06-19 21:06:48', 0),
	(4893, 43, '2024-06-19 21:06:49', 0),
	(4894, 44, '2024-06-19 21:06:49', 0),
	(4895, 45, '2024-06-19 21:06:49', 0),
	(4896, 46, '2024-06-19 21:06:49', 0),
	(4897, 47, '2024-06-19 21:06:49', 0),
	(4898, 48, '2024-06-19 21:06:49', 0),
	(4899, 49, '2024-06-19 21:06:49', 0),
	(4900, 50, '2024-06-19 21:06:49', 0),
	(4901, 51, '2024-06-19 21:06:49', 0),
	(4902, 52, '2024-06-19 21:06:49', 0),
	(4903, 53, '2024-06-19 21:06:49', 0),
	(4904, 54, '2024-06-19 21:06:49', 0),
	(4905, 55, '2024-06-19 21:06:49', 0),
	(4906, 56, '2024-06-19 21:06:49', 0),
	(4907, 57, '2024-06-19 21:06:49', 0),
	(4908, 58, '2024-06-19 21:06:49', 0),
	(4909, 59, '2024-06-19 21:06:49', 0),
	(4910, 60, '2024-06-19 21:06:49', 0),
	(4911, 61, '2024-06-19 21:06:49', 0),
	(4912, 62, '2024-06-19 21:06:49', 0),
	(4913, 63, '2024-06-19 21:06:49', 0),
	(4914, 64, '2024-06-19 21:06:49', 0),
	(4915, 65, '2024-06-19 21:06:49', 0),
	(4916, 66, '2024-06-19 21:06:49', 0),
	(4917, 67, '2024-06-19 21:06:49', 0),
	(4918, 68, '2024-06-19 21:06:50', 0),
	(4919, 69, '2024-06-19 21:06:50', 0),
	(4920, 70, '2024-06-19 21:06:50', 0),
	(4921, 71, '2024-06-19 21:06:50', 0),
	(4922, 72, '2024-06-19 21:06:50', 0),
	(4923, 73, '2024-06-19 21:06:50', 0),
	(4924, 74, '2024-06-19 21:06:50', 0),
	(4925, 75, '2024-06-19 21:06:50', 0),
	(4926, 76, '2024-06-19 21:06:50', 0),
	(4927, 77, '2024-06-19 21:06:50', 0),
	(4928, 78, '2024-06-19 21:06:50', 0),
	(4929, 79, '2024-06-19 21:06:50', 0),
	(4931, 81, '2024-06-19 21:06:50', 0),
	(4932, 82, '2024-06-19 21:06:50', 0),
	(4933, 83, '2024-06-19 21:06:50', 0),
	(4934, 84, '2024-06-19 21:06:50', 0),
	(4935, 85, '2024-06-19 21:06:50', 0),
	(4936, 86, '2024-06-19 21:06:50', 0),
	(4937, 87, '2024-06-19 21:06:50', 0),
	(4938, 88, '2024-06-19 21:06:50', 0),
	(4939, 89, '2024-06-19 21:06:50', 0),
	(4940, 90, '2024-06-19 21:06:50', 0),
	(4941, 91, '2024-06-19 21:06:50', 0),
	(4942, 92, '2024-06-19 21:06:50', 0),
	(4943, 93, '2024-06-19 21:06:51', 0),
	(4944, 94, '2024-06-19 21:06:51', 0),
	(4945, 95, '2024-06-19 21:06:51', 0),
	(4946, 96, '2024-06-19 21:06:51', 0),
	(4947, 97, '2024-06-19 21:06:51', 0),
	(4948, 98, '2024-06-19 21:06:51', 0),
	(4949, 99, '2024-06-19 21:06:51', 0),
	(4950, 100, '2024-06-19 21:06:51', 0),
	(4951, 101, '2024-06-19 21:06:51', 0),
	(4952, 2, '2024-06-23 18:50:22', 0),
	(4953, 3, '2024-06-23 18:50:23', 0),
	(4954, 4, '2024-06-23 18:50:24', 0),
	(4955, 5, '2024-06-23 18:50:24', 0),
	(4956, 6, '2024-06-23 18:50:24', 0),
	(4957, 7, '2024-06-23 18:50:24', 0),
	(4958, 8, '2024-06-23 18:50:24', 0),
	(4959, 9, '2024-06-23 18:50:24', 0),
	(4960, 10, '2024-06-23 18:50:24', 0),
	(4961, 11, '2024-06-23 18:50:24', 0),
	(4962, 12, '2024-06-23 18:50:24', 0),
	(4963, 13, '2024-06-23 18:50:24', 0),
	(4964, 14, '2024-06-23 18:50:24', 0),
	(4965, 15, '2024-06-23 18:50:24', 0),
	(4966, 16, '2024-06-23 18:50:24', 0),
	(4967, 17, '2024-06-23 18:50:24', 0),
	(4968, 18, '2024-06-23 18:50:24', 0),
	(4969, 19, '2024-06-23 18:50:24', 0),
	(4970, 20, '2024-06-23 18:50:25', 0),
	(4971, 21, '2024-06-23 18:50:25', 0),
	(4972, 22, '2024-06-23 18:50:25', 0),
	(4973, 23, '2024-06-23 18:50:25', 0),
	(4974, 24, '2024-06-23 18:50:25', 0),
	(4975, 25, '2024-06-23 18:50:25', 0),
	(4976, 27, '2024-06-23 18:50:25', 0),
	(4977, 28, '2024-06-23 18:50:25', 0),
	(4978, 29, '2024-06-23 18:50:25', 0),
	(4979, 30, '2024-06-23 18:50:25', 0),
	(4980, 31, '2024-06-23 18:50:25', 0),
	(4981, 32, '2024-06-23 18:50:25', 0),
	(4982, 33, '2024-06-23 18:50:25', 0),
	(4983, 34, '2024-06-23 18:50:25', 0),
	(4984, 35, '2024-06-23 18:50:25', 0),
	(4985, 36, '2024-06-23 18:50:25', 0),
	(4986, 37, '2024-06-23 18:50:25', 0),
	(4987, 38, '2024-06-23 18:50:25', 0),
	(4988, 39, '2024-06-23 18:50:25', 0),
	(4989, 40, '2024-06-23 18:50:25', 0),
	(4990, 41, '2024-06-23 18:50:25', 0),
	(4991, 42, '2024-06-23 18:50:25', 0),
	(4992, 43, '2024-06-23 18:50:25', 0),
	(4993, 44, '2024-06-23 18:50:25', 0),
	(4994, 45, '2024-06-23 18:50:25', 0),
	(4995, 46, '2024-06-23 18:50:25', 0),
	(4996, 47, '2024-06-23 18:50:26', 0),
	(4997, 48, '2024-06-23 18:50:26', 0),
	(4998, 49, '2024-06-23 18:50:26', 0),
	(4999, 50, '2024-06-23 18:50:26', 0),
	(5000, 51, '2024-06-23 18:50:26', 0),
	(5001, 52, '2024-06-23 18:50:26', 0),
	(5002, 53, '2024-06-23 18:50:26', 0),
	(5003, 54, '2024-06-23 18:50:26', 0),
	(5004, 55, '2024-06-23 18:50:26', 0),
	(5005, 56, '2024-06-23 18:50:26', 0),
	(5006, 57, '2024-06-23 18:50:26', 0),
	(5007, 58, '2024-06-23 18:50:26', 0),
	(5008, 59, '2024-06-23 18:50:26', 0),
	(5009, 60, '2024-06-23 18:50:26', 0),
	(5010, 61, '2024-06-23 18:50:26', 0),
	(5011, 62, '2024-06-23 18:50:26', 0),
	(5012, 63, '2024-06-23 18:50:26', 0),
	(5013, 64, '2024-06-23 18:50:26', 0),
	(5014, 65, '2024-06-23 18:50:26', 0),
	(5015, 66, '2024-06-23 18:50:26', 0),
	(5016, 67, '2024-06-23 18:50:26', 0),
	(5017, 68, '2024-06-23 18:50:26', 0),
	(5018, 69, '2024-06-23 18:50:26', 0),
	(5019, 70, '2024-06-23 18:50:26', 0),
	(5020, 71, '2024-06-23 18:50:26', 0),
	(5021, 72, '2024-06-23 18:50:27', 0),
	(5022, 73, '2024-06-23 18:50:27', 0),
	(5023, 74, '2024-06-23 18:50:27', 0),
	(5024, 75, '2024-06-23 18:50:27', 0),
	(5025, 76, '2024-06-23 18:50:27', 0),
	(5026, 77, '2024-06-23 18:50:27', 0),
	(5027, 78, '2024-06-23 18:50:27', 0),
	(5028, 79, '2024-06-23 18:50:27', 0),
	(5030, 81, '2024-06-23 18:50:27', 0),
	(5031, 82, '2024-06-23 18:50:27', 0),
	(5032, 83, '2024-06-23 18:50:27', 0),
	(5033, 84, '2024-06-23 18:50:27', 0),
	(5034, 85, '2024-06-23 18:50:27', 0),
	(5035, 86, '2024-06-23 18:50:27', 0),
	(5036, 87, '2024-06-23 18:50:27', 0),
	(5037, 88, '2024-06-23 18:50:27', 0),
	(5038, 89, '2024-06-23 18:50:27', 0),
	(5039, 90, '2024-06-23 18:50:27', 0),
	(5040, 91, '2024-06-23 18:50:27', 0),
	(5041, 92, '2024-06-23 18:50:27', 0),
	(5042, 93, '2024-06-23 18:50:27', 0),
	(5043, 94, '2024-06-23 18:50:27', 0),
	(5044, 95, '2024-06-23 18:50:27', 0),
	(5045, 96, '2024-06-23 18:50:27', 0),
	(5046, 97, '2024-06-23 18:50:28', 0),
	(5047, 98, '2024-06-23 18:50:28', 0),
	(5048, 99, '2024-06-23 18:50:28', 0),
	(5049, 100, '2024-06-23 18:50:28', 0),
	(5050, 101, '2024-06-23 18:50:28', 0),
	(5051, 2, '2024-06-24 18:00:19', 0),
	(5052, 3, '2024-06-24 18:00:20', 0),
	(5053, 4, '2024-06-24 18:00:21', 0),
	(5054, 5, '2024-06-24 18:00:21', 0),
	(5055, 6, '2024-06-24 18:00:21', 0),
	(5056, 7, '2024-06-24 18:00:21', 0),
	(5057, 8, '2024-06-24 18:00:21', 0),
	(5058, 9, '2024-06-24 18:00:21', 0),
	(5059, 10, '2024-06-24 18:00:21', 0),
	(5060, 11, '2024-06-24 18:00:21', 0),
	(5061, 12, '2024-06-24 18:00:21', 0),
	(5062, 13, '2024-06-24 18:00:21', 0),
	(5063, 14, '2024-06-24 18:00:21', 0),
	(5064, 15, '2024-06-24 18:00:21', 0),
	(5065, 16, '2024-06-24 18:00:21', 0),
	(5066, 17, '2024-06-24 18:00:21', 0),
	(5067, 18, '2024-06-24 18:00:21', 0),
	(5068, 19, '2024-06-24 18:00:21', 0),
	(5069, 20, '2024-06-24 18:00:22', 0),
	(5070, 21, '2024-06-24 18:00:22', 0),
	(5071, 22, '2024-06-24 18:00:22', 0),
	(5072, 23, '2024-06-24 18:00:22', 0),
	(5073, 24, '2024-06-24 18:00:22', 0),
	(5074, 25, '2024-06-24 18:00:22', 0),
	(5075, 27, '2024-06-24 18:00:22', 0),
	(5076, 28, '2024-06-24 18:00:22', 0),
	(5077, 29, '2024-06-24 18:00:22', 0),
	(5078, 30, '2024-06-24 18:00:22', 0),
	(5079, 31, '2024-06-24 18:00:22', 0),
	(5080, 32, '2024-06-24 18:00:22', 0),
	(5081, 33, '2024-06-24 18:00:22', 0),
	(5082, 34, '2024-06-24 18:00:22', 0),
	(5083, 35, '2024-06-24 18:00:22', 0),
	(5084, 36, '2024-06-24 18:00:22', 0),
	(5085, 37, '2024-06-24 18:00:22', 0),
	(5086, 38, '2024-06-24 18:00:22', 0),
	(5087, 39, '2024-06-24 18:00:22', 0),
	(5088, 40, '2024-06-24 18:00:22', 0),
	(5089, 41, '2024-06-24 18:00:22', 0),
	(5090, 42, '2024-06-24 18:00:22', 0),
	(5091, 43, '2024-06-24 18:00:22', 0),
	(5092, 44, '2024-06-24 18:00:23', 0),
	(5093, 45, '2024-06-24 18:00:23', 0),
	(5094, 46, '2024-06-24 18:00:23', 0),
	(5095, 47, '2024-06-24 18:00:23', 0),
	(5096, 48, '2024-06-24 18:00:23', 0),
	(5097, 49, '2024-06-24 18:00:23', 0),
	(5098, 50, '2024-06-24 18:00:23', 0),
	(5099, 51, '2024-06-24 18:00:23', 0),
	(5100, 52, '2024-06-24 18:00:23', 0),
	(5101, 53, '2024-06-24 18:00:23', 0),
	(5102, 54, '2024-06-24 18:00:23', 0),
	(5103, 55, '2024-06-24 18:00:23', 0),
	(5104, 56, '2024-06-24 18:00:23', 0),
	(5105, 57, '2024-06-24 18:00:23', 0),
	(5106, 58, '2024-06-24 18:00:23', 0),
	(5107, 59, '2024-06-24 18:00:23', 0),
	(5108, 60, '2024-06-24 18:00:23', 0),
	(5109, 61, '2024-06-24 18:00:23', 0),
	(5110, 62, '2024-06-24 18:00:23', 0),
	(5111, 63, '2024-06-24 18:00:23', 0),
	(5112, 64, '2024-06-24 18:00:23', 0),
	(5113, 65, '2024-06-24 18:00:23', 0),
	(5114, 66, '2024-06-24 18:00:23', 0),
	(5115, 67, '2024-06-24 18:00:24', 0),
	(5116, 68, '2024-06-24 18:00:24', 0),
	(5117, 69, '2024-06-24 18:00:24', 0),
	(5118, 70, '2024-06-24 18:00:24', 0),
	(5119, 71, '2024-06-24 18:00:24', 0),
	(5120, 72, '2024-06-24 18:00:24', 0),
	(5121, 73, '2024-06-24 18:00:24', 0),
	(5122, 74, '2024-06-24 18:00:24', 0),
	(5123, 75, '2024-06-24 18:00:24', 0),
	(5124, 76, '2024-06-24 18:00:24', 0),
	(5125, 77, '2024-06-24 18:00:24', 0),
	(5126, 78, '2024-06-24 18:00:24', 0),
	(5127, 79, '2024-06-24 18:00:24', 0),
	(5129, 81, '2024-06-24 18:00:24', 0),
	(5130, 82, '2024-06-24 18:00:24', 0),
	(5131, 83, '2024-06-24 18:00:24', 0),
	(5132, 84, '2024-06-24 18:00:24', 0),
	(5133, 85, '2024-06-24 18:00:24', 0),
	(5134, 86, '2024-06-24 18:00:24', 0),
	(5135, 87, '2024-06-24 18:00:24', 0),
	(5136, 88, '2024-06-24 18:00:24', 0),
	(5137, 89, '2024-06-24 18:00:25', 0),
	(5138, 90, '2024-06-24 18:00:25', 0),
	(5139, 91, '2024-06-24 18:00:25', 0),
	(5140, 92, '2024-06-24 18:00:25', 0),
	(5141, 93, '2024-06-24 18:00:25', 0),
	(5142, 94, '2024-06-24 18:00:25', 0),
	(5143, 95, '2024-06-24 18:00:25', 0),
	(5144, 96, '2024-06-24 18:00:25', 0),
	(5145, 97, '2024-06-24 18:00:25', 0),
	(5146, 98, '2024-06-24 18:00:25', 0),
	(5147, 99, '2024-06-24 18:00:25', 0),
	(5148, 100, '2024-06-24 18:00:25', 0),
	(5149, 101, '2024-06-24 18:00:25', 0),
	(5150, 2, '2024-06-25 08:47:05', 0),
	(5151, 3, '2024-06-25 08:47:06', 0),
	(5152, 4, '2024-06-25 08:47:06', 0),
	(5153, 5, '2024-06-25 08:47:06', 0),
	(5154, 6, '2024-06-25 08:47:06', 0),
	(5155, 7, '2024-06-25 08:47:07', 0),
	(5156, 8, '2024-06-25 08:47:07', 0),
	(5157, 9, '2024-06-25 08:47:07', 0),
	(5158, 10, '2024-06-25 08:47:07', 0),
	(5159, 11, '2024-06-25 08:47:07', 0),
	(5160, 12, '2024-06-25 08:47:07', 0),
	(5161, 13, '2024-06-25 08:47:07', 0),
	(5162, 14, '2024-06-25 08:47:07', 0),
	(5163, 15, '2024-06-25 08:47:07', 0),
	(5164, 16, '2024-06-25 08:47:07', 0),
	(5165, 17, '2024-06-25 08:47:07', 0),
	(5166, 18, '2024-06-25 08:47:07', 0),
	(5167, 19, '2024-06-25 08:47:07', 0),
	(5168, 20, '2024-06-25 08:47:07', 0),
	(5169, 21, '2024-06-25 08:47:07', 0),
	(5170, 22, '2024-06-25 08:47:07', 0),
	(5171, 23, '2024-06-25 08:47:07', 0),
	(5172, 24, '2024-06-25 08:47:07', 0),
	(5173, 25, '2024-06-25 08:47:07', 0),
	(5174, 27, '2024-06-25 08:47:07', 0),
	(5175, 28, '2024-06-25 08:47:07', 0),
	(5176, 29, '2024-06-25 08:47:07', 0),
	(5177, 30, '2024-06-25 08:47:07', 0),
	(5178, 31, '2024-06-25 08:47:07', 0),
	(5179, 32, '2024-06-25 08:47:07', 0),
	(5180, 33, '2024-06-25 08:47:08', 0),
	(5181, 34, '2024-06-25 08:47:08', 0),
	(5182, 35, '2024-06-25 08:47:08', 0),
	(5183, 36, '2024-06-25 08:47:08', 0),
	(5184, 37, '2024-06-25 08:47:08', 0),
	(5185, 38, '2024-06-25 08:47:08', 0),
	(5186, 39, '2024-06-25 08:47:08', 0),
	(5187, 40, '2024-06-25 08:47:08', 0),
	(5188, 41, '2024-06-25 08:47:08', 0),
	(5189, 42, '2024-06-25 08:47:08', 0),
	(5190, 43, '2024-06-25 08:47:08', 0),
	(5191, 44, '2024-06-25 08:47:08', 0),
	(5192, 45, '2024-06-25 08:47:08', 0),
	(5193, 46, '2024-06-25 08:47:08', 0),
	(5194, 47, '2024-06-25 08:47:08', 0),
	(5195, 48, '2024-06-25 08:47:08', 0),
	(5196, 49, '2024-06-25 08:47:08', 0),
	(5197, 50, '2024-06-25 08:47:08', 0),
	(5198, 51, '2024-06-25 08:47:08', 0),
	(5199, 52, '2024-06-25 08:47:08', 0),
	(5200, 53, '2024-06-25 08:47:08', 0),
	(5201, 54, '2024-06-25 08:47:08', 0),
	(5202, 55, '2024-06-25 08:47:08', 0),
	(5203, 56, '2024-06-25 08:47:08', 0),
	(5204, 57, '2024-06-25 08:47:08', 0),
	(5205, 58, '2024-06-25 08:47:08', 0),
	(5206, 59, '2024-06-25 08:47:09', 0),
	(5207, 60, '2024-06-25 08:47:09', 0),
	(5208, 61, '2024-06-25 08:47:09', 0),
	(5209, 62, '2024-06-25 08:47:09', 0),
	(5210, 63, '2024-06-25 08:47:09', 0),
	(5211, 64, '2024-06-25 08:47:09', 0),
	(5212, 65, '2024-06-25 08:47:09', 0),
	(5213, 66, '2024-06-25 08:47:09', 0),
	(5214, 67, '2024-06-25 08:47:09', 0),
	(5215, 68, '2024-06-25 08:47:09', 0),
	(5216, 69, '2024-06-25 08:47:09', 0),
	(5217, 70, '2024-06-25 08:47:09', 0),
	(5218, 71, '2024-06-25 08:47:09', 0),
	(5219, 72, '2024-06-25 08:47:09', 0),
	(5220, 73, '2024-06-25 08:47:09', 0),
	(5221, 74, '2024-06-25 08:47:09', 0),
	(5222, 75, '2024-06-25 08:47:09', 0),
	(5223, 76, '2024-06-25 08:47:09', 0),
	(5224, 77, '2024-06-25 08:47:09', 0),
	(5225, 78, '2024-06-25 08:47:09', 0),
	(5226, 79, '2024-06-25 08:47:09', 0),
	(5228, 81, '2024-06-25 08:47:09', 0),
	(5229, 82, '2024-06-25 08:47:09', 0),
	(5230, 83, '2024-06-25 08:47:09', 0),
	(5231, 84, '2024-06-25 08:47:09', 0),
	(5232, 85, '2024-06-25 08:47:10', 0),
	(5233, 86, '2024-06-25 08:47:10', 0),
	(5234, 87, '2024-06-25 08:47:10', 0),
	(5235, 88, '2024-06-25 08:47:10', 0),
	(5236, 89, '2024-06-25 08:47:10', 0),
	(5237, 90, '2024-06-25 08:47:10', 0),
	(5238, 91, '2024-06-25 08:47:10', 0),
	(5239, 92, '2024-06-25 08:47:10', 0),
	(5240, 93, '2024-06-25 08:47:10', 0),
	(5241, 94, '2024-06-25 08:47:10', 0),
	(5242, 95, '2024-06-25 08:47:10', 0),
	(5243, 96, '2024-06-25 08:47:10', 0),
	(5244, 97, '2024-06-25 08:47:10', 0),
	(5245, 98, '2024-06-25 08:47:10', 0),
	(5246, 99, '2024-06-25 08:47:10', 0),
	(5247, 100, '2024-06-25 08:47:10', 0),
	(5248, 101, '2024-06-25 08:47:10', 0),
	(5249, 30, '2024-06-27 11:30:05', 124),
	(5250, 2, '2024-07-03 10:32:31', 0),
	(5251, 3, '2024-07-03 10:32:32', 0),
	(5252, 4, '2024-07-03 10:32:33', 0),
	(5253, 5, '2024-07-03 10:32:33', 0),
	(5254, 6, '2024-07-03 10:32:33', 0),
	(5255, 7, '2024-07-03 10:32:33', 0),
	(5256, 8, '2024-07-03 10:32:33', 0),
	(5257, 9, '2024-07-03 10:32:33', 0),
	(5258, 10, '2024-07-03 10:32:33', 0),
	(5259, 11, '2024-07-03 10:32:33', 0),
	(5260, 12, '2024-07-03 10:32:33', 0),
	(5261, 13, '2024-07-03 10:32:33', 0),
	(5262, 14, '2024-07-03 10:32:33', 0),
	(5263, 15, '2024-07-03 10:32:33', 0),
	(5264, 16, '2024-07-03 10:32:33', 0),
	(5265, 17, '2024-07-03 10:32:33', 0),
	(5266, 18, '2024-07-03 10:32:33', 0),
	(5267, 19, '2024-07-03 10:32:33', 0),
	(5268, 20, '2024-07-03 10:32:34', 0),
	(5269, 21, '2024-07-03 10:32:34', 0),
	(5270, 22, '2024-07-03 10:32:34', 0),
	(5271, 23, '2024-07-03 10:32:34', 0),
	(5272, 24, '2024-07-03 10:32:34', 0),
	(5273, 25, '2024-07-03 10:32:34', 0),
	(5274, 27, '2024-07-03 10:32:34', 0),
	(5275, 28, '2024-07-03 10:32:34', 0),
	(5276, 29, '2024-07-03 10:32:34', 0),
	(5277, 30, '2024-07-03 10:32:34', 0),
	(5278, 31, '2024-07-03 10:32:34', 0),
	(5279, 32, '2024-07-03 10:32:34', 0),
	(5280, 33, '2024-07-03 10:32:34', 0),
	(5281, 34, '2024-07-03 10:32:34', 0),
	(5282, 35, '2024-07-03 10:32:34', 0),
	(5283, 36, '2024-07-03 10:32:34', 0),
	(5284, 37, '2024-07-03 10:32:34', 0),
	(5285, 38, '2024-07-03 10:32:34', 0),
	(5286, 39, '2024-07-03 10:32:34', 0),
	(5287, 40, '2024-07-03 10:32:34', 0),
	(5288, 41, '2024-07-03 10:32:34', 0),
	(5289, 42, '2024-07-03 10:32:34', 0),
	(5290, 43, '2024-07-03 10:32:34', 0),
	(5291, 44, '2024-07-03 10:32:35', 0),
	(5292, 45, '2024-07-03 10:32:35', 0),
	(5293, 46, '2024-07-03 10:32:35', 0),
	(5294, 47, '2024-07-03 10:32:35', 0),
	(5295, 48, '2024-07-03 10:32:35', 0),
	(5296, 49, '2024-07-03 10:32:35', 0),
	(5297, 50, '2024-07-03 10:32:35', 0),
	(5298, 51, '2024-07-03 10:32:35', 0),
	(5299, 52, '2024-07-03 10:32:35', 0),
	(5300, 53, '2024-07-03 10:32:35', 0),
	(5301, 54, '2024-07-03 10:32:35', 0),
	(5302, 55, '2024-07-03 10:32:35', 0),
	(5303, 56, '2024-07-03 10:32:35', 0),
	(5304, 57, '2024-07-03 10:32:35', 0),
	(5305, 58, '2024-07-03 10:32:35', 0),
	(5306, 59, '2024-07-03 10:32:35', 0),
	(5307, 60, '2024-07-03 10:32:35', 0),
	(5308, 61, '2024-07-03 10:32:35', 0),
	(5309, 62, '2024-07-03 10:32:35', 0),
	(5310, 63, '2024-07-03 10:32:35', 0),
	(5311, 64, '2024-07-03 10:32:35', 0),
	(5312, 65, '2024-07-03 10:32:35', 0),
	(5313, 66, '2024-07-03 10:32:35', 0),
	(5314, 67, '2024-07-03 10:32:35', 0),
	(5315, 68, '2024-07-03 10:32:35', 0),
	(5316, 69, '2024-07-03 10:32:35', 0),
	(5317, 70, '2024-07-03 10:32:36', 0),
	(5318, 71, '2024-07-03 10:32:36', 0),
	(5319, 72, '2024-07-03 10:32:36', 0),
	(5320, 73, '2024-07-03 10:32:36', 0),
	(5321, 74, '2024-07-03 10:32:36', 0),
	(5322, 75, '2024-07-03 10:32:36', 0),
	(5323, 76, '2024-07-03 10:32:36', 0),
	(5324, 77, '2024-07-03 10:32:36', 0),
	(5325, 78, '2024-07-03 10:32:36', 0),
	(5326, 79, '2024-07-03 10:32:36', 0),
	(5328, 81, '2024-07-03 10:32:36', 0),
	(5329, 82, '2024-07-03 10:32:36', 0),
	(5330, 83, '2024-07-03 10:32:36', 0),
	(5331, 84, '2024-07-03 10:32:36', 0),
	(5332, 85, '2024-07-03 10:32:36', 0),
	(5333, 86, '2024-07-03 10:32:36', 0),
	(5334, 87, '2024-07-03 10:32:36', 0),
	(5335, 88, '2024-07-03 10:32:36', 0),
	(5336, 89, '2024-07-03 10:32:36', 0),
	(5337, 90, '2024-07-03 10:32:36', 0),
	(5338, 91, '2024-07-03 10:32:36', 0),
	(5339, 92, '2024-07-03 10:32:36', 0),
	(5340, 93, '2024-07-03 10:32:36', 0),
	(5341, 94, '2024-07-03 10:32:37', 0),
	(5342, 95, '2024-07-03 10:32:37', 0),
	(5343, 96, '2024-07-03 10:32:37', 0),
	(5344, 97, '2024-07-03 10:32:37', 0),
	(5345, 98, '2024-07-03 10:32:37', 0),
	(5346, 99, '2024-07-03 10:32:37', 0),
	(5347, 100, '2024-07-03 10:32:37', 0),
	(5348, 101, '2024-07-03 10:32:37', 0),
	(5349, 2, '2025-03-15 14:27:07', 0),
	(5350, 3, '2025-03-15 14:27:08', 0),
	(5351, 4, '2025-03-15 14:27:08', 0),
	(5352, 5, '2025-03-15 14:27:08', 0),
	(5353, 6, '2025-03-15 14:27:08', 0),
	(5354, 7, '2025-03-15 14:27:08', 0),
	(5355, 8, '2025-03-15 14:27:08', 0),
	(5356, 9, '2025-03-15 14:27:08', 0),
	(5357, 10, '2025-03-15 14:27:08', 0),
	(5358, 11, '2025-03-15 14:27:08', 0),
	(5359, 12, '2025-03-15 14:27:09', 0),
	(5360, 13, '2025-03-15 14:27:09', 0),
	(5361, 14, '2025-03-15 14:27:09', 0),
	(5362, 15, '2025-03-15 14:27:09', 0),
	(5363, 16, '2025-03-15 14:27:09', 0),
	(5364, 17, '2025-03-15 14:27:09', 0),
	(5365, 18, '2025-03-15 14:27:09', 0),
	(5366, 19, '2025-03-15 14:27:09', 0),
	(5367, 20, '2025-03-15 14:27:09', 0),
	(5368, 21, '2025-03-15 14:27:09', 0),
	(5369, 22, '2025-03-15 14:27:09', 0),
	(5370, 23, '2025-03-15 14:27:09', 0),
	(5371, 24, '2025-03-15 14:27:09', 0),
	(5372, 25, '2025-03-15 14:27:09', 0),
	(5373, 27, '2025-03-15 14:27:09', 0),
	(5374, 28, '2025-03-15 14:27:09', 0),
	(5375, 29, '2025-03-15 14:27:09', 0),
	(5376, 30, '2025-03-15 14:27:09', 0),
	(5377, 31, '2025-03-15 14:27:09', 0),
	(5378, 32, '2025-03-15 14:27:09', 0),
	(5379, 33, '2025-03-15 14:27:09', 0),
	(5380, 34, '2025-03-15 14:27:09', 0),
	(5381, 35, '2025-03-15 14:27:09', 0),
	(5382, 36, '2025-03-15 14:27:09', 0),
	(5383, 37, '2025-03-15 14:27:09', 0),
	(5384, 38, '2025-03-15 14:27:09', 0),
	(5385, 39, '2025-03-15 14:27:09', 0),
	(5386, 40, '2025-03-15 14:27:09', 0),
	(5387, 41, '2025-03-15 14:27:09', 0),
	(5388, 42, '2025-03-15 14:27:09', 0),
	(5389, 43, '2025-03-15 14:27:09', 0),
	(5390, 44, '2025-03-15 14:27:09', 0),
	(5391, 45, '2025-03-15 14:27:09', 0),
	(5392, 46, '2025-03-15 14:27:09', 0),
	(5393, 47, '2025-03-15 14:27:09', 0),
	(5394, 48, '2025-03-15 14:27:09', 0),
	(5395, 49, '2025-03-15 14:27:09', 0),
	(5396, 50, '2025-03-15 14:27:09', 0),
	(5397, 51, '2025-03-15 14:27:09', 0),
	(5398, 52, '2025-03-15 14:27:09', 0),
	(5399, 53, '2025-03-15 14:27:10', 0),
	(5400, 54, '2025-03-15 14:27:10', 0),
	(5401, 55, '2025-03-15 14:27:10', 0),
	(5402, 56, '2025-03-15 14:27:10', 0),
	(5403, 57, '2025-03-15 14:27:10', 0),
	(5404, 58, '2025-03-15 14:27:10', 0),
	(5405, 59, '2025-03-15 14:27:10', 0),
	(5406, 60, '2025-03-15 14:27:10', 0),
	(5407, 61, '2025-03-15 14:27:10', 0),
	(5408, 62, '2025-03-15 14:27:10', 0),
	(5409, 63, '2025-03-15 14:27:11', 0),
	(5410, 64, '2025-03-15 14:27:11', 0),
	(5411, 65, '2025-03-15 14:27:11', 0),
	(5412, 66, '2025-03-15 14:27:11', 0),
	(5413, 67, '2025-03-15 14:27:11', 0),
	(5414, 68, '2025-03-15 14:27:11', 0),
	(5415, 69, '2025-03-15 14:27:11', 0),
	(5416, 70, '2025-03-15 14:27:11', 0),
	(5417, 71, '2025-03-15 14:27:11', 0),
	(5418, 72, '2025-03-15 14:27:11', 0),
	(5419, 73, '2025-03-15 14:27:11', 0),
	(5420, 74, '2025-03-15 14:27:12', 0),
	(5421, 75, '2025-03-15 14:27:12', 0),
	(5422, 76, '2025-03-15 14:27:12', 0),
	(5423, 77, '2025-03-15 14:27:12', 0),
	(5424, 78, '2025-03-15 14:27:12', 0),
	(5425, 79, '2025-03-15 14:27:12', 0),
	(5427, 81, '2025-03-15 14:27:12', 0),
	(5428, 82, '2025-03-15 14:27:12', 0),
	(5429, 83, '2025-03-15 14:27:12', 0),
	(5430, 84, '2025-03-15 14:27:12', 0),
	(5431, 85, '2025-03-15 14:27:13', 0),
	(5432, 86, '2025-03-15 14:27:13', 0),
	(5433, 87, '2025-03-15 14:27:13', 0),
	(5434, 88, '2025-03-15 14:27:13', 0),
	(5435, 89, '2025-03-15 14:27:13', 0),
	(5436, 90, '2025-03-15 14:27:13', 0),
	(5437, 91, '2025-03-15 14:27:13', 0),
	(5438, 92, '2025-03-15 14:27:13', 0),
	(5439, 93, '2025-03-15 14:27:13', 0),
	(5440, 94, '2025-03-15 14:27:13', 0),
	(5441, 95, '2025-03-15 14:27:14', 0),
	(5442, 96, '2025-03-15 14:27:14', 0),
	(5443, 97, '2025-03-15 14:27:14', 0),
	(5444, 98, '2025-03-15 14:27:14', 0),
	(5445, 99, '2025-03-15 14:27:14', 0),
	(5446, 100, '2025-03-15 14:27:14', 0),
	(5447, 101, '2025-03-15 14:27:14', 0),
	(5448, 2, '2025-03-16 13:47:50', 0),
	(5449, 3, '2025-03-16 13:47:50', 0),
	(5450, 4, '2025-03-16 13:47:50', 0),
	(5451, 5, '2025-03-16 13:47:50', 0),
	(5452, 6, '2025-03-16 13:47:51', 0),
	(5453, 7, '2025-03-16 13:47:51', 0),
	(5454, 8, '2025-03-16 13:47:51', 0),
	(5455, 9, '2025-03-16 13:47:51', 0),
	(5456, 10, '2025-03-16 13:47:51', 0),
	(5457, 11, '2025-03-16 13:47:51', 0),
	(5458, 12, '2025-03-16 13:47:51', 0),
	(5459, 13, '2025-03-16 13:47:51', 0),
	(5460, 14, '2025-03-16 13:47:51', 0),
	(5461, 15, '2025-03-16 13:47:51', 0),
	(5462, 16, '2025-03-16 13:47:51', 0),
	(5463, 17, '2025-03-16 13:47:51', 0),
	(5464, 18, '2025-03-16 13:47:51', 0),
	(5465, 19, '2025-03-16 13:47:51', 0),
	(5466, 20, '2025-03-16 13:47:51', 0),
	(5467, 21, '2025-03-16 13:47:51', 0),
	(5468, 22, '2025-03-16 13:47:51', 0),
	(5469, 23, '2025-03-16 13:47:51', 0),
	(5470, 24, '2025-03-16 13:47:51', 0),
	(5471, 25, '2025-03-16 13:47:51', 0),
	(5472, 27, '2025-03-16 13:47:51', 0),
	(5473, 28, '2025-03-16 13:47:51', 0),
	(5474, 29, '2025-03-16 13:47:51', 0),
	(5475, 30, '2025-03-16 13:47:51', 0),
	(5476, 31, '2025-03-16 13:47:51', 0),
	(5477, 32, '2025-03-16 13:47:51', 0),
	(5478, 33, '2025-03-16 13:47:51', 0),
	(5479, 34, '2025-03-16 13:47:51', 0),
	(5480, 35, '2025-03-16 13:47:51', 0),
	(5481, 36, '2025-03-16 13:47:51', 0),
	(5482, 37, '2025-03-16 13:47:51', 0),
	(5483, 38, '2025-03-16 13:47:51', 0),
	(5484, 39, '2025-03-16 13:47:51', 0),
	(5485, 40, '2025-03-16 13:47:51', 0),
	(5486, 41, '2025-03-16 13:47:51', 0),
	(5487, 42, '2025-03-16 13:47:51', 0),
	(5488, 43, '2025-03-16 13:47:51', 0),
	(5489, 44, '2025-03-16 13:47:51', 0),
	(5490, 45, '2025-03-16 13:47:51', 0),
	(5491, 46, '2025-03-16 13:47:51', 0),
	(5492, 47, '2025-03-16 13:47:51', 0),
	(5493, 48, '2025-03-16 13:47:51', 0),
	(5494, 49, '2025-03-16 13:47:51', 0),
	(5495, 50, '2025-03-16 13:47:51', 0),
	(5496, 51, '2025-03-16 13:47:51', 0),
	(5497, 52, '2025-03-16 13:47:51', 0),
	(5498, 53, '2025-03-16 13:47:51', 0),
	(5499, 54, '2025-03-16 13:47:51', 0),
	(5500, 55, '2025-03-16 13:47:51', 0),
	(5501, 56, '2025-03-16 13:47:51', 0),
	(5502, 57, '2025-03-16 13:47:51', 0),
	(5503, 58, '2025-03-16 13:47:51', 0),
	(5504, 59, '2025-03-16 13:47:51', 0),
	(5505, 60, '2025-03-16 13:47:51', 0),
	(5506, 61, '2025-03-16 13:47:51', 0),
	(5507, 62, '2025-03-16 13:47:51', 0),
	(5508, 63, '2025-03-16 13:47:51', 0),
	(5509, 64, '2025-03-16 13:47:51', 0),
	(5510, 65, '2025-03-16 13:47:51', 0),
	(5511, 66, '2025-03-16 13:47:51', 0),
	(5512, 67, '2025-03-16 13:47:51', 0),
	(5513, 68, '2025-03-16 13:47:51', 0),
	(5514, 69, '2025-03-16 13:47:51', 0),
	(5515, 70, '2025-03-16 13:47:51', 0),
	(5516, 71, '2025-03-16 13:47:51', 0),
	(5517, 72, '2025-03-16 13:47:51', 0),
	(5518, 73, '2025-03-16 13:47:51', 0),
	(5519, 74, '2025-03-16 13:47:51', 0),
	(5520, 75, '2025-03-16 13:47:51', 0),
	(5521, 76, '2025-03-16 13:47:51', 0),
	(5522, 77, '2025-03-16 13:47:51', 0),
	(5523, 78, '2025-03-16 13:47:51', 0),
	(5524, 79, '2025-03-16 13:47:51', 0),
	(5526, 81, '2025-03-16 13:47:51', 0),
	(5527, 82, '2025-03-16 13:47:51', 0),
	(5528, 83, '2025-03-16 13:47:51', 0),
	(5529, 84, '2025-03-16 13:47:51', 0),
	(5530, 85, '2025-03-16 13:47:51', 0),
	(5531, 86, '2025-03-16 13:47:51', 0),
	(5532, 87, '2025-03-16 13:47:51', 0),
	(5533, 88, '2025-03-16 13:47:51', 0),
	(5534, 89, '2025-03-16 13:47:51', 0),
	(5535, 90, '2025-03-16 13:47:51', 0),
	(5536, 91, '2025-03-16 13:47:51', 0),
	(5537, 92, '2025-03-16 13:47:52', 0),
	(5538, 93, '2025-03-16 13:47:52', 0),
	(5539, 94, '2025-03-16 13:47:52', 0),
	(5540, 95, '2025-03-16 13:47:52', 0),
	(5541, 96, '2025-03-16 13:47:52', 0),
	(5542, 97, '2025-03-16 13:47:52', 0),
	(5543, 98, '2025-03-16 13:47:52', 0),
	(5544, 99, '2025-03-16 13:47:52', 0),
	(5545, 100, '2025-03-16 13:47:52', 0),
	(5546, 101, '2025-03-16 13:47:52', 0),
	(5547, 2, '2025-03-25 17:23:26', 0),
	(5548, 3, '2025-03-25 17:23:26', 0),
	(5549, 4, '2025-03-25 17:23:26', 0),
	(5550, 5, '2025-03-25 17:23:26', 0),
	(5551, 6, '2025-03-25 17:23:26', 0),
	(5552, 7, '2025-03-25 17:23:26', 0),
	(5553, 8, '2025-03-25 17:23:26', 0),
	(5554, 9, '2025-03-25 17:23:26', 0),
	(5555, 10, '2025-03-25 17:23:26', 0),
	(5556, 11, '2025-03-25 17:23:26', 0),
	(5557, 12, '2025-03-25 17:23:26', 0),
	(5558, 13, '2025-03-25 17:23:26', 0),
	(5559, 14, '2025-03-25 17:23:26', 0),
	(5560, 15, '2025-03-25 17:23:26', 0),
	(5561, 16, '2025-03-25 17:23:26', 0),
	(5562, 17, '2025-03-25 17:23:26', 0),
	(5563, 18, '2025-03-25 17:23:26', 0),
	(5564, 19, '2025-03-25 17:23:26', 0),
	(5565, 20, '2025-03-25 17:23:26', 0),
	(5566, 21, '2025-03-25 17:23:26', 0),
	(5567, 22, '2025-03-25 17:23:26', 0),
	(5568, 23, '2025-03-25 17:23:26', 0),
	(5569, 24, '2025-03-25 17:23:26', 0),
	(5570, 25, '2025-03-25 17:23:26', 0),
	(5571, 27, '2025-03-25 17:23:26', 0),
	(5572, 28, '2025-03-25 17:23:27', 0),
	(5573, 29, '2025-03-25 17:23:27', 0),
	(5574, 30, '2025-03-25 17:23:27', 0),
	(5575, 31, '2025-03-25 17:23:27', 0),
	(5576, 32, '2025-03-25 17:23:27', 0),
	(5577, 33, '2025-03-25 17:23:27', 0),
	(5578, 34, '2025-03-25 17:23:27', 0),
	(5579, 35, '2025-03-25 17:23:27', 0),
	(5580, 36, '2025-03-25 17:23:27', 0),
	(5581, 37, '2025-03-25 17:23:27', 0),
	(5582, 38, '2025-03-25 17:23:27', 0),
	(5583, 39, '2025-03-25 17:23:27', 0),
	(5584, 40, '2025-03-25 17:23:27', 0),
	(5585, 41, '2025-03-25 17:23:27', 0),
	(5586, 42, '2025-03-25 17:23:27', 0),
	(5587, 43, '2025-03-25 17:23:27', 0),
	(5588, 44, '2025-03-25 17:23:27', 0),
	(5589, 45, '2025-03-25 17:23:27', 0),
	(5590, 46, '2025-03-25 17:23:27', 0),
	(5591, 47, '2025-03-25 17:23:27', 0),
	(5592, 48, '2025-03-25 17:23:27', 0),
	(5593, 49, '2025-03-25 17:23:27', 0),
	(5594, 50, '2025-03-25 17:23:27', 0),
	(5595, 51, '2025-03-25 17:23:27', 0),
	(5596, 52, '2025-03-25 17:23:27', 0),
	(5597, 53, '2025-03-25 17:23:27', 0),
	(5598, 54, '2025-03-25 17:23:27', 0),
	(5599, 55, '2025-03-25 17:23:27', 0),
	(5600, 56, '2025-03-25 17:23:27', 0),
	(5601, 57, '2025-03-25 17:23:27', 0),
	(5602, 58, '2025-03-25 17:23:27', 0),
	(5603, 59, '2025-03-25 17:23:27', 0),
	(5604, 60, '2025-03-25 17:23:27', 0),
	(5605, 61, '2025-03-25 17:23:27', 0),
	(5606, 62, '2025-03-25 17:23:27', 0),
	(5607, 63, '2025-03-25 17:23:27', 0),
	(5608, 64, '2025-03-25 17:23:27', 0),
	(5609, 65, '2025-03-25 17:23:27', 0),
	(5610, 66, '2025-03-25 17:23:27', 0),
	(5611, 67, '2025-03-25 17:23:27', 0),
	(5612, 68, '2025-03-25 17:23:27', 0),
	(5613, 69, '2025-03-25 17:23:27', 0),
	(5614, 70, '2025-03-25 17:23:27', 0),
	(5615, 71, '2025-03-25 17:23:27', 0),
	(5616, 72, '2025-03-25 17:23:27', 0),
	(5617, 73, '2025-03-25 17:23:27', 0),
	(5618, 74, '2025-03-25 17:23:27', 0),
	(5619, 75, '2025-03-25 17:23:27', 0),
	(5620, 76, '2025-03-25 17:23:27', 0),
	(5621, 77, '2025-03-25 17:23:27', 0),
	(5622, 78, '2025-03-25 17:23:27', 0),
	(5623, 79, '2025-03-25 17:23:27', 0),
	(5625, 81, '2025-03-25 17:23:27', 0),
	(5626, 82, '2025-03-25 17:23:27', 0),
	(5627, 83, '2025-03-25 17:23:27', 0),
	(5628, 84, '2025-03-25 17:23:27', 0),
	(5629, 85, '2025-03-25 17:23:27', 0),
	(5630, 86, '2025-03-25 17:23:27', 0),
	(5631, 87, '2025-03-25 17:23:27', 0),
	(5632, 88, '2025-03-25 17:23:27', 0),
	(5633, 89, '2025-03-25 17:23:27', 0),
	(5634, 90, '2025-03-25 17:23:27', 0),
	(5635, 91, '2025-03-25 17:23:27', 0),
	(5636, 92, '2025-03-25 17:23:27', 0),
	(5637, 93, '2025-03-25 17:23:27', 0),
	(5638, 94, '2025-03-25 17:23:27', 0),
	(5639, 95, '2025-03-25 17:23:27', 0),
	(5640, 96, '2025-03-25 17:23:27', 0),
	(5641, 97, '2025-03-25 17:23:27', 0),
	(5642, 98, '2025-03-25 17:23:27', 0),
	(5643, 99, '2025-03-25 17:23:27', 0),
	(5644, 100, '2025-03-25 17:23:27', 0),
	(5645, 101, '2025-03-25 17:23:27', 0),
	(5646, 2, '2025-03-29 11:18:20', 0),
	(5647, 3, '2025-03-29 11:18:21', 0),
	(5648, 4, '2025-03-29 11:18:21', 0),
	(5649, 5, '2025-03-29 11:18:21', 0),
	(5650, 6, '2025-03-29 11:18:21', 0),
	(5651, 7, '2025-03-29 11:18:21', 0),
	(5652, 8, '2025-03-29 11:18:21', 0),
	(5653, 9, '2025-03-29 11:18:21', 0),
	(5654, 10, '2025-03-29 11:18:21', 0),
	(5655, 11, '2025-03-29 11:18:21', 0),
	(5656, 12, '2025-03-29 11:18:21', 0),
	(5657, 13, '2025-03-29 11:18:21', 0),
	(5658, 14, '2025-03-29 11:18:21', 0),
	(5659, 15, '2025-03-29 11:18:21', 0),
	(5660, 16, '2025-03-29 11:18:21', 0),
	(5661, 17, '2025-03-29 11:18:21', 0),
	(5662, 18, '2025-03-29 11:18:21', 0),
	(5663, 19, '2025-03-29 11:18:21', 0),
	(5664, 20, '2025-03-29 11:18:21', 0),
	(5665, 21, '2025-03-29 11:18:21', 0),
	(5666, 22, '2025-03-29 11:18:21', 0),
	(5667, 23, '2025-03-29 11:18:21', 0),
	(5668, 24, '2025-03-29 11:18:21', 0),
	(5669, 25, '2025-03-29 11:18:21', 0),
	(5670, 27, '2025-03-29 11:18:21', 0),
	(5671, 28, '2025-03-29 11:18:21', 0),
	(5672, 29, '2025-03-29 11:18:21', 0),
	(5673, 30, '2025-03-29 11:18:21', 0),
	(5674, 31, '2025-03-29 11:18:21', 0),
	(5675, 32, '2025-03-29 11:18:21', 0),
	(5676, 33, '2025-03-29 11:18:21', 0),
	(5677, 34, '2025-03-29 11:18:21', 0),
	(5678, 35, '2025-03-29 11:18:21', 0),
	(5679, 36, '2025-03-29 11:18:21', 0),
	(5680, 37, '2025-03-29 11:18:21', 0),
	(5681, 38, '2025-03-29 11:18:21', 0),
	(5682, 39, '2025-03-29 11:18:21', 0),
	(5683, 40, '2025-03-29 11:18:21', 0),
	(5684, 41, '2025-03-29 11:18:21', 0),
	(5685, 42, '2025-03-29 11:18:21', 0),
	(5686, 43, '2025-03-29 11:18:21', 0),
	(5687, 44, '2025-03-29 11:18:21', 0),
	(5688, 45, '2025-03-29 11:18:21', 0),
	(5689, 46, '2025-03-29 11:18:21', 0),
	(5690, 47, '2025-03-29 11:18:21', 0),
	(5691, 48, '2025-03-29 11:18:22', 0),
	(5692, 49, '2025-03-29 11:18:22', 0),
	(5693, 50, '2025-03-29 11:18:22', 0),
	(5694, 51, '2025-03-29 11:18:22', 0),
	(5695, 52, '2025-03-29 11:18:22', 0),
	(5696, 53, '2025-03-29 11:18:22', 0),
	(5697, 54, '2025-03-29 11:18:22', 0),
	(5698, 55, '2025-03-29 11:18:22', 0),
	(5699, 56, '2025-03-29 11:18:22', 0),
	(5700, 57, '2025-03-29 11:18:22', 0),
	(5701, 58, '2025-03-29 11:18:22', 0),
	(5702, 59, '2025-03-29 11:18:22', 0),
	(5703, 60, '2025-03-29 11:18:22', 0),
	(5704, 61, '2025-03-29 11:18:22', 0),
	(5705, 62, '2025-03-29 11:18:22', 0),
	(5706, 63, '2025-03-29 11:18:22', 0),
	(5707, 64, '2025-03-29 11:18:22', 0),
	(5708, 65, '2025-03-29 11:18:22', 0),
	(5709, 66, '2025-03-29 11:18:22', 0),
	(5710, 67, '2025-03-29 11:18:22', 0),
	(5711, 68, '2025-03-29 11:18:22', 0),
	(5712, 69, '2025-03-29 11:18:22', 0),
	(5713, 70, '2025-03-29 11:18:22', 0),
	(5714, 71, '2025-03-29 11:18:22', 0),
	(5715, 72, '2025-03-29 11:18:22', 0),
	(5716, 73, '2025-03-29 11:18:22', 0),
	(5717, 74, '2025-03-29 11:18:22', 0),
	(5718, 75, '2025-03-29 11:18:22', 0),
	(5719, 76, '2025-03-29 11:18:22', 0),
	(5720, 77, '2025-03-29 11:18:22', 0),
	(5721, 78, '2025-03-29 11:18:22', 0),
	(5722, 79, '2025-03-29 11:18:22', 0),
	(5724, 81, '2025-03-29 11:18:22', 0),
	(5725, 82, '2025-03-29 11:18:22', 0),
	(5726, 83, '2025-03-29 11:18:22', 0),
	(5727, 84, '2025-03-29 11:18:22', 0),
	(5728, 85, '2025-03-29 11:18:22', 0),
	(5729, 86, '2025-03-29 11:18:22', 0),
	(5730, 87, '2025-03-29 11:18:22', 0),
	(5731, 88, '2025-03-29 11:18:22', 0),
	(5732, 89, '2025-03-29 11:18:22', 0),
	(5733, 90, '2025-03-29 11:18:22', 0),
	(5734, 91, '2025-03-29 11:18:22', 0),
	(5735, 92, '2025-03-29 11:18:22', 0),
	(5736, 93, '2025-03-29 11:18:22', 0),
	(5737, 94, '2025-03-29 11:18:22', 0),
	(5738, 95, '2025-03-29 11:18:22', 0),
	(5739, 96, '2025-03-29 11:18:22', 0),
	(5740, 97, '2025-03-29 11:18:22', 0),
	(5741, 98, '2025-03-29 11:18:22', 0),
	(5742, 99, '2025-03-29 11:18:22', 0),
	(5743, 100, '2025-03-29 11:18:22', 0),
	(5744, 101, '2025-03-29 11:18:22', 0),
	(5745, 2, '2025-04-18 17:11:44', 0),
	(5746, 3, '2025-04-18 17:11:45', 0),
	(5747, 4, '2025-04-18 17:11:45', 0),
	(5748, 5, '2025-04-18 17:11:45', 0),
	(5749, 6, '2025-04-18 17:11:45', 0),
	(5750, 7, '2025-04-18 17:11:45', 0),
	(5751, 8, '2025-04-18 17:11:45', 0),
	(5752, 9, '2025-04-18 17:11:45', 0),
	(5753, 10, '2025-04-18 17:11:45', 0),
	(5754, 11, '2025-04-18 17:11:45', 0),
	(5755, 12, '2025-04-18 17:11:45', 0),
	(5756, 13, '2025-04-18 17:11:45', 0),
	(5757, 14, '2025-04-18 17:11:45', 0),
	(5758, 15, '2025-04-18 17:11:45', 0),
	(5759, 16, '2025-04-18 17:11:45', 0),
	(5760, 17, '2025-04-18 17:11:45', 0),
	(5761, 18, '2025-04-18 17:11:45', 0),
	(5762, 19, '2025-04-18 17:11:45', 0),
	(5763, 20, '2025-04-18 17:11:45', 0),
	(5764, 21, '2025-04-18 17:11:45', 0),
	(5765, 22, '2025-04-18 17:11:45', 0),
	(5766, 23, '2025-04-18 17:11:45', 0),
	(5767, 24, '2025-04-18 17:11:45', 0),
	(5768, 25, '2025-04-18 17:11:45', 0),
	(5769, 27, '2025-04-18 17:11:45', 0),
	(5770, 28, '2025-04-18 17:11:45', 0),
	(5771, 29, '2025-04-18 17:11:45', 0),
	(5772, 30, '2025-04-18 17:11:45', 0),
	(5773, 31, '2025-04-18 17:11:45', 0),
	(5774, 32, '2025-04-18 17:11:45', 0),
	(5775, 33, '2025-04-18 17:11:45', 0),
	(5776, 34, '2025-04-18 17:11:45', 0),
	(5777, 35, '2025-04-18 17:11:45', 0),
	(5778, 36, '2025-04-18 17:11:45', 0),
	(5779, 37, '2025-04-18 17:11:45', 0),
	(5780, 38, '2025-04-18 17:11:45', 0),
	(5781, 39, '2025-04-18 17:11:46', 0),
	(5782, 40, '2025-04-18 17:11:46', 0),
	(5783, 41, '2025-04-18 17:11:46', 0),
	(5784, 42, '2025-04-18 17:11:46', 0),
	(5785, 43, '2025-04-18 17:11:46', 0),
	(5786, 44, '2025-04-18 17:11:46', 0),
	(5787, 45, '2025-04-18 17:11:46', 0),
	(5788, 46, '2025-04-18 17:11:46', 0),
	(5789, 47, '2025-04-18 17:11:46', 0),
	(5790, 48, '2025-04-18 17:11:46', 0),
	(5791, 49, '2025-04-18 17:11:46', 0),
	(5792, 50, '2025-04-18 17:11:46', 0),
	(5793, 51, '2025-04-18 17:11:46', 0),
	(5794, 52, '2025-04-18 17:11:46', 0),
	(5795, 53, '2025-04-18 17:11:46', 0),
	(5796, 54, '2025-04-18 17:11:46', 0),
	(5797, 55, '2025-04-18 17:11:46', 0),
	(5798, 56, '2025-04-18 17:11:46', 0),
	(5799, 57, '2025-04-18 17:11:46', 0),
	(5800, 58, '2025-04-18 17:11:46', 0),
	(5801, 59, '2025-04-18 17:11:46', 0),
	(5802, 60, '2025-04-18 17:11:46', 0),
	(5803, 61, '2025-04-18 17:11:46', 0),
	(5804, 62, '2025-04-18 17:11:46', 0),
	(5805, 63, '2025-04-18 17:11:46', 0),
	(5806, 64, '2025-04-18 17:11:46', 0),
	(5807, 65, '2025-04-18 17:11:46', 0),
	(5808, 66, '2025-04-18 17:11:46', 0),
	(5809, 67, '2025-04-18 17:11:46', 0),
	(5810, 68, '2025-04-18 17:11:46', 0),
	(5811, 69, '2025-04-18 17:11:46', 0),
	(5812, 70, '2025-04-18 17:11:46', 0),
	(5813, 71, '2025-04-18 17:11:46', 0),
	(5814, 72, '2025-04-18 17:11:46', 0),
	(5815, 73, '2025-04-18 17:11:46', 0),
	(5816, 74, '2025-04-18 17:11:46', 0),
	(5817, 75, '2025-04-18 17:11:46', 0),
	(5818, 76, '2025-04-18 17:11:46', 0),
	(5819, 77, '2025-04-18 17:11:46', 0),
	(5820, 78, '2025-04-18 17:11:46', 0),
	(5821, 79, '2025-04-18 17:11:46', 0),
	(5823, 81, '2025-04-18 17:11:46', 0),
	(5824, 82, '2025-04-18 17:11:46', 0),
	(5825, 83, '2025-04-18 17:11:46', 0),
	(5826, 84, '2025-04-18 17:11:46', 0),
	(5827, 85, '2025-04-18 17:11:46', 0),
	(5828, 86, '2025-04-18 17:11:46', 0),
	(5829, 87, '2025-04-18 17:11:46', 0),
	(5830, 88, '2025-04-18 17:11:46', 0),
	(5831, 89, '2025-04-18 17:11:46', 0),
	(5832, 90, '2025-04-18 17:11:46', 0),
	(5833, 91, '2025-04-18 17:11:46', 0),
	(5834, 92, '2025-04-18 17:11:46', 0),
	(5835, 93, '2025-04-18 17:11:46', 0),
	(5836, 94, '2025-04-18 17:11:46', 0),
	(5837, 95, '2025-04-18 17:11:46', 0),
	(5838, 96, '2025-04-18 17:11:46', 0),
	(5839, 97, '2025-04-18 17:11:46', 0),
	(5840, 98, '2025-04-18 17:11:46', 0),
	(5841, 99, '2025-04-18 17:11:46', 0),
	(5842, 100, '2025-04-18 17:11:46', 0),
	(5843, 101, '2025-04-18 17:11:46', 0),
	(5844, 2, '2025-04-20 13:43:33', 0),
	(5845, 3, '2025-04-20 13:43:34', 0),
	(5846, 4, '2025-04-20 13:43:34', 0),
	(5847, 5, '2025-04-20 13:43:34', 0),
	(5848, 6, '2025-04-20 13:43:34', 0),
	(5849, 7, '2025-04-20 13:43:34', 0),
	(5850, 8, '2025-04-20 13:43:34', 0),
	(5851, 9, '2025-04-20 13:43:34', 0),
	(5852, 10, '2025-04-20 13:43:34', 0),
	(5853, 11, '2025-04-20 13:43:34', 0),
	(5854, 12, '2025-04-20 13:43:34', 0),
	(5855, 13, '2025-04-20 13:43:34', 0),
	(5856, 14, '2025-04-20 13:43:34', 0),
	(5857, 15, '2025-04-20 13:43:34', 0),
	(5858, 16, '2025-04-20 13:43:34', 0),
	(5859, 17, '2025-04-20 13:43:34', 0),
	(5860, 18, '2025-04-20 13:43:34', 0),
	(5861, 19, '2025-04-20 13:43:34', 0),
	(5862, 20, '2025-04-20 13:43:34', 0),
	(5863, 21, '2025-04-20 13:43:34', 0),
	(5864, 22, '2025-04-20 13:43:34', 0),
	(5865, 23, '2025-04-20 13:43:34', 0),
	(5866, 24, '2025-04-20 13:43:34', 0),
	(5867, 25, '2025-04-20 13:43:34', 0),
	(5868, 27, '2025-04-20 13:43:34', 0),
	(5869, 28, '2025-04-20 13:43:34', 0),
	(5870, 29, '2025-04-20 13:43:34', 0),
	(5871, 30, '2025-04-20 13:43:34', 0),
	(5872, 31, '2025-04-20 13:43:34', 0),
	(5873, 32, '2025-04-20 13:43:34', 0),
	(5874, 33, '2025-04-20 13:43:34', 0),
	(5875, 34, '2025-04-20 13:43:34', 0),
	(5876, 35, '2025-04-20 13:43:34', 0),
	(5877, 36, '2025-04-20 13:43:34', 0),
	(5878, 37, '2025-04-20 13:43:34', 0),
	(5879, 38, '2025-04-20 13:43:34', 0),
	(5880, 39, '2025-04-20 13:43:35', 0),
	(5881, 40, '2025-04-20 13:43:35', 0),
	(5882, 41, '2025-04-20 13:43:35', 0),
	(5883, 42, '2025-04-20 13:43:35', 0),
	(5884, 43, '2025-04-20 13:43:35', 0),
	(5885, 44, '2025-04-20 13:43:35', 0),
	(5886, 45, '2025-04-20 13:43:35', 0),
	(5887, 46, '2025-04-20 13:43:35', 0),
	(5888, 47, '2025-04-20 13:43:35', 0),
	(5889, 48, '2025-04-20 13:43:35', 0),
	(5890, 49, '2025-04-20 13:43:35', 0),
	(5891, 50, '2025-04-20 13:43:35', 0),
	(5892, 51, '2025-04-20 13:43:35', 0),
	(5893, 52, '2025-04-20 13:43:35', 0),
	(5894, 53, '2025-04-20 13:43:35', 0),
	(5895, 54, '2025-04-20 13:43:35', 0),
	(5896, 55, '2025-04-20 13:43:35', 0),
	(5897, 56, '2025-04-20 13:43:35', 0),
	(5898, 57, '2025-04-20 13:43:35', 0),
	(5899, 58, '2025-04-20 13:43:35', 0),
	(5900, 59, '2025-04-20 13:43:35', 0),
	(5901, 60, '2025-04-20 13:43:35', 0),
	(5902, 61, '2025-04-20 13:43:35', 0),
	(5903, 62, '2025-04-20 13:43:35', 0),
	(5904, 63, '2025-04-20 13:43:35', 0),
	(5905, 64, '2025-04-20 13:43:35', 0),
	(5906, 65, '2025-04-20 13:43:35', 0),
	(5907, 66, '2025-04-20 13:43:35', 0),
	(5908, 67, '2025-04-20 13:43:35', 0),
	(5909, 68, '2025-04-20 13:43:35', 0),
	(5910, 69, '2025-04-20 13:43:35', 0),
	(5911, 70, '2025-04-20 13:43:35', 0),
	(5912, 71, '2025-04-20 13:43:35', 0),
	(5913, 72, '2025-04-20 13:43:35', 0),
	(5914, 73, '2025-04-20 13:43:35', 0),
	(5915, 74, '2025-04-20 13:43:35', 0),
	(5916, 75, '2025-04-20 13:43:35', 0),
	(5917, 76, '2025-04-20 13:43:35', 0),
	(5918, 77, '2025-04-20 13:43:35', 0),
	(5919, 78, '2025-04-20 13:43:35', 0),
	(5920, 79, '2025-04-20 13:43:35', 0),
	(5922, 81, '2025-04-20 13:43:35', 0),
	(5923, 82, '2025-04-20 13:43:35', 0),
	(5924, 83, '2025-04-20 13:43:35', 0),
	(5925, 84, '2025-04-20 13:43:35', 0),
	(5926, 85, '2025-04-20 13:43:35', 0),
	(5927, 86, '2025-04-20 13:43:35', 0),
	(5928, 87, '2025-04-20 13:43:35', 0),
	(5929, 88, '2025-04-20 13:43:35', 0),
	(5930, 89, '2025-04-20 13:43:35', 0),
	(5931, 90, '2025-04-20 13:43:35', 0),
	(5932, 91, '2025-04-20 13:43:35', 0),
	(5933, 92, '2025-04-20 13:43:35', 0),
	(5934, 93, '2025-04-20 13:43:35', 0),
	(5935, 94, '2025-04-20 13:43:35', 0),
	(5936, 95, '2025-04-20 13:43:35', 0),
	(5937, 96, '2025-04-20 13:43:35', 0),
	(5938, 97, '2025-04-20 13:43:35', 0),
	(5939, 98, '2025-04-20 13:43:35', 0),
	(5940, 99, '2025-04-20 13:43:35', 0),
	(5941, 100, '2025-04-20 13:43:35', 0),
	(5942, 101, '2025-04-20 13:43:35', 0),
	(5943, 2, '2025-04-25 15:04:40', 0),
	(5944, 3, '2025-04-25 15:04:41', 0),
	(5945, 4, '2025-04-25 15:04:41', 0),
	(5946, 5, '2025-04-25 15:04:41', 0),
	(5947, 6, '2025-04-25 15:04:41', 0),
	(5948, 7, '2025-04-25 15:04:41', 0),
	(5949, 8, '2025-04-25 15:04:41', 0),
	(5950, 9, '2025-04-25 15:04:41', 0),
	(5951, 10, '2025-04-25 15:04:41', 0),
	(5952, 11, '2025-04-25 15:04:41', 0),
	(5953, 12, '2025-04-25 15:04:42', 0),
	(5954, 13, '2025-04-25 15:04:42', 0),
	(5955, 14, '2025-04-25 15:04:42', 0),
	(5956, 15, '2025-04-25 15:04:42', 0),
	(5957, 16, '2025-04-25 15:04:42', 0),
	(5958, 17, '2025-04-25 15:04:42', 0),
	(5959, 18, '2025-04-25 15:04:42', 0),
	(5960, 19, '2025-04-25 15:04:42', 0),
	(5961, 20, '2025-04-25 15:04:42', 0),
	(5962, 21, '2025-04-25 15:04:42', 0),
	(5963, 22, '2025-04-25 15:04:42', 0),
	(5964, 23, '2025-04-25 15:04:43', 0),
	(5965, 24, '2025-04-25 15:04:43', 0),
	(5966, 25, '2025-04-25 15:04:43', 0),
	(5967, 27, '2025-04-25 15:04:43', 0),
	(5968, 28, '2025-04-25 15:04:43', 0),
	(5969, 29, '2025-04-25 15:04:43', 0),
	(5970, 30, '2025-04-25 15:04:43', 0),
	(5971, 31, '2025-04-25 15:04:43', 0),
	(5972, 32, '2025-04-25 15:04:43', 0),
	(5973, 33, '2025-04-25 15:04:43', 0),
	(5974, 34, '2025-04-25 15:04:43', 0),
	(5975, 35, '2025-04-25 15:04:44', 0),
	(5976, 36, '2025-04-25 15:04:44', 0),
	(5977, 37, '2025-04-25 15:04:44', 0),
	(5978, 38, '2025-04-25 15:04:44', 0),
	(5979, 39, '2025-04-25 15:04:44', 0),
	(5980, 40, '2025-04-25 15:04:44', 0),
	(5981, 41, '2025-04-25 15:04:44', 0),
	(5982, 42, '2025-04-25 15:04:44', 0),
	(5983, 43, '2025-04-25 15:04:44', 0),
	(5984, 44, '2025-04-25 15:04:44', 0),
	(5985, 45, '2025-04-25 15:04:45', 0),
	(5986, 46, '2025-04-25 15:04:45', 0),
	(5987, 47, '2025-04-25 15:04:45', 0),
	(5988, 48, '2025-04-25 15:04:45', 0),
	(5989, 49, '2025-04-25 15:04:45', 0),
	(5990, 50, '2025-04-25 15:04:45', 0),
	(5991, 51, '2025-04-25 15:04:45', 0),
	(5992, 52, '2025-04-25 15:04:45', 0),
	(5993, 53, '2025-04-25 15:04:45', 0),
	(5994, 54, '2025-04-25 15:04:45', 0),
	(5995, 55, '2025-04-25 15:04:45', 0),
	(5996, 56, '2025-04-25 15:04:46', 0),
	(5997, 57, '2025-04-25 15:04:46', 0),
	(5998, 58, '2025-04-25 15:04:46', 0),
	(5999, 59, '2025-04-25 15:04:46', 0),
	(6000, 60, '2025-04-25 15:04:46', 0),
	(6001, 61, '2025-04-25 15:04:46', 0),
	(6002, 62, '2025-04-25 15:04:46', 0),
	(6003, 63, '2025-04-25 15:04:46', 0),
	(6004, 64, '2025-04-25 15:04:46', 0),
	(6005, 65, '2025-04-25 15:04:46', 0),
	(6006, 66, '2025-04-25 15:04:46', 0),
	(6007, 67, '2025-04-25 15:04:47', 0),
	(6008, 68, '2025-04-25 15:04:47', 0),
	(6009, 69, '2025-04-25 15:04:47', 0),
	(6010, 70, '2025-04-25 15:04:47', 0),
	(6011, 71, '2025-04-25 15:04:47', 0),
	(6012, 72, '2025-04-25 15:04:47', 0),
	(6013, 73, '2025-04-25 15:04:47', 0),
	(6014, 74, '2025-04-25 15:04:47', 0),
	(6015, 75, '2025-04-25 15:04:47', 0),
	(6016, 76, '2025-04-25 15:04:47', 0),
	(6017, 77, '2025-04-25 15:04:47', 0),
	(6018, 78, '2025-04-25 15:04:48', 0),
	(6019, 79, '2025-04-25 15:04:48', 0),
	(6021, 81, '2025-04-25 15:04:48', 0),
	(6022, 82, '2025-04-25 15:04:48', 0),
	(6023, 83, '2025-04-25 15:04:48', 0),
	(6024, 84, '2025-04-25 15:04:48', 0),
	(6025, 85, '2025-04-25 15:04:48', 0),
	(6026, 86, '2025-04-25 15:04:48', 0),
	(6027, 87, '2025-04-25 15:04:48', 0),
	(6028, 88, '2025-04-25 15:04:49', 0),
	(6029, 89, '2025-04-25 15:04:49', 0),
	(6030, 90, '2025-04-25 15:04:49', 0),
	(6031, 91, '2025-04-25 15:04:49', 0),
	(6032, 92, '2025-04-25 15:04:49', 0),
	(6033, 93, '2025-04-25 15:04:49', 0),
	(6034, 94, '2025-04-25 15:04:49', 0),
	(6035, 95, '2025-04-25 15:04:49', 0),
	(6036, 96, '2025-04-25 15:04:49', 0),
	(6037, 97, '2025-04-25 15:04:49', 0),
	(6038, 98, '2025-04-25 15:04:49', 0),
	(6039, 99, '2025-04-25 15:04:50', 0),
	(6040, 100, '2025-04-25 15:04:50', 0),
	(6041, 101, '2025-04-25 15:04:50', 0),
	(6042, 2, '2025-04-26 11:30:32', 0),
	(6043, 3, '2025-04-26 11:30:33', 0),
	(6044, 4, '2025-04-26 11:30:33', 0),
	(6045, 5, '2025-04-26 11:30:33', 0),
	(6046, 6, '2025-04-26 11:30:33', 0),
	(6047, 7, '2025-04-26 11:30:33', 0),
	(6048, 8, '2025-04-26 11:30:33', 0),
	(6049, 9, '2025-04-26 11:30:33', 0),
	(6050, 10, '2025-04-26 11:30:33', 0),
	(6051, 11, '2025-04-26 11:30:33', 0),
	(6052, 12, '2025-04-26 11:30:34', 0),
	(6053, 13, '2025-04-26 11:30:34', 0),
	(6054, 14, '2025-04-26 11:30:34', 0),
	(6055, 15, '2025-04-26 11:30:34', 0),
	(6056, 16, '2025-04-26 11:30:34', 0),
	(6057, 17, '2025-04-26 11:30:34', 0),
	(6058, 18, '2025-04-26 11:30:34', 0),
	(6059, 19, '2025-04-26 11:30:34', 0),
	(6060, 20, '2025-04-26 11:30:34', 0),
	(6061, 21, '2025-04-26 11:30:34', 0),
	(6062, 22, '2025-04-26 11:30:35', 0),
	(6063, 23, '2025-04-26 11:30:35', 0),
	(6064, 24, '2025-04-26 11:30:35', 0),
	(6065, 25, '2025-04-26 11:30:35', 0),
	(6066, 27, '2025-04-26 11:30:35', 0),
	(6067, 28, '2025-04-26 11:30:35', 0),
	(6068, 29, '2025-04-26 11:30:35', 0),
	(6069, 30, '2025-04-26 11:30:35', 0),
	(6070, 31, '2025-04-26 11:30:35', 0),
	(6071, 32, '2025-04-26 11:30:35', 0),
	(6072, 33, '2025-04-26 11:30:35', 0),
	(6073, 34, '2025-04-26 11:30:36', 0),
	(6074, 35, '2025-04-26 11:30:36', 0),
	(6075, 36, '2025-04-26 11:30:36', 0),
	(6076, 37, '2025-04-26 11:30:36', 0),
	(6077, 38, '2025-04-26 11:30:36', 0),
	(6078, 39, '2025-04-26 11:30:36', 0),
	(6079, 40, '2025-04-26 11:30:36', 0),
	(6080, 41, '2025-04-26 11:30:36', 0),
	(6081, 42, '2025-04-26 11:30:36', 0),
	(6082, 43, '2025-04-26 11:30:36', 0),
	(6083, 44, '2025-04-26 11:30:36', 0),
	(6084, 45, '2025-04-26 11:30:37', 0),
	(6085, 46, '2025-04-26 11:30:37', 0),
	(6086, 47, '2025-04-26 11:30:37', 0),
	(6087, 48, '2025-04-26 11:30:37', 0),
	(6088, 49, '2025-04-26 11:30:37', 0),
	(6089, 50, '2025-04-26 11:30:37', 0),
	(6090, 51, '2025-04-26 11:30:37', 0),
	(6091, 52, '2025-04-26 11:30:37', 0),
	(6092, 53, '2025-04-26 11:30:37', 0),
	(6093, 54, '2025-04-26 11:30:37', 0),
	(6094, 55, '2025-04-26 11:30:37', 0),
	(6095, 56, '2025-04-26 11:30:38', 0),
	(6096, 57, '2025-04-26 11:30:38', 0),
	(6097, 58, '2025-04-26 11:30:38', 0),
	(6098, 59, '2025-04-26 11:30:38', 0),
	(6099, 60, '2025-04-26 11:30:38', 0),
	(6100, 61, '2025-04-26 11:30:38', 0),
	(6101, 62, '2025-04-26 11:30:38', 0),
	(6102, 63, '2025-04-26 11:30:38', 0),
	(6103, 64, '2025-04-26 11:30:38', 0),
	(6104, 65, '2025-04-26 11:30:38', 0),
	(6105, 66, '2025-04-26 11:30:38', 0),
	(6106, 67, '2025-04-26 11:30:39', 0),
	(6107, 68, '2025-04-26 11:30:39', 0),
	(6108, 69, '2025-04-26 11:30:39', 0),
	(6109, 70, '2025-04-26 11:30:39', 0),
	(6110, 71, '2025-04-26 11:30:39', 0),
	(6111, 72, '2025-04-26 11:30:39', 0),
	(6112, 73, '2025-04-26 11:30:39', 0),
	(6113, 74, '2025-04-26 11:30:39', 0),
	(6114, 75, '2025-04-26 11:30:39', 0),
	(6115, 76, '2025-04-26 11:30:39', 0),
	(6116, 77, '2025-04-26 11:30:40', 0),
	(6117, 78, '2025-04-26 11:30:40', 0),
	(6118, 79, '2025-04-26 11:30:40', 0),
	(6120, 81, '2025-04-26 11:30:40', 0),
	(6121, 82, '2025-04-26 11:30:40', 0),
	(6122, 83, '2025-04-26 11:30:40', 0),
	(6123, 84, '2025-04-26 11:30:40', 0),
	(6124, 85, '2025-04-26 11:30:40', 0),
	(6125, 86, '2025-04-26 11:30:40', 0),
	(6126, 87, '2025-04-26 11:30:40', 0),
	(6127, 88, '2025-04-26 11:30:41', 0),
	(6128, 89, '2025-04-26 11:30:41', 0),
	(6129, 90, '2025-04-26 11:30:41', 0),
	(6130, 91, '2025-04-26 11:30:41', 0),
	(6131, 92, '2025-04-26 11:30:41', 0),
	(6132, 93, '2025-04-26 11:30:41', 0),
	(6133, 94, '2025-04-26 11:30:41', 0),
	(6134, 95, '2025-04-26 11:30:41', 0),
	(6135, 96, '2025-04-26 11:30:41', 0),
	(6136, 97, '2025-04-26 11:30:41', 0),
	(6137, 98, '2025-04-26 11:30:41', 0),
	(6138, 99, '2025-04-26 11:30:42', 0),
	(6139, 100, '2025-04-26 11:30:42', 0),
	(6140, 101, '2025-04-26 11:30:42', 0);

-- Дамп структуры для таблица chaos_db.busroutepoints
CREATE TABLE IF NOT EXISTS `busroutepoints` (
  `id` int(11) NOT NULL AUTO_INCREMENT,
  `routeId` int(11) NOT NULL,
  `x` float NOT NULL,
  `y` float NOT NULL,
  `z` float NOT NULL,
  `isStop` tinyint(1) NOT NULL DEFAULT 0,
  PRIMARY KEY (`id`),
  KEY `routeId` (`routeId`),
  CONSTRAINT `busroutepoints_ibfk_1` FOREIGN KEY (`routeId`) REFERENCES `busroutes` (`id`) ON DELETE CASCADE ON UPDATE CASCADE
) ENGINE=InnoDB AUTO_INCREMENT=114 DEFAULT CHARSET=utf8 COLLATE=utf8_general_ci;

-- Дамп данных таблицы chaos_db.busroutepoints: ~113 rows (приблизительно)
INSERT INTO `busroutepoints` (`id`, `routeId`, `x`, `y`, `z`, `isStop`) VALUES
	(1, 1, 460.593, -671.347, 24.4689, 0),
	(2, 1, 382.878, -671.937, 26.2414, 0),
	(3, 1, 313.08, -650.009, 26.2772, 0),
	(4, 1, 133.916, -575.566, 28.4805, 0),
	(5, 1, 71.6239, -554.19, 29.7872, 0),
	(6, 1, -37.3983, -544.742, 36.9911, 0),
	(7, 1, -38.8153, -504.723, 37.3973, 0),
	(8, 1, -3.39621, -393.225, 36.444, 0),
	(9, 1, 22.5312, -300.299, 44.3025, 0),
	(10, 1, -3.67117, -259.844, 44.0171, 0),
	(11, 1, -87.2883, -240.137, 41.8796, 0),
	(12, 1, -131.214, -265.698, 39.7313, 0),
	(13, 1, -147.886, -310.723, 35.4383, 1),
	(14, 1, -161.835, -374.179, 30.4819, 0),
	(15, 1, -187.092, -452.446, 31.1109, 0),
	(16, 1, -234.692, -565.238, 31.552, 0),
	(17, 1, -261.899, -636.456, 30.3413, 0),
	(18, 1, -307.574, -650.666, 29.9619, 0),
	(19, 1, -422.045, -650.022, 27.4413, 0),
	(20, 1, -519.61, -648.989, 30.1377, 1),
	(21, 1, -588.684, -650.269, 29.3784, 0),
	(22, 1, -645.379, -701.719, 27.0618, 0),
	(23, 1, -639.739, -808.008, 22.1069, 0),
	(24, 1, -556.68, -845.334, 24.686, 1),
	(25, 1, -465.303, -845.04, 27.5056, 0),
	(26, 1, -323.051, -861.558, 28.6078, 0),
	(27, 1, -247.2, -883.482, 27.5131, 1),
	(28, 1, -148.313, -912.358, 26.3052, 0),
	(29, 1, -2.65843, -965.326, 26.3836, 0),
	(30, 1, 138.935, -1016.77, 26.3748, 0),
	(31, 1, 198.942, -1031.51, 26.3594, 0),
	(32, 1, 253.405, -987.715, 26.2058, 1),
	(33, 1, 288.714, -886.381, 26.0714, 0),
	(34, 1, 330.814, -769.67, 26.2055, 1),
	(35, 1, 357.435, -689.49, 26.2599, 0),
	(36, 1, 420.803, -680.31, 26.256, 0),
	(37, 1, 421.208, -618.548, 25.4881, 0),
	(38, 1, 469.733, -579.474, 25.4968, 0),
	(39, 2, 458.752, -674.666, 24.1307, 0),
	(40, 2, 503.027, -726.417, 21.2591, 0),
	(41, 2, 498.24, -936.58, 23.1996, 0),
	(42, 2, 419.68, -951.839, 25.7481, 0),
	(43, 2, 394.017, -990.007, 25.7053, 1),
	(44, 2, 395.171, -1111.24, 25.7826, 0),
	(45, 2, 300.717, -1129.2, 25.8651, 0),
	(46, 2, 259.235, -1123.96, 25.6362, 1),
	(47, 2, 214.103, -1065.52, 25.66, 0),
	(48, 2, 37.3188, -963.834, 25.7542, 0),
	(49, 2, -146.742, -895.737, 25.7017, 0),
	(50, 2, -269.041, -852.965, 28.0144, 0),
	(51, 2, -271.824, -823.059, 28.1893, 1),
	(52, 2, -209.283, -692.614, 30.2154, 0),
	(53, 2, -143.122, -761.036, 29.9153, 0),
	(54, 2, -171.977, -819.14, 27.5341, 1),
	(55, 2, -175.962, -865.196, 25.7325, 0),
	(56, 2, -64.6599, -936.699, 25.7828, 0),
	(57, 2, 9.23625, -849.272, 27.044, 0),
	(58, 2, -7.35376, -747.254, 28.6558, 0),
	(59, 2, -228.384, -661.273, 29.7734, 0),
	(60, 2, -205.078, -513.352, 31.1724, 0),
	(61, 2, -256.739, -324.852, 26.2448, 1),
	(62, 2, -285.614, -202.797, 34.9391, 0),
	(63, 2, -398.373, -208.844, 32.6883, 0),
	(64, 2, -524.432, -268.069, 31.7118, 1),
	(65, 2, -603.779, -214.122, 33.4209, 0),
	(66, 2, -678.754, -208.678, 33.5926, 0),
	(67, 2, -778.548, -257.451, 33.5072, 0),
	(68, 2, -842.942, -173.795, 33.9682, 0),
	(69, 2, -798.4, -130.755, 34.296, 1),
	(70, 2, -697.175, -75.4777, 34.1881, 0),
	(71, 2, -553.334, -33.7957, 39.3824, 0),
	(72, 2, -413.333, 0.0654788, 43.0642, 0),
	(73, 2, -390.123, 109.847, 62.0731, 0),
	(74, 2, -249.323, 120.944, 65.8583, 0),
	(75, 2, -218.477, 236.991, 87.587, 0),
	(76, 2, -142.414, 243.842, 91.3897, 1),
	(77, 2, 10.4169, 261.053, 105.888, 0),
	(78, 2, 228.534, 349.833, 101.995, 0),
	(79, 2, 382.777, 304.596, 99.5385, 1),
	(80, 2, 542.438, 250.262, 99.4973, 0),
	(81, 2, 766.889, 150.325, 76.8192, 0),
	(82, 2, 705.902, 34.8675, 80.6401, 0),
	(83, 2, 845.884, -99.134, 76.5956, 0),
	(84, 2, 921.482, -147.95, 71.9853, 1),
	(85, 2, 1058.26, -229.021, 66.2412, 0),
	(86, 2, 1211.7, -352.904, 65.5464, 0),
	(87, 2, 1180.98, -492.556, 61.9794, 0),
	(88, 2, 1193.83, -484.511, 62.1103, 1),
	(89, 2, 1216.61, -338.035, 65.5377, 0),
	(90, 2, 1038.16, -201.517, 66.5913, 0),
	(91, 2, 835.277, -71.6268, 76.9651, 0),
	(92, 2, 891.45, 51.2364, 75.1402, 1),
	(93, 2, 1052.96, 254.063, 80.9541, 0),
	(94, 2, 1149.84, 369.436, 87.7068, 0),
	(95, 2, 1044.26, 474.93, 90.7504, 0),
	(96, 2, 957.817, 360.28, 86.6877, 0),
	(97, 2, 801.11, 177.142, 77.5578, 0),
	(98, 2, 675.721, -11.8341, 80.5418, 0),
	(99, 2, 507.542, -125.095, 56.7538, 0),
	(100, 2, 423.602, -140.58, 60.9844, 0),
	(101, 2, 354.378, -241.597, 50.384, 0),
	(102, 2, 320.549, -247.667, 50.2404, 1),
	(103, 2, 252.699, -223.044, 50.4568, 0),
	(104, 2, 95.0394, -171.063, 51.3462, 0),
	(105, 2, 17.6719, -301.332, 43.7438, 0),
	(106, 2, -105.379, -609.801, 32.4885, 1),
	(107, 2, -111.469, -686.888, 31.3962, 0),
	(108, 2, 8.59079, -769.509, 28.162, 0),
	(109, 2, 143.876, -813.387, 27.5954, 0),
	(110, 2, 263.964, -851.2, 25.7474, 0),
	(111, 2, 356.989, -690.258, 25.6732, 0),
	(112, 2, 420.872, -629.694, 24.9119, 0),
	(113, 2, 467.265, -579.708, 24.9218, 1);

-- Дамп структуры для таблица chaos_db.busroutes
CREATE TABLE IF NOT EXISTS `busroutes` (
  `id` int(11) NOT NULL AUTO_INCREMENT,
  `name` varchar(255) NOT NULL,
  `level` int(11) NOT NULL DEFAULT 0,
  `salary` int(11) NOT NULL DEFAULT 1,
  PRIMARY KEY (`id`)
) ENGINE=InnoDB AUTO_INCREMENT=3 DEFAULT CHARSET=utf8 COLLATE=utf8_general_ci;

-- Дамп данных таблицы chaos_db.busroutes: ~2 rows (приблизительно)
INSERT INTO `busroutes` (`id`, `name`, `level`, `salary`) VALUES
	(1, 'Городской', 0, 10),
	(2, 'Внутренний', 0, 10);

-- Дамп структуры для таблица chaos_db.busstops
CREATE TABLE IF NOT EXISTS `busstops` (
  `id` int(11) NOT NULL AUTO_INCREMENT,
  `x` float NOT NULL,
  `y` float NOT NULL,
  `z` float NOT NULL,
  `name` varchar(255) NOT NULL,
  PRIMARY KEY (`id`)
) ENGINE=InnoDB AUTO_INCREMENT=33 DEFAULT CHARSET=utf8 COLLATE=utf8_general_ci;

-- Дамп данных таблицы chaos_db.busstops: ~32 rows (приблизительно)
INSERT INTO `busstops` (`id`, `x`, `y`, `z`, `name`) VALUES
	(1, -254.622, -325.251, 31.9562, 'Рокфорд-Хиллз | Бульвар Сан-Витус'),
	(2, -248.109, -713.363, 35.5428, 'Пиллбокс-Хилл | Писфул-стрит'),
	(3, -268.026, -824.362, 33.8106, 'Пиллбокс-Хилл | Писфул-стрит'),
	(4, -250.125, -887.088, 32.6215, 'Пиллбокс-Хилл | Бульвар Веспуччи'),
	(5, -175.971, -818.564, 33.1246, 'Пиллбокс-Хилл | Альта-стрит'),
	(6, 257.087, -1118.77, 31.3339, 'Мишн-Роу | Бульвар Адамс-Эппл'),
	(7, 356.266, -1067.21, 31.5632, 'Мишн-Роу | Бульвар Веспуччи'),
	(8, 1196.94, -485.485, 67.8096, 'Миррор-Парк | Бульвар Миррор-Парк'),
	(9, 894.531, 49.1308, 80.8783, 'Вайнвуд-Хиллз | Вайнвуд-Парк-драйв'),
	(10, 1945.4, 3856.61, 34.1371, 'Сэнди-Шорс | Бульвар Алгонквин'),
	(11, 1932.07, 3715.81, 34.3469, 'Сэнди-Шорс | Альгамбра-драйв'),
	(12, 2058.98, 5033.8, 42.9374, 'Грейпсид | Джоуд-лейн'),
	(13, 1727.28, 6401.65, 36.0749, 'Гора Чилиад | Шоссе Сенора'),
	(14, -20.9437, 6498.4, 33.5163, 'Палето-Бэй | Бульвар Палето'),
	(15, -179.979, 6450.35, 32.5818, 'Палето-Бэй | Прокопио-драйв'),
	(16, -773.035, 5531.23, 35.0643, 'Лес Палето | Прокопио-променад'),
	(17, -3153.42, 1060.13, 22.2423, 'Чумаш | Шоссе Грейт-Оушн'),
	(18, -3003.5, 416.473, 16.5537, 'Каньон Бэнхэм | Шоссе Грейт-Оушн'),
	(19, -1214.91, -1219.43, 9.68718, 'Каналы Веспуччи | Бэй-Сити-авеню'),
	(20, -71.0258, -1097.97, 27.9541, 'Пиллбокс-Хилл | Пауэр-стрит'),
	(21, 115.539, -781.624, 33.3962, 'Пиллбокс-Хилл | Сан-Андреас-авеню'),
	(22, -526.302, -264.686, 37.4408, 'Бертон | Карсер-вэй'),
	(23, 322.011, -244.604, 55.9272, 'Альта | Хавик-авеню'),
	(24, 2596.33, 360.997, 110.077, 'Татавиамские горы | Шоссе Паломино'),
	(25, 2551.15, 2635.26, 39.6079, 'Ветряная ферма | Сенора-вэй'),
	(26, -284.697, 6201.37, 32.9714, 'Палето-Бэй | Дулуоз-авеню'),
	(27, -2501.94, 3628.84, 15.4157, 'Северный Чумаш | Шоссе Грейт-Оушн'),
	(28, -1632.75, -338.494, 51.9687, 'Пасифик-Блаффс | Бульвар Вест-Эклипс'),
	(29, -1413.07, -566.963, 32.3704, 'Дель-Перро | Марафон-авеню'),
	(30, -695.508, -1633.32, 25.5332, 'Ла-Пуэрта | Саут-Арсенал-стрит'),
	(31, 221.876, -2079.59, 19.5783, 'Ранчо | Датч-Лондон-стрит'),
	(32, 953.918, -1905.13, 32.7494, 'Сайпрес-Флэтс | Орчардвилл-авеню');

-- Дамп структуры для таблица chaos_db.carlists
CREATE TABLE IF NOT EXISTS `carlists` (
  `id` int(11) NOT NULL AUTO_INCREMENT,
  `carShowId` int(11) NOT NULL,
  `vehiclePropertyModel` varchar(128) NOT NULL,
  `percentage` int(11) NOT NULL DEFAULT 1,
  `count` int(11) NOT NULL DEFAULT 10,
  PRIMARY KEY (`id`),
  KEY `carShowId` (`carShowId`),
  KEY `vehiclePropertyModel` (`vehiclePropertyModel`),
  CONSTRAINT `carlists_ibfk_1` FOREIGN KEY (`carShowId`) REFERENCES `carshows` (`id`) ON DELETE NO ACTION ON UPDATE CASCADE,
  CONSTRAINT `carlists_ibfk_2` FOREIGN KEY (`vehiclePropertyModel`) REFERENCES `vehicleproperties` (`model`) ON DELETE NO ACTION ON UPDATE CASCADE
) ENGINE=InnoDB AUTO_INCREMENT=1004 DEFAULT CHARSET=utf8 COLLATE=utf8_general_ci;

-- Дамп данных таблицы chaos_db.carlists: ~47 rows (приблизительно)
INSERT INTO `carlists` (`id`, `carShowId`, `vehiclePropertyModel`, `percentage`, `count`) VALUES
	(1, 1, 'zeekrx', 1, 33),
	(2, 4, 'gsx1000', 1, 36),
	(3, 1, 'sc20', 1, 32),
	(4, 1, 'rmodporsche918', 1, 24),
	(5, 1, 'rmodbacalar', 1, 28),
	(6, 1, 'gladiatorf9', 1, 28),
	(7, 1, 'gemera', 1, 29),
	(8, 3, 'furoregt', 1, 26),
	(9, 1, 'f812', 1, 18),
	(10, 3, 'macan', 1, 38),
	(11, 1, 'cullinan', 1, 19),
	(12, 3, '16challenger', 1, 21),
	(14, 0, '400z', 1, 20),
	(15, 1, 'countach', 1, 26),
	(16, 0, 'rs6', 1, 26),
	(17, 3, 'brz', 1, 27),
	(19, 2, 'dsprinter', 1, 25),
	(20, 2, 'msprinter', 1, 33),
	(21, 0, 'rrs', 1, 27),
	(22, 1, 'rrphantom', 1, 23),
	(23, 1, 'continental', 1, 28),
	(24, 1, '488pista', 1, 30),
	(25, 0, 'vclass', 1, 35),
	(26, 0, 'q8', 1, 33),
	(27, 1, 'amggt', 1, 25),
	(28, 1, 'escalade2', 1, 24),
	(29, 3, 'trabi601naj', 1, 42),
	(30, 3, 'bmwe38', 1, 23),
	(31, 1, 'c300', 1, 22),
	(32, 1, 'bentaygast', 1, 24),
	(34, 0, 'ab2', 1, 21),
	(35, 1, '720s', 1, 21),
	(36, 1, 'bmwm7', 1, 20),
	(37, 1, 'bmwg20', 1, 19),
	(38, 0, 'bmwx7', 1, 22),
	(39, 3, 'bmwe39', 1, 19),
	(40, 3, 'Ic100', 1, 19),
	(44, 4, 'scorcher', 1, 39),
	(45, 4, 'bmx', 1, 41),
	(46, 4, 'daemon', 1, 27),
	(49, 4, 'tribike', 1, 37),
	(50, 4, 'verus', 1, 26),
	(51, 4, 'daemon', 1, 29),
	(52, 4, 'hakuchou', 1, 22),
	(53, 4, 'sanctus', 1, 17),
	(54, 4, 'sovereign', 1, 25),
	(1003, 3, 'impala2', 1, 66);

-- Дамп структуры для таблица chaos_db.carmarketdata
CREATE TABLE IF NOT EXISTS `carmarketdata` (
  `id` int(11) NOT NULL AUTO_INCREMENT,
  `x` float NOT NULL,
  `y` float NOT NULL,
  `z` float NOT NULL,
  `h` float NOT NULL,
  PRIMARY KEY (`id`)
) ENGINE=InnoDB AUTO_INCREMENT=97 DEFAULT CHARSET=utf8 COLLATE=utf8_general_ci;

-- Дамп данных таблицы chaos_db.carmarketdata: ~96 rows (приблизительно)
INSERT INTO `carmarketdata` (`id`, `x`, `y`, `z`, `h`) VALUES
	(1, 34.1327, -1704.76, 28.5804, -158.042),
	(2, 31.254, -1705.98, 28.5806, -158.727),
	(3, 28.3001, -1707.23, 28.5802, -157.551),
	(4, 25.4759, -1708.37, 28.5803, -158.718),
	(5, 22.6978, -1709.56, 28.5799, -158.79),
	(6, 19.8127, -1710.72, 28.5799, -158.346),
	(7, 16.9645, -1711.9, 28.5801, -157.121),
	(8, 14.1767, -1713.05, 28.5802, -157.462),
	(9, 11.2649, -1714.24, 28.58, -157.507),
	(10, 8.46008, -1715.39, 28.58, -158.543),
	(11, 5.54794, -1716.54, 28.5796, -157.831),
	(12, 2.76676, -1717.67, 28.5795, -158.284),
	(13, -0.138051, -1718.82, 28.5798, -157.402),
	(14, -2.98109, -1719.93, 28.5787, -158.323),
	(15, -5.86625, -1721.08, 28.5832, -158.243),
	(16, 45.8763, -1713.38, 28.5856, 49.6034),
	(17, 43.8396, -1715.74, 28.5858, 49.1801),
	(18, 41.894, -1718.07, 28.5864, 49.7446),
	(19, 39.9154, -1720.46, 28.5856, 49.3274),
	(20, 37.9279, -1722.88, 28.5855, 49.348),
	(21, 35.9937, -1725.25, 28.5861, 49.5776),
	(22, 34.088, -1727.61, 28.5857, 50.0372),
	(23, 32.1437, -1730, 28.5858, 49.4016),
	(24, 30.2072, -1732.42, 28.5854, 49.3496),
	(25, 28.292, -1734.78, 28.5858, 49.1264),
	(26, 26.3702, -1737.15, 28.5855, 49.1692),
	(27, 24.4262, -1739.55, 28.5853, 48.823),
	(28, 22.4163, -1742.02, 28.5857, 49.1278),
	(29, 20.4808, -1744.37, 28.5856, 48.9519),
	(30, 18.6525, -1746.63, 28.5855, 49.1588),
	(31, 16.732, -1749.01, 28.5855, 49.6671),
	(32, 14.7559, -1751.43, 28.5855, 48.7547),
	(33, 12.7182, -1753.9, 28.5854, 49.2048),
	(34, 10.7827, -1756.26, 28.5864, 49.5063),
	(35, 8.84562, -1758.63, 28.5835, 49.0686),
	(36, 6.86679, -1761.03, 28.5834, 49.1661),
	(37, 4.92691, -1763.4, 28.5761, 49.2451),
	(38, 10.9539, -1731.39, 28.5857, -130.75),
	(39, 8.82694, -1733.69, 28.5853, -131.312),
	(40, 6.88356, -1736.07, 28.5857, -130.938),
	(41, 4.798, -1738.35, 28.5858, -131.349),
	(42, 2.79352, -1740.63, 28.589, -130.83),
	(43, 0.697117, -1742.98, 28.5878, -130.725),
	(44, -1.24514, -1745.37, 28.5855, -130.687),
	(45, -3.21998, -1747.78, 28.5863, -129.609),
	(46, -5.22585, -1750.1, 28.5855, -129.982),
	(47, -7.15829, -1752.51, 28.5861, -130.978),
	(48, -12.1987, -1748.26, 28.5862, 49.6605),
	(49, -10.2027, -1745.89, 28.586, 49.2289),
	(50, -8.22563, -1743.59, 28.5861, 49.6089),
	(51, -6.03514, -1741.16, 28.5862, 49.5785),
	(52, -34.7066, -1733.6, 28.5945, -159.019),
	(53, -31.8752, -1732.38, 28.5796, -158.074),
	(54, -29.0319, -1731.1, 28.5796, -157.837),
	(55, -26.2108, -1729.82, 28.5793, -158.12),
	(56, -23.3984, -1728.58, 28.5812, -158.028),
	(57, -20.5071, -1727.3, 28.5912, -158.67),
	(58, 64.6193, -1722.04, 28.5942, 49.6566),
	(59, 66.6472, -1719.71, 28.596, 48.7429),
	(60, 68.6358, -1717.41, 28.5921, 49.2735),
	(61, 57.7158, -1730.49, 28.5889, 49.5105),
	(62, 55.7643, -1732.98, 28.588, 49.4606),
	(63, 49.1238, -1741.18, 28.5864, 49.2701),
	(64, 47.2008, -1743.56, 28.5856, 49.2398),
	(65, 41.1853, -1750.78, 28.5853, 49.4584),
	(66, 39.3038, -1753.12, 28.5854, 48.6739),
	(67, 37.3759, -1755.44, 28.5851, 49.9088),
	(68, 35.394, -1757.84, 28.5854, 49.0466),
	(69, 33.4425, -1760.2, 28.5857, 49.0655),
	(70, 31.4467, -1762.6, 28.5882, 50.3041),
	(71, 29.5325, -1764.97, 28.6067, 49.4589),
	(72, 23.6682, -1771.69, 28.6038, 49.1556),
	(73, 21.7771, -1773.94, 28.6023, 49.0524),
	(74, 19.7757, -1776.35, 28.602, 49.3425),
	(75, 9.78144, -1767.53, 28.5858, -129.68),
	(76, 51.2411, -1717.93, 28.5858, -130.534),
	(77, 49.263, -1720.33, 28.5859, -130.542),
	(78, 47.2827, -1722.63, 28.5856, -131.131),
	(79, 45.2665, -1724.99, 28.5859, -130.766),
	(80, 43.262, -1727.3, 28.5859, -130.362),
	(81, 41.2789, -1729.71, 28.5862, -130.763),
	(82, 39.3666, -1732.06, 28.5861, -130.76),
	(83, 37.3807, -1734.42, 28.5863, -131.056),
	(84, 35.3705, -1736.82, 28.5864, -129.994),
	(85, 33.4818, -1739.13, 28.5859, -130.036),
	(86, 31.5844, -1741.4, 28.5863, -129.898),
	(87, 29.5597, -1743.81, 28.5865, -130.25),
	(88, 27.5711, -1746.19, 28.5864, -130.743),
	(89, 25.5206, -1748.62, 28.5863, -129.493),
	(90, 23.6236, -1750.87, 28.5866, -130.715),
	(91, 21.6721, -1753.15, 28.5855, -131.215),
	(92, 19.6616, -1755.51, 28.5859, -130.54),
	(93, 17.6076, -1757.96, 28.5861, -130.33),
	(94, 15.5925, -1760.34, 28.5856, -130.183),
	(95, 13.6559, -1762.67, 28.5852, -130.675),
	(96, 11.6994, -1765, 28.5855, -131.323);

-- Дамп структуры для таблица chaos_db.carservices
CREATE TABLE IF NOT EXISTS `carservices` (
  `id` int(11) NOT NULL AUTO_INCREMENT,
  `bizId` int(11) DEFAULT NULL,
  `x` float NOT NULL DEFAULT 100,
  `y` float NOT NULL DEFAULT 100,
  `z` float NOT NULL DEFAULT 100,
  `radius` float NOT NULL DEFAULT 10,
  `priceMultiplier` float NOT NULL DEFAULT 1,
  `salaryMultiplier` float NOT NULL DEFAULT 0.1,
  PRIMARY KEY (`id`),
  KEY `carservices_ibfk_1` (`bizId`),
  CONSTRAINT `carservices_ibfk_1` FOREIGN KEY (`bizId`) REFERENCES `bizs` (`id`) ON DELETE SET NULL ON UPDATE CASCADE
) ENGINE=InnoDB AUTO_INCREMENT=5 DEFAULT CHARSET=utf8 COLLATE=utf8_general_ci;

-- Дамп данных таблицы chaos_db.carservices: ~4 rows (приблизительно)
INSERT INTO `carservices` (`id`, `bizId`, `x`, `y`, `z`, `radius`, `priceMultiplier`, `salaryMultiplier`) VALUES
	(1, 27, 538, -183, 54, 10, 1.5, 0.15),
	(2, 35, 491.731, -1320.39, 29.2044, 10, 1, 0.1),
	(3, 36, -231.212, -1380.15, 31.2582, 10, 1, 0.1),
	(4, 37, -1417.02, -446.05, 35.91, 20, 2, 0.2);

-- Дамп структуры для таблица chaos_db.carshows
CREATE TABLE IF NOT EXISTS `carshows` (
  `id` int(11) NOT NULL AUTO_INCREMENT,
  `name` varchar(128) DEFAULT NULL,
  `x` float NOT NULL DEFAULT 100,
  `y` float NOT NULL DEFAULT 100,
  `z` float NOT NULL DEFAULT 100,
  `cameraX` float NOT NULL DEFAULT 100,
  `cameraY` float NOT NULL DEFAULT 100,
  `cameraZ` float NOT NULL DEFAULT 100,
  `toX` float NOT NULL DEFAULT 100,
  `toY` float NOT NULL DEFAULT 100,
  `toZ` float NOT NULL DEFAULT 100,
  `toH` float NOT NULL DEFAULT 100,
  `returnX` float NOT NULL DEFAULT 100,
  `returnY` float NOT NULL DEFAULT 100,
  `returnZ` float NOT NULL DEFAULT 100,
  `returnH` float NOT NULL DEFAULT 100,
  `blipId` int(11) NOT NULL DEFAULT 1,
  `blipColor` int(11) NOT NULL DEFAULT 4,
  PRIMARY KEY (`id`)
) ENGINE=InnoDB AUTO_INCREMENT=41 DEFAULT CHARSET=utf8 COLLATE=utf8_general_ci;

-- Дамп данных таблицы chaos_db.carshows: ~5 rows (приблизительно)
INSERT INTO `carshows` (`id`, `name`, `x`, `y`, `z`, `cameraX`, `cameraY`, `cameraZ`, `toX`, `toY`, `toZ`, `toH`, `returnX`, `returnY`, `returnZ`, `returnH`, `blipId`, `blipColor`) VALUES
	(0, 'Автосалон Высокого Класса', -69.1, 61.01, 71.1, -92.84, 90.66, 74.12, -95.16, 96.37, 71.85, 155.29, -73.4, 64.85, 71.83, 113.98, 824, 37),
	(1, 'Автосалон Элитного Класса', -803.48, -224.16, 36.23, -797.4, -238.28, 39.53, -790.27, -235.94, 37.32, 146.18, -806.67, -225.91, 37.23, 118.9, 820, 37),
	(2, 'Автосалон Грузовой Техники', -176.55, -1155.1, 22.1, -235.54, -1165.34, 24.9, -228.57, -1165.31, 22.94, 98.04, -186.32, -1155.69, 23.05, 65.81, 67, 37),
	(3, ' Автосалон Эконом класса', -32.6352, -1111.91, 25.4224, -40, -1099, 27, -45, -1097, 26, 200, -37, -1107, 26.5, 100, 225, 37),
	(4, 'Мотосалон MOTOR', 285.73, -1145.1, 28.29, 329.93, -1152.71, 30.94, 330.69, -1157.15, 29.27, 0.34, 286.82, -1141.56, 29.44, 1.04, 522, 37);

-- Дамп структуры для таблица chaos_db.casecharacterprizes
CREATE TABLE IF NOT EXISTS `casecharacterprizes` (
  `id` int(11) NOT NULL AUTO_INCREMENT,
  `characterId` int(11) NOT NULL DEFAULT 0,
  `prizeId` int(11) NOT NULL DEFAULT 0,
  PRIMARY KEY (`id`),
  KEY `FK_casecharacterprize_characters` (`characterId`),
  CONSTRAINT `FK_casecharacterprize_characters` FOREIGN KEY (`characterId`) REFERENCES `characters` (`id`) ON DELETE NO ACTION ON UPDATE NO ACTION
) ENGINE=InnoDB AUTO_INCREMENT=14 DEFAULT CHARSET=utf8 COLLATE=utf8_general_ci;

-- Дамп данных таблицы chaos_db.casecharacterprizes: ~0 rows (приблизительно)

-- Дамп структуры для таблица chaos_db.caselists
CREATE TABLE IF NOT EXISTS `caselists` (
  `id` int(11) NOT NULL AUTO_INCREMENT,
  `name` varchar(50) NOT NULL DEFAULT 'Название кейса',
  `cost` int(11) NOT NULL DEFAULT 1000,
  `prizes` varchar(512) NOT NULL DEFAULT '[]',
  PRIMARY KEY (`id`)
) ENGINE=InnoDB AUTO_INCREMENT=3 DEFAULT CHARSET=utf8 COLLATE=utf8_general_ci;

-- Дамп данных таблицы chaos_db.caselists: ~2 rows (приблизительно)
INSERT INTO `caselists` (`id`, `name`, `cost`, `prizes`) VALUES
	(1, 'Тестовый', 100, '[1,2,3,4,5,6,7]'),
	(2, 'Донат валюта', 500, '[8,9,10,11,12,13]');

-- Дамп структуры для таблица chaos_db.caseprizelists
CREATE TABLE IF NOT EXISTS `caseprizelists` (
  `id` int(11) NOT NULL AUTO_INCREMENT,
  `chance` int(11) NOT NULL DEFAULT 50,
  `sellPrice` int(11) NOT NULL DEFAULT 1000,
  `type` varchar(50) NOT NULL DEFAULT 'Item',
  `value` varchar(50) NOT NULL DEFAULT '1',
  `itemParams` varchar(100) NOT NULL DEFAULT '{}',
  PRIMARY KEY (`id`)
) ENGINE=InnoDB AUTO_INCREMENT=14 DEFAULT CHARSET=utf8 COLLATE=utf8_general_ci;

-- Дамп данных таблицы chaos_db.caseprizelists: ~13 rows (приблизительно)
INSERT INTO `caseprizelists` (`id`, `chance`, `sellPrice`, `type`, `value`, `itemParams`) VALUES
	(1, 30, 100, 'Car', 'premier', '{}'),
	(2, 5, 200, 'Car', 'nero', '{}'),
	(3, 30, 100, 'Car', 'felon', '{}'),
	(4, 50, 10, 'Money', '10000', '{}'),
	(5, 50, 20, 'Money', '50000', '{}'),
	(6, 40, 25, 'Money', '100000', '{}'),
	(7, 80, 5, 'Item', '130', '{"thirst":50, "count": 1}'),
	(8, 10, 100, 'Money', '1000000', '{}'),
	(9, 20, 100, 'Money', '700000', '{}'),
	(10, 30, 100, 'Money', '400000', '{}'),
	(11, 40, 100, 'Money', '250000', '{}'),
	(12, 50, 100, 'Money', '125000', '{}'),
	(13, 80, 200, 'Money', '75000', '{}');

-- Дамп структуры для таблица chaos_db.changelistlikes
CREATE TABLE IF NOT EXISTS `changelistlikes` (
  `id` int(11) NOT NULL AUTO_INCREMENT,
  `changelistId` int(11) NOT NULL,
  `likeAccountId` int(11) NOT NULL,
  PRIMARY KEY (`id`),
  KEY `likeAccountId` (`likeAccountId`),
  CONSTRAINT `changelistlikes_ibfk_1` FOREIGN KEY (`likeAccountId`) REFERENCES `accounts` (`id`) ON DELETE NO ACTION ON UPDATE CASCADE
) ENGINE=InnoDB AUTO_INCREMENT=5 DEFAULT CHARSET=utf8 COLLATE=utf8_general_ci;

-- Дамп данных таблицы chaos_db.changelistlikes: ~4 rows (приблизительно)
INSERT INTO `changelistlikes` (`id`, `changelistId`, `likeAccountId`) VALUES
	(1, 32, 3),
	(2, 33, 3),
	(3, 33, 6),
	(4, 33, 1);

-- Дамп структуры для таблица chaos_db.characterinventories
CREATE TABLE IF NOT EXISTS `characterinventories` (
  `id` int(11) NOT NULL AUTO_INCREMENT,
  `playerId` int(11) DEFAULT NULL,
  `itemId` int(11) NOT NULL,
  `pocketIndex` int(11) DEFAULT NULL,
  `index` int(11) NOT NULL,
  `parentId` int(11) DEFAULT NULL,
  `createdAt` datetime NOT NULL,
  `updatedAt` datetime NOT NULL,
  `deletedAt` datetime DEFAULT NULL,
  PRIMARY KEY (`id`),
  KEY `playerId` (`playerId`),
  KEY `parentId` (`parentId`),
  KEY `characterinventories_ibfk_2` (`itemId`),
  CONSTRAINT `characterinventories_ibfk_1` FOREIGN KEY (`playerId`) REFERENCES `characters` (`id`) ON DELETE SET NULL ON UPDATE CASCADE,
  CONSTRAINT `characterinventories_ibfk_2` FOREIGN KEY (`itemId`) REFERENCES `inventoryitems` (`id`) ON DELETE NO ACTION ON UPDATE CASCADE,
  CONSTRAINT `characterinventories_ibfk_3` FOREIGN KEY (`parentId`) REFERENCES `characterinventories` (`id`) ON DELETE CASCADE ON UPDATE CASCADE
) ENGINE=InnoDB AUTO_INCREMENT=1002 DEFAULT CHARSET=utf8 COLLATE=utf8_general_ci;

-- Дамп данных таблицы chaos_db.characterinventories: ~993 rows (приблизительно)
INSERT INTO `characterinventories` (`id`, `playerId`, `itemId`, `pocketIndex`, `index`, `parentId`, `createdAt`, `updatedAt`, `deletedAt`) VALUES
	(1, 1, 8, 0, 8, 3, '2024-04-02 12:23:53', '2024-04-05 23:32:28', '2024-04-05 23:32:28'),
	(2, 1, 9, 0, 3, 3, '2024-04-02 12:23:53', '2024-04-05 23:32:28', '2024-04-05 23:32:28'),
	(3, 1, 7, 1, 0, 8, '2024-04-02 12:23:53', '2024-04-05 23:32:28', '2024-04-05 23:32:28'),
	(4, 1, 33, 0, 0, 3, '2024-04-02 12:33:21', '2024-04-05 23:32:28', '2024-04-05 23:32:28'),
	(5, 1, 133, NULL, 13, NULL, '2024-04-02 12:49:21', '2024-04-02 12:49:33', '2024-04-02 12:49:33'),
	(6, 1, 136, 4, 21, 110, '2024-04-02 13:31:34', '2024-04-05 23:33:32', '2024-04-05 23:33:32'),
	(7, 1, 7, 0, 0, 1, '2024-04-02 13:31:36', '2024-04-05 23:32:28', '2024-04-05 23:32:28'),
	(8, 1, 8, 2, 15, 10, '2024-04-02 13:31:37', '2024-04-05 23:32:28', '2024-04-05 23:32:28'),
	(9, 1, 9, 2, 10, 10, '2024-04-02 13:31:37', '2024-04-05 23:32:28', '2024-04-05 23:32:28'),
	(10, 1, 7, NULL, 13, NULL, '2024-04-02 13:32:12', '2024-04-05 23:32:28', '2024-04-05 23:32:28'),
	(11, 2, 8, NULL, 11, NULL, '2024-04-02 17:22:04', '2024-04-02 17:22:05', NULL),
	(12, 2, 9, NULL, 12, NULL, '2024-04-02 17:22:04', '2024-04-02 17:22:04', NULL),
	(13, 2, 7, NULL, 5, NULL, '2024-04-02 17:22:04', '2024-04-02 17:22:04', NULL),
	(14, 3, 8, 2, 8, 30, '2024-04-02 20:12:15', '2024-04-04 14:12:00', '2024-04-04 14:12:00'),
	(15, 3, 9, NULL, 12, NULL, '2024-04-02 20:12:15', '2024-04-27 13:37:33', '2024-04-27 13:37:33'),
	(16, 3, 7, 2, 16, 30, '2024-04-02 20:12:15', '2024-04-05 07:50:42', '2024-04-05 07:50:42'),
	(17, 4, 8, NULL, 11, NULL, '2024-04-03 19:46:57', '2024-04-03 19:46:58', NULL),
	(18, 4, 9, NULL, 12, NULL, '2024-04-03 19:46:57', '2024-04-03 19:46:57', NULL),
	(19, 4, 7, NULL, 5, NULL, '2024-04-03 19:46:57', '2024-04-03 19:46:57', NULL),
	(20, 3, 34, 0, 4, 30, '2024-04-04 13:39:21', '2024-04-27 13:56:50', '2024-04-27 13:56:50'),
	(21, 3, 34, 0, 0, 14, '2024-04-04 13:39:21', '2024-04-04 14:12:00', '2024-04-04 14:12:00'),
	(22, 3, 35, 0, 1, 14, '2024-04-04 13:39:21', '2024-04-04 14:12:00', '2024-04-04 14:12:00'),
	(23, 3, 35, 0, 3, 14, '2024-04-04 13:39:22', '2024-04-04 14:12:00', '2024-04-04 14:12:00'),
	(24, 3, 35, 0, 6, 14, '2024-04-04 13:39:22', '2024-04-04 14:12:00', '2024-04-04 14:12:00'),
	(25, 3, 35, 0, 8, 14, '2024-04-04 13:39:22', '2024-04-04 14:12:00', '2024-04-04 14:12:00'),
	(26, 3, 16, 0, 10, 14, '2024-04-04 13:39:23', '2024-04-04 14:12:00', '2024-04-04 14:12:00'),
	(27, 3, 16, 0, 11, 14, '2024-04-04 13:39:23', '2024-04-04 14:12:00', '2024-04-04 14:12:00'),
	(28, 3, 16, 0, 12, 14, '2024-04-04 13:39:24', '2024-04-04 14:12:00', '2024-04-04 14:12:00'),
	(29, 3, 16, 0, 13, 14, '2024-04-04 13:39:24', '2024-04-04 14:12:00', '2024-04-04 14:12:00'),
	(30, 3, 13, NULL, 13, NULL, '2024-04-04 13:39:26', '2024-04-27 13:57:27', '2024-04-27 13:57:27'),
	(31, 3, 24, 0, 15, 14, '2024-04-04 13:39:33', '2024-04-04 14:12:00', '2024-04-04 14:12:00'),
	(32, 3, 24, 0, 17, 14, '2024-04-04 13:39:33', '2024-04-04 14:12:00', '2024-04-04 14:12:00'),
	(33, 3, 33, 0, 14, 14, '2024-04-04 13:41:56', '2024-04-04 14:12:00', '2024-04-04 14:12:00'),
	(34, 3, 11, 1, 2, 30, '2024-04-04 14:10:33', '2024-04-27 13:56:56', '2024-04-27 13:56:56'),
	(35, 3, 11, 1, 3, 30, '2024-04-04 14:10:39', '2024-04-27 13:56:59', '2024-04-27 13:56:59'),
	(36, 3, 2, NULL, 13, NULL, '2024-04-04 14:10:45', '2024-04-05 07:51:51', '2024-04-05 07:51:51'),
	(37, 3, 7, 1, 0, 14, '2024-04-04 14:10:56', '2024-04-04 14:12:00', '2024-04-04 14:12:00'),
	(38, 3, 8, NULL, 11, NULL, '2024-04-04 14:11:06', '2024-04-27 13:37:30', '2024-04-27 13:37:30'),
	(39, 3, 9, 1, 2, 14, '2024-04-04 14:11:09', '2024-04-04 14:12:00', '2024-04-04 14:12:00'),
	(40, 3, 33, 0, 0, 30, '2024-04-04 15:08:03', '2024-04-27 13:56:17', '2024-04-27 13:56:17'),
	(41, 3, 33, 0, 1, 30, '2024-04-04 15:19:09', '2024-04-27 13:56:48', '2024-04-27 13:56:48'),
	(42, 3, 33, 0, 7, 30, '2024-04-04 15:30:48', '2024-04-27 13:57:07', '2024-04-27 13:57:07'),
	(43, 3, 16, 0, 14, 30, '2024-04-04 16:27:13', '2024-04-27 13:56:52', '2024-04-27 13:56:52'),
	(44, 3, 54, 1, 0, 30, '2024-04-04 16:36:56', '2024-04-27 13:57:04', '2024-04-27 13:57:04'),
	(45, 3, 16, 0, 13, 30, '2024-04-04 16:39:20', '2024-04-27 13:56:44', '2024-04-27 13:56:44'),
	(46, 3, 16, 0, 15, 30, '2024-04-04 16:39:20', '2024-04-27 13:57:11', '2024-04-27 13:57:11'),
	(47, 3, 16, 0, 12, 30, '2024-04-04 16:39:21', '2024-04-27 13:56:46', '2024-04-27 13:56:46'),
	(48, 3, 33, 0, 9, 16, '2024-04-04 16:43:04', '2024-04-05 07:35:40', '2024-04-05 07:35:40'),
	(49, 3, 33, 0, 3, 30, '2024-04-04 16:53:10', '2024-04-27 13:57:06', '2024-04-27 13:57:06'),
	(50, 3, 33, 0, 2, 30, '2024-04-05 07:35:43', '2024-04-27 13:56:15', '2024-04-27 13:56:15'),
	(51, 3, 11, 1, 1, 30, '2024-04-05 07:49:08', '2024-04-27 13:56:54', '2024-04-27 13:56:54'),
	(52, 3, 7, 4, 12, 198, '2024-04-05 07:49:46', '2024-04-15 18:22:20', '2024-04-15 18:22:20'),
	(53, 3, 5, NULL, 13, NULL, '2024-04-05 09:55:40', '2024-04-05 10:07:03', '2024-04-05 10:07:03'),
	(54, 3, 15, 0, 0, 52, '2024-04-05 09:56:28', '2024-04-05 09:56:46', '2024-04-05 09:56:46'),
	(55, 3, 15, 0, 0, 52, '2024-04-05 09:57:04', '2024-04-05 09:57:16', '2024-04-05 09:57:16'),
	(56, 3, 15, 0, 0, 52, '2024-04-05 09:57:55', '2024-04-05 09:58:11', '2024-04-05 09:58:11'),
	(57, 3, 15, 0, 0, 52, '2024-04-05 10:02:23', '2024-04-05 10:02:31', '2024-04-05 10:02:31'),
	(58, 3, 15, 0, 0, 52, '2024-04-05 10:02:46', '2024-04-05 10:04:08', '2024-04-05 10:04:08'),
	(59, 3, 15, 0, 2, 52, '2024-04-05 10:03:03', '2024-04-05 10:04:08', '2024-04-05 10:04:08'),
	(60, 3, 15, 0, 10, 52, '2024-04-05 10:03:20', '2024-04-05 10:04:08', '2024-04-05 10:04:08'),
	(61, 3, 15, 0, 12, 52, '2024-04-05 10:03:35', '2024-04-05 10:04:08', '2024-04-05 10:04:08'),
	(62, 3, 15, 1, 0, 52, '2024-04-05 10:03:50', '2024-04-05 10:04:08', '2024-04-05 10:04:08'),
	(63, 3, 15, 0, 0, 52, '2024-04-05 10:04:33', '2024-04-05 10:06:24', '2024-04-05 10:06:24'),
	(64, 3, 15, 0, 2, 52, '2024-04-05 10:04:47', '2024-04-05 10:06:24', '2024-04-05 10:06:24'),
	(65, 3, 15, 0, 10, 52, '2024-04-05 10:04:57', '2024-04-05 10:06:24', '2024-04-05 10:06:24'),
	(66, 3, 15, 0, 12, 52, '2024-04-05 10:05:13', '2024-04-05 10:06:24', '2024-04-05 10:06:24'),
	(67, 3, 15, 1, 0, 52, '2024-04-05 10:05:31', '2024-04-05 10:06:24', '2024-04-05 10:06:24'),
	(68, 3, 15, 1, 2, 52, '2024-04-05 10:05:44', '2024-04-05 10:06:24', '2024-04-05 10:06:24'),
	(69, 3, 15, 1, 10, 52, '2024-04-05 10:06:16', '2024-04-05 10:06:24', '2024-04-05 10:06:24'),
	(70, 3, 5, 6, 20, 198, '2024-04-05 10:07:06', '2024-04-15 18:22:20', '2024-04-15 18:22:20'),
	(71, 3, 15, 0, 0, 52, '2024-04-05 10:07:21', '2024-04-05 10:07:29', '2024-04-05 10:07:29'),
	(72, 3, 15, 0, 0, 52, '2024-04-05 10:08:38', '2024-04-05 10:08:44', '2024-04-05 10:08:44'),
	(73, 3, 15, 0, 0, 52, '2024-04-05 10:09:12', '2024-04-05 10:09:19', '2024-04-05 10:09:19'),
	(74, 3, 15, 0, 0, 52, '2024-04-05 10:15:17', '2024-04-05 10:15:23', '2024-04-05 10:15:23'),
	(75, 3, 15, 0, 0, 52, '2024-04-05 10:15:59', '2024-04-05 10:16:04', '2024-04-05 10:16:04'),
	(76, 3, 15, 0, 0, 52, '2024-04-05 10:16:46', '2024-04-05 10:16:52', '2024-04-05 10:16:52'),
	(77, 3, 15, 0, 0, 52, '2024-04-05 10:17:10', '2024-04-05 10:17:20', '2024-04-05 10:17:20'),
	(78, 3, 33, 0, 0, 52, '2024-04-05 10:25:11', '2024-04-15 18:22:20', '2024-04-15 18:22:20'),
	(79, 3, 34, NULL, 13, NULL, '2024-04-05 10:30:42', '2024-04-05 10:30:58', '2024-04-05 10:30:58'),
	(80, 3, 34, 0, 1, 52, '2024-04-05 10:30:43', '2024-04-15 18:22:20', '2024-04-15 18:22:20'),
	(81, 3, 35, 0, 2, 52, '2024-04-05 10:30:43', '2024-04-15 18:22:20', '2024-04-15 18:22:20'),
	(82, 3, 35, NULL, 13, NULL, '2024-04-05 10:30:43', '2024-04-05 10:31:44', '2024-04-05 10:31:44'),
	(83, 3, 35, 0, 10, 52, '2024-04-05 10:30:44', '2024-04-15 18:22:20', '2024-04-15 18:22:20'),
	(84, 3, 35, NULL, 13, NULL, '2024-04-05 10:30:44', '2024-04-05 10:31:10', '2024-04-05 10:31:10'),
	(85, 3, 133, NULL, 13, NULL, '2024-04-05 10:32:02', '2024-04-05 10:32:15', '2024-04-05 10:32:15'),
	(86, 3, 133, NULL, 13, NULL, '2024-04-05 10:33:06', '2024-04-05 10:33:17', '2024-04-05 10:33:17'),
	(87, 3, 126, NULL, 13, NULL, '2024-04-05 10:33:39', '2024-04-05 10:33:52', '2024-04-05 10:33:52'),
	(88, 3, 126, 0, 5, 30, '2024-04-05 10:33:41', '2024-04-27 13:56:36', '2024-04-27 13:56:36'),
	(89, 3, 126, NULL, 13, NULL, '2024-04-05 10:33:41', '2024-04-15 10:09:01', '2024-04-15 10:09:01'),
	(90, 1, 34, NULL, 13, NULL, '2024-04-05 19:23:23', '2024-04-05 19:23:42', '2024-04-05 19:23:42'),
	(91, 1, 35, NULL, 13, NULL, '2024-04-05 19:23:24', '2024-04-05 19:25:51', '2024-04-05 19:25:51'),
	(92, 5, 9, NULL, 13, NULL, '2024-04-05 22:26:21', '2024-04-05 22:30:02', '2024-04-05 22:30:02'),
	(93, 5, 8, NULL, 11, NULL, '2024-04-05 22:26:21', '2024-04-05 22:29:44', '2024-04-05 22:29:44'),
	(94, 5, 7, NULL, 5, NULL, '2024-04-05 22:26:21', '2024-04-05 22:29:42', '2024-04-05 22:29:42'),
	(95, 1, 35, NULL, 13, NULL, '2024-04-05 22:40:38', '2024-04-05 22:40:55', '2024-04-05 22:40:55'),
	(96, 1, 34, 0, 12, 8, '2024-04-05 22:40:39', '2024-04-05 23:32:28', '2024-04-05 23:32:28'),
	(97, 1, 35, NULL, 13, NULL, '2024-04-05 22:40:39', '2024-04-05 22:42:01', '2024-04-05 22:42:01'),
	(98, 1, 34, NULL, 13, NULL, '2024-04-05 22:40:40', '2024-04-05 22:41:09', '2024-04-05 22:41:09'),
	(99, 1, 35, NULL, 13, NULL, '2024-04-05 22:40:40', '2024-04-05 22:41:30', '2024-04-05 22:41:30'),
	(100, 1, 34, NULL, 13, NULL, '2024-04-05 22:40:41', '2024-04-05 23:22:59', '2024-04-05 23:22:59'),
	(101, 1, 35, NULL, 13, NULL, '2024-04-05 23:10:21', '2024-04-05 23:10:43', '2024-04-05 23:10:43'),
	(102, 1, 34, 0, 0, 10, '2024-04-05 23:10:21', '2024-04-05 23:32:28', '2024-04-05 23:32:28'),
	(103, 1, 35, 0, 1, 10, '2024-04-05 23:10:22', '2024-04-05 23:32:28', '2024-04-05 23:32:28'),
	(104, 1, 34, 0, 3, 10, '2024-04-05 23:10:23', '2024-04-05 23:32:28', '2024-04-05 23:32:28'),
	(105, 1, 35, NULL, 13, NULL, '2024-04-05 23:10:23', '2024-04-05 23:21:56', '2024-04-05 23:21:56'),
	(106, 1, 35, NULL, 13, NULL, '2024-04-05 23:10:24', '2024-04-05 23:23:16', '2024-04-05 23:23:16'),
	(107, 1, 34, 0, 4, 10, '2024-04-05 23:10:24', '2024-04-05 23:32:28', '2024-04-05 23:32:28'),
	(108, 1, 35, NULL, 13, NULL, '2024-04-05 23:10:25', '2024-04-05 23:21:24', '2024-04-05 23:21:24'),
	(109, 1, 28, NULL, 13, NULL, '2024-04-05 23:32:45', '2024-04-05 23:33:31', '2024-04-05 23:33:31'),
	(110, 1, 3, NULL, 4, NULL, '2024-04-05 23:32:48', '2024-04-05 23:33:33', '2024-04-05 23:33:33'),
	(111, 1, 6, NULL, 1, NULL, '2024-04-05 23:33:37', '2024-04-05 23:34:07', '2024-04-05 23:34:07'),
	(112, 1, 7, NULL, 5, NULL, '2024-04-05 23:33:37', '2024-04-05 23:34:06', '2024-04-05 23:34:06'),
	(113, 1, 8, NULL, 11, NULL, '2024-04-05 23:33:37', '2024-04-05 23:34:05', '2024-04-05 23:34:05'),
	(114, 1, 9, NULL, 12, NULL, '2024-04-05 23:33:37', '2024-04-05 23:34:06', '2024-04-05 23:34:06'),
	(115, 1, 6, NULL, 1, NULL, '2024-04-05 23:34:14', '2024-04-05 23:34:24', '2024-04-05 23:34:24'),
	(116, 1, 7, NULL, 5, NULL, '2024-04-05 23:34:14', '2024-04-05 23:34:24', '2024-04-05 23:34:24'),
	(117, 1, 8, NULL, 11, NULL, '2024-04-05 23:34:14', '2024-04-05 23:34:25', '2024-04-05 23:34:25'),
	(118, 1, 9, NULL, 12, NULL, '2024-04-05 23:34:14', '2024-04-05 23:34:26', '2024-04-05 23:34:26'),
	(119, 1, 6, NULL, 1, NULL, '2024-04-05 23:34:35', '2024-04-05 23:34:50', '2024-04-05 23:34:50'),
	(120, 1, 7, NULL, 5, NULL, '2024-04-05 23:34:35', '2024-04-05 23:34:51', '2024-04-05 23:34:51'),
	(121, 1, 8, NULL, 11, NULL, '2024-04-05 23:34:35', '2024-04-05 23:34:52', '2024-04-05 23:34:52'),
	(122, 1, 9, NULL, 12, NULL, '2024-04-05 23:34:35', '2024-04-05 23:34:53', '2024-04-05 23:34:53'),
	(123, 1, 6, NULL, 1, NULL, '2024-04-05 23:34:59', '2024-04-05 23:43:54', '2024-04-05 23:43:54'),
	(124, 1, 7, NULL, 5, NULL, '2024-04-05 23:34:59', '2024-04-05 23:43:46', '2024-04-05 23:43:46'),
	(125, 1, 8, NULL, 11, NULL, '2024-04-05 23:34:59', '2024-04-05 23:43:47', '2024-04-05 23:43:47'),
	(126, 1, 9, NULL, 12, NULL, '2024-04-05 23:34:59', '2024-04-05 23:43:48', '2024-04-05 23:43:48'),
	(127, 1, 14, NULL, 2, NULL, '2024-04-05 23:34:59', '2024-04-05 23:43:57', '2024-04-05 23:43:57'),
	(128, 1, 1, NULL, 0, NULL, '2024-04-05 23:34:59', '2024-04-05 23:43:54', '2024-04-05 23:43:54'),
	(129, 1, 3, NULL, 4, NULL, '2024-04-05 23:35:13', '2024-04-05 23:39:53', '2024-04-05 23:39:53'),
	(130, 1, 45, 0, 0, 129, '2024-04-05 23:35:14', '2024-04-05 23:39:53', '2024-04-05 23:39:53'),
	(131, 1, 24, 0, 3, 124, '2024-04-05 23:35:14', '2024-04-05 23:43:46', '2024-04-05 23:43:46'),
	(132, 1, 28, 0, 10, 124, '2024-04-05 23:35:14', '2024-04-05 23:39:52', '2024-04-05 23:39:52'),
	(133, 1, 18, 0, 12, 124, '2024-04-05 23:35:17', '2024-04-05 23:43:46', '2024-04-05 23:43:46'),
	(134, 1, 17, 0, 0, 125, '2024-04-05 23:35:18', '2024-04-05 23:39:57', '2024-04-05 23:39:57'),
	(135, 1, 19, 0, 15, 124, '2024-04-05 23:35:18', '2024-04-05 23:39:50', '2024-04-05 23:39:50'),
	(136, 1, 20, 1, 0, 124, '2024-04-05 23:35:19', '2024-04-05 23:43:46', '2024-04-05 23:43:46'),
	(137, 1, 48, 0, 16, 125, '2024-04-05 23:35:19', '2024-04-05 23:39:58', '2024-04-05 23:39:58'),
	(138, 1, 21, 2, 2, 125, '2024-04-05 23:35:20', '2024-04-05 23:39:59', '2024-04-05 23:39:59'),
	(139, 1, 37, 0, 18, 124, '2024-04-05 23:35:23', '2024-04-05 23:43:46', '2024-04-05 23:43:46'),
	(140, 1, 37, 0, 23, 124, '2024-04-05 23:35:23', '2024-04-05 23:43:46', '2024-04-05 23:43:46'),
	(141, 1, 37, 1, 3, 124, '2024-04-05 23:35:23', '2024-04-05 23:43:46', '2024-04-05 23:43:46'),
	(142, 1, 37, 1, 8, 124, '2024-04-05 23:35:23', '2024-04-05 23:43:46', '2024-04-05 23:43:46'),
	(143, 1, 37, 2, 0, 124, '2024-04-05 23:35:23', '2024-04-05 23:43:46', '2024-04-05 23:43:46'),
	(144, 1, 38, 2, 2, 124, '2024-04-05 23:35:24', '2024-04-05 23:36:18', '2024-04-05 23:36:18'),
	(145, 1, 38, 2, 4, 124, '2024-04-05 23:35:24', '2024-04-05 23:43:46', '2024-04-05 23:43:46'),
	(146, 1, 38, 2, 6, 124, '2024-04-05 23:35:24', '2024-04-05 23:43:46', '2024-04-05 23:43:46'),
	(147, 1, 38, 2, 8, 124, '2024-04-05 23:35:25', '2024-04-05 23:43:46', '2024-04-05 23:43:46'),
	(148, 1, 38, 2, 10, 124, '2024-04-05 23:35:25', '2024-04-05 23:43:46', '2024-04-05 23:43:46'),
	(149, 1, 40, 2, 12, 124, '2024-04-05 23:35:25', '2024-04-05 23:43:46', '2024-04-05 23:43:46'),
	(150, 1, 40, 2, 14, 124, '2024-04-05 23:35:25', '2024-04-05 23:43:46', '2024-04-05 23:43:46'),
	(151, 1, 40, 2, 16, 124, '2024-04-05 23:35:25', '2024-04-05 23:43:46', '2024-04-05 23:43:46'),
	(152, 1, 40, 2, 18, 124, '2024-04-05 23:35:25', '2024-04-05 23:43:46', '2024-04-05 23:43:46'),
	(153, 1, 39, 2, 20, 124, '2024-04-05 23:35:26', '2024-04-05 23:43:46', '2024-04-05 23:43:46'),
	(154, 1, 39, 2, 22, 124, '2024-04-05 23:35:26', '2024-04-05 23:43:46', '2024-04-05 23:43:46'),
	(155, 1, 39, 2, 24, 124, '2024-04-05 23:35:26', '2024-04-05 23:43:46', '2024-04-05 23:43:46'),
	(156, 1, 39, 2, 26, 124, '2024-04-05 23:35:26', '2024-04-05 23:43:46', '2024-04-05 23:43:46'),
	(157, 1, 39, 2, 28, 124, '2024-04-05 23:35:26', '2024-04-05 23:43:46', '2024-04-05 23:43:46'),
	(158, 1, 39, 2, 30, 124, '2024-04-05 23:35:26', '2024-04-05 23:39:55', '2024-04-05 23:39:55'),
	(159, 1, 39, 2, 32, 124, '2024-04-05 23:35:26', '2024-04-05 23:39:56', '2024-04-05 23:39:56'),
	(160, 1, 39, 2, 34, 124, '2024-04-05 23:35:27', '2024-04-05 23:43:46', '2024-04-05 23:43:46'),
	(161, 1, 40, 2, 36, 124, '2024-04-05 23:35:27', '2024-04-05 23:43:46', '2024-04-05 23:43:46'),
	(162, 1, 40, 2, 38, 124, '2024-04-05 23:35:27', '2024-04-05 23:43:46', '2024-04-05 23:43:46'),
	(163, 1, 38, 2, 40, 124, '2024-04-05 23:35:27', '2024-04-05 23:43:46', '2024-04-05 23:43:46'),
	(164, 1, 37, 2, 42, 124, '2024-04-05 23:35:27', '2024-04-05 23:43:46', '2024-04-05 23:43:46'),
	(165, 1, 38, 2, 44, 124, '2024-04-05 23:35:28', '2024-04-05 23:43:46', '2024-04-05 23:43:46'),
	(166, 1, 39, 2, 46, 124, '2024-04-05 23:35:28', '2024-04-05 23:43:46', '2024-04-05 23:43:46'),
	(167, 1, 136, 0, 0, 125, '2024-04-05 23:40:05', '2024-04-05 23:43:47', '2024-04-05 23:43:47'),
	(168, 1, 135, 0, 10, 124, '2024-04-05 23:40:58', '2024-04-05 23:41:20', '2024-04-05 23:41:20'),
	(169, 1, 135, 0, 0, 124, '2024-04-05 23:40:58', '2024-04-05 23:41:20', '2024-04-05 23:41:20'),
	(170, 6, 8, NULL, 11, NULL, '2024-04-08 18:44:29', '2024-04-08 18:44:30', NULL),
	(171, 6, 9, NULL, 12, NULL, '2024-04-08 18:44:29', '2024-04-08 18:44:29', NULL),
	(172, 6, 7, NULL, 5, NULL, '2024-04-08 18:44:29', '2024-04-08 18:44:29', NULL),
	(173, 1, 11, NULL, 6, NULL, '2024-04-09 14:24:37', '2024-04-09 14:25:04', NULL),
	(174, 1, 7, NULL, 5, NULL, '2024-04-09 14:24:54', '2024-04-09 14:24:54', NULL),
	(175, 1, 9, NULL, 12, NULL, '2024-04-09 14:24:59', '2024-04-09 14:24:59', NULL),
	(176, 7, 8, NULL, 13, NULL, '2024-04-12 10:49:14', '2024-05-07 13:22:15', '2024-05-07 13:22:15'),
	(177, 7, 9, NULL, 12, NULL, '2024-04-12 10:49:14', '2024-04-12 10:49:14', NULL),
	(178, 7, 7, NULL, 13, NULL, '2024-04-12 10:49:14', '2024-05-07 13:22:21', '2024-05-07 13:22:21'),
	(179, 1, 33, 0, 6, 174, '2024-04-13 20:17:52', '2024-04-23 11:29:27', '2024-04-23 11:29:27'),
	(180, 1, 33, 0, 0, 174, '2024-04-13 20:18:01', '2024-04-13 20:18:01', NULL),
	(181, 1, 33, 0, 1, 174, '2024-04-13 20:18:05', '2024-04-13 20:18:05', NULL),
	(182, 1, 33, 0, 2, 174, '2024-04-13 20:18:10', '2024-04-13 20:18:10', NULL),
	(183, 1, 33, 0, 3, 174, '2024-04-13 20:18:14', '2024-04-23 11:28:41', '2024-04-23 11:28:41'),
	(184, 1, 33, 0, 4, 174, '2024-04-13 20:18:19', '2024-04-23 11:27:30', '2024-04-23 11:27:30'),
	(185, 1, 33, 0, 5, 174, '2024-04-13 20:18:30', '2024-04-13 20:18:30', NULL),
	(186, 1, 33, 0, 8, 174, '2024-04-13 20:23:49', '2024-04-23 11:25:48', '2024-04-23 11:25:48'),
	(187, 1, 33, 0, 6, 174, '2024-04-13 20:27:48', '2024-06-13 19:17:27', NULL),
	(188, 1, 33, 0, 9, 174, '2024-04-13 22:48:59', '2024-04-14 15:45:39', '2024-04-14 15:45:39'),
	(189, 1, 33, 0, 11, 174, '2024-04-13 23:17:38', '2024-04-14 15:45:39', '2024-04-14 15:45:39'),
	(190, 1, 33, 0, 10, 174, '2024-04-13 23:17:42', '2024-04-14 15:45:39', '2024-04-14 15:45:39'),
	(191, 8, 8, NULL, 11, NULL, '2024-04-14 15:29:05', '2024-04-14 15:29:05', NULL),
	(192, 8, 9, NULL, 12, NULL, '2024-04-14 15:29:05', '2024-04-14 15:29:05', NULL),
	(193, 8, 7, NULL, 5, NULL, '2024-04-14 15:29:05', '2024-04-14 15:29:05', NULL),
	(194, 1, 33, 0, 9, 174, '2024-04-14 16:15:11', '2024-04-14 16:16:05', NULL),
	(195, 9, 8, NULL, 11, NULL, '2024-04-15 09:40:29', '2024-04-15 09:40:29', NULL),
	(196, 9, 9, NULL, 12, NULL, '2024-04-15 09:40:29', '2024-04-15 09:40:29', NULL),
	(197, 9, 7, NULL, 5, NULL, '2024-04-15 09:40:29', '2024-04-15 09:40:29', NULL),
	(198, 3, 3, NULL, 13, NULL, '2024-04-15 10:06:54', '2024-04-15 18:22:20', '2024-04-15 18:22:20'),
	(199, 3, 48, NULL, 9, NULL, '2024-04-15 10:07:20', '2024-04-15 18:37:34', '2024-04-15 18:37:34'),
	(200, 3, 37, NULL, 13, NULL, '2024-04-15 10:07:22', '2024-04-15 10:07:32', '2024-04-15 10:07:32'),
	(201, 3, 37, 0, 12, 52, '2024-04-15 10:07:22', '2024-04-15 10:07:34', '2024-04-15 10:07:34'),
	(202, 3, 37, 0, 15, 52, '2024-04-15 10:07:23', '2024-04-15 10:08:32', '2024-04-15 10:08:32'),
	(203, 3, 37, 0, 17, 52, '2024-04-15 10:07:23', '2024-04-15 10:08:30', '2024-04-15 10:08:30'),
	(204, 3, 37, 0, 20, 52, '2024-04-15 10:07:23', '2024-04-15 10:08:32', '2024-04-15 10:08:32'),
	(205, 3, 37, 0, 22, 52, '2024-04-15 10:07:23', '2024-04-15 10:08:31', '2024-04-15 10:08:31'),
	(206, 3, 37, 0, 7, 52, '2024-04-15 10:08:10', '2024-04-15 10:08:26', '2024-04-15 10:08:26'),
	(207, 3, 37, 0, 12, 52, '2024-04-15 10:08:10', '2024-04-15 10:08:27', '2024-04-15 10:08:27'),
	(208, 3, 37, 1, 0, 52, '2024-04-15 10:08:11', '2024-04-15 10:08:23', '2024-04-15 10:08:23'),
	(209, 3, 37, 1, 2, 52, '2024-04-15 10:08:11', '2024-04-15 10:08:23', '2024-04-15 10:08:23'),
	(210, 3, 37, 1, 5, 52, '2024-04-15 10:08:11', '2024-04-15 10:08:24', '2024-04-15 10:08:24'),
	(211, 3, 37, 1, 7, 52, '2024-04-15 10:08:11', '2024-04-15 10:08:22', '2024-04-15 10:08:22'),
	(212, 3, 37, 1, 10, 52, '2024-04-15 10:08:11', '2024-04-15 10:08:25', '2024-04-15 10:08:25'),
	(213, 3, 37, 1, 12, 52, '2024-04-15 10:08:11', '2024-04-15 10:08:25', '2024-04-15 10:08:25'),
	(214, 3, 37, 1, 15, 52, '2024-04-15 10:08:11', '2024-04-15 10:08:29', '2024-04-15 10:08:29'),
	(215, 3, 37, 1, 17, 52, '2024-04-15 10:08:12', '2024-04-15 10:08:29', '2024-04-15 10:08:29'),
	(216, 3, 33, 0, 0, 198, '2024-04-15 10:12:14', '2024-04-15 10:26:47', '2024-04-15 10:26:47'),
	(217, 3, 33, 0, 4, 52, '2024-04-15 10:16:26', '2024-04-15 18:22:20', '2024-04-15 18:22:20'),
	(218, 3, 33, 0, 0, 198, '2024-04-15 10:27:54', '2024-04-15 18:22:20', '2024-04-15 18:22:20'),
	(219, 3, 15, 0, 7, 52, '2024-04-15 10:47:56', '2024-04-15 10:48:08', '2024-04-15 10:48:08'),
	(220, 3, 15, 0, 7, 52, '2024-04-15 10:48:29', '2024-04-15 10:48:37', '2024-04-15 10:48:37'),
	(221, 3, 33, 0, 1, 198, '2024-04-15 11:31:28', '2024-04-15 18:22:20', '2024-04-15 18:22:20'),
	(222, 3, 59, 4, 0, 198, '2024-04-15 11:44:28', '2024-04-15 12:20:17', '2024-04-15 12:20:17'),
	(223, 3, 60, 4, 33, 198, '2024-04-15 11:48:34', '2024-04-15 12:20:17', '2024-04-15 12:20:17'),
	(224, 3, 64, 4, 25, 198, '2024-04-15 11:56:02', '2024-04-15 12:20:17', '2024-04-15 12:20:17'),
	(225, 3, 61, 4, 18, 198, '2024-04-15 11:59:03', '2024-04-15 12:20:17', '2024-04-15 12:20:17'),
	(226, 3, 64, 6, 6, 198, '2024-04-15 12:05:01', '2024-04-15 12:20:17', '2024-04-15 12:20:17'),
	(227, 3, 139, 0, 6, 30, '2024-04-15 12:17:32', '2024-04-27 13:57:09', '2024-04-27 13:57:09'),
	(228, 3, 59, 0, 2, 198, '2024-04-15 12:34:12', '2024-04-15 18:22:20', '2024-04-15 18:22:20'),
	(229, 3, 33, 0, 3, 198, '2024-04-15 17:50:42', '2024-04-15 18:22:20', '2024-04-15 18:22:20'),
	(230, 3, 33, 0, 4, 198, '2024-04-15 17:55:34', '2024-04-15 18:22:20', '2024-04-15 18:22:20'),
	(231, 3, 33, 0, 6, 198, '2024-04-15 18:01:51', '2024-04-15 18:22:20', '2024-04-15 18:22:20'),
	(232, 3, 59, 1, 0, 198, '2024-04-15 18:10:09', '2024-04-15 18:22:20', '2024-04-15 18:22:20'),
	(233, 3, 7, NULL, 5, NULL, '2024-04-15 18:20:28', '2024-04-27 13:37:52', '2024-04-27 13:37:52'),
	(234, 10, 8, NULL, 11, NULL, '2024-04-15 20:33:41', '2024-04-15 20:38:12', NULL),
	(235, 10, 9, 0, 18, 236, '2024-04-15 20:33:41', '2024-04-15 20:34:49', NULL),
	(236, 10, 7, NULL, 5, NULL, '2024-04-15 20:33:41', '2024-04-15 20:34:40', NULL),
	(237, 3, 33, 2, 18, 30, '2024-04-16 11:20:51', '2024-04-27 13:56:26', '2024-04-27 13:56:26'),
	(238, 3, 33, 2, 14, 30, '2024-04-16 11:31:18', '2024-04-27 13:56:23', '2024-04-27 13:56:23'),
	(239, 3, 33, 2, 15, 30, '2024-04-16 12:08:54', '2024-04-27 13:56:29', '2024-04-27 13:56:29'),
	(240, 3, 13, NULL, 13, NULL, '2024-04-16 12:30:29', '2024-04-16 12:30:39', '2024-04-16 12:30:39'),
	(241, 3, 33, 2, 16, 30, '2024-04-19 18:49:09', '2024-04-27 13:56:30', '2024-04-27 13:56:30'),
	(242, 1, 33, 0, 3, 174, '2024-04-23 11:35:38', '2024-04-23 11:35:50', NULL),
	(243, 11, 8, NULL, 13, NULL, '2024-04-27 12:01:36', '2024-04-27 12:59:08', '2024-04-27 12:59:08'),
	(244, 11, 9, 0, 0, 248, '2024-04-27 12:01:36', '2024-04-27 12:55:19', '2024-04-27 12:55:19'),
	(245, 11, 7, 0, 0, 243, '2024-04-27 12:01:36', '2024-04-27 12:55:19', '2024-04-27 12:55:19'),
	(246, 11, 33, 0, 4, 248, '2024-04-27 12:19:05', '2024-04-27 13:26:54', NULL),
	(247, 3, 33, 2, 17, 30, '2024-04-27 12:19:48', '2024-04-27 13:56:21', '2024-04-27 13:56:21'),
	(248, 11, 7, NULL, 5, NULL, '2024-04-27 12:53:44', '2024-05-04 13:02:41', NULL),
	(249, 11, 9, NULL, 12, NULL, '2024-04-27 12:55:07', '2024-04-27 12:55:12', NULL),
	(250, 11, 2, NULL, 3, NULL, '2024-04-27 12:57:02', '2024-04-27 12:57:12', NULL),
	(251, 11, 8, NULL, 11, NULL, '2024-04-27 12:58:31', '2024-05-04 13:02:39', NULL),
	(252, 11, 33, 0, 0, 248, '2024-04-27 13:04:22', '2024-04-27 13:04:54', NULL),
	(253, 11, 33, 0, 3, 248, '2024-04-27 13:09:36', '2024-04-27 13:11:01', NULL),
	(254, 11, 33, 0, 1, 248, '2024-04-27 13:10:21', '2024-04-27 13:10:21', NULL),
	(255, 11, 33, 0, 2, 248, '2024-04-27 13:10:42', '2024-04-27 13:10:42', NULL),
	(256, 11, 136, NULL, 13, NULL, '2024-04-27 13:25:44', '2024-04-27 13:29:49', '2024-04-27 13:29:49'),
	(257, 11, 135, 0, 5, 248, '2024-04-27 13:26:20', '2024-04-27 13:26:47', '2024-04-27 13:26:47'),
	(258, 11, 135, NULL, 13, NULL, '2024-04-27 13:26:20', '2024-04-27 13:26:47', '2024-04-27 13:26:47'),
	(259, 11, 135, 0, 7, 248, '2024-04-27 13:26:20', '2024-04-27 13:26:47', '2024-04-27 13:26:47'),
	(260, 11, 135, 0, 5, 248, '2024-04-27 13:29:18', '2024-04-27 13:29:44', '2024-04-27 13:29:44'),
	(261, 11, 135, 0, 15, 248, '2024-04-27 13:29:18', '2024-04-27 13:29:44', '2024-04-27 13:29:44'),
	(262, 11, 135, 0, 7, 248, '2024-04-27 13:29:18', '2024-04-27 13:29:44', '2024-04-27 13:29:44'),
	(263, 11, 22, NULL, 13, NULL, '2024-04-27 13:37:18', '2024-04-27 14:48:57', '2024-04-27 14:48:57'),
	(264, 11, 40, 0, 5, 248, '2024-04-27 13:37:21', '2024-04-27 13:38:20', '2024-04-27 13:38:20'),
	(265, 11, 39, 0, 5, 248, '2024-04-27 13:37:22', '2024-04-27 14:37:20', '2024-04-27 14:37:20'),
	(266, 11, 40, 0, 10, 248, '2024-04-27 13:37:23', '2024-04-27 13:38:19', '2024-04-27 13:38:19'),
	(267, 11, 39, 0, 10, 248, '2024-04-27 13:37:23', '2024-04-27 14:54:45', '2024-04-27 14:54:45'),
	(268, 11, 40, 0, 15, 248, '2024-04-27 13:37:52', '2024-04-27 13:38:21', '2024-04-27 13:38:21'),
	(269, 11, 38, 0, 15, 248, '2024-04-27 13:37:53', '2024-04-27 14:05:46', '2024-04-27 14:05:46'),
	(270, 11, 37, 0, 20, 248, '2024-04-27 13:37:53', '2024-04-27 15:29:15', '2024-04-27 15:29:15'),
	(271, 11, 40, 0, 22, 248, '2024-04-27 13:37:54', '2024-04-27 13:38:13', '2024-04-27 13:38:13'),
	(272, 11, 39, 0, 6, 248, '2024-04-27 13:37:54', '2024-04-27 19:23:55', '2024-04-27 19:23:55'),
	(273, 3, 3, NULL, 4, NULL, '2024-04-27 13:38:55', '2024-04-27 13:57:49', '2024-04-27 13:57:49'),
	(274, 3, 45, 1, 4, 30, '2024-04-27 13:38:57', '2024-04-27 13:57:02', '2024-04-27 13:57:02'),
	(275, 3, 24, 1, 7, 30, '2024-04-27 13:38:58', '2024-04-27 13:57:15', '2024-04-27 13:57:15'),
	(276, 3, 28, 0, 9, 30, '2024-04-27 13:38:59', '2024-04-27 13:56:37', '2024-04-27 13:56:37'),
	(277, 3, 18, 1, 20, 30, '2024-04-27 13:39:02', '2024-04-27 13:57:14', '2024-04-27 13:57:14'),
	(278, 3, 17, 1, 22, 30, '2024-04-27 13:39:03', '2024-04-27 13:57:12', '2024-04-27 13:57:12'),
	(279, 3, 19, 1, 25, 30, '2024-04-27 13:39:03', '2024-04-27 13:57:00', '2024-04-27 13:57:00'),
	(280, 3, 20, 2, 0, 30, '2024-04-27 13:39:04', '2024-04-27 13:56:19', '2024-04-27 13:56:19'),
	(281, 3, 21, NULL, 9, NULL, '2024-04-27 13:39:06', '2024-04-27 13:57:25', '2024-04-27 13:57:25'),
	(282, 3, 39, 1, 28, 30, '2024-04-27 13:39:42', '2024-04-27 13:57:17', '2024-04-27 13:57:17'),
	(283, 3, 40, 1, 30, 30, '2024-04-27 13:39:43', '2024-04-27 13:56:42', '2024-04-27 13:56:42'),
	(284, 3, 40, 1, 38, 30, '2024-04-27 13:39:43', '2024-04-27 13:57:18', '2024-04-27 13:57:18'),
	(285, 3, 38, 2, 3, 30, '2024-04-27 13:39:43', '2024-04-27 13:40:25', '2024-04-27 13:40:25'),
	(286, 3, 38, 2, 5, 30, '2024-04-27 13:39:44', '2024-04-27 13:40:29', '2024-04-27 13:40:29'),
	(287, 3, 37, 2, 10, 30, '2024-04-27 13:39:44', '2024-04-27 13:56:32', '2024-04-27 13:56:32'),
	(288, 3, 37, 2, 12, 30, '2024-04-27 13:39:44', '2024-04-27 13:56:34', '2024-04-27 13:56:34'),
	(289, 3, 8, NULL, 11, NULL, '2024-04-27 13:41:22', '2024-04-27 13:41:52', '2024-04-27 13:41:52'),
	(290, 3, 7, NULL, 5, NULL, '2024-04-27 13:41:23', '2024-04-27 13:57:24', '2024-04-27 13:57:24'),
	(291, 3, 9, 4, 99, 30, '2024-04-27 13:41:28', '2024-04-27 13:41:50', '2024-04-27 13:41:50'),
	(292, 3, 8, 4, 42, 30, '2024-04-27 13:42:01', '2024-04-27 13:57:21', '2024-04-27 13:57:21'),
	(293, 3, 9, 4, 84, 30, '2024-04-27 13:42:04', '2024-04-27 13:57:23', '2024-04-27 13:57:23'),
	(294, 11, 26, NULL, 13, NULL, '2024-04-27 13:56:25', '2024-04-28 18:04:11', '2024-04-28 18:04:11'),
	(295, 11, 27, 1, 0, 307, '2024-04-27 13:56:30', '2024-04-27 19:24:30', NULL),
	(296, 3, 8, NULL, 11, NULL, '2024-04-27 13:58:02', '2024-05-03 12:00:43', '2024-05-03 12:00:43'),
	(297, 3, 7, 0, 0, 296, '2024-04-27 13:58:02', '2024-04-27 16:04:33', '2024-04-27 16:04:33'),
	(298, 3, 9, NULL, 12, NULL, '2024-04-27 13:58:02', '2024-05-03 12:00:55', '2024-05-03 12:00:55'),
	(299, 3, 2, NULL, 3, NULL, '2024-04-27 13:58:02', '2024-05-03 12:00:51', '2024-05-03 12:00:51'),
	(300, 3, 25, 0, 16, 297, '2024-04-27 14:01:34', '2024-04-27 16:04:33', '2024-04-27 16:04:33'),
	(301, 3, 26, 0, 9, 296, '2024-04-27 14:02:34', '2024-05-03 11:09:28', '2024-05-03 11:09:28'),
	(302, 3, 24, 0, 12, 297, '2024-04-27 14:02:38', '2024-04-27 16:04:33', '2024-04-27 16:04:33'),
	(303, 3, 27, 0, 3, 297, '2024-04-27 14:02:39', '2024-04-27 16:04:33', '2024-04-27 16:04:33'),
	(304, 11, 21, NULL, 13, NULL, '2024-04-27 14:04:52', '2024-04-27 14:06:15', '2024-04-27 14:06:15'),
	(305, 11, 28, 0, 0, 307, '2024-04-27 14:08:55', '2024-04-27 19:24:30', NULL),
	(306, 11, 45, 0, 3, 307, '2024-04-27 14:08:57', '2024-04-27 18:39:45', '2024-04-27 18:39:45'),
	(307, 11, 3, NULL, 4, NULL, '2024-04-27 14:08:58', '2024-04-27 19:24:37', NULL),
	(308, 11, 132, NULL, 13, NULL, '2024-04-27 14:08:58', '2024-04-27 14:15:48', '2024-04-27 14:15:48'),
	(309, 11, 17, 0, 2, 251, '2024-04-27 14:09:06', '2024-04-27 14:20:01', '2024-04-27 14:20:01'),
	(310, 11, 107, NULL, 9, NULL, '2024-04-27 14:09:07', '2024-04-28 18:03:53', NULL),
	(311, 11, 39, 0, 11, 248, '2024-04-27 14:09:09', '2024-04-27 19:23:54', '2024-04-27 19:23:54'),
	(312, 11, 40, 0, 15, 248, '2024-04-27 14:09:10', '2024-04-27 14:15:51', '2024-04-27 14:15:51'),
	(313, 11, 38, 1, 2, 248, '2024-04-27 14:09:10', '2024-04-27 15:27:18', '2024-04-27 15:27:18'),
	(314, 11, 38, 1, 7, 248, '2024-04-27 14:09:10', '2024-04-27 15:27:20', '2024-04-27 15:27:20'),
	(315, 11, 38, 1, 20, 248, '2024-04-27 14:09:11', '2024-04-27 15:27:25', '2024-04-27 15:27:25'),
	(316, 11, 38, 1, 22, 248, '2024-04-27 14:09:11', '2024-04-27 15:27:26', '2024-04-27 15:27:26'),
	(317, 11, 38, 0, 10, 251, '2024-04-27 14:09:11', '2024-04-27 15:27:24', '2024-04-27 15:27:24'),
	(318, 11, 38, 0, 12, 251, '2024-04-27 14:09:11', '2024-04-27 15:27:23', '2024-04-27 15:27:23'),
	(319, 11, 38, 0, 15, 251, '2024-04-27 14:09:11', '2024-04-27 15:27:25', '2024-04-27 15:27:25'),
	(320, 11, 38, 0, 17, 251, '2024-04-27 14:09:11', '2024-04-27 15:27:22', '2024-04-27 15:27:22'),
	(321, 11, 37, 0, 22, 248, '2024-04-27 14:09:11', '2024-04-27 15:29:14', '2024-04-27 15:29:14'),
	(322, 3, 7, NULL, 5, NULL, '2024-04-27 14:20:43', '2024-05-03 12:00:47', '2024-05-03 12:00:47'),
	(323, 3, 13, NULL, 10, NULL, '2024-04-27 14:20:49', '2024-05-03 12:01:34', NULL),
	(324, 3, 33, 0, 5, 323, '2024-04-27 14:20:52', '2024-05-03 12:01:31', NULL),
	(325, 3, 33, 0, 6, 323, '2024-04-27 14:20:55', '2024-05-03 12:01:31', NULL),
	(326, 3, 33, 0, 13, 323, '2024-04-27 14:20:56', '2024-05-10 12:55:41', '2024-05-10 12:55:41'),
	(327, 3, 33, 0, 14, 323, '2024-04-27 14:20:59', '2024-05-03 12:01:31', NULL),
	(328, 3, 33, 0, 15, 323, '2024-04-27 14:21:01', '2024-05-03 12:01:31', NULL),
	(329, 3, 33, 0, 7, 323, '2024-04-27 14:21:03', '2024-05-03 12:01:31', NULL),
	(330, 3, 33, 0, 4, 323, '2024-04-27 14:21:05', '2024-05-03 12:01:31', NULL),
	(331, 3, 33, 0, 12, 323, '2024-04-27 14:21:07', '2024-05-03 12:01:31', NULL),
	(332, 3, 33, 0, 8, 323, '2024-04-27 14:21:09', '2024-05-03 12:01:31', NULL),
	(333, 3, 126, NULL, 13, NULL, '2024-04-27 14:21:12', '2024-05-02 16:00:48', '2024-05-02 16:00:48'),
	(334, 3, 33, 1, 32, 323, '2024-04-27 14:21:15', '2024-05-03 12:01:31', NULL),
	(335, 3, 19, NULL, 13, NULL, '2024-04-27 14:21:18', '2024-04-27 20:01:30', '2024-04-27 20:01:30'),
	(336, 3, 28, 2, 26, 323, '2024-04-27 14:21:22', '2024-04-27 20:01:45', '2024-04-27 20:01:45'),
	(337, 3, 52, NULL, 9, NULL, '2024-04-27 14:26:09', '2024-04-27 20:01:34', '2024-04-27 20:01:34'),
	(338, 3, 39, 0, 2, 296, '2024-04-27 14:26:16', '2024-04-27 14:26:25', '2024-04-27 14:26:25'),
	(339, 11, 54, 0, 17, 248, '2024-04-27 14:36:49', '2024-04-27 14:52:26', '2024-04-27 14:52:26'),
	(340, 11, 55, NULL, 13, NULL, '2024-04-27 14:36:49', '2024-04-27 14:52:24', '2024-04-27 14:52:24'),
	(341, 11, 139, 0, 2, 307, '2024-04-27 14:36:51', '2024-04-27 19:24:30', NULL),
	(342, 11, 21, NULL, 13, NULL, '2024-04-27 15:27:10', '2024-04-27 15:54:44', '2024-04-27 15:54:44'),
	(343, 3, 38, NULL, 13, NULL, '2024-04-27 15:29:19', '2024-04-27 15:29:31', '2024-04-27 15:29:31'),
	(344, 3, 38, 0, 2, 296, '2024-04-27 15:29:19', '2024-05-03 12:00:22', '2024-05-03 12:00:22'),
	(345, 3, 40, 0, 7, 296, '2024-04-27 15:29:19', '2024-05-03 11:09:22', '2024-05-03 11:09:22'),
	(346, 3, 40, 0, 12, 296, '2024-04-27 15:29:20', '2024-05-03 11:09:22', '2024-05-03 11:09:22'),
	(347, 3, 40, 0, 15, 296, '2024-04-27 15:29:20', '2024-05-03 11:09:25', '2024-05-03 11:09:25'),
	(348, 3, 39, 0, 17, 296, '2024-04-27 15:29:20', '2024-04-27 15:29:34', '2024-04-27 15:29:34'),
	(349, 3, 39, 0, 20, 296, '2024-04-27 15:29:20', '2024-04-27 15:29:34', '2024-04-27 15:29:34'),
	(350, 3, 37, 0, 22, 296, '2024-04-27 15:29:21', '2024-04-28 16:42:09', '2024-04-28 16:42:09'),
	(351, 3, 37, 1, 0, 296, '2024-04-27 15:29:21', '2024-04-28 16:41:51', '2024-04-28 16:41:51'),
	(352, 11, 133, NULL, 13, NULL, '2024-04-27 15:48:39', '2024-04-27 15:48:53', '2024-04-27 15:48:53'),
	(353, 3, 16, 0, 0, 296, '2024-04-27 15:48:49', '2024-05-03 11:09:24', '2024-05-03 11:09:24'),
	(354, 3, 134, 1, 2, 296, '2024-04-27 15:48:52', '2024-05-03 11:09:29', '2024-05-03 11:09:29'),
	(355, 3, 133, NULL, 13, NULL, '2024-04-27 15:48:56', '2024-04-28 16:46:29', '2024-04-28 16:46:29'),
	(356, 3, 133, 1, 4, 296, '2024-04-27 15:49:01', '2024-05-03 12:00:17', '2024-05-03 12:00:17'),
	(357, 3, 133, 1, 5, 296, '2024-04-27 15:49:49', '2024-05-03 12:00:18', '2024-05-03 12:00:18'),
	(358, 3, 134, NULL, 13, NULL, '2024-04-27 15:49:51', '2024-04-28 16:46:42', '2024-04-28 16:46:42'),
	(359, 3, 16, 0, 4, 296, '2024-04-27 15:49:55', '2024-05-03 12:00:23', '2024-05-03 12:00:23'),
	(360, 3, 134, 1, 13, 296, '2024-04-27 15:49:57', '2024-05-03 12:00:15', '2024-05-03 12:00:15'),
	(361, 3, 133, 2, 5, 296, '2024-04-27 15:49:59', '2024-05-03 12:00:12', '2024-05-03 12:00:12'),
	(362, 3, 134, 2, 0, 296, '2024-04-27 15:50:01', '2024-05-03 12:00:10', '2024-05-03 12:00:10'),
	(363, 3, 134, NULL, 13, NULL, '2024-04-27 15:50:04', '2024-04-27 19:58:23', '2024-04-27 19:58:23'),
	(364, 11, 49, 4, 0, 307, '2024-04-27 15:52:37', '2024-05-04 12:30:11', NULL),
	(365, 11, 38, 0, 8, 248, '2024-04-27 15:52:58', '2024-04-27 15:53:03', '2024-04-27 15:53:03'),
	(366, 11, 38, 0, 13, 248, '2024-04-27 15:52:59', '2024-04-27 15:53:03', '2024-04-27 15:53:03'),
	(367, 11, 38, 0, 15, 248, '2024-04-27 15:52:59', '2024-04-27 15:53:05', '2024-04-27 15:53:05'),
	(368, 3, 133, NULL, 13, NULL, '2024-04-27 15:53:25', '2024-04-27 15:53:52', '2024-04-27 15:53:52'),
	(369, 3, 134, NULL, 13, NULL, '2024-04-27 15:53:27', '2024-04-27 19:18:35', '2024-04-27 19:18:35'),
	(370, 3, 16, 0, 17, 296, '2024-04-27 15:53:29', '2024-05-03 12:00:13', '2024-05-03 12:00:13'),
	(371, 3, 16, 0, 18, 296, '2024-04-27 15:53:30', '2024-05-03 11:09:27', '2024-05-03 11:09:27'),
	(372, 3, 134, NULL, 13, NULL, '2024-04-27 15:53:34', '2024-04-27 18:54:02', '2024-04-27 18:54:02'),
	(373, 11, 38, 0, 8, 248, '2024-04-27 15:54:23', '2024-04-27 15:54:45', '2024-04-27 15:54:45'),
	(374, 11, 38, 0, 13, 248, '2024-04-27 15:54:23', '2024-04-27 15:54:48', '2024-04-27 15:54:48'),
	(375, 11, 38, 0, 15, 248, '2024-04-27 15:54:26', '2024-04-27 15:54:49', '2024-04-27 15:54:49'),
	(376, 11, 38, 1, 6, 307, '2024-04-27 15:54:26', '2024-04-27 15:54:50', '2024-04-27 15:54:50'),
	(377, 11, 38, 0, 20, 248, '2024-04-27 15:54:26', '2024-04-27 15:54:51', '2024-04-27 15:54:51'),
	(378, 11, 38, 0, 17, 248, '2024-04-27 15:54:40', '2024-04-27 15:54:51', '2024-04-27 15:54:51'),
	(379, 3, 136, NULL, 13, NULL, '2024-04-27 16:04:12', '2024-04-27 18:18:37', '2024-04-27 18:18:37'),
	(380, 3, 7, 2, 8, 296, '2024-04-27 16:04:15', '2024-04-27 16:04:32', '2024-04-27 16:04:32'),
	(381, 3, 8, 0, 0, 322, '2024-04-27 16:04:15', '2024-04-27 16:04:31', '2024-04-27 16:04:31'),
	(382, 3, 9, 0, 20, 296, '2024-04-27 16:04:16', '2024-05-03 11:09:26', '2024-05-03 11:09:26'),
	(383, 11, 136, NULL, 13, NULL, '2024-04-27 16:04:29', '2024-04-27 18:25:54', '2024-04-27 18:25:54'),
	(384, 11, 135, 1, 10, 248, '2024-04-27 16:05:05', '2024-04-27 18:14:33', '2024-04-27 18:14:33'),
	(385, 11, 135, 1, 2, 248, '2024-04-27 16:05:05', '2024-04-27 18:14:33', '2024-04-27 18:14:33'),
	(386, 11, 135, 1, 0, 248, '2024-04-27 16:05:47', '2024-04-27 18:14:33', '2024-04-27 18:14:33'),
	(387, 3, 135, 2, 8, 296, '2024-04-27 17:19:40', '2024-04-27 17:30:46', '2024-04-27 17:30:46'),
	(388, 3, 135, 0, 0, 296, '2024-04-27 17:19:40', '2024-04-27 17:30:46', '2024-04-27 17:30:46'),
	(389, 3, 135, 2, 20, 296, '2024-04-27 17:20:29', '2024-04-27 17:30:46', '2024-04-27 17:30:46'),
	(390, 3, 135, 2, 22, 296, '2024-04-27 17:20:29', '2024-04-27 17:30:46', '2024-04-27 17:30:46'),
	(391, 3, 135, 2, 24, 296, '2024-04-27 17:29:42', '2024-04-27 17:30:46', '2024-04-27 17:30:46'),
	(392, 3, 135, 2, 8, 296, '2024-04-27 18:13:42', '2024-04-27 18:20:17', '2024-04-27 18:20:17'),
	(393, 3, 135, 2, 20, 296, '2024-04-27 18:13:42', '2024-04-27 18:20:17', '2024-04-27 18:20:17'),
	(394, 3, 135, 0, 0, 296, '2024-04-27 18:13:42', '2024-04-27 18:20:17', '2024-04-27 18:20:17'),
	(395, 3, 135, 2, 24, 296, '2024-04-27 18:18:07', '2024-04-27 18:20:17', '2024-04-27 18:20:17'),
	(396, 11, 135, 0, 8, 248, '2024-04-27 18:18:07', '2024-04-27 18:18:18', '2024-04-27 18:18:18'),
	(397, 3, 135, 2, 22, 296, '2024-04-27 18:18:07', '2024-04-27 18:20:17', '2024-04-27 18:20:17'),
	(398, 3, 136, NULL, 13, NULL, '2024-04-27 18:20:25', '2024-04-27 18:27:02', '2024-04-27 18:27:02'),
	(399, 11, 135, 0, 8, 248, '2024-04-27 18:20:35', '2024-04-27 18:20:46', '2024-04-27 18:20:46'),
	(400, 11, 135, NULL, 13, NULL, '2024-04-27 18:20:35', '2024-04-27 18:21:34', '2024-04-27 18:21:34'),
	(401, 3, 135, 4, 117, 323, '2024-04-27 18:21:00', '2024-04-27 18:23:38', '2024-04-27 18:23:38'),
	(402, 3, 135, 4, 114, 323, '2024-04-27 18:22:27', '2024-04-27 18:23:38', '2024-04-27 18:23:38'),
	(403, 3, 135, 4, 121, 323, '2024-04-27 18:22:27', '2024-04-27 18:23:38', '2024-04-27 18:23:38'),
	(404, 3, 135, 0, 0, 296, '2024-04-27 18:25:36', '2024-04-27 18:26:04', '2024-04-27 18:26:04'),
	(405, 11, 136, NULL, 13, NULL, '2024-04-27 18:26:00', '2024-04-27 18:35:58', '2024-04-27 18:35:58'),
	(406, 3, 136, NULL, 13, NULL, '2024-04-27 18:27:10', '2024-04-27 18:29:49', '2024-04-27 18:29:49'),
	(407, NULL, 135, NULL, 0, NULL, '2024-04-27 18:27:41', '2024-04-27 18:27:41', NULL),
	(408, NULL, 135, NULL, 0, NULL, '2024-04-27 18:27:41', '2024-04-27 18:27:41', NULL),
	(409, NULL, 135, NULL, 0, NULL, '2024-04-27 18:27:41', '2024-04-27 18:27:41', NULL),
	(410, 3, 136, NULL, 13, NULL, '2024-04-27 18:30:43', '2024-04-27 18:59:37', '2024-04-27 18:59:37'),
	(411, 11, 135, NULL, 13, NULL, '2024-04-27 18:33:02', '2024-04-27 18:33:54', '2024-04-27 18:33:54'),
	(412, NULL, 135, NULL, 0, NULL, '2024-04-27 18:33:02', '2024-04-27 18:33:02', NULL),
	(413, 3, 135, 2, 8, 296, '2024-04-27 18:33:02', '2024-04-27 18:33:56', '2024-04-27 18:33:56'),
	(414, 11, 136, NULL, 13, NULL, '2024-04-27 18:36:01', '2024-04-27 19:06:55', '2024-04-27 19:06:55'),
	(415, 11, 135, 0, 8, 248, '2024-04-27 18:38:00', '2024-04-27 18:38:44', '2024-04-27 18:38:44'),
	(416, 11, 135, 0, 17, 248, '2024-04-27 18:38:00', '2024-04-27 18:38:44', '2024-04-27 18:38:44'),
	(417, 11, 135, 0, 15, 248, '2024-04-27 18:38:00', '2024-04-27 18:38:44', '2024-04-27 18:38:44'),
	(418, 3, 135, 4, 60, 323, '2024-04-27 18:38:12', '2024-04-27 18:39:47', '2024-04-27 18:39:47'),
	(419, 11, 135, 0, 15, 248, '2024-04-27 18:38:26', '2024-04-27 18:40:04', '2024-04-27 18:40:04'),
	(420, 11, 135, 1, 0, 248, '2024-04-27 18:38:26', '2024-04-27 18:40:04', '2024-04-27 18:40:04'),
	(421, 11, 135, 0, 17, 248, '2024-04-27 18:38:26', '2024-04-27 18:40:04', '2024-04-27 18:40:04'),
	(422, 3, 135, 4, 58, 323, '2024-04-27 18:38:42', '2024-04-27 18:39:47', '2024-04-27 18:39:47'),
	(423, 3, 135, 4, 56, 323, '2024-04-27 18:38:42', '2024-04-27 18:39:47', '2024-04-27 18:39:47'),
	(424, 11, 135, 0, 8, 248, '2024-04-27 18:38:42', '2024-04-27 18:40:04', '2024-04-27 18:40:04'),
	(425, 3, 135, 0, 5, 296, '2024-04-27 18:39:11', '2024-04-27 18:39:47', '2024-04-27 18:39:47'),
	(426, 11, 135, 0, 17, 248, '2024-04-27 18:44:23', '2024-04-27 18:46:38', '2024-04-27 18:46:38'),
	(427, 11, 135, 0, 15, 248, '2024-04-27 18:44:23', '2024-04-27 18:46:38', '2024-04-27 18:46:38'),
	(428, 11, 135, 0, 8, 248, '2024-04-27 18:44:23', '2024-04-27 18:46:38', '2024-04-27 18:46:38'),
	(429, 11, 135, 1, 0, 248, '2024-04-27 18:45:33', '2024-04-27 18:46:38', '2024-04-27 18:46:38'),
	(430, 11, 135, 1, 10, 248, '2024-04-27 18:45:33', '2024-04-27 18:46:38', '2024-04-27 18:46:38'),
	(431, 11, 135, 1, 2, 248, '2024-04-27 18:45:33', '2024-04-27 18:46:38', '2024-04-27 18:46:38'),
	(432, 3, 135, 0, 5, 296, '2024-04-27 18:46:01', '2024-04-27 18:52:27', '2024-04-27 18:52:27'),
	(433, 3, 135, 2, 8, 296, '2024-04-27 18:46:01', '2024-04-27 18:52:27', '2024-04-27 18:52:27'),
	(434, 11, 135, 0, 8, 248, '2024-04-27 18:46:13', '2024-04-27 18:53:48', '2024-04-27 18:53:48'),
	(435, 3, 135, 2, 20, 296, '2024-04-27 18:47:31', '2024-04-27 18:52:27', '2024-04-27 18:52:27'),
	(436, 3, 135, 2, 22, 296, '2024-04-27 18:47:31', '2024-04-27 18:52:27', '2024-04-27 18:52:27'),
	(437, 3, 135, 2, 35, 296, '2024-04-27 18:48:09', '2024-04-27 18:52:27', '2024-04-27 18:52:27'),
	(438, 11, 135, 0, 17, 248, '2024-04-27 18:50:07', '2024-04-27 18:53:48', '2024-04-27 18:53:48'),
	(439, 11, 135, 0, 15, 248, '2024-04-27 18:50:07', '2024-04-27 18:53:48', '2024-04-27 18:53:48'),
	(440, 3, 135, 2, 27, 296, '2024-04-27 18:50:29', '2024-04-27 18:52:27', '2024-04-27 18:52:27'),
	(441, 3, 135, 1, 0, 323, '2024-04-27 18:51:06', '2024-04-27 18:52:27', '2024-04-27 18:52:27'),
	(442, 3, 135, 0, 5, 296, '2024-04-27 18:51:06', '2024-04-27 18:52:41', '2024-04-27 18:52:41'),
	(443, NULL, 135, NULL, 0, NULL, '2024-04-27 18:51:29', '2024-04-27 18:51:29', NULL),
	(444, NULL, 135, NULL, 0, NULL, '2024-04-27 18:51:29', '2024-04-27 18:51:29', NULL),
	(445, 11, 135, NULL, 13, NULL, '2024-04-27 18:53:10', '2024-04-27 18:53:48', '2024-04-27 18:53:48'),
	(446, NULL, 135, NULL, 0, NULL, '2024-04-27 18:54:39', '2024-04-27 18:54:39', NULL),
	(447, 11, 135, 0, 15, 248, '2024-04-27 18:54:39', '2024-04-27 18:56:17', '2024-04-27 18:56:17'),
	(448, 11, 135, 0, 8, 248, '2024-04-27 18:54:39', '2024-04-27 18:56:17', '2024-04-27 18:56:17'),
	(449, NULL, 135, NULL, 0, NULL, '2024-04-27 18:54:59', '2024-04-27 18:54:59', NULL),
	(450, 3, 135, 0, 5, 296, '2024-04-27 18:54:59', '2024-04-27 18:58:00', '2024-04-27 18:58:00'),
	(451, 3, 135, 2, 6, 296, '2024-04-27 18:55:43', '2024-04-27 18:58:00', '2024-04-27 18:58:00'),
	(452, 11, 135, 1, 0, 248, '2024-04-27 18:55:48', '2024-04-27 18:56:17', '2024-04-27 18:56:17'),
	(453, 11, 135, 1, 2, 248, '2024-04-27 18:55:48', '2024-04-27 18:56:17', '2024-04-27 18:56:17'),
	(454, 11, 135, 0, 17, 248, '2024-04-27 18:55:48', '2024-04-27 18:56:17', '2024-04-27 18:56:17'),
	(455, 3, 136, NULL, 13, NULL, '2024-04-27 18:59:46', '2024-04-27 19:12:33', '2024-04-27 19:12:33'),
	(456, 3, 135, 0, 5, 296, '2024-04-27 18:59:58', '2024-04-27 19:00:51', '2024-04-27 19:00:51'),
	(457, 11, 136, 4, 0, 307, '2024-04-27 19:06:52', '2024-04-27 19:45:44', '2024-04-27 19:45:44'),
	(458, NULL, 135, NULL, 0, NULL, '2024-04-27 19:07:00', '2024-04-27 19:07:00', NULL),
	(459, 11, 135, 0, 17, 248, '2024-04-27 19:07:00', '2024-04-27 19:09:15', '2024-04-27 19:09:15'),
	(460, 3, 135, 0, 5, 296, '2024-04-27 19:07:00', '2024-04-27 19:07:14', '2024-04-27 19:07:14'),
	(461, NULL, 135, NULL, 0, NULL, '2024-04-27 19:07:25', '2024-04-27 19:07:25', NULL),
	(462, NULL, 135, NULL, 0, NULL, '2024-04-27 19:07:25', '2024-04-27 19:07:25', NULL),
	(463, NULL, 135, NULL, 0, NULL, '2024-04-27 19:07:25', '2024-04-27 19:07:25', NULL),
	(464, NULL, 135, NULL, 0, NULL, '2024-04-27 19:08:01', '2024-04-27 19:08:01', NULL),
	(465, 11, 135, 0, 8, 248, '2024-04-27 19:08:01', '2024-04-27 19:09:15', '2024-04-27 19:09:15'),
	(466, 3, 135, 0, 18, 322, '2024-04-27 19:08:27', '2024-04-27 19:09:13', '2024-04-27 19:09:13'),
	(467, 3, 135, 0, 5, 296, '2024-04-27 19:08:27', '2024-04-27 19:09:13', '2024-04-27 19:09:13'),
	(468, NULL, 135, NULL, 0, NULL, '2024-04-27 19:08:43', '2024-04-27 19:08:43', NULL),
	(469, NULL, 135, NULL, 0, NULL, '2024-04-27 19:08:43', '2024-04-27 19:08:43', NULL),
	(470, 11, 135, 0, 15, 248, '2024-04-27 19:08:43', '2024-04-27 19:09:15', '2024-04-27 19:09:15'),
	(471, 3, 135, 0, 5, 296, '2024-04-27 19:11:54', '2024-04-27 19:12:06', '2024-04-27 19:12:06'),
	(472, 11, 35, NULL, 13, NULL, '2024-04-27 19:15:00', '2024-04-27 19:15:15', '2024-04-27 19:15:15'),
	(473, 11, 34, NULL, 13, NULL, '2024-04-27 19:15:01', '2024-04-27 19:16:46', '2024-04-27 19:16:46'),
	(474, 11, 35, NULL, 13, NULL, '2024-04-27 19:15:02', '2024-04-27 19:16:37', '2024-04-27 19:16:37'),
	(475, 11, 34, NULL, 13, NULL, '2024-04-27 19:15:02', '2024-04-27 19:15:50', '2024-04-27 19:15:50'),
	(476, 11, 29, 0, 0, 251, '2024-04-27 19:17:06', '2024-04-27 19:51:58', '2024-04-27 19:51:58'),
	(477, 11, 30, 0, 1, 251, '2024-04-27 19:17:19', '2024-04-27 19:51:57', '2024-04-27 19:51:57'),
	(478, 3, 32, 2, 49, 296, '2024-04-27 19:17:24', '2024-05-03 12:00:20', '2024-05-03 12:00:20'),
	(479, 11, 31, 0, 2, 251, '2024-04-27 19:17:34', '2024-04-27 19:51:56', '2024-04-27 19:51:56'),
	(480, 3, 31, 2, 39, 296, '2024-04-27 19:18:07', '2024-05-03 12:00:21', '2024-05-03 12:00:21'),
	(481, 11, 76, NULL, 13, NULL, '2024-04-27 19:45:39', '2024-04-27 19:54:11', '2024-04-27 19:54:11'),
	(482, 3, 76, NULL, 13, NULL, '2024-04-27 19:45:57', '2024-04-27 19:53:43', '2024-04-27 19:53:43'),
	(483, 3, 131, 2, 18, 296, '2024-04-27 19:48:32', '2024-04-27 19:49:20', '2024-04-27 19:49:20'),
	(484, 3, 131, 2, 20, 296, '2024-04-27 19:48:32', '2024-04-27 19:49:20', '2024-04-27 19:49:20'),
	(485, 3, 131, 2, 6, 296, '2024-04-27 19:48:32', '2024-04-27 19:49:20', '2024-04-27 19:49:20'),
	(486, 3, 131, 0, 5, 296, '2024-04-27 19:48:32', '2024-04-27 19:49:20', '2024-04-27 19:49:20'),
	(487, 3, 131, 2, 4, 296, '2024-04-27 19:48:32', '2024-04-27 19:49:20', '2024-04-27 19:49:20'),
	(488, 11, 131, 0, 6, 248, '2024-04-27 19:48:52', '2024-04-27 19:49:29', '2024-04-27 19:49:29'),
	(489, 11, 131, 0, 8, 248, '2024-04-27 19:48:52', '2024-04-27 19:49:29', '2024-04-27 19:49:29'),
	(490, 11, 131, 0, 15, 248, '2024-04-27 19:48:52', '2024-04-27 19:49:29', '2024-04-27 19:49:29'),
	(491, 11, 131, 0, 17, 248, '2024-04-27 19:48:52', '2024-04-27 19:49:29', '2024-04-27 19:49:29'),
	(492, NULL, 131, NULL, 0, NULL, '2024-04-27 19:48:52', '2024-04-27 19:48:52', NULL),
	(493, 11, 131, 0, 8, 248, '2024-04-27 19:51:23', '2024-04-27 19:52:43', '2024-04-27 19:52:43'),
	(494, 11, 131, 0, 6, 248, '2024-04-27 19:51:23', '2024-04-27 19:52:43', '2024-04-27 19:52:43'),
	(495, 11, 131, 0, 15, 248, '2024-04-27 19:51:23', '2024-04-27 19:52:43', '2024-04-27 19:52:43'),
	(496, 11, 131, 0, 17, 248, '2024-04-27 19:51:23', '2024-04-27 19:52:43', '2024-04-27 19:52:43'),
	(497, 11, 131, 1, 0, 248, '2024-04-27 19:51:23', '2024-04-27 19:52:43', '2024-04-27 19:52:43'),
	(498, 3, 131, 0, 5, 296, '2024-04-27 19:52:17', '2024-04-27 19:55:22', '2024-04-27 19:55:22'),
	(499, 3, 131, 2, 4, 296, '2024-04-27 19:52:17', '2024-04-27 19:55:22', '2024-04-27 19:55:22'),
	(500, 3, 131, 2, 18, 296, '2024-04-27 19:52:17', '2024-04-27 19:55:22', '2024-04-27 19:55:22'),
	(501, 3, 131, 2, 6, 296, '2024-04-27 19:52:17', '2024-04-27 19:55:22', '2024-04-27 19:55:22'),
	(502, 3, 131, 2, 20, 296, '2024-04-27 19:52:17', '2024-04-27 19:55:22', '2024-04-27 19:55:22'),
	(503, 11, 76, NULL, 13, NULL, '2024-04-27 19:54:14', '2024-04-27 20:22:56', '2024-04-27 20:22:56'),
	(504, 11, 131, 0, 8, 248, '2024-04-27 19:54:50', '2024-04-27 19:55:18', '2024-04-27 19:55:18'),
	(505, 11, 131, 0, 6, 248, '2024-04-27 19:54:50', '2024-04-27 19:55:18', '2024-04-27 19:55:18'),
	(506, 11, 131, 0, 17, 248, '2024-04-27 19:54:50', '2024-04-27 19:55:18', '2024-04-27 19:55:18'),
	(507, 11, 131, 0, 15, 248, '2024-04-27 19:54:50', '2024-04-27 19:55:18', '2024-04-27 19:55:18'),
	(508, 11, 131, 1, 0, 248, '2024-04-27 19:54:50', '2024-04-27 19:55:18', '2024-04-27 19:55:18'),
	(509, 3, 20, NULL, 13, NULL, '2024-04-28 16:41:18', '2024-05-02 15:11:19', '2024-05-02 15:11:19'),
	(510, 3, 37, 0, 5, 296, '2024-04-28 16:41:32', '2024-04-28 16:42:09', '2024-04-28 16:42:09'),
	(511, 3, 37, 0, 10, 296, '2024-04-28 16:41:36', '2024-04-28 16:42:10', '2024-04-28 16:42:10'),
	(512, 3, 37, 1, 21, 296, '2024-04-28 16:41:36', '2024-04-28 16:42:11', '2024-04-28 16:42:11'),
	(513, 3, 37, 1, 23, 296, '2024-04-28 16:41:36', '2024-04-28 16:42:11', '2024-04-28 16:42:11'),
	(514, 3, 37, 2, 2, 296, '2024-04-28 16:41:36', '2024-04-28 16:42:12', '2024-04-28 16:42:12'),
	(515, 3, 37, 2, 4, 296, '2024-04-28 16:41:37', '2024-04-28 16:42:12', '2024-04-28 16:42:12'),
	(516, 3, 37, 2, 6, 296, '2024-04-28 16:41:37', '2024-04-28 16:42:14', '2024-04-28 16:42:14'),
	(517, 3, 3, NULL, 4, NULL, '2024-04-28 16:41:42', '2024-05-03 12:00:54', '2024-05-03 12:00:54'),
	(518, 3, 33, 1, 30, 323, '2024-04-28 16:43:33', '2024-05-12 19:32:35', '2024-05-12 19:32:35'),
	(519, 11, 38, 0, 5, 248, '2024-04-28 18:04:00', '2024-04-28 18:04:02', '2024-04-28 18:04:02'),
	(520, 11, 33, 0, 3, 307, '2024-04-28 18:15:23', '2024-04-28 18:15:28', NULL),
	(521, 3, 6, 0, 5, 322, '2024-04-28 18:31:22', '2024-05-03 12:00:27', '2024-05-03 12:00:27'),
	(522, 12, 8, 1, 0, 562, '2024-05-02 08:14:52', '2024-05-02 16:52:50', NULL),
	(523, 12, 7, 0, 0, 563, '2024-05-02 08:14:52', '2024-05-02 16:52:44', NULL),
	(524, 12, 9, 0, 12, 562, '2024-05-02 08:14:52', '2024-05-02 16:52:37', NULL),
	(525, 12, 11, NULL, 6, NULL, '2024-05-02 08:30:38', '2024-05-02 16:52:32', NULL),
	(526, 12, 34, NULL, 13, NULL, '2024-05-02 13:21:35', '2024-05-02 13:22:07', '2024-05-02 13:22:07'),
	(527, 12, 34, NULL, 13, NULL, '2024-05-02 13:21:36', '2024-05-02 15:22:16', '2024-05-02 15:22:16'),
	(528, 12, 34, NULL, 13, NULL, '2024-05-02 13:21:36', '2024-05-02 15:13:54', '2024-05-02 15:13:54'),
	(529, 12, 35, NULL, 13, NULL, '2024-05-02 13:21:37', '2024-05-02 15:22:05', '2024-05-02 15:22:05'),
	(530, 12, 35, 0, 7, 522, '2024-05-02 13:21:37', '2024-05-03 16:37:52', '2024-05-03 16:37:52'),
	(531, 12, 35, 0, 10, 522, '2024-05-02 13:21:38', '2024-05-03 16:37:52', '2024-05-03 16:37:52'),
	(532, 12, 35, 0, 12, 522, '2024-05-02 13:21:38', '2024-05-03 16:37:52', '2024-05-03 16:37:52'),
	(533, 12, 35, 0, 15, 522, '2024-05-02 13:21:38', '2024-05-03 16:37:52', '2024-05-03 16:37:52'),
	(534, 12, 35, NULL, 13, NULL, '2024-05-02 13:21:39', '2024-05-02 13:22:26', '2024-05-02 13:22:26'),
	(535, 12, 35, NULL, 13, NULL, '2024-05-02 13:21:40', '2024-05-02 15:14:05', '2024-05-02 15:14:05'),
	(536, 12, 24, 0, 3, 523, '2024-05-02 13:21:47', '2024-05-02 16:52:44', NULL),
	(537, 12, 24, 0, 0, 522, '2024-05-02 13:21:49', '2024-05-02 16:52:50', NULL),
	(538, 12, 33, 0, 0, 523, '2024-05-02 14:32:35', '2024-05-02 16:52:44', NULL),
	(539, 12, 76, 1, 15, 523, '2024-05-02 15:08:56', '2024-05-02 16:52:44', NULL),
	(540, 12, 7, 1, 0, 522, '2024-05-02 15:09:04', '2024-05-02 16:52:50', NULL),
	(541, 3, 76, NULL, 13, NULL, '2024-05-02 15:09:04', '2024-05-02 15:18:35', '2024-05-02 15:18:35'),
	(542, 12, 8, 0, 1, 523, '2024-05-02 15:09:05', '2024-05-02 16:52:44', NULL),
	(543, 12, 9, 0, 17, 522, '2024-05-02 15:09:06', '2024-05-02 16:52:50', NULL),
	(544, 3, 131, 2, 8, 296, '2024-05-02 15:10:47', '2024-05-02 15:11:38', '2024-05-02 15:11:38'),
	(545, 3, 131, 2, 6, 296, '2024-05-02 15:10:47', '2024-05-02 15:11:38', '2024-05-02 15:11:38'),
	(546, 3, 131, 2, 2, 296, '2024-05-02 15:10:47', '2024-05-02 15:11:38', '2024-05-02 15:11:38'),
	(547, 3, 131, 0, 5, 296, '2024-05-02 15:10:47', '2024-05-02 15:11:38', '2024-05-02 15:11:38'),
	(548, 3, 131, 1, 11, 296, '2024-05-02 15:10:47', '2024-05-02 15:11:38', '2024-05-02 15:11:38'),
	(549, 12, 131, 1, 0, 523, '2024-05-02 15:10:55', '2024-05-02 15:11:37', '2024-05-02 15:11:37'),
	(550, 12, 131, 0, 15, 523, '2024-05-02 15:10:55', '2024-05-02 15:11:37', '2024-05-02 15:11:37'),
	(551, 12, 131, 0, 3, 523, '2024-05-02 15:10:55', '2024-05-02 15:11:37', '2024-05-02 15:11:37'),
	(552, 12, 131, 1, 12, 522, '2024-05-02 15:10:55', '2024-05-02 15:11:37', '2024-05-02 15:11:37'),
	(553, 12, 131, 0, 13, 523, '2024-05-02 15:10:55', '2024-05-02 15:11:37', '2024-05-02 15:11:37'),
	(554, 3, 36, 6, 0, 517, '2024-05-02 15:22:08', '2024-05-03 11:24:24', '2024-05-03 11:24:24'),
	(555, 12, 136, 1, 0, 523, '2024-05-02 15:26:29', '2024-05-02 16:52:44', NULL),
	(556, 12, 135, 0, 0, 522, '2024-05-02 15:27:17', '2024-05-02 15:27:32', '2024-05-02 15:27:32'),
	(557, 3, 33, 1, 31, 323, '2024-05-02 15:51:49', '2024-05-03 12:01:31', NULL),
	(558, 12, 6, 0, 10, 562, '2024-05-02 16:26:42', '2024-05-02 16:52:33', NULL),
	(559, 12, 33, 0, 5, 523, '2024-05-02 16:29:47', '2024-05-02 16:52:44', NULL),
	(560, 12, 33, 0, 10, 523, '2024-05-02 16:34:03', '2024-05-02 16:52:44', NULL),
	(561, 12, 6, NULL, 1, NULL, '2024-05-02 16:51:41', '2024-05-02 16:51:59', NULL),
	(562, 12, 7, NULL, 5, NULL, '2024-05-02 16:51:41', '2024-05-02 16:51:41', NULL),
	(563, 12, 8, NULL, 11, NULL, '2024-05-02 16:51:41', '2024-05-02 16:51:41', NULL),
	(564, 12, 9, NULL, 12, NULL, '2024-05-02 16:51:41', '2024-05-02 16:51:41', NULL),
	(565, 12, 2, NULL, 3, NULL, '2024-05-02 16:51:41', '2024-05-05 10:08:06', NULL),
	(566, 12, 24, 0, 17, 562, '2024-05-02 16:52:14', '2024-05-02 16:53:42', NULL),
	(567, 12, 27, 0, 0, 562, '2024-05-02 16:52:15', '2024-05-02 16:52:15', NULL),
	(568, 12, 25, 0, 2, 562, '2024-05-02 16:52:16', '2024-05-02 16:52:16', NULL),
	(569, 12, 26, 0, 3, 562, '2024-05-02 16:52:16', '2024-05-02 16:52:16', NULL),
	(570, 12, 34, NULL, 13, NULL, '2024-05-02 17:54:03', '2024-05-02 17:54:27', '2024-05-02 17:54:27'),
	(571, 12, 34, 0, 4, 562, '2024-05-02 17:54:03', '2024-05-02 17:54:03', NULL),
	(572, 12, 34, NULL, 13, NULL, '2024-05-02 17:54:03', '2024-05-03 16:40:23', '2024-05-03 16:40:23'),
	(573, 12, 34, 1, 2, 562, '2024-05-02 17:54:03', '2024-05-02 17:54:03', NULL),
	(574, 12, 34, 1, 3, 562, '2024-05-02 17:54:03', '2024-05-02 17:54:03', NULL),
	(575, 12, 34, 1, 4, 562, '2024-05-02 17:54:04', '2024-05-02 17:54:04', NULL),
	(576, 12, 34, NULL, 13, NULL, '2024-05-02 17:54:04', '2024-05-05 10:08:02', '2024-05-05 10:08:02'),
	(577, 12, 34, NULL, 13, NULL, '2024-05-02 17:54:04', '2024-05-03 17:37:25', '2024-05-03 17:37:25'),
	(578, 12, 34, 1, 14, 562, '2024-05-02 17:54:04', '2024-05-02 17:54:04', NULL),
	(579, 12, 35, 0, 20, 562, '2024-05-02 17:54:05', '2024-05-03 16:37:52', '2024-05-03 16:37:52'),
	(580, 12, 35, 1, 15, 562, '2024-05-02 17:54:05', '2024-05-02 17:54:05', NULL),
	(581, 12, 35, NULL, 13, NULL, '2024-05-02 17:54:05', '2024-05-02 17:55:09', '2024-05-02 17:55:09'),
	(582, 12, 35, 1, 22, 562, '2024-05-02 17:54:05', '2024-05-03 16:37:52', '2024-05-03 16:37:52'),
	(583, 12, 35, NULL, 13, NULL, '2024-05-02 17:54:05', '2024-05-03 16:40:14', '2024-05-03 16:40:14'),
	(584, 12, 35, NULL, 13, NULL, '2024-05-02 17:54:06', '2024-05-02 17:54:38', '2024-05-02 17:54:38'),
	(585, 13, 8, NULL, 11, NULL, '2024-05-02 18:03:28', '2024-05-03 16:31:04', NULL),
	(586, 13, 9, NULL, 12, NULL, '2024-05-02 18:03:28', '2024-05-03 16:30:57', NULL),
	(587, 13, 7, 0, 0, 585, '2024-05-02 18:03:28', '2024-05-03 16:31:08', NULL),
	(588, 3, 133, NULL, 13, NULL, '2024-05-02 19:13:10', '2024-05-02 19:13:20', '2024-05-02 19:13:20'),
	(589, 3, 47, NULL, 13, NULL, '2024-05-02 19:16:39', '2024-05-03 11:08:38', '2024-05-03 11:08:38'),
	(590, 3, 37, 0, 5, 296, '2024-05-02 19:16:42', '2024-05-02 19:16:51', '2024-05-02 19:16:51'),
	(591, 3, 37, 0, 10, 296, '2024-05-02 19:16:42', '2024-05-02 19:16:53', '2024-05-02 19:16:53'),
	(592, 3, 37, 0, 22, 296, '2024-05-02 19:16:43', '2024-05-02 19:16:54', '2024-05-02 19:16:54'),
	(593, 3, 37, 1, 0, 296, '2024-05-02 19:16:43', '2024-05-02 19:16:56', '2024-05-02 19:16:56'),
	(594, 3, 37, 1, 11, 296, '2024-05-02 19:16:43', '2024-05-02 19:16:56', '2024-05-02 19:16:56'),
	(595, 3, 39, 6, 14, 517, '2024-05-03 11:08:01', '2024-05-03 12:00:30', '2024-05-03 12:00:30'),
	(596, 3, 20, NULL, 13, NULL, '2024-05-03 11:08:41', '2024-05-03 11:24:26', '2024-05-03 11:24:26'),
	(597, 3, 37, 0, 5, 296, '2024-05-03 11:08:53', '2024-05-03 11:09:02', '2024-05-03 11:09:02'),
	(598, 3, 37, 0, 10, 296, '2024-05-03 11:08:53', '2024-05-03 11:09:03', '2024-05-03 11:09:03'),
	(599, 3, 37, 0, 22, 296, '2024-05-03 11:08:53', '2024-05-03 11:09:04', '2024-05-03 11:09:04'),
	(600, 3, 37, 1, 0, 296, '2024-05-03 11:08:53', '2024-05-03 11:09:04', '2024-05-03 11:09:04'),
	(601, 3, 37, 1, 11, 296, '2024-05-03 11:08:53', '2024-05-03 11:09:14', '2024-05-03 11:09:14'),
	(602, 3, 37, 1, 15, 296, '2024-05-03 11:08:54', '2024-05-03 11:09:15', '2024-05-03 11:09:15'),
	(603, 3, 37, 1, 20, 296, '2024-05-03 11:08:54', '2024-05-03 11:09:15', '2024-05-03 11:09:15'),
	(604, 3, 37, 1, 22, 296, '2024-05-03 11:08:54', '2024-05-03 11:09:13', '2024-05-03 11:09:13'),
	(605, 3, 37, 2, 2, 296, '2024-05-03 11:08:54', '2024-05-03 11:09:16', '2024-05-03 11:09:16'),
	(606, 3, 37, 2, 6, 296, '2024-05-03 11:08:54', '2024-05-03 11:09:16', '2024-05-03 11:09:16'),
	(607, 3, 37, 2, 8, 296, '2024-05-03 11:08:54', '2024-05-03 11:09:13', '2024-05-03 11:09:13'),
	(608, 3, 37, 2, 12, 296, '2024-05-03 11:08:55', '2024-05-03 11:09:17', '2024-05-03 11:09:17'),
	(609, 3, 37, 2, 16, 296, '2024-05-03 11:08:57', '2024-05-03 11:09:10', '2024-05-03 11:09:10'),
	(610, 3, 37, 2, 18, 296, '2024-05-03 11:08:57', '2024-05-03 11:09:11', '2024-05-03 11:09:11'),
	(611, 3, 33, 1, 33, 323, '2024-05-03 11:14:22', '2024-05-03 12:01:31', NULL),
	(612, 3, 5, 4, 44, 323, '2024-05-03 11:24:14', '2024-05-03 12:00:25', '2024-05-03 12:00:25'),
	(613, 3, 15, 0, 5, 296, '2024-05-03 11:24:44', '2024-05-03 11:25:23', '2024-05-03 11:25:23'),
	(614, 3, 15, 0, 7, 296, '2024-05-03 11:24:59', '2024-05-03 11:25:23', '2024-05-03 11:25:23'),
	(615, 3, 15, 0, 15, 296, '2024-05-03 11:25:14', '2024-05-03 11:25:23', '2024-05-03 11:25:23'),
	(616, 3, 21, NULL, 9, NULL, '2024-05-03 11:59:19', '2024-05-03 11:59:20', '2024-05-03 11:59:20'),
	(617, 3, 3, NULL, 13, NULL, '2024-05-03 11:59:24', '2024-05-03 11:59:25', '2024-05-03 11:59:25'),
	(618, 3, 18, NULL, 13, NULL, '2024-05-03 11:59:27', '2024-05-03 11:59:28', '2024-05-03 11:59:28'),
	(619, 3, 20, NULL, 13, NULL, '2024-05-03 11:59:29', '2024-05-03 11:59:31', '2024-05-03 11:59:31'),
	(620, 3, 17, NULL, 13, NULL, '2024-05-03 11:59:32', '2024-05-03 11:59:33', '2024-05-03 11:59:33'),
	(621, 3, 8, NULL, 13, NULL, '2024-05-03 11:59:35', '2024-05-03 11:59:36', '2024-05-03 11:59:36'),
	(622, 3, 9, NULL, 13, NULL, '2024-05-03 11:59:38', '2024-05-03 11:59:39', '2024-05-03 11:59:39'),
	(623, 3, 24, NULL, 13, NULL, '2024-05-03 11:59:40', '2024-05-03 11:59:41', '2024-05-03 11:59:41'),
	(624, 3, 40, NULL, 13, NULL, '2024-05-03 11:59:43', '2024-05-03 11:59:43', '2024-05-03 11:59:43'),
	(625, 3, 11, NULL, 13, NULL, '2024-05-03 11:59:46', '2024-05-03 11:59:51', '2024-05-03 11:59:51'),
	(626, 3, 45, NULL, 13, NULL, '2024-05-03 11:59:51', '2024-05-03 11:59:52', '2024-05-03 11:59:52'),
	(627, 3, 54, 0, 1, 517, '2024-05-03 11:59:54', '2024-05-03 12:00:30', '2024-05-03 12:00:30'),
	(628, 3, 11, NULL, 13, NULL, '2024-05-03 11:59:57', '2024-05-03 11:59:58', '2024-05-03 11:59:58'),
	(629, 3, 11, NULL, 13, NULL, '2024-05-03 11:59:59', '2024-05-03 12:00:00', '2024-05-03 12:00:00'),
	(630, 3, 16, NULL, 13, NULL, '2024-05-03 12:00:03', '2024-05-03 12:00:05', '2024-05-03 12:00:05'),
	(631, 3, 37, NULL, 13, NULL, '2024-05-03 12:00:07', '2024-05-03 12:00:08', '2024-05-03 12:00:08'),
	(632, 3, 7, 4, 20, 756, '2024-05-03 12:01:25', '2024-05-20 10:08:06', '2024-05-20 10:08:06'),
	(633, 3, 8, NULL, 11, NULL, '2024-05-03 12:01:25', '2024-05-06 16:53:15', '2024-05-06 16:53:15'),
	(634, 3, 9, NULL, 12, NULL, '2024-05-03 12:01:25', '2024-05-11 18:30:40', '2024-05-11 18:30:40'),
	(635, 3, 2, NULL, 3, NULL, '2024-05-03 12:01:25', '2024-05-12 19:25:46', '2024-05-12 19:25:46'),
	(636, 3, 3, NULL, 13, NULL, '2024-05-03 12:01:53', '2024-05-03 12:01:54', '2024-05-03 12:01:54'),
	(637, 3, 8, NULL, 13, NULL, '2024-05-03 12:01:56', '2024-05-03 12:01:57', '2024-05-03 12:01:57'),
	(638, 3, 2, NULL, 13, NULL, '2024-05-03 12:01:58', '2024-05-03 12:01:59', '2024-05-03 12:01:59'),
	(639, 3, 9, NULL, 13, NULL, '2024-05-03 12:02:00', '2024-05-03 12:02:01', '2024-05-03 12:02:01'),
	(640, 3, 7, NULL, 13, NULL, '2024-05-03 12:02:02', '2024-05-03 12:02:03', '2024-05-03 12:02:03'),
	(641, 3, 37, 0, 0, 632, '2024-05-03 12:02:05', '2024-05-03 12:02:10', '2024-05-03 12:02:10'),
	(642, 3, 34, NULL, 13, NULL, '2024-05-03 12:02:07', '2024-05-03 12:02:08', '2024-05-03 12:02:08'),
	(643, 3, 24, NULL, 13, NULL, '2024-05-03 12:02:21', '2024-05-03 12:11:40', '2024-05-03 12:11:40'),
	(644, 3, 27, NULL, 13, NULL, '2024-05-03 12:02:22', '2024-05-06 16:39:53', '2024-05-06 16:39:53'),
	(645, 13, 25, 1, 6, 655, '2024-05-03 12:02:23', '2024-05-06 16:50:21', NULL),
	(646, 3, 26, 0, 3, 632, '2024-05-03 12:02:24', '2024-05-06 16:39:57', '2024-05-06 16:39:57'),
	(647, 13, 133, NULL, 13, NULL, '2024-05-03 16:22:16', '2024-05-03 16:22:28', '2024-05-03 16:22:28'),
	(648, 13, 133, NULL, 13, NULL, '2024-05-03 16:22:46', '2024-05-03 16:23:09', '2024-05-03 16:23:09'),
	(649, 3, 35, 0, 10, 632, '2024-05-03 16:33:18', '2024-05-03 16:35:55', '2024-05-03 16:35:55'),
	(650, 3, 35, 0, 0, 323, '2024-05-03 16:33:19', '2024-05-03 16:35:55', '2024-05-03 16:35:55'),
	(651, 3, 35, 0, 2, 323, '2024-05-03 16:33:20', '2024-05-03 16:35:55', '2024-05-03 16:35:55'),
	(652, 3, 35, 0, 9, 323, '2024-05-03 16:33:20', '2024-05-03 16:35:55', '2024-05-03 16:35:55'),
	(653, 3, 35, 1, 0, 323, '2024-05-03 16:33:21', '2024-05-03 16:35:55', '2024-05-03 16:35:55'),
	(654, 3, 35, 1, 2, 323, '2024-05-03 16:33:21', '2024-05-03 16:35:55', '2024-05-03 16:35:55'),
	(655, 13, 13, NULL, 10, NULL, '2024-05-03 16:34:14', '2024-05-03 16:34:44', NULL),
	(656, 13, 55, 0, 2, 585, '2024-05-03 16:34:19', '2024-05-03 16:34:19', NULL),
	(657, 3, 35, NULL, 13, NULL, '2024-05-03 16:36:37', '2024-05-03 17:13:55', '2024-05-03 17:13:55'),
	(658, 12, 35, 0, 20, 562, '2024-05-03 16:37:21', '2024-05-03 16:40:04', NULL),
	(659, 12, 35, NULL, 13, NULL, '2024-05-03 16:37:21', '2024-05-03 16:49:09', '2024-05-03 16:49:09'),
	(660, 12, 35, NULL, 13, NULL, '2024-05-03 16:37:22', '2024-05-05 15:04:55', '2024-05-05 15:04:55'),
	(661, 12, 35, 2, 4, 562, '2024-05-03 16:37:22', '2024-05-03 16:37:22', NULL),
	(662, 12, 35, 1, 20, 562, '2024-05-03 16:37:22', '2024-05-03 16:40:42', NULL),
	(663, 12, 35, 2, 8, 562, '2024-05-03 16:37:23', '2024-05-03 16:37:23', NULL),
	(664, 13, 35, 0, 0, 655, '2024-05-03 16:39:33', '2024-05-03 16:40:16', '2024-05-03 16:40:16'),
	(665, 13, 35, 0, 3, 585, '2024-05-03 16:39:35', '2024-05-03 16:40:16', '2024-05-03 16:40:16'),
	(666, 13, 35, 0, 8, 585, '2024-05-03 16:39:35', '2024-05-03 16:40:16', '2024-05-03 16:40:16'),
	(667, 13, 35, 0, 12, 585, '2024-05-03 16:39:36', '2024-05-03 16:40:16', '2024-05-03 16:40:16'),
	(668, 13, 35, 0, 15, 585, '2024-05-03 16:39:36', '2024-05-03 16:40:16', '2024-05-03 16:40:16'),
	(669, 13, 35, 0, 17, 585, '2024-05-03 16:39:37', '2024-05-03 16:40:16', '2024-05-03 16:40:16'),
	(670, 12, 35, NULL, 13, NULL, '2024-05-03 16:42:23', '2024-05-03 16:47:36', '2024-05-03 16:47:36'),
	(671, 13, 24, NULL, 13, NULL, '2024-05-03 17:07:08', '2024-05-03 17:07:13', '2024-05-03 17:07:13'),
	(672, 13, 24, NULL, 13, NULL, '2024-05-03 17:07:08', '2024-05-06 16:50:27', '2024-05-06 16:50:27'),
	(673, 13, 24, 0, 12, 585, '2024-05-03 17:07:09', '2024-05-03 17:07:09', NULL),
	(674, 13, 24, NULL, 13, NULL, '2024-05-03 17:07:09', '2024-05-04 07:59:43', '2024-05-04 07:59:43'),
	(675, 13, 34, NULL, 13, NULL, '2024-05-03 17:07:38', '2024-05-03 17:08:02', '2024-05-03 17:08:02'),
	(676, 13, 34, NULL, 13, NULL, '2024-05-03 17:07:39', '2024-05-03 18:03:33', '2024-05-03 18:03:33'),
	(677, 13, 34, NULL, 13, NULL, '2024-05-03 17:07:39', '2024-05-04 07:49:36', '2024-05-04 07:49:36'),
	(678, 13, 35, NULL, 13, NULL, '2024-05-03 17:07:42', '2024-05-03 18:03:18', '2024-05-03 18:03:18'),
	(679, 13, 35, NULL, 13, NULL, '2024-05-03 17:07:42', '2024-05-03 17:08:13', '2024-05-03 17:08:13'),
	(680, 13, 35, NULL, 13, NULL, '2024-05-03 17:07:42', '2024-05-03 17:08:43', '2024-05-03 17:08:43'),
	(681, 3, 59, 2, 24, 632, '2024-05-03 17:27:35', '2024-05-06 16:42:10', '2024-05-06 16:42:10'),
	(682, 13, 35, NULL, 13, NULL, '2024-05-04 07:50:31', '2024-05-04 07:50:49', '2024-05-04 07:50:49'),
	(683, 13, 35, NULL, 13, NULL, '2024-05-04 07:50:32', '2024-05-04 12:56:40', '2024-05-04 12:56:40'),
	(684, 13, 35, 1, 0, 585, '2024-05-04 07:50:32', '2024-05-04 07:50:32', NULL),
	(685, 13, 35, 1, 2, 585, '2024-05-04 07:50:32', '2024-05-04 07:50:32', NULL),
	(686, 13, 35, 1, 5, 585, '2024-05-04 07:50:33', '2024-05-04 07:50:33', NULL),
	(687, 13, 35, 1, 7, 585, '2024-05-04 07:50:33', '2024-05-04 07:50:33', NULL),
	(688, 13, 35, 1, 10, 585, '2024-05-04 07:50:33', '2024-05-04 07:50:33', NULL),
	(689, 13, 35, 1, 12, 585, '2024-05-04 07:50:33', '2024-05-04 07:50:33', NULL),
	(690, 13, 35, 1, 15, 585, '2024-05-04 07:50:33', '2024-05-04 07:50:33', NULL),
	(691, 13, 35, 1, 17, 585, '2024-05-04 07:50:34', '2024-05-04 07:50:34', NULL),
	(692, 13, 35, 1, 20, 585, '2024-05-04 07:50:34', '2024-05-04 07:50:34', NULL),
	(693, 13, 35, 1, 22, 585, '2024-05-04 07:50:34', '2024-05-04 07:50:34', NULL),
	(694, 13, 35, NULL, 13, NULL, '2024-05-04 07:50:34', '2024-05-04 08:17:46', '2024-05-04 08:17:46'),
	(695, 13, 34, 0, 14, 585, '2024-05-04 07:50:35', '2024-05-04 07:50:35', NULL),
	(696, 13, 34, 1, 4, 585, '2024-05-04 07:50:35', '2024-05-04 07:50:35', NULL),
	(697, 13, 34, 1, 14, 585, '2024-05-04 07:50:35', '2024-05-04 07:50:35', NULL),
	(698, 13, 34, 0, 2, 655, '2024-05-04 07:50:35', '2024-05-04 07:50:35', NULL),
	(699, 13, 34, 0, 3, 655, '2024-05-04 07:50:36', '2024-05-04 07:50:36', NULL),
	(700, 13, 34, 0, 4, 655, '2024-05-04 07:50:36', '2024-05-04 07:50:36', NULL),
	(701, 13, 34, 0, 5, 655, '2024-05-04 07:50:36', '2024-05-04 07:50:36', NULL),
	(702, 13, 34, 0, 10, 655, '2024-05-04 07:50:36', '2024-05-04 07:50:36', NULL),
	(703, 13, 34, 0, 11, 655, '2024-05-04 07:50:36', '2024-05-04 07:50:36', NULL),
	(704, 13, 34, 1, 0, 655, '2024-05-04 07:50:37', '2024-05-04 07:50:37', NULL),
	(705, 13, 34, 1, 1, 655, '2024-05-04 07:50:37', '2024-05-04 07:50:37', NULL),
	(706, 13, 34, 1, 2, 655, '2024-05-04 07:50:37', '2024-05-04 07:50:37', NULL),
	(707, 13, 34, 1, 3, 655, '2024-05-04 07:50:37', '2024-05-04 07:50:37', NULL),
	(708, 13, 34, 1, 4, 655, '2024-05-04 07:50:37', '2024-05-04 07:50:37', NULL),
	(709, 13, 34, 1, 5, 655, '2024-05-04 07:50:38', '2024-05-04 07:50:38', NULL),
	(710, 3, 47, NULL, 13, NULL, '2024-05-06 15:12:37', '2024-05-10 17:43:47', '2024-05-10 17:43:47'),
	(711, 3, 37, 0, 0, 323, '2024-05-06 15:12:42', '2024-05-06 15:12:50', '2024-05-06 15:12:50'),
	(712, 3, 37, 0, 2, 323, '2024-05-06 15:12:42', '2024-05-06 15:12:51', '2024-05-06 15:12:51'),
	(713, 3, 37, 0, 9, 323, '2024-05-06 15:12:42', '2024-05-06 15:12:52', '2024-05-06 15:12:52'),
	(714, 3, 37, 1, 0, 323, '2024-05-06 15:12:43', '2024-05-06 15:12:52', '2024-05-06 15:12:52'),
	(715, 3, 37, 1, 2, 323, '2024-05-06 15:12:44', '2024-05-06 15:12:53', '2024-05-06 15:12:53'),
	(716, 3, 37, 1, 4, 323, '2024-05-06 15:12:44', '2024-05-06 15:12:53', '2024-05-06 15:12:53'),
	(717, 3, 37, 1, 6, 323, '2024-05-06 15:12:44', '2024-05-06 15:12:54', '2024-05-06 15:12:54'),
	(718, 3, 37, 1, 8, 323, '2024-05-06 15:12:45', '2024-05-06 15:12:54', '2024-05-06 15:12:54'),
	(719, 3, 37, 1, 10, 323, '2024-05-06 15:12:45', '2024-05-06 15:12:55', '2024-05-06 15:12:55'),
	(720, 3, 37, 1, 12, 323, '2024-05-06 15:12:45', '2024-05-06 15:12:55', '2024-05-06 15:12:55'),
	(721, 3, 37, 1, 14, 323, '2024-05-06 15:12:45', '2024-05-06 15:12:56', '2024-05-06 15:12:56'),
	(722, 3, 37, 1, 16, 323, '2024-05-06 15:12:45', '2024-05-06 15:12:56', '2024-05-06 15:12:56'),
	(723, 3, 33, 0, 0, 323, '2024-05-06 15:16:52', '2024-05-12 19:32:50', '2024-05-12 19:32:50'),
	(724, 13, 33, 0, 0, 655, '2024-05-06 15:31:12', '2024-05-06 15:32:54', NULL),
	(725, 13, 126, NULL, 13, NULL, '2024-05-06 15:49:13', '2024-05-06 15:49:45', '2024-05-06 15:49:45'),
	(726, 13, 126, 0, 15, 585, '2024-05-06 15:49:13', '2024-05-06 15:49:13', NULL),
	(727, 13, 126, 0, 16, 585, '2024-05-06 15:49:14', '2024-05-06 15:49:14', NULL),
	(728, 13, 130, NULL, 13, NULL, '2024-05-06 15:49:16', '2024-05-06 15:49:59', '2024-05-06 15:49:59'),
	(729, 13, 130, 1, 7, 655, '2024-05-06 15:49:17', '2024-05-06 15:49:17', NULL),
	(730, 13, 130, 1, 8, 655, '2024-05-06 15:49:17', '2024-05-06 15:49:17', NULL),
	(731, 3, 60, 2, 32, 632, '2024-05-06 16:41:01', '2024-05-06 16:42:10', '2024-05-06 16:42:10'),
	(732, 3, 59, 2, 26, 632, '2024-05-06 16:41:59', '2024-05-06 16:42:10', '2024-05-06 16:42:10'),
	(733, 3, 33, 1, 25, 323, '2024-05-06 16:47:46', '2024-05-12 19:33:30', '2024-05-12 19:33:30'),
	(734, 3, 11, NULL, 6, NULL, '2024-05-06 16:52:31', '2024-05-14 20:22:16', NULL),
	(735, 3, 8, 4, 12, 756, '2024-05-06 16:52:49', '2024-05-12 19:25:52', '2024-05-12 19:25:52'),
	(736, 3, 9, 0, 0, 632, '2024-05-06 17:00:22', '2024-05-10 17:43:57', '2024-05-10 17:43:57'),
	(737, 3, 61, NULL, 13, NULL, '2024-05-07 09:21:00', '2024-05-07 09:21:09', '2024-05-07 09:21:09'),
	(738, 3, 131, 1, 0, 323, '2024-05-07 10:52:36', '2024-05-07 10:52:53', '2024-05-07 10:52:53'),
	(739, 3, 131, 1, 2, 323, '2024-05-07 10:52:36', '2024-05-07 10:52:53', '2024-05-07 10:52:53'),
	(740, 3, 131, 1, 4, 323, '2024-05-07 10:52:36', '2024-05-07 10:52:53', '2024-05-07 10:52:53'),
	(741, 3, 131, 1, 6, 323, '2024-05-07 10:52:36', '2024-05-07 10:52:53', '2024-05-07 10:52:53'),
	(742, NULL, 131, NULL, 0, NULL, '2024-05-07 10:52:36', '2024-05-07 10:52:36', NULL),
	(743, 3, 64, 1, 0, 323, '2024-05-07 10:54:45', '2024-05-07 10:55:49', '2024-05-07 10:55:49'),
	(744, 3, 61, 1, 3, 323, '2024-05-07 10:55:37', '2024-05-07 10:55:49', '2024-05-07 10:55:49'),
	(745, 3, 3, 1, 6, 323, '2024-05-07 12:04:44', '2024-05-10 13:15:15', '2024-05-10 13:15:15'),
	(746, 3, 32, 2, 0, 632, '2024-05-07 12:08:14', '2024-05-20 10:08:06', '2024-05-20 10:08:06'),
	(747, 7, 10, NULL, 7, NULL, '2024-05-07 13:19:57', '2024-05-07 13:22:09', NULL),
	(748, 7, 11, NULL, 6, NULL, '2024-05-07 13:20:14', '2024-05-07 13:20:14', NULL),
	(749, 7, 2, NULL, 3, NULL, '2024-05-07 13:20:27', '2024-05-07 13:20:27', NULL),
	(750, 7, 7, NULL, 5, NULL, '2024-05-07 13:20:45', '2024-05-07 13:22:17', NULL),
	(751, 7, 8, NULL, 11, NULL, '2024-05-07 13:21:04', '2024-05-07 13:22:05', NULL),
	(752, 3, 14, NULL, 2, NULL, '2024-05-07 14:01:07', '2024-05-10 17:43:54', '2024-05-10 17:43:54'),
	(753, 3, 33, 0, 0, 745, '2024-05-10 12:47:46', '2024-05-10 13:15:15', '2024-05-10 13:15:15'),
	(754, 3, 33, NULL, 13, NULL, '2024-05-10 12:55:41', '2024-05-10 12:56:17', '2024-05-10 12:56:17'),
	(755, 3, 33, 1, 12, 632, '2024-05-10 12:56:29', '2024-05-20 10:08:06', '2024-05-20 10:08:06'),
	(756, 3, 3, NULL, 4, NULL, '2024-05-10 13:14:20', '2024-05-10 13:14:54', NULL),
	(757, 3, 37, 0, 1, 323, '2024-05-10 13:14:24', '2024-05-10 13:14:48', '2024-05-10 13:14:48'),
	(758, 3, 37, 0, 9, 323, '2024-05-10 13:14:24', '2024-05-10 13:14:50', '2024-05-10 13:14:50'),
	(759, 3, 37, 1, 0, 323, '2024-05-10 13:14:25', '2024-05-10 13:14:50', '2024-05-10 13:14:50'),
	(760, 3, 37, 1, 2, 323, '2024-05-10 13:14:25', '2024-05-10 13:14:51', '2024-05-10 13:14:51'),
	(761, 3, 33, 0, 1, 323, '2024-05-10 15:01:33', '2024-05-10 15:01:33', NULL),
	(762, 3, 33, 0, 2, 323, '2024-05-10 16:04:09', '2024-05-10 16:04:09', NULL),
	(763, 3, 33, 0, 3, 323, '2024-05-10 16:52:07', '2024-05-10 16:52:07', NULL),
	(764, 3, 9, 0, 10, 632, '2024-05-10 17:43:58', '2024-05-20 10:08:06', '2024-05-20 10:08:06'),
	(765, 3, 47, 2, 2, 632, '2024-05-10 17:44:01', '2024-05-20 10:08:06', '2024-05-20 10:08:06'),
	(766, 3, 14, 2, 7, 632, '2024-05-10 17:44:03', '2024-05-20 10:08:06', '2024-05-20 10:08:06'),
	(767, 14, 8, NULL, 11, NULL, '2024-05-10 18:30:10', '2024-05-10 18:30:10', NULL),
	(768, 14, 9, NULL, 12, NULL, '2024-05-10 18:30:10', '2024-05-10 18:30:10', NULL),
	(769, 14, 7, NULL, 5, NULL, '2024-05-10 18:30:10', '2024-05-10 18:30:10', NULL),
	(770, 3, 33, 1, 22, 323, '2024-05-10 19:43:07', '2024-05-22 10:30:36', NULL),
	(771, 14, 34, NULL, 13, NULL, '2024-05-11 07:35:30', '2024-05-11 07:36:03', '2024-05-11 07:36:03'),
	(772, 14, 35, NULL, 13, NULL, '2024-05-11 07:35:31', '2024-05-11 07:36:18', '2024-05-11 07:36:18'),
	(773, 14, 13, NULL, 10, NULL, '2024-05-11 07:35:39', '2024-05-11 08:22:05', NULL),
	(774, 14, 56, 0, 0, 773, '2024-05-11 07:35:50', '2024-05-11 07:35:50', NULL),
	(775, 14, 131, 0, 15, 767, '2024-05-11 08:08:19', '2024-05-11 08:09:02', '2024-05-11 08:09:02'),
	(776, 14, 131, 0, 7, 767, '2024-05-11 08:08:19', '2024-05-11 08:09:02', '2024-05-11 08:09:02'),
	(777, 14, 131, 1, 0, 767, '2024-05-11 08:08:19', '2024-05-11 08:09:02', '2024-05-11 08:09:02'),
	(778, 14, 131, 0, 17, 767, '2024-05-11 08:08:19', '2024-05-11 08:09:02', '2024-05-11 08:09:02'),
	(779, NULL, 131, NULL, 0, NULL, '2024-05-11 08:08:19', '2024-05-11 08:08:19', NULL),
	(780, 15, 8, NULL, 11, NULL, '2024-05-11 09:52:00', '2024-05-11 09:52:01', NULL),
	(781, 15, 9, NULL, 12, NULL, '2024-05-11 09:52:00', '2024-05-11 09:53:00', NULL),
	(782, 15, 7, NULL, 5, NULL, '2024-05-11 09:52:00', '2024-05-11 09:52:00', NULL),
	(783, 14, 34, NULL, 13, NULL, '2024-05-11 10:41:52', '2024-05-11 10:42:10', '2024-05-11 10:42:10'),
	(784, 14, 34, NULL, 13, NULL, '2024-05-11 10:41:53', '2024-05-11 11:41:37', '2024-05-11 11:41:37'),
	(785, 14, 35, NULL, 13, NULL, '2024-05-11 10:41:56', '2024-05-11 11:41:16', '2024-05-11 11:41:16'),
	(786, 14, 35, 0, 3, 767, '2024-05-11 10:41:57', '2024-05-11 10:41:57', NULL),
	(787, 14, 35, NULL, 13, NULL, '2024-05-11 10:41:57', '2024-05-11 10:42:59', '2024-05-11 10:42:59'),
	(788, 14, 35, 0, 8, 767, '2024-05-11 10:41:57', '2024-05-11 10:41:57', NULL),
	(789, 14, 35, NULL, 13, NULL, '2024-05-11 10:41:57', '2024-05-11 10:42:28', '2024-05-11 10:42:28'),
	(790, 14, 33, 0, 0, 769, '2024-05-11 11:11:43', '2024-05-11 11:11:57', NULL),
	(791, 14, 60, 4, 0, 773, '2024-05-11 11:28:02', '2024-05-11 11:47:39', '2024-05-11 11:47:39'),
	(792, 14, 59, 0, 18, 767, '2024-05-11 11:28:42', '2024-05-11 11:47:44', '2024-05-11 11:47:44'),
	(793, 14, 61, 4, 2, 773, '2024-05-11 11:30:17', '2024-05-11 11:47:38', '2024-05-11 11:47:38'),
	(794, 14, 59, 0, 19, 767, '2024-05-11 11:33:21', '2024-05-11 11:47:43', '2024-05-11 11:47:43'),
	(795, 14, 57, 0, 10, 767, '2024-05-11 11:34:01', '2024-05-11 11:47:45', '2024-05-11 11:47:45'),
	(796, 14, 60, 4, 30, 773, '2024-05-11 11:39:04', '2024-05-11 11:47:37', '2024-05-11 11:47:37'),
	(797, 14, 61, NULL, 13, NULL, '2024-05-11 11:40:12', '2024-05-11 11:48:07', '2024-05-11 11:48:07'),
	(798, 14, 59, 1, 13, 767, '2024-05-11 11:40:48', '2024-05-11 11:47:47', '2024-05-11 11:47:47'),
	(799, 14, 61, 2, 17, 773, '2024-05-11 11:41:49', '2024-05-11 11:47:34', '2024-05-11 11:47:34'),
	(800, 14, 126, NULL, 13, NULL, '2024-05-11 13:00:21', '2024-05-11 13:00:41', '2024-05-11 13:00:41'),
	(801, 14, 126, 0, 0, 767, '2024-05-11 13:00:23', '2024-05-11 13:00:23', NULL),
	(802, 14, 126, 0, 1, 767, '2024-05-11 13:00:23', '2024-05-11 13:00:23', NULL),
	(803, 14, 130, 0, 2, 767, '2024-05-11 13:00:25', '2024-05-11 13:00:25', NULL),
	(804, 14, 129, 0, 5, 767, '2024-05-11 13:00:26', '2024-05-11 13:00:26', NULL),
	(805, 14, 128, 0, 12, 767, '2024-05-11 13:00:26', '2024-05-11 13:00:26', NULL),
	(806, 14, 130, 0, 14, 767, '2024-05-11 13:00:27', '2024-05-11 13:00:27', NULL),
	(807, 14, 130, 0, 15, 767, '2024-05-11 13:00:28', '2024-05-11 13:00:28', NULL),
	(808, 14, 130, NULL, 13, NULL, '2024-05-11 13:00:28', '2024-05-11 13:00:56', '2024-05-11 13:00:56'),
	(809, 3, 33, 1, 23, 323, '2024-05-11 13:25:15', '2024-05-22 10:30:24', NULL),
	(810, 16, 8, NULL, 11, NULL, '2024-05-11 16:49:41', '2024-05-11 16:49:41', NULL),
	(811, 16, 7, NULL, 5, NULL, '2024-05-11 16:49:41', '2024-05-11 16:49:41', NULL),
	(812, 16, 9, NULL, 12, NULL, '2024-05-11 16:49:41', '2024-05-11 16:49:41', NULL),
	(813, 3, 33, 1, 13, 323, '2024-05-11 18:16:05', '2024-05-22 10:30:28', NULL),
	(814, 3, 7, NULL, 5, NULL, '2024-05-11 18:29:34', '2024-05-12 19:25:42', '2024-05-12 19:25:42'),
	(815, 3, 8, NULL, 11, NULL, '2024-05-11 18:29:43', '2024-05-12 19:25:43', '2024-05-12 19:25:43'),
	(816, 3, 9, NULL, 12, NULL, '2024-05-11 18:29:57', '2024-05-11 18:31:12', NULL),
	(817, 3, 33, 1, 21, 323, '2024-05-12 09:52:40', '2024-05-22 10:30:33', NULL),
	(818, 3, 8, 4, 12, 756, '2024-05-12 19:26:01', '2024-05-20 10:08:03', '2024-05-20 10:08:03'),
	(819, 3, 7, NULL, 5, NULL, '2024-05-12 19:26:04', '2024-05-12 19:27:36', NULL),
	(820, 3, 8, NULL, 11, NULL, '2024-05-12 19:26:06', '2024-05-12 19:27:33', NULL),
	(821, 3, 2, NULL, 3, NULL, '2024-05-12 19:26:08', '2024-05-14 20:22:06', NULL),
	(822, 3, 33, 1, 12, 323, '2024-05-12 19:32:35', '2024-05-22 10:30:26', NULL),
	(823, 3, 33, 0, 0, 323, '2024-05-12 19:32:50', '2024-05-12 19:32:50', NULL),
	(824, 3, 33, 0, 9, 323, '2024-05-12 19:32:56', '2024-05-12 19:32:56', NULL),
	(825, 3, 33, 0, 10, 323, '2024-05-12 19:33:30', '2024-05-12 19:33:30', NULL),
	(826, 3, 28, NULL, 13, NULL, '2024-05-14 20:33:36', '2024-05-20 10:08:31', '2024-05-20 10:08:31'),
	(827, 3, 3, 1, 4, 323, '2024-05-14 20:33:39', '2024-05-20 10:08:11', '2024-05-20 10:08:11'),
	(828, 13, 33, 0, 1, 655, '2024-05-15 15:38:52', '2024-05-15 15:42:58', NULL),
	(829, 3, 136, NULL, 13, NULL, '2024-05-20 10:08:46', '2024-05-29 20:33:26', '2024-05-29 20:33:26'),
	(830, 3, 135, 1, 0, 323, '2024-05-20 10:09:28', '2024-05-20 10:09:48', '2024-05-20 10:09:48'),
	(831, NULL, 135, NULL, 0, NULL, '2024-05-20 10:18:59', '2024-05-20 10:18:59', NULL),
	(832, 3, 135, 1, 0, 323, '2024-05-20 10:18:59', '2024-05-22 10:29:45', '2024-05-22 10:29:45'),
	(833, 3, 33, 1, 11, 323, '2024-05-20 14:27:17', '2024-05-22 10:30:20', NULL),
	(834, 3, 37, NULL, 13, NULL, '2024-05-20 14:34:02', '2024-05-20 14:34:21', '2024-05-20 14:34:21'),
	(835, 3, 37, 1, 2, 323, '2024-05-20 14:34:02', '2024-05-20 14:34:23', '2024-05-20 14:34:23'),
	(836, 3, 37, 1, 4, 323, '2024-05-20 14:34:03', '2024-05-20 14:34:22', '2024-05-20 14:34:22'),
	(837, 3, 37, 1, 6, 323, '2024-05-20 14:34:03', '2024-05-20 14:34:23', '2024-05-20 14:34:23'),
	(838, 3, 47, NULL, 13, NULL, '2024-05-20 14:34:07', '2024-05-22 10:27:31', '2024-05-22 10:27:31'),
	(839, 3, 11, NULL, 13, NULL, '2024-05-22 10:29:12', '2024-05-22 10:29:25', '2024-05-22 10:29:25'),
	(840, 3, 11, 1, 2, 323, '2024-05-22 10:29:12', '2024-05-22 10:29:34', '2024-05-22 10:29:34'),
	(841, 3, 11, 1, 3, 323, '2024-05-22 10:29:12', '2024-05-22 10:29:44', '2024-05-22 10:29:44'),
	(842, 3, 11, 1, 4, 323, '2024-05-22 10:29:13', '2024-05-22 10:29:35', '2024-05-22 10:29:35'),
	(843, 3, 11, 1, 5, 323, '2024-05-22 10:29:13', '2024-05-22 10:29:35', '2024-05-22 10:29:35'),
	(844, 3, 11, 1, 6, 323, '2024-05-22 10:29:13', '2024-05-22 10:29:36', '2024-05-22 10:29:36'),
	(845, 3, 11, 1, 7, 323, '2024-05-22 10:29:13', '2024-05-22 10:29:37', '2024-05-22 10:29:37'),
	(846, 3, 11, 1, 8, 323, '2024-05-22 10:29:13', '2024-05-22 10:29:38', '2024-05-22 10:29:38'),
	(847, 3, 11, 1, 9, 323, '2024-05-22 10:29:13', '2024-05-22 10:29:39', '2024-05-22 10:29:39'),
	(848, 3, 11, 1, 20, 323, '2024-05-22 10:29:14', '2024-05-22 10:29:46', '2024-05-22 10:29:46'),
	(849, 3, 11, 1, 24, 323, '2024-05-22 10:29:14', '2024-05-22 10:29:43', '2024-05-22 10:29:43'),
	(850, 3, 11, 1, 25, 323, '2024-05-22 10:29:14', '2024-05-22 10:29:43', '2024-05-22 10:29:43'),
	(851, 3, 11, 1, 26, 323, '2024-05-22 10:29:14', '2024-05-22 10:29:42', '2024-05-22 10:29:42'),
	(852, 3, 11, 1, 27, 323, '2024-05-22 10:29:14', '2024-05-22 10:29:41', '2024-05-22 10:29:41'),
	(853, 3, 11, 1, 28, 323, '2024-05-22 10:29:14', '2024-05-22 10:29:40', '2024-05-22 10:29:40'),
	(854, 3, 11, 1, 29, 323, '2024-05-22 10:29:15', '2024-05-22 10:29:40', '2024-05-22 10:29:40'),
	(855, 3, 11, 2, 0, 323, '2024-05-22 10:29:15', '2024-05-22 10:30:07', '2024-05-22 10:30:07'),
	(856, 3, 11, 2, 1, 323, '2024-05-22 10:29:15', '2024-05-22 10:30:08', '2024-05-22 10:30:08'),
	(857, 3, 11, 2, 2, 323, '2024-05-22 10:29:15', '2024-05-22 10:30:14', '2024-05-22 10:30:14'),
	(858, 3, 11, 2, 3, 323, '2024-05-22 10:29:15', '2024-05-22 10:30:08', '2024-05-22 10:30:08'),
	(859, 3, 11, 2, 4, 323, '2024-05-22 10:29:16', '2024-05-22 10:30:12', '2024-05-22 10:30:12'),
	(860, 3, 11, 2, 5, 323, '2024-05-22 10:29:16', '2024-05-22 10:29:47', '2024-05-22 10:29:47'),
	(861, 3, 11, 2, 6, 323, '2024-05-22 10:29:16', '2024-05-22 10:30:15', '2024-05-22 10:30:15'),
	(862, 3, 11, 2, 14, 323, '2024-05-22 10:29:16', '2024-05-22 10:30:06', '2024-05-22 10:30:06'),
	(863, 3, 11, 2, 15, 323, '2024-05-22 10:29:16', '2024-05-22 10:30:05', '2024-05-22 10:30:05'),
	(864, 3, 11, 2, 16, 323, '2024-05-22 10:29:16', '2024-05-22 10:29:56', '2024-05-22 10:29:56'),
	(865, 3, 11, 2, 17, 323, '2024-05-22 10:29:16', '2024-05-22 10:30:13', '2024-05-22 10:30:13'),
	(866, 3, 11, 2, 18, 323, '2024-05-22 10:29:17', '2024-05-22 10:30:12', '2024-05-22 10:30:12'),
	(867, 3, 11, 2, 19, 323, '2024-05-22 10:29:17', '2024-05-22 10:29:49', '2024-05-22 10:29:49'),
	(868, 3, 11, 2, 20, 323, '2024-05-22 10:29:17', '2024-05-22 10:29:47', '2024-05-22 10:29:47'),
	(869, 3, 11, 2, 28, 323, '2024-05-22 10:29:17', '2024-05-22 10:29:54', '2024-05-22 10:29:54'),
	(870, 3, 11, 2, 29, 323, '2024-05-22 10:29:17', '2024-05-22 10:29:56', '2024-05-22 10:29:56'),
	(871, 3, 11, 2, 30, 323, '2024-05-22 10:29:18', '2024-05-22 10:29:53', '2024-05-22 10:29:53'),
	(872, 3, 11, 2, 31, 323, '2024-05-22 10:29:18', '2024-05-22 10:29:52', '2024-05-22 10:29:52'),
	(873, 3, 11, 2, 32, 323, '2024-05-22 10:29:18', '2024-05-22 10:29:50', '2024-05-22 10:29:50'),
	(874, 3, 11, 2, 33, 323, '2024-05-22 10:29:18', '2024-05-22 10:29:51', '2024-05-22 10:29:51'),
	(875, 3, 11, 2, 34, 323, '2024-05-22 10:29:18', '2024-05-22 10:29:51', '2024-05-22 10:29:51'),
	(876, NULL, 135, NULL, 0, NULL, '2024-05-22 10:57:26', '2024-05-22 10:57:26', NULL),
	(877, 3, 135, 1, 4, 323, '2024-05-22 10:57:26', '2024-05-22 10:57:36', '2024-05-22 10:57:36'),
	(878, 3, 76, 0, 0, 756, '2024-05-22 10:58:04', '2024-05-31 07:08:51', '2024-05-31 07:08:51'),
	(879, 3, 131, 3, 2, 323, '2024-05-22 10:59:52', '2024-05-22 11:00:53', '2024-05-22 11:00:53'),
	(880, 3, 131, 1, 4, 323, '2024-05-22 10:59:52', '2024-05-22 11:00:53', '2024-05-22 11:00:53'),
	(881, NULL, 131, NULL, 0, NULL, '2024-05-22 10:59:52', '2024-05-22 10:59:52', NULL),
	(882, 3, 131, 1, 6, 323, '2024-05-22 10:59:52', '2024-05-22 11:00:53', '2024-05-22 11:00:53'),
	(883, 3, 131, 1, 8, 323, '2024-05-22 10:59:52', '2024-05-22 11:00:53', '2024-05-22 11:00:53'),
	(884, 3, 33, 1, 10, 323, '2024-05-22 11:02:22', '2024-05-31 07:09:05', NULL),
	(885, 3, 33, 1, 30, 323, '2024-05-22 17:08:25', '2024-05-31 07:09:03', NULL),
	(886, 3, 35, NULL, 13, NULL, '2024-05-22 17:12:27', '2024-05-29 20:26:52', '2024-05-29 20:26:52'),
	(887, 3, 56, NULL, 13, NULL, '2024-05-22 17:12:39', '2024-05-22 17:13:49', '2024-05-22 17:13:49'),
	(888, 3, 33, 1, 20, 323, '2024-05-26 09:34:03', '2024-05-31 07:09:01', NULL),
	(889, 17, 8, NULL, 11, NULL, '2024-05-27 15:54:02', '2024-05-27 16:19:32', '2024-05-27 16:19:32'),
	(890, 17, 9, 0, 3, 889, '2024-05-27 15:54:02', '2024-05-27 16:19:32', '2024-05-27 16:19:32'),
	(891, 17, 7, 0, 13, 889, '2024-05-27 15:54:02', '2024-05-27 16:11:06', '2024-05-27 16:11:06'),
	(892, 17, 7, 0, 10, 889, '2024-05-27 15:57:30', '2024-05-27 16:19:32', '2024-05-27 16:19:32'),
	(893, 3, 28, 6, 26, 756, '2024-05-27 16:10:35', '2024-05-31 07:08:55', '2024-05-31 07:08:55'),
	(894, 3, 28, 1, 3, 756, '2024-05-27 16:10:35', '2024-05-31 07:08:50', '2024-05-31 07:08:50'),
	(895, 3, 28, 1, 2, 323, '2024-05-27 16:10:36', '2024-05-27 16:10:36', NULL),
	(896, 3, 24, 1, 4, 323, '2024-05-27 16:10:37', '2024-05-31 07:08:48', '2024-05-31 07:08:48'),
	(897, 3, 45, 1, 4, 323, '2024-05-27 16:10:37', '2024-05-31 07:09:50', '2024-05-31 07:09:50'),
	(898, 3, 17, 1, 24, 323, '2024-05-27 16:10:41', '2024-05-31 07:08:32', '2024-05-31 07:08:32'),
	(899, 3, 19, 1, 27, 323, '2024-05-27 16:10:41', '2024-05-31 07:08:31', '2024-05-31 07:08:31'),
	(900, 3, 20, 2, 0, 323, '2024-05-27 16:10:42', '2024-05-31 07:08:35', '2024-05-31 07:08:35'),
	(901, 3, 22, NULL, 9, NULL, '2024-05-27 16:10:45', '2024-05-31 07:09:09', '2024-05-31 07:09:09'),
	(902, 3, 39, 2, 3, 323, '2024-05-27 16:10:48', '2024-05-31 07:08:42', '2024-05-31 07:08:42'),
	(903, 3, 39, 2, 5, 323, '2024-05-27 16:10:49', '2024-05-31 07:08:41', '2024-05-31 07:08:41'),
	(904, 3, 39, 2, 10, 323, '2024-05-27 16:10:49', '2024-05-31 07:08:43', '2024-05-31 07:08:43'),
	(905, 3, 39, 2, 12, 323, '2024-05-27 16:10:49', '2024-05-31 07:08:39', '2024-05-31 07:08:39'),
	(906, 3, 39, 2, 14, 323, '2024-05-27 16:10:49', '2024-05-31 07:08:37', '2024-05-31 07:08:37'),
	(907, 3, 38, 2, 16, 323, '2024-05-27 16:10:50', '2024-05-31 07:08:38', '2024-05-31 07:08:38'),
	(908, 3, 38, 2, 18, 323, '2024-05-27 16:10:50', '2024-05-31 07:08:38', '2024-05-31 07:08:38'),
	(909, 3, 40, 2, 21, 323, '2024-05-27 16:10:50', '2024-05-31 07:08:46', '2024-05-31 07:08:46'),
	(910, 3, 40, 2, 23, 323, '2024-05-27 16:10:50', '2024-05-31 07:08:45', '2024-05-31 07:08:45'),
	(911, 3, 40, 2, 25, 323, '2024-05-27 16:10:50', '2024-05-31 07:08:44', '2024-05-31 07:08:44'),
	(912, 3, 40, 2, 28, 323, '2024-05-27 16:10:50', '2024-05-31 07:08:47', '2024-05-31 07:08:47'),
	(913, 3, 8, 4, 22, 756, '2024-05-30 10:26:08', '2024-05-31 07:08:27', '2024-05-31 07:08:27'),
	(914, 3, 100, NULL, 13, NULL, '2024-05-31 07:09:23', '2024-05-31 08:01:55', '2024-05-31 08:01:55'),
	(915, 3, 39, 1, 0, 323, '2024-05-31 07:09:31', '2024-05-31 07:09:43', '2024-05-31 07:09:43'),
	(916, 3, 40, 1, 0, 323, '2024-05-31 07:09:54', '2024-05-31 07:10:05', '2024-05-31 07:10:05'),
	(917, 3, 40, 1, 4, 323, '2024-05-31 07:09:55', '2024-05-31 07:10:05', '2024-05-31 07:10:05'),
	(918, 3, 40, 1, 6, 323, '2024-05-31 07:09:55', '2024-05-31 07:10:06', '2024-05-31 07:10:06'),
	(919, 3, 40, 1, 8, 323, '2024-05-31 07:09:55', '2024-05-31 07:10:07', '2024-05-31 07:10:07'),
	(920, 3, 40, 1, 14, 323, '2024-05-31 07:09:55', '2024-05-31 07:10:07', '2024-05-31 07:10:07'),
	(921, 3, 40, 1, 16, 323, '2024-05-31 07:09:55', '2024-05-31 07:10:07', '2024-05-31 07:10:07'),
	(922, 3, 40, 1, 18, 323, '2024-05-31 07:09:55', '2024-05-31 07:10:08', '2024-05-31 07:10:08'),
	(923, 3, 16, 6, 22, 756, '2024-05-31 08:20:52', '2024-05-31 08:21:05', '2024-05-31 08:21:05'),
	(924, 3, 16, 6, 23, 756, '2024-05-31 08:20:54', '2024-05-31 08:21:04', '2024-05-31 08:21:04'),
	(925, 3, 39, NULL, 13, NULL, '2024-05-31 08:20:58', '2024-05-31 08:20:59', '2024-05-31 08:20:59'),
	(926, 3, 40, NULL, 13, NULL, '2024-05-31 08:21:00', '2024-05-31 08:21:01', '2024-05-31 08:21:01'),
	(927, 3, 16, NULL, 13, NULL, '2024-05-31 08:21:02', '2024-05-31 08:21:03', '2024-05-31 08:21:03'),
	(928, 3, 139, NULL, 13, NULL, '2024-05-31 08:21:06', '2024-05-31 08:21:14', '2024-05-31 08:21:14'),
	(929, 3, 133, NULL, 13, NULL, '2024-06-03 09:58:55', '2024-06-03 09:59:08', '2024-06-03 09:59:08'),
	(930, 3, 5, 4, 0, 756, '2024-06-03 10:52:57', '2024-06-03 10:54:24', NULL),
	(931, 3, 15, 1, 4, 323, '2024-06-03 10:54:19', '2024-06-03 10:54:36', '2024-06-03 10:54:36'),
	(932, 3, 126, NULL, 13, NULL, '2024-06-03 10:56:07', '2024-06-03 10:56:42', '2024-06-03 10:56:42'),
	(933, 3, 130, NULL, 13, NULL, '2024-06-03 10:56:10', '2024-06-03 10:56:53', '2024-06-03 10:56:53'),
	(934, 3, 128, 0, 0, 756, '2024-06-03 10:56:12', '2024-06-03 10:56:45', NULL),
	(935, 18, 8, 0, 5, 937, '2024-06-11 12:17:23', '2024-06-17 20:47:22', '2024-06-17 20:47:22'),
	(936, 18, 9, 0, 0, 937, '2024-06-11 12:17:23', '2024-06-17 20:47:22', '2024-06-17 20:47:22'),
	(937, 18, 7, 0, 0, 957, '2024-06-11 12:17:23', '2024-06-17 20:47:22', '2024-06-17 20:47:22'),
	(938, 1, 28, 0, 13, 174, '2024-06-11 12:42:15', '2024-06-11 12:44:13', NULL),
	(939, 1, 45, 0, 10, 174, '2024-06-11 12:42:16', '2024-06-11 20:18:01', NULL),
	(940, 1, 33, 0, 4, 174, '2024-06-12 10:28:53', '2024-06-13 20:38:49', '2024-06-13 20:38:49'),
	(941, 18, 10, NULL, 7, NULL, '2024-06-12 14:38:39', '2024-06-25 09:04:15', NULL),
	(942, 18, 1, NULL, 0, NULL, '2024-06-12 14:38:45', '2024-06-19 16:44:11', NULL),
	(943, 18, 11, NULL, 6, NULL, '2024-06-12 14:38:49', '2024-06-25 09:04:13', NULL),
	(944, 18, 6, NULL, 13, NULL, '2024-06-12 14:39:02', '2024-06-17 20:50:03', '2024-06-17 20:50:03'),
	(945, 18, 7, 0, 0, 935, '2024-06-12 14:39:13', '2024-06-17 20:47:22', '2024-06-17 20:47:22'),
	(946, 18, 8, NULL, 11, NULL, '2024-06-12 14:39:23', '2024-06-19 16:44:02', NULL),
	(947, 18, 9, NULL, 12, NULL, '2024-06-12 14:39:27', '2024-06-19 16:44:09', NULL),
	(948, 18, 33, 0, 3, 937, '2024-06-12 15:09:21', '2024-06-17 20:47:22', '2024-06-17 20:47:22'),
	(949, 18, 33, 0, 2, 937, '2024-06-12 15:10:13', '2024-06-17 20:47:22', '2024-06-17 20:47:22'),
	(950, 1, 33, 0, 7, 174, '2024-06-13 20:29:00', '2024-06-13 20:29:24', NULL),
	(951, 1, 33, 0, 4, 174, '2024-06-13 20:38:49', '2024-06-13 21:17:58', NULL),
	(952, 18, 33, 0, 4, 937, '2024-06-14 18:09:23', '2024-06-17 20:47:22', '2024-06-17 20:47:22'),
	(953, 18, 33, 0, 7, 937, '2024-06-14 18:25:37', '2024-06-17 20:47:22', '2024-06-17 20:47:22'),
	(954, 18, 14, NULL, 13, NULL, '2024-06-15 19:23:55', '2024-06-17 20:49:51', '2024-06-17 20:49:51'),
	(955, 18, 33, 0, 8, 937, '2024-06-15 22:47:10', '2024-06-17 20:47:22', '2024-06-17 20:47:22'),
	(956, 18, 33, 0, 9, 937, '2024-06-16 13:31:46', '2024-06-17 20:47:22', '2024-06-17 20:47:22'),
	(957, 18, 13, NULL, 10, NULL, '2024-06-17 20:17:29', '2024-06-19 16:43:25', NULL),
	(958, 18, 7, 0, 0, 957, '2024-06-17 20:46:56', '2024-06-17 20:52:19', NULL),
	(959, 18, 8, 0, 12, 937, '2024-06-17 20:47:02', '2024-06-17 20:47:22', '2024-06-17 20:47:22'),
	(960, 18, 14, NULL, 2, NULL, '2024-06-17 20:49:33', '2024-06-19 16:43:58', NULL),
	(961, 18, 7, NULL, 5, NULL, '2024-06-17 20:52:03', '2024-06-19 16:43:59', NULL),
	(962, 18, 24, 2, 18, 957, '2024-06-19 16:42:24', '2024-06-19 16:44:13', NULL),
	(963, 18, 28, 1, 20, 957, '2024-06-19 16:42:25', '2024-06-25 09:04:18', NULL),
	(964, 18, 93, NULL, 9, NULL, '2024-06-19 16:43:11', '2024-06-25 09:04:28', '2024-06-25 09:04:28'),
	(965, 18, 37, 0, 6, 957, '2024-06-19 16:43:34', '2024-06-25 09:17:07', '2024-06-25 09:17:07'),
	(966, 18, 37, 0, 10, 957, '2024-06-19 16:43:34', '2024-06-25 09:17:08', '2024-06-25 09:17:08'),
	(967, 18, 37, 0, 12, 957, '2024-06-19 16:43:34', '2024-06-25 09:17:10', '2024-06-25 09:17:10'),
	(968, 18, 37, 0, 14, 957, '2024-06-19 16:43:34', '2024-06-25 09:17:12', '2024-06-25 09:17:12'),
	(969, 18, 37, 0, 10, 961, '2024-06-19 16:43:34', '2024-06-25 09:03:32', NULL),
	(970, 18, 37, 0, 1, 961, '2024-06-19 16:43:35', '2024-06-25 09:03:54', NULL),
	(971, 18, 37, 1, 4, 957, '2024-06-19 16:43:35', '2024-06-25 09:17:13', '2024-06-25 09:17:13'),
	(972, 18, 37, 1, 6, 957, '2024-06-19 16:43:35', '2024-06-25 09:17:16', '2024-06-25 09:17:16'),
	(973, 18, 37, 1, 8, 957, '2024-06-19 16:43:36', '2024-06-25 09:17:17', '2024-06-25 09:17:17'),
	(974, 18, 38, 0, 7, 961, '2024-06-19 16:43:38', '2024-06-19 16:44:34', '2024-06-19 16:44:34'),
	(975, 18, 40, 0, 3, 961, '2024-06-19 16:43:39', '2024-06-25 09:15:05', '2024-06-25 09:15:05'),
	(976, 18, 39, NULL, 13, NULL, '2024-06-19 16:43:41', '2024-06-25 09:04:27', '2024-06-25 09:04:27'),
	(977, 18, 33, 0, 0, 961, '2024-06-20 16:09:56', '2024-06-20 16:10:21', NULL),
	(978, 18, 99, NULL, 13, NULL, '2024-06-25 09:14:56', '2024-06-25 09:59:32', '2024-06-25 09:59:32'),
	(979, 18, 40, 0, 5, 961, '2024-06-25 09:14:59', '2024-06-25 09:15:42', '2024-06-25 09:15:42'),
	(980, 18, 40, 0, 3, 961, '2024-06-25 09:15:15', '2024-06-25 09:16:12', '2024-06-25 09:16:12'),
	(981, 18, 39, 0, 7, 961, '2024-06-25 09:15:17', '2024-06-25 09:15:17', NULL),
	(982, 18, 39, 0, 12, 961, '2024-06-25 09:15:17', '2024-06-25 09:15:17', NULL),
	(983, 18, 39, 0, 15, 961, '2024-06-25 09:15:17', '2024-06-25 09:15:17', NULL),
	(984, 18, 40, 0, 17, 961, '2024-06-25 09:15:25', '2024-06-25 09:24:18', '2024-06-25 09:24:18'),
	(985, 18, 40, 0, 20, 961, '2024-06-25 09:15:25', '2024-06-25 09:24:41', '2024-06-25 09:24:41'),
	(986, 18, 40, 0, 22, 961, '2024-06-25 09:15:25', '2024-06-25 09:28:05', '2024-06-25 09:28:05'),
	(987, 18, 40, 1, 0, 961, '2024-06-25 09:15:25', '2024-06-25 09:59:29', '2024-06-25 09:59:29'),
	(988, 18, 40, 1, 2, 961, '2024-06-25 09:15:25', '2024-06-25 09:15:25', NULL),
	(989, 18, 40, 1, 5, 961, '2024-06-25 09:15:25', '2024-06-25 09:15:25', NULL),
	(990, 18, 40, 1, 7, 961, '2024-06-25 09:15:25', '2024-06-25 09:15:25', NULL),
	(991, 18, 40, 1, 10, 961, '2024-06-25 09:15:26', '2024-06-25 09:15:26', NULL),
	(992, 18, 40, 1, 12, 961, '2024-06-25 09:15:26', '2024-06-25 09:15:26', NULL),
	(993, 18, 33, 0, 3, 961, '2024-06-25 10:09:27', '2024-06-25 10:10:08', NULL),
	(994, NULL, 8, NULL, 11, NULL, '2025-03-15 14:28:29', '2025-03-15 14:44:11', '2025-03-15 14:44:11'),
	(995, NULL, 7, NULL, 5, NULL, '2025-03-15 14:28:29', '2025-03-15 14:44:10', '2025-03-15 14:44:10'),
	(996, NULL, 9, NULL, 12, NULL, '2025-03-15 14:28:29', '2025-03-15 14:44:12', '2025-03-15 14:44:12'),
	(997, NULL, 35, NULL, 13, NULL, '2025-04-25 15:16:38', '2025-04-25 15:17:02', '2025-04-25 15:17:02'),
	(998, NULL, 13, NULL, 10, NULL, '2025-04-25 15:16:48', '2025-04-25 15:16:48', NULL),
	(999, NULL, 55, 0, 0, 998, '2025-04-25 15:16:50', '2025-04-25 15:17:21', NULL),
	(1000, NULL, 54, 1, 21, 998, '2025-04-25 15:16:50', '2025-04-25 15:17:16', NULL),
	(1001, NULL, 56, 1, 3, 998, '2025-04-25 15:16:51', '2025-04-25 15:17:13', NULL);

-- Дамп структуры для таблица chaos_db.characterinventoryparams
CREATE TABLE IF NOT EXISTS `characterinventoryparams` (
  `id` int(11) NOT NULL AUTO_INCREMENT,
  `key` varchar(255) NOT NULL,
  `value` text NOT NULL,
  `itemId` int(11) NOT NULL,
  PRIMARY KEY (`id`),
  KEY `itemId` (`itemId`),
  CONSTRAINT `characterinventoryparams_ibfk_1` FOREIGN KEY (`itemId`) REFERENCES `characterinventories` (`id`) ON DELETE CASCADE ON UPDATE CASCADE
) ENGINE=InnoDB AUTO_INCREMENT=2289 DEFAULT CHARSET=utf8 COLLATE=utf8_general_ci;

-- Дамп данных таблицы chaos_db.characterinventoryparams: ~2 259 rows (приблизительно)
INSERT INTO `characterinventoryparams` (`id`, `key`, `value`, `itemId`) VALUES
	(1, 'sex', '1', 1),
	(2, 'variation', '5', 1),
	(3, 'texture', '0', 1),
	(4, 'pockets', '[5,5,5,5]', 1),
	(5, 'name', 'Брюки', 1),
	(6, 'clime', '[10,30]', 1),
	(7, 'texture', '2', 2),
	(8, 'variation', '9', 2),
	(9, 'name', 'Кроссовки', 2),
	(10, 'sex', '1', 2),
	(11, 'clime', '[10,30]', 2),
	(12, 'name', 'Футболка', 3),
	(13, 'clime', '[10,30]', 3),
	(14, 'pockets', '[5,5,5,5]', 3),
	(15, 'undershirt', '15', 3),
	(16, 'torso', '0', 3),
	(17, 'texture', '0', 3),
	(18, 'sex', '1', 3),
	(19, 'uTexture', '0', 3),
	(20, 'tTexture', '0', 3),
	(21, 'variation', '1', 3),
	(22, 'owner', '1', 4),
	(23, 'vehId', '327', 4),
	(24, 'vehName', 'Bugatti Veyron', 4),
	(25, 'name', 'Мохито', 5),
	(26, 'alcohol', '30', 5),
	(27, 'health', '95', 6),
	(28, 'variation', '56', 7),
	(29, 'texture', '0', 7),
	(30, 'undershirt', '59', 7),
	(31, 'torso', '0', 7),
	(32, 'sex', '1', 7),
	(33, 'uTexture', '1', 7),
	(34, 'pockets', '[5,5,5,5,10,5]', 7),
	(35, 'name', 'Жилетка камещика', 7),
	(36, 'rockDamage', '10', 7),
	(37, 'clime', '[-5,30]', 7),
	(38, 'texture', '2', 8),
	(39, 'sex', '1', 8),
	(40, 'name', 'Штаны каменщика', 8),
	(41, 'clime', '[-5,30]', 8),
	(42, 'rockDamage', '10', 8),
	(43, 'variation', '31', 8),
	(44, 'pockets', '[5,5,5,5,10,5]', 8),
	(45, 'variation', '24', 9),
	(46, 'texture', '0', 9),
	(47, 'sex', '1', 9),
	(48, 'clime', '[-5,30]', 9),
	(49, 'name', 'Ботинки каменщика', 9),
	(50, 'rockDamage', '10', 9),
	(51, 'variation', '56', 10),
	(52, 'texture', '0', 10),
	(53, 'torso', '0', 10),
	(54, 'undershirt', '59', 10),
	(55, 'name', 'Жилетка камещика', 10),
	(56, 'sex', '1', 10),
	(57, 'clime', '[-5,30]', 10),
	(58, 'uTexture', '1', 10),
	(59, 'rockDamage', '10', 10),
	(60, 'pockets', '[5,5,5,5,10,5]', 10),
	(61, 'variation', '34', 13),
	(62, 'uTexture', '0', 13),
	(63, 'sex', '1', 13),
	(64, 'tTexture', '0', 13),
	(65, 'undershirt', '15', 13),
	(66, 'clime', '[10,30]', 13),
	(67, 'pockets', '[5,5,5,5]', 13),
	(68, 'name', 'Футболка', 13),
	(69, 'torso', '0', 13),
	(70, 'texture', '0', 13),
	(71, 'name', 'Брюки', 11),
	(72, 'variation', '9', 12),
	(73, 'texture', '2', 12),
	(74, 'sex', '1', 11),
	(75, 'name', 'Кроссовки', 12),
	(76, 'clime', '[10,30]', 11),
	(77, 'pockets', '[5,5,5,5]', 11),
	(78, 'texture', '6', 11),
	(79, 'sex', '1', 12),
	(80, 'clime', '[10,30]', 12),
	(81, 'variation', '1', 11),
	(82, 'sex', '1', 15),
	(83, 'variation', '1', 15),
	(84, 'name', 'Кроссовки', 15),
	(85, 'texture', '2', 15),
	(86, 'sex', '1', 16),
	(87, 'variation', '1', 16),
	(88, 'texture', '0', 16),
	(89, 'clime', '[10,30]', 15),
	(90, 'tTexture', '0', 16),
	(91, 'undershirt', '15', 16),
	(92, 'torso', '0', 16),
	(93, 'uTexture', '0', 16),
	(94, 'pockets', '[5,5,5,5]', 16),
	(95, 'variation', '1', 14),
	(96, 'name', 'Футболка', 16),
	(97, 'texture', '5', 14),
	(98, 'clime', '[10,30]', 14),
	(99, 'name', 'Брюки', 14),
	(100, 'clime', '[10,30]', 16),
	(101, 'sex', '1', 14),
	(102, 'pockets', '[5,5,5,5]', 14),
	(103, 'sex', '0', 19),
	(104, 'variation', '16', 19),
	(105, 'texture', '2', 19),
	(106, 'torso', '15', 19),
	(107, 'tTexture', '0', 19),
	(108, 'undershirt', '3', 19),
	(109, 'pockets', '[5,5,5,5]', 19),
	(110, 'name', 'Футболка', 19),
	(111, 'uTexture', '0', 19),
	(112, 'sex', '0', 17),
	(113, 'pockets', '[5,5,5,5]', 17),
	(114, 'variation', '0', 17),
	(115, 'texture', '0', 17),
	(116, 'clime', '[10,30]', 19),
	(117, 'sex', '0', 18),
	(118, 'name', 'Брюки', 17),
	(119, 'clime', '[10,30]', 17),
	(120, 'clime', '[10,30]', 18),
	(121, 'texture', '7', 18),
	(122, 'name', 'Кроссовки', 18),
	(123, 'variation', '1', 18),
	(124, 'thirst', '100', 20),
	(125, 'thirst', '100', 21),
	(126, 'satiety', '20', 22),
	(127, 'thirst', '-5', 22),
	(128, 'thirst', '-5', 23),
	(129, 'satiety', '20', 23),
	(130, 'satiety', '20', 24),
	(131, 'thirst', '-5', 24),
	(132, 'satiety', '20', 25),
	(133, 'thirst', '-5', 25),
	(134, 'count', '20', 26),
	(135, 'name', 'Redwood', 26),
	(136, 'count', '20', 27),
	(137, 'name', 'Redwood', 27),
	(138, 'count', '20', 28),
	(139, 'name', 'Redwood', 28),
	(140, 'count', '20', 29),
	(141, 'name', 'Redwood', 29),
	(142, 'sex', '1', 30),
	(143, 'pockets', '[4,4,10,4,7,7,7,7,14,10]', 30),
	(144, 'texture', '0', 30),
	(145, 'variation', '45', 30),
	(146, 'count', '1', 31),
	(147, 'count', '1', 32),
	(148, 'owner', '3', 33),
	(149, 'vehId', '328', 33),
	(150, 'vehName', 'Subaru Impreza STI', 33),
	(151, 'sex', '1', 34),
	(152, 'texture', '0', 34),
	(153, 'variation', '3', 34),
	(154, 'name', 'Часы', 34),
	(155, 'sex', '1', 35),
	(156, 'texture', '0', 35),
	(157, 'name', 'Часы', 35),
	(158, 'variation', '3', 35),
	(159, 'variation', '39', 36),
	(160, 'texture', '0', 36),
	(161, 'name', 'Аксессуар', 36),
	(162, 'sex', '1', 36),
	(163, 'sex', '1', 37),
	(164, 'variation', '7', 37),
	(165, 'texture', '0', 37),
	(166, 'name', 'Шмотка 8', 37),
	(167, 'torso', '14', 37),
	(168, 'undershirt', '3', 37),
	(169, 'uTexture', '0', 37),
	(170, 'clime', '[-10,25]', 37),
	(171, 'pockets', '[5,5,5,5]', 37),
	(172, 'sex', '1', 38),
	(173, 'name', 'Шмотка 44', 38),
	(174, 'clime', '[-15,30]', 38),
	(175, 'pockets', '[5,5,5,5]', 38),
	(176, 'variation', '43', 38),
	(177, 'texture', '0', 38),
	(178, 'variation', '1', 39),
	(179, 'texture', '0', 39),
	(180, 'name', 'Шмотка 2', 39),
	(181, 'clime', '[-20,30]', 39),
	(182, 'sex', '1', 39),
	(183, 'vehId', '329', 40),
	(184, 'owner', '3', 40),
	(185, 'vehName', 'URUS New', 40),
	(186, 'owner', '3', 41),
	(187, 'vehId', '330', 41),
	(188, 'vehName', 'M8 New', 41),
	(189, 'vehId', '331', 42),
	(190, 'owner', '3', 42),
	(191, 'vehName', 'GT63 New', 42),
	(192, 'count', '20', 43),
	(193, 'name', 'Redwood', 43),
	(194, 'count', '20', 45),
	(195, 'name', 'Redwood', 45),
	(196, 'name', 'Redwood', 46),
	(197, 'count', '20', 46),
	(198, 'count', '20', 47),
	(199, 'name', 'Redwood', 47),
	(200, 'owner', '3', 48),
	(201, 'vehId', '332', 48),
	(202, 'vehName', 'G63 New', 48),
	(203, 'owner', '3', 49),
	(204, 'vehId', '333', 49),
	(205, 'vehName', 'X6M New', 49),
	(206, 'owner', '3', 50),
	(207, 'vehId', '332', 50),
	(208, 'vehName', 'G63 New', 50),
	(209, 'sex', '1', 51),
	(210, 'variation', '5', 51),
	(211, 'texture', '0', 51),
	(212, 'name', 'Часы', 51),
	(213, 'sex', '1', 52),
	(214, 'variation', '134', 52),
	(215, 'name', 'Шмотка 135', 52),
	(216, 'texture', '0', 52),
	(217, 'torso', '0', 52),
	(218, 'undershirt', '57', 52),
	(219, 'clime', '[5,30]', 52),
	(220, 'uTexture', '0', 52),
	(221, 'pockets', '[5,5,5,5]', 52),
	(222, 'health', '78', 53),
	(223, 'name', 'Кета', 54),
	(224, 'weight', '13.8', 54),
	(225, 'weight', '0.2', 55),
	(226, 'name', 'Калифорнийская плотва', 55),
	(227, 'weight', '12.6', 56),
	(228, 'name', 'Кета', 56),
	(229, 'weight', '2.1', 57),
	(230, 'name', 'Горный сиг', 57),
	(231, 'weight', '6.1', 58),
	(232, 'name', 'Чавыча', 58),
	(233, 'weight', '7.9', 59),
	(234, 'name', 'Чавыча', 59),
	(235, 'weight', '8.3', 60),
	(236, 'name', 'Звездчатая камбала', 60),
	(237, 'weight', '1.4', 61),
	(238, 'name', 'Голубой голавль', 61),
	(239, 'weight', '1.1', 62),
	(240, 'name', 'Горный сиг', 62),
	(241, 'weight', '8.0', 63),
	(242, 'name', 'Чавыча', 63),
	(243, 'weight', '2.8', 64),
	(244, 'name', 'Голубой голавль', 64),
	(245, 'weight', '0.4', 65),
	(246, 'name', 'Калифорнийская плотва', 65),
	(247, 'weight', '6.2', 66),
	(248, 'name', 'Звездчатая камбала', 66),
	(249, 'weight', '2.6', 67),
	(250, 'name', 'Горный сиг', 67),
	(251, 'weight', '1.3', 68),
	(252, 'name', 'Горбуша', 68),
	(253, 'weight', '17.7', 69),
	(254, 'name', 'Чавыча', 69),
	(255, 'health', '88', 70),
	(256, 'name', 'Рифленая рыба', 71),
	(257, 'weight', '6.3', 71),
	(258, 'weight', '14.0', 72),
	(259, 'name', 'Кета', 72),
	(260, 'weight', '15.5', 73),
	(261, 'name', 'Чавыча', 73),
	(262, 'weight', '11.9', 74),
	(263, 'name', 'Осетр', 74),
	(264, 'weight', '10.0', 75),
	(265, 'name', 'Кета', 75),
	(266, 'weight', '10.2', 76),
	(267, 'name', 'Кета', 76),
	(268, 'weight', '2.8', 77),
	(269, 'name', 'Горный сиг', 77),
	(270, 'owner', '3', 78),
	(271, 'vehId', '334', 78),
	(272, 'vehName', 'GT63 New', 78),
	(273, 'thirst', '100', 79),
	(274, 'thirst', '100', 80),
	(275, 'satiety', '20', 81),
	(276, 'thirst', '-5', 81),
	(277, 'satiety', '20', 82),
	(278, 'thirst', '-5', 82),
	(279, 'thirst', '-5', 83),
	(280, 'satiety', '20', 83),
	(281, 'satiety', '20', 84),
	(282, 'thirst', '-5', 84),
	(283, 'name', 'Белый туман', 85),
	(284, 'alcohol', '30', 85),
	(285, 'name', 'Кровавая мэри', 86),
	(286, 'alcohol', '35', 86),
	(287, 'satiety', '60', 87),
	(288, 'thirst', '-10', 87),
	(289, 'thirst', '-10', 88),
	(290, 'satiety', '60', 88),
	(291, 'satiety', '60', 89),
	(292, 'thirst', '-10', 89),
	(293, 'thirst', '100', 90),
	(294, 'thirst', '-5', 91),
	(295, 'satiety', '20', 91),
	(296, 'sex', '1', 94),
	(297, 'variation', '5', 94),
	(298, 'texture', '2', 94),
	(299, 'torso', '5', 94),
	(300, 'tTexture', '0', 94),
	(301, 'uTexture', '0', 94),
	(302, 'undershirt', '15', 94),
	(303, 'pockets', '[5,5,5,5]', 94),
	(304, 'sex', '1', 93),
	(305, 'clime', '[10,30]', 94),
	(306, 'pockets', '[5,5,5,5]', 93),
	(307, 'name', 'Футболка', 94),
	(308, 'variation', '15', 93),
	(309, 'sex', '1', 92),
	(310, 'texture', '3', 93),
	(311, 'name', 'Шорты', 93),
	(312, 'clime', '[10,30]', 93),
	(313, 'variation', '9', 92),
	(314, 'texture', '2', 92),
	(315, 'clime', '[10,30]', 92),
	(316, 'name', 'Кроссовки', 92),
	(317, 'satiety', '20', 95),
	(318, 'thirst', '-5', 95),
	(319, 'thirst', '100', 96),
	(320, 'satiety', '20', 97),
	(321, 'thirst', '-5', 97),
	(322, 'thirst', '100', 98),
	(323, 'satiety', '20', 99),
	(324, 'thirst', '-5', 99),
	(325, 'thirst', '100', 100),
	(326, 'satiety', '20', 101),
	(327, 'thirst', '-5', 101),
	(328, 'thirst', '100', 102),
	(329, 'satiety', '20', 103),
	(330, 'thirst', '-5', 103),
	(331, 'thirst', '100', 104),
	(332, 'satiety', '20', 105),
	(333, 'thirst', '-5', 105),
	(334, 'satiety', '20', 106),
	(335, 'thirst', '-5', 106),
	(336, 'thirst', '100', 107),
	(337, 'satiety', '20', 108),
	(338, 'thirst', '-5', 108),
	(339, 'texture', '1', 110),
	(340, 'variation', '12', 110),
	(341, 'health', '100', 110),
	(342, 'pockets', '[3,3,3,3,3,3,3,3,10,5,3,5,10,3,3,3]', 110),
	(343, 'sex', '1', 110),
	(344, 'texture', '0', 111),
	(345, 'clime', '[-10,15]', 111),
	(346, 'variation', '46', 111),
	(347, 'sex', '1', 111),
	(348, 'sex', '1', 112),
	(349, 'torso', '0', 112),
	(350, 'variation', '55', 112),
	(351, 'texture', '0', 112),
	(352, 'texture', '0', 114),
	(353, 'clime', '[-10,15]', 112),
	(354, 'pockets', '[5,5,5,5,10,5]', 112),
	(355, 'undershirt', '58', 112),
	(356, 'name', 'Рубашка LSPD', 112),
	(357, 'sex', '1', 113),
	(358, 'variation', '25', 113),
	(359, 'texture', '2', 113),
	(360, 'pockets', '[5,5,5,5,10,5]', 113),
	(361, 'clime', '[-10,15]', 113),
	(362, 'clime', '[-10,15]', 114),
	(363, 'name', 'Ботинки LSPD', 114),
	(364, 'name', 'Брюки LSPD', 113),
	(365, 'sex', '1', 114),
	(366, 'variation', '25', 114),
	(367, 'texture', '2', 115),
	(368, 'clime', '[-10,15]', 115),
	(369, 'sex', '1', 115),
	(370, 'variation', '58', 115),
	(371, 'sex', '1', 116),
	(372, 'torso', '0', 116),
	(373, 'variation', '242', 116),
	(374, 'texture', '4', 116),
	(375, 'texture', '0', 118),
	(376, 'clime', '[-10,15]', 118),
	(377, 'undershirt', '122', 116),
	(378, 'pockets', '[5,5,5,5,10,5]', 116),
	(379, 'clime', '[-10,15]', 116),
	(380, 'name', 'Рубашка LSPD', 116),
	(381, 'sex', '1', 117),
	(382, 'variation', '25', 117),
	(383, 'texture', '2', 117),
	(384, 'pockets', '[5,5,5,5,10,5]', 117),
	(385, 'clime', '[-10,15]', 117),
	(386, 'name', 'Брюки LSPD', 117),
	(387, 'sex', '1', 118),
	(388, 'variation', '25', 118),
	(389, 'name', 'Ботинки LSPD', 118),
	(390, 'texture', '0', 119),
	(391, 'clime', '[-10,15]', 119),
	(392, 'sex', '1', 119),
	(393, 'variation', '46', 119),
	(394, 'sex', '1', 120),
	(395, 'torso', '0', 120),
	(396, 'variation', '55', 120),
	(397, 'texture', '0', 120),
	(398, 'texture', '0', 122),
	(399, 'clime', '[-10,15]', 122),
	(400, 'undershirt', '130', 120),
	(401, 'pockets', '[5,5,5,5,10,5]', 120),
	(402, 'clime', '[-10,15]', 120),
	(403, 'name', 'Рубашка LSPD', 120),
	(404, 'sex', '1', 121),
	(405, 'variation', '48', 121),
	(406, 'texture', '0', 121),
	(407, 'pockets', '[5,5,5,5,10,5]', 121),
	(408, 'clime', '[-10,15]', 121),
	(409, 'name', 'Брюки LSPD', 121),
	(410, 'name', 'Ботинки LSPD', 122),
	(411, 'sex', '1', 122),
	(412, 'variation', '25', 122),
	(413, 'variation', '53', 124),
	(414, 'texture', '0', 124),
	(415, 'sex', '1', 124),
	(416, 'torso', '17', 124),
	(417, 'undershirt', '130', 124),
	(418, 'pockets', '[5,5,5,5,10,5]', 124),
	(419, 'sex', '1', 123),
	(420, 'variation', '39', 123),
	(421, 'clime', '[-10,15]', 124),
	(422, 'name', 'Рубашка LSPD', 124),
	(423, 'name', 'Ботинки LSPD', 126),
	(424, 'sex', '1', 127),
	(425, 'texture', '0', 123),
	(426, 'clime', '[-10,15]', 123),
	(427, 'sex', '1', 125),
	(428, 'variation', '33', 125),
	(429, 'texture', '0', 125),
	(430, 'pockets', '[5,5,5,5,10,5]', 125),
	(431, 'clime', '[-10,15]', 125),
	(432, 'name', 'Брюки LSPD', 125),
	(433, 'sex', '1', 126),
	(434, 'variation', '25', 126),
	(435, 'texture', '0', 126),
	(436, 'variation', '122', 127),
	(437, 'texture', '0', 127),
	(438, 'clime', '[-10,15]', 126),
	(439, 'sex', '1', 128),
	(440, 'variation', '15', 128),
	(441, 'texture', '9', 128),
	(442, 'variation', '12', 129),
	(443, 'texture', '1', 129),
	(444, 'health', '100', 129),
	(445, 'pockets', '[3,3,3,3,3,3,3,3,10,5,3,5,10,3,3,3]', 129),
	(446, 'sex', '1', 129),
	(447, 'count', '2', 131),
	(448, 'weaponHash', '2343591895', 133),
	(449, 'ammo', '0', 133),
	(450, 'ammo', '0', 134),
	(451, 'weaponHash', '1737195953', 134),
	(452, 'weaponHash', '911657153', 135),
	(453, 'weaponHash', '1593441988', 136),
	(454, 'ammo', '0', 136),
	(455, 'weaponHash', '736523883', 137),
	(456, 'ammo', '0', 137),
	(457, 'weaponHash', '487013001', 138),
	(458, 'ammo', '0', 138),
	(459, 'count', '12', 139),
	(460, 'count', '12', 140),
	(461, 'count', '12', 141),
	(462, 'count', '12', 142),
	(463, 'count', '12', 143),
	(464, 'count', '8', 144),
	(465, 'count', '8', 145),
	(466, 'count', '8', 146),
	(467, 'count', '8', 147),
	(468, 'count', '8', 148),
	(469, 'count', '12', 149),
	(470, 'count', '12', 150),
	(471, 'count', '12', 151),
	(472, 'count', '12', 152),
	(473, 'count', '10', 153),
	(474, 'count', '10', 154),
	(475, 'count', '10', 155),
	(476, 'count', '10', 156),
	(477, 'count', '10', 157),
	(478, 'count', '10', 158),
	(479, 'count', '10', 159),
	(480, 'count', '10', 160),
	(481, 'count', '12', 161),
	(482, 'count', '12', 162),
	(483, 'count', '8', 163),
	(484, 'count', '12', 164),
	(485, 'count', '8', 165),
	(486, 'count', '10', 166),
	(487, 'health', '90', 167),
	(488, 'texture', '5', 170),
	(489, 'sex', '1', 170),
	(490, 'variation', '1', 170),
	(491, 'pockets', '[5,5,5,5]', 170),
	(492, 'variation', '1', 171),
	(493, 'clime', '[10,30]', 170),
	(494, 'sex', '1', 171),
	(495, 'texture', '2', 171),
	(496, 'sex', '1', 172),
	(497, 'name', 'Кроссовки', 171),
	(498, 'variation', '1', 172),
	(499, 'texture', '0', 172),
	(500, 'name', 'Брюки', 170),
	(501, 'pockets', '[5,5,5,5]', 172),
	(502, 'uTexture', '0', 172),
	(503, 'name', 'Футболка', 172),
	(504, 'clime', '[10,30]', 172),
	(505, 'torso', '0', 172),
	(506, 'undershirt', '15', 172),
	(507, 'tTexture', '0', 172),
	(508, 'clime', '[10,30]', 171),
	(509, 'sex', '1', 173),
	(510, 'variation', '39', 173),
	(511, 'texture', '0', 173),
	(512, 'name', 'Часы', 173),
	(513, 'sex', '1', 174),
	(514, 'variation', '111', 174),
	(515, 'texture', '0', 174),
	(516, 'name', 'Шмотка 112', 174),
	(517, 'undershirt', '57', 174),
	(518, 'torso', '4', 174),
	(519, 'uTexture', '0', 174),
	(520, 'clime', '[5,30]', 174),
	(521, 'pockets', '[5,5,5,5]', 174),
	(522, 'texture', '0', 175),
	(523, 'name', 'Шмотка 16', 175),
	(524, 'sex', '1', 175),
	(525, 'variation', '16', 175),
	(526, 'clime', '[-20,30]', 175),
	(527, 'sex', '0', 176),
	(528, 'variation', '0', 176),
	(529, 'texture', '0', 176),
	(530, 'pockets', '[5,5,5,5]', 176),
	(531, 'clime', '[10,30]', 176),
	(532, 'sex', '0', 177),
	(533, 'name', 'Брюки', 176),
	(534, 'texture', '7', 177),
	(535, 'variation', '1', 177),
	(536, 'clime', '[10,30]', 177),
	(537, 'texture', '2', 178),
	(538, 'variation', '0', 178),
	(539, 'name', 'Кроссовки', 177),
	(540, 'torso', '0', 178),
	(541, 'tTexture', '0', 178),
	(542, 'undershirt', '9', 178),
	(543, 'sex', '0', 178),
	(544, 'clime', '[10,30]', 178),
	(545, 'pockets', '[5,5,5,5]', 178),
	(546, 'uTexture', '0', 178),
	(547, 'name', 'Футболка', 178),
	(548, 'owner', '1', 179),
	(549, 'vehId', '335', 179),
	(550, 'vehName', 'Nero', 179),
	(551, 'owner', '1', 180),
	(552, 'vehName', 'Asterope', 180),
	(553, 'vehId', '336', 180),
	(554, 'vehId', '337', 181),
	(555, 'vehName', 'Blista', 181),
	(556, 'owner', '1', 181),
	(557, 'owner', '1', 182),
	(558, 'vehName', 'Blista', 182),
	(559, 'vehId', '338', 182),
	(560, 'owner', '1', 183),
	(561, 'vehId', '339', 183),
	(562, 'vehName', 'Felon', 183),
	(563, 'owner', '1', 184),
	(564, 'vehId', '340', 184),
	(565, 'vehName', 'Felon', 184),
	(566, 'owner', '1', 185),
	(567, 'vehId', '341', 185),
	(568, 'vehName', 'Neon', 185),
	(569, 'owner', '1', 186),
	(570, 'vehId', '342', 186),
	(571, 'vehName', 'Porsche Cayenne Turbo S', 186),
	(572, 'owner', '1', 187),
	(573, 'vehId', '343', 187),
	(574, 'vehName', 'Porsche Cayenne Turbo S', 187),
	(575, 'owner', '1', 188),
	(576, 'vehId', '344', 188),
	(577, 'vehName', 'URUS New', 188),
	(578, 'owner', '1', 189),
	(579, 'vehId', '345', 189),
	(580, 'vehName', 'Mercedes-Benz AMG GT R', 189),
	(581, 'owner', '1', 190),
	(582, 'vehName', 'Porsche Cayenne Turbo S', 190),
	(583, 'vehId', '346', 190),
	(584, 'sex', '1', 191),
	(585, 'variation', '1', 191),
	(586, 'texture', '5', 191),
	(587, 'pockets', '[5,5,5,5]', 191),
	(588, 'clime', '[10,30]', 191),
	(589, 'sex', '1', 192),
	(590, 'variation', '1', 192),
	(591, 'name', 'Брюки', 191),
	(592, 'texture', '2', 192),
	(593, 'variation', '34', 193),
	(594, 'clime', '[10,30]', 192),
	(595, 'texture', '0', 193),
	(596, 'sex', '1', 193),
	(597, 'name', 'Кроссовки', 192),
	(598, 'torso', '0', 193),
	(599, 'tTexture', '0', 193),
	(600, 'pockets', '[5,5,5,5]', 193),
	(601, 'uTexture', '0', 193),
	(602, 'clime', '[10,30]', 193),
	(603, 'name', 'Футболка', 193),
	(604, 'undershirt', '15', 193),
	(605, 'owner', '1', 194),
	(606, 'vehId', '347', 194),
	(607, 'vehName', 'zx10rr MOTO', 194),
	(608, 'sex', '1', 196),
	(609, 'variation', '9', 196),
	(610, 'texture', '2', 196),
	(611, 'clime', '[10,30]', 196),
	(612, 'name', 'Кроссовки', 196),
	(613, 'sex', '1', 195),
	(614, 'variation', '1', 195),
	(615, 'pockets', '[5,5,5,5]', 195),
	(616, 'texture', '5', 195),
	(617, 'clime', '[10,30]', 195),
	(618, 'name', 'Брюки', 195),
	(619, 'sex', '1', 197),
	(620, 'texture', '0', 197),
	(621, 'torso', '5', 197),
	(622, 'variation', '17', 197),
	(623, 'tTexture', '0', 197),
	(624, 'uTexture', '0', 197),
	(625, 'undershirt', '15', 197),
	(626, 'pockets', '[5,5,5,5]', 197),
	(627, 'clime', '[10,30]', 197),
	(628, 'name', 'Футболка', 197),
	(629, 'variation', '12', 198),
	(630, 'texture', '1', 198),
	(631, 'pockets', '[3,3,3,3,3,3,3,3,10,5,3,5,10,3,3,3]', 198),
	(632, 'health', '0', 198),
	(633, 'sex', '1', 198),
	(634, 'weaponHash', '736523883', 199),
	(635, 'ammo', '0', 199),
	(636, 'owner', '3', 199),
	(637, 'count', '12', 200),
	(638, 'owner', '3', 200),
	(639, 'count', '12', 201),
	(640, 'owner', '3', 201),
	(641, 'count', '12', 202),
	(642, 'owner', '3', 202),
	(643, 'count', '12', 203),
	(644, 'owner', '3', 203),
	(645, 'count', '12', 204),
	(646, 'owner', '3', 204),
	(647, 'count', '12', 205),
	(648, 'owner', '3', 205),
	(649, 'count', '12', 206),
	(650, 'owner', '3', 206),
	(651, 'count', '12', 207),
	(652, 'owner', '3', 207),
	(653, 'owner', '3', 208),
	(654, 'count', '12', 208),
	(655, 'count', '12', 209),
	(656, 'owner', '3', 209),
	(657, 'count', '12', 210),
	(658, 'owner', '3', 210),
	(659, 'count', '12', 211),
	(660, 'owner', '3', 211),
	(661, 'count', '12', 212),
	(662, 'owner', '3', 212),
	(663, 'count', '12', 213),
	(664, 'owner', '3', 213),
	(665, 'count', '12', 214),
	(666, 'owner', '3', 214),
	(667, 'count', '12', 215),
	(668, 'owner', '3', 215),
	(669, 'owner', '3', 216),
	(670, 'vehId', '348', 216),
	(671, 'vehName', 'bmwg07', 216),
	(672, 'owner', '3', 217),
	(673, 'vehId', '349', 217),
	(674, 'vehName', 'x6m18', 217),
	(675, 'owner', '3', 218),
	(676, 'vehId', '350', 218),
	(677, 'vehName', 'g63 amg ', 218),
	(678, 'weight', '5.1', 219),
	(679, 'name', 'Горбуша', 219),
	(680, 'weight', '6.4', 220),
	(681, 'name', 'Рифленая рыба', 220),
	(682, 'owner', '3', 221),
	(683, 'vehId', '351', 221),
	(684, 'vehName', 'Moto cbrrr', 221),
	(685, 'count', '20', 227),
	(686, 'owner', '3', 229),
	(687, 'vehId', '352', 229),
	(688, 'vehName', 'Moto harley', 229),
	(689, 'vehId', '353', 230),
	(690, 'owner', '3', 230),
	(691, 'vehName', 'deborah', 230),
	(692, 'owner', '3', 231),
	(693, 'vehId', '354', 231),
	(694, 'vehName', 'bmwe70', 231),
	(695, 'sex', '1', 233),
	(696, 'texture', '0', 233),
	(697, 'variation', '11', 233),
	(698, 'name', 'Шмотка 12', 233),
	(699, 'torso', '15', 233),
	(700, 'undershirt', '57', 233),
	(701, 'uTexture', '0', 233),
	(702, 'clime', '[5,30]', 233),
	(703, 'pockets', '[5,5,5,5]', 233),
	(704, 'variation', '9', 235),
	(705, 'sex', '1', 235),
	(706, 'texture', '2', 235),
	(707, 'name', 'Кроссовки', 235),
	(708, 'sex', '1', 234),
	(709, 'clime', '[10,30]', 235),
	(710, 'texture', '6', 234),
	(711, 'variation', '1', 234),
	(712, 'pockets', '[5,5,5,5]', 234),
	(713, 'clime', '[10,30]', 234),
	(714, 'sex', '1', 236),
	(715, 'undershirt', '15', 236),
	(716, 'tTexture', '0', 236),
	(717, 'uTexture', '0', 236),
	(718, 'torso', '5', 236),
	(719, 'texture', '0', 236),
	(720, 'variation', '17', 236),
	(721, 'name', 'Брюки', 234),
	(722, 'name', 'Футболка', 236),
	(723, 'pockets', '[5,5,5,5]', 236),
	(724, 'clime', '[10,30]', 236),
	(725, 'owner', '3', 237),
	(726, 'vehName', 'merc6x6', 237),
	(727, 'vehId', '355', 237),
	(728, 'owner', '3', 238),
	(729, 'vehId', '356', 238),
	(730, 'vehName', 'navigator', 238),
	(731, 'owner', '3', 239),
	(732, 'vehId', '357', 239),
	(733, 'vehName', 'Moto gsx18', 239),
	(734, 'sex', '1', 240),
	(735, 'pockets', '[4,4,10,4,7,7,7,7,14,10]', 240),
	(736, 'variation', '45', 240),
	(737, 'texture', '0', 240),
	(738, 'vehId', '358', 241),
	(739, 'owner', '3', 241),
	(740, 'vehName', 'g63 amg ', 241),
	(741, 'owner', '1', 242),
	(742, 'vehId', '359', 242),
	(743, 'vehName', 'golf1', 242),
	(744, 'variation', '5', 243),
	(745, 'sex', '1', 243),
	(746, 'clime', '[10,30]', 243),
	(747, 'name', 'Брюки', 243),
	(748, 'texture', '0', 243),
	(749, 'sex', '1', 244),
	(750, 'texture', '2', 244),
	(751, 'clime', '[10,30]', 244),
	(752, 'variation', '9', 244),
	(753, 'sex', '1', 245),
	(754, 'name', 'Кроссовки', 244),
	(755, 'tTexture', '0', 245),
	(756, 'texture', '2', 245),
	(757, 'pockets', '[5,5,5,5]', 243),
	(758, 'variation', '5', 245),
	(759, 'undershirt', '15', 245),
	(760, 'pockets', '[5,5,5,5]', 245),
	(761, 'clime', '[10,30]', 245),
	(762, 'name', 'Футболка', 245),
	(763, 'uTexture', '0', 245),
	(764, 'torso', '5', 245),
	(765, 'owner', '11', 246),
	(766, 'vehId', '360', 246),
	(767, 'vehName', 'gallardo', 246),
	(768, 'owner', '3', 247),
	(769, 'vehId', '361', 247),
	(770, 'vehName', 'svr', 247),
	(771, 'sex', '1', 248),
	(772, 'variation', '24', 248),
	(773, 'texture', '6', 248),
	(774, 'name', 'Шмотка 25', 248),
	(775, 'torso', '14', 248),
	(776, 'undershirt', '3', 248),
	(777, 'uTexture', '0', 248),
	(778, 'clime', '[-10,25]', 248),
	(779, 'pockets', '[5,5,5,5]', 248),
	(780, 'sex', '1', 249),
	(781, 'variation', '15', 249),
	(782, 'texture', '0', 249),
	(783, 'name', 'Шмотка 15', 249),
	(784, 'clime', '[-20,30]', 249),
	(785, 'sex', '1', 250),
	(786, 'variation', '38', 250),
	(787, 'texture', '0', 250),
	(788, 'name', 'Аксессуар', 250),
	(789, 'sex', '1', 251),
	(790, 'variation', '22', 251),
	(791, 'texture', '6', 251),
	(792, 'name', 'Шмотка 23', 251),
	(793, 'clime', '[-15,30]', 251),
	(794, 'pockets', '[5,5,5,5]', 251),
	(795, 'owner', '11', 252),
	(796, 'vehId', '362', 252),
	(797, 'vehName', 's13', 252),
	(798, 'owner', '11', 253),
	(799, 'vehId', '363', 253),
	(800, 'vehName', 'Acura SX', 253),
	(801, 'owner', '11', 254),
	(802, 'vehId', '364', 254),
	(803, 'vehName', 's15', 254),
	(804, 'owner', '11', 255),
	(805, 'vehId', '365', 255),
	(806, 'vehName', 'bmwe39', 255),
	(807, 'health', '80', 256),
	(808, 'weaponHash', '2210333304', 263),
	(809, 'ammo', '0', 263),
	(810, 'count', '12', 264),
	(811, 'count', '10', 265),
	(812, 'count', '12', 266),
	(813, 'count', '10', 267),
	(814, 'count', '12', 268),
	(815, 'count', '8', 269),
	(816, 'count', '12', 270),
	(817, 'count', '12', 271),
	(818, 'count', '10', 272),
	(819, 'variation', '12', 273),
	(820, 'texture', '1', 273),
	(821, 'health', '54', 273),
	(822, 'pockets', '[3,3,3,3,3,3,3,3,10,5,3,5,10,3,3,3]', 273),
	(823, 'sex', '1', 273),
	(824, 'count', '2', 275),
	(825, 'weaponHash', '2343591895', 277),
	(826, 'ammo', '0', 277),
	(827, 'ammo', '0', 278),
	(828, 'weaponHash', '1737195953', 278),
	(829, 'weaponHash', '911657153', 279),
	(830, 'weaponHash', '1593441988', 280),
	(831, 'ammo', '0', 280),
	(832, 'weaponHash', '487013001', 281),
	(833, 'ammo', '11', 281),
	(834, 'count', '30', 282),
	(835, 'count', '24', 283),
	(836, 'count', '24', 284),
	(837, 'count', '8', 285),
	(838, 'count', '8', 286),
	(839, 'count', '12', 287),
	(840, 'count', '12', 288),
	(841, 'sex', '1', 289),
	(842, 'name', 'Шмотка 44', 289),
	(843, 'clime', '[-15,30]', 289),
	(844, 'pockets', '[5,5,5,5]', 289),
	(845, 'variation', '43', 289),
	(846, 'texture', '0', 289),
	(847, 'texture', '0', 290),
	(848, 'variation', '11', 290),
	(849, 'undershirt', '57', 290),
	(850, 'sex', '1', 290),
	(851, 'name', 'Шмотка 12', 290),
	(852, 'torso', '15', 290),
	(853, 'uTexture', '0', 290),
	(854, 'clime', '[5,30]', 290),
	(855, 'pockets', '[5,5,5,5]', 290),
	(856, 'texture', '2', 291),
	(857, 'clime', '[10,30]', 291),
	(858, 'sex', '1', 291),
	(859, 'variation', '1', 291),
	(860, 'name', 'Кроссовки', 291),
	(861, 'clime', '[-15,30]', 292),
	(862, 'texture', '0', 292),
	(863, 'sex', '1', 292),
	(864, 'name', 'Шмотка 44', 292),
	(865, 'pockets', '[5,5,5,5]', 292),
	(866, 'variation', '43', 292),
	(867, 'sex', '1', 293),
	(868, 'variation', '1', 293),
	(869, 'name', 'Кроссовки', 293),
	(870, 'texture', '2', 293),
	(871, 'clime', '[10,30]', 293),
	(872, 'count', '1', 294),
	(873, 'count', '2', 295),
	(874, 'torso', '11', 297),
	(875, 'sex', '1', 297),
	(876, 'variation', '25', 297),
	(877, 'texture', '7', 297),
	(878, 'undershirt', '144', 297),
	(879, 'pockets', '[5,5,5,5,10,5]', 297),
	(880, 'clime', '[-10,15]', 297),
	(881, 'name', 'Рубашка EMS Hospital', 297),
	(882, 'variation', '96', 296),
	(883, 'texture', '1', 296),
	(884, 'sex', '1', 296),
	(885, 'pockets', '[5,5,5,5,10,5]', 296),
	(886, 'clime', '[-10,15]', 296),
	(887, 'sex', '1', 298),
	(888, 'variation', '10', 298),
	(889, 'texture', '0', 298),
	(890, 'name', 'Брюки EMS Hospital', 296),
	(891, 'clime', '[-10,15]', 298),
	(892, 'sex', '1', 299),
	(893, 'texture', '0', 299),
	(894, 'variation', '126', 299),
	(895, 'count', '4', 300),
	(896, 'count', '3', 301),
	(897, 'count', '2', 302),
	(898, 'count', '5', 303),
	(899, 'weaponHash', '487013001', 304),
	(900, 'ammo', '8', 304),
	(901, 'variation', '12', 307),
	(902, 'texture', '1', 307),
	(903, 'health', '0', 307),
	(904, 'pockets', '[3,3,3,3,3,3,3,3,10,5,3,5,10,3,3,3]', 307),
	(905, 'sex', '1', 307),
	(906, 'thirst', '100', 308),
	(907, 'satiety', '100', 308),
	(908, 'weaponHash', '1737195953', 309),
	(909, 'ammo', '0', 309),
	(910, 'weaponHash', '205991906', 310),
	(911, 'ammo', '0', 310),
	(912, 'count', '10', 311),
	(913, 'count', '12', 312),
	(914, 'count', '8', 313),
	(915, 'count', '8', 314),
	(916, 'count', '8', 315),
	(917, 'count', '8', 316),
	(918, 'count', '8', 317),
	(919, 'count', '8', 318),
	(920, 'count', '8', 319),
	(921, 'count', '8', 320),
	(922, 'count', '12', 321),
	(923, 'texture', '0', 322),
	(924, 'sex', '1', 322),
	(925, 'variation', '11', 322),
	(926, 'torso', '15', 322),
	(927, 'name', 'Шмотка 12', 322),
	(928, 'undershirt', '57', 322),
	(929, 'uTexture', '0', 322),
	(930, 'clime', '[5,30]', 322),
	(931, 'pockets', '[5,5,5,5]', 322),
	(932, 'sex', '1', 323),
	(933, 'texture', '0', 323),
	(934, 'pockets', '[4,4,10,4,7,7,7,7,14,10]', 323),
	(935, 'variation', '45', 323),
	(936, 'vehId', '329', 324),
	(937, 'owner', '3', 324),
	(938, 'vehName', 'URUS New', 324),
	(939, 'owner', '3', 325),
	(940, 'vehId', '357', 325),
	(941, 'vehName', 'Moto gsx18', 325),
	(942, 'vehId', '358', 326),
	(943, 'owner', '3', 326),
	(944, 'vehName', 'g63 amg ', 326),
	(945, 'owner', '3', 327),
	(946, 'vehName', 'merc6x6', 327),
	(947, 'vehId', '355', 327),
	(948, 'vehId', '331', 328),
	(949, 'owner', '3', 328),
	(950, 'vehName', 'GT63 New', 328),
	(951, 'owner', '3', 329),
	(952, 'vehId', '333', 329),
	(953, 'vehName', 'X6M New', 329),
	(954, 'owner', '3', 330),
	(955, 'vehId', '356', 330),
	(956, 'vehName', 'navigator', 330),
	(957, 'owner', '3', 331),
	(958, 'vehId', '330', 331),
	(959, 'vehName', 'M8 New', 331),
	(960, 'owner', '3', 332),
	(961, 'vehId', '332', 332),
	(962, 'vehName', 'G63 New', 332),
	(963, 'thirst', '-10', 333),
	(964, 'satiety', '60', 333),
	(965, 'owner', '3', 334),
	(966, 'vehId', '361', 334),
	(967, 'vehName', 'svr', 334),
	(968, 'weaponHash', '911657153', 335),
	(969, 'weaponHash', '1649403952', 337),
	(970, 'ammo', '0', 337),
	(971, 'count', '10', 338),
	(972, 'count', '20', 341),
	(973, 'weaponHash', '487013001', 342),
	(974, 'ammo', '0', 342),
	(975, 'count', '8', 343),
	(976, 'count', '8', 344),
	(977, 'count', '12', 345),
	(978, 'count', '12', 346),
	(979, 'count', '12', 347),
	(980, 'count', '10', 348),
	(981, 'count', '10', 349),
	(982, 'count', '12', 350),
	(983, 'count', '12', 351),
	(984, 'name', 'Палома', 352),
	(985, 'alcohol', '35', 352),
	(986, 'count', '20', 353),
	(987, 'name', 'Te Amo', 353),
	(988, 'name', 'Кесадилья с курицей', 354),
	(989, 'satiety', '60', 354),
	(990, 'name', 'Сангрита', 355),
	(991, 'alcohol', '30', 355),
	(992, 'name', 'Палома', 356),
	(993, 'alcohol', '35', 356),
	(994, 'name', 'Пина-колада', 357),
	(995, 'alcohol', '25', 357),
	(996, 'satiety', '55', 358),
	(997, 'name', 'Сэндвич с каперсами', 358),
	(998, 'count', '20', 359),
	(999, 'name', 'Te Amo', 359),
	(1000, 'name', 'Кесадилья с курицей', 360),
	(1001, 'satiety', '60', 360),
	(1002, 'name', 'Палома', 361),
	(1003, 'alcohol', '35', 361),
	(1004, 'name', 'Гуакамоле с грушей', 362),
	(1005, 'satiety', '50', 362),
	(1006, 'name', 'Бурритос с курицей', 363),
	(1007, 'satiety', '70', 363),
	(1008, 'weaponHash', '2017895192', 364),
	(1009, 'ammo', '0', 364),
	(1010, 'count', '8', 365),
	(1011, 'count', '8', 366),
	(1012, 'count', '8', 367),
	(1013, 'name', 'Эль-бандито', 368),
	(1014, 'alcohol', '45', 368),
	(1015, 'satiety', '70', 369),
	(1016, 'name', 'Бурритос с курицей', 369),
	(1017, 'name', 'Te Amo', 370),
	(1018, 'count', '20', 370),
	(1019, 'name', 'Te Amo', 371),
	(1020, 'count', '20', 371),
	(1021, 'name', 'Бурритос с курицей', 372),
	(1022, 'satiety', '70', 372),
	(1023, 'count', '8', 373),
	(1024, 'count', '8', 374),
	(1025, 'count', '8', 375),
	(1026, 'count', '8', 376),
	(1027, 'count', '8', 377),
	(1028, 'count', '78', 378),
	(1029, 'health', '12', 379),
	(1030, 'variation', '56', 380),
	(1031, 'texture', '0', 380),
	(1032, 'undershirt', '59', 380),
	(1033, 'torso', '0', 380),
	(1034, 'uTexture', '1', 380),
	(1035, 'sex', '1', 380),
	(1036, 'pockets', '[5,5,5,5,10,5]', 380),
	(1037, 'clime', '[-5,30]', 380),
	(1038, 'name', 'Жилетка камещика', 380),
	(1039, 'rockDamage', '10', 380),
	(1040, 'variation', '31', 381),
	(1041, 'sex', '1', 381),
	(1042, 'pockets', '[5,5,5,5,10,5]', 381),
	(1043, 'rockDamage', '10', 381),
	(1044, 'clime', '[-5,30]', 381),
	(1045, 'name', 'Штаны каменщика', 381),
	(1046, 'texture', '2', 381),
	(1047, 'variation', '24', 382),
	(1048, 'texture', '0', 382),
	(1049, 'sex', '1', 382),
	(1050, 'clime', '[-5,30]', 382),
	(1051, 'name', 'Ботинки каменщика', 382),
	(1052, 'rockDamage', '10', 382),
	(1053, 'health', '0', 383),
	(1054, 'health', '18', 398),
	(1055, 'health', '0', 405),
	(1056, 'health', '0', 406),
	(1057, 'health', '0', 410),
	(1058, 'health', '0', 414),
	(1059, 'health', '62.5', 455),
	(1060, 'health', '64', 457),
	(1061, 'satiety', '20', 472),
	(1062, 'thirst', '-5', 472),
	(1063, 'thirst', '100', 473),
	(1064, 'thirst', '-5', 474),
	(1065, 'satiety', '20', 474),
	(1066, 'thirst', '100', 475),
	(1067, 'count', '3', 476),
	(1068, 'count', '10', 477),
	(1069, 'count', '9', 478),
	(1070, 'count', '10', 479),
	(1071, 'count', '3', 480),
	(1072, 'health', '0', 481),
	(1073, 'weaponHash', '940833800', 481),
	(1074, 'health', '0', 482),
	(1075, 'weaponHash', '940833800', 482),
	(1076, 'health', '89.79999999999998', 503),
	(1077, 'weaponHash', '940833800', 503),
	(1078, 'weaponHash', '1593441988', 509),
	(1079, 'owner', '3', 509),
	(1080, 'ammo', '207', 509),
	(1081, 'count', '12', 510),
	(1082, 'owner', '3', 510),
	(1083, 'count', '32', 511),
	(1084, 'owner', '3', 511),
	(1085, 'count', '32', 512),
	(1086, 'owner', '3', 512),
	(1087, 'count', '32', 513),
	(1088, 'owner', '3', 513),
	(1089, 'count', '32', 514),
	(1090, 'owner', '3', 514),
	(1091, 'count', '32', 515),
	(1092, 'owner', '3', 515),
	(1093, 'count', '32', 516),
	(1094, 'owner', '3', 516),
	(1095, 'variation', '12', 517),
	(1096, 'texture', '4', 517),
	(1097, 'health', '9', 517),
	(1098, 'pockets', '[3,3,3,3,3,3,3,3,10,5,3,5,10,3,3,3]', 517),
	(1099, 'sex', '1', 517),
	(1100, 'owner', '3', 518),
	(1101, 'vehId', '366', 518),
	(1102, 'vehName', 's15', 518),
	(1103, 'count', '59', 519),
	(1104, 'owner', '11', 520),
	(1105, 'vehId', '367', 520),
	(1106, 'vehName', 'bmwe46', 520),
	(1107, 'sex', '1', 521),
	(1108, 'variation', '135', 521),
	(1109, 'texture', '0', 521),
	(1110, 'name', 'Кепка Casino', 521),
	(1111, 'sex', '1', 523),
	(1112, 'variation', '1', 523),
	(1113, 'torso', '0', 523),
	(1114, 'texture', '0', 523),
	(1115, 'tTexture', '0', 523),
	(1116, 'undershirt', '15', 523),
	(1117, 'uTexture', '0', 523),
	(1118, 'pockets', '[5,5,5,5]', 523),
	(1119, 'clime', '[10,30]', 523),
	(1120, 'sex', '1', 524),
	(1121, 'name', 'Футболка', 523),
	(1122, 'texture', '2', 524),
	(1123, 'variation', '1', 524),
	(1124, 'name', 'Кроссовки', 524),
	(1125, 'pockets', '[5,5,5,5]', 522),
	(1126, 'texture', '5', 522),
	(1127, 'sex', '1', 522),
	(1128, 'variation', '1', 522),
	(1129, 'clime', '[10,30]', 524),
	(1130, 'clime', '[10,30]', 522),
	(1131, 'name', 'Брюки', 522),
	(1132, 'sex', '1', 525),
	(1133, 'variation', '4', 525),
	(1134, 'texture', '0', 525),
	(1135, 'name', 'Часы', 525),
	(1136, 'thirst', '100', 526),
	(1137, 'thirst', '100', 527),
	(1138, 'thirst', '100', 528),
	(1139, 'satiety', '20', 529),
	(1140, 'thirst', '-5', 529),
	(1141, 'satiety', '20', 530),
	(1142, 'thirst', '-5', 530),
	(1143, 'satiety', '20', 531),
	(1144, 'thirst', '-5', 531),
	(1145, 'satiety', '20', 532),
	(1146, 'thirst', '-5', 532),
	(1147, 'satiety', '20', 533),
	(1148, 'thirst', '-5', 533),
	(1149, 'satiety', '20', 534),
	(1150, 'thirst', '-5', 534),
	(1151, 'satiety', '20', 535),
	(1152, 'thirst', '-5', 535),
	(1153, 'count', '1', 536),
	(1154, 'count', '1', 537),
	(1155, 'owner', '12', 538),
	(1156, 'vehId', '368', 538),
	(1157, 'vehName', 'vision', 538),
	(1158, 'health', '78', 539),
	(1159, 'weaponHash', '940833800', 539),
	(1160, 'variation', '170', 540),
	(1161, 'texture', '3', 540),
	(1162, 'torso', '99', 540),
	(1163, 'tTexture', '7', 540),
	(1164, 'undershirt', '81', 540),
	(1165, 'uTexture', '5', 540),
	(1166, 'sex', '1', 540),
	(1167, 'pockets', '[5,5,5,5,10,5]', 540),
	(1168, 'clime', '[-5,30]', 540),
	(1169, 'name', 'Жилетка лесоруба', 540),
	(1170, 'treeDamage', '10', 540),
	(1171, 'health', '78', 541),
	(1172, 'weaponHash', '940833800', 541),
	(1173, 'variation', '97', 542),
	(1174, 'texture', '1', 542),
	(1175, 'sex', '1', 542),
	(1176, 'clime', '[-5,30]', 542),
	(1177, 'treeDamage', '10', 542),
	(1178, 'pockets', '[5,5,5,5,10,5]', 542),
	(1179, 'name', 'Штаны лесоруба', 542),
	(1180, 'variation', '27', 543),
	(1181, 'sex', '1', 543),
	(1182, 'clime', '[-5,30]', 543),
	(1183, 'name', 'Ботинки лесоруба', 543),
	(1184, 'treeDamage', '10', 543),
	(1185, 'texture', '0', 543),
	(1186, 'count', '4', 554),
	(1187, 'health', '92', 555),
	(1188, 'owner', '3', 557),
	(1189, 'vehId', '369', 557),
	(1190, 'vehName', 'speedo2', 557),
	(1191, 'sex', '1', 558),
	(1192, 'variation', '135', 558),
	(1193, 'name', 'Кепка Casino', 558),
	(1194, 'texture', '0', 558),
	(1195, 'owner', '12', 559),
	(1196, 'vehId', '370', 559),
	(1197, 'vehName', 'Moto harley', 559),
	(1198, 'vehId', '371', 560),
	(1199, 'owner', '12', 560),
	(1200, 'vehName', 'mustang', 560),
	(1201, 'sex', '1', 562),
	(1202, 'variation', '250', 562),
	(1203, 'texture', '0', 562),
	(1204, 'torso', '85', 562),
	(1205, 'decal', '58', 562),
	(1206, 'dTexture', '1', 562),
	(1207, 'pockets', '[5,5,5,5,10,5]', 562),
	(1208, 'texture', '0', 564),
	(1209, 'undershirt', '129', 562),
	(1210, 'clime', '[-10,15]', 562),
	(1211, 'name', 'Рубашка EMS Hospital', 562),
	(1212, 'sex', '1', 561),
	(1213, 'texture', '0', 561),
	(1214, 'variation', '122', 561),
	(1215, 'clime', '[-10,15]', 561),
	(1216, 'sex', '1', 563),
	(1217, 'variation', '96', 563),
	(1218, 'texture', '0', 563),
	(1219, 'clime', '[-10,15]', 563),
	(1220, 'pockets', '[5,5,5,5,10,5]', 563),
	(1221, 'variation', '51', 564),
	(1222, 'sex', '1', 564),
	(1223, 'clime', '[-10,15]', 564),
	(1224, 'name', 'Брюки EMS Hospital', 563),
	(1225, 'sex', '1', 565),
	(1226, 'variation', '127', 565),
	(1227, 'texture', '0', 565),
	(1228, 'count', '1', 566),
	(1229, 'count', '5', 567),
	(1230, 'count', '5', 568),
	(1231, 'count', '3', 569),
	(1232, 'thirst', '100', 570),
	(1233, 'thirst', '100', 571),
	(1234, 'thirst', '100', 572),
	(1235, 'thirst', '100', 573),
	(1236, 'thirst', '100', 574),
	(1237, 'thirst', '100', 575),
	(1238, 'thirst', '100', 576),
	(1239, 'thirst', '100', 577),
	(1240, 'thirst', '100', 578),
	(1241, 'satiety', '20', 579),
	(1242, 'thirst', '-5', 579),
	(1243, 'satiety', '20', 580),
	(1244, 'thirst', '-5', 580),
	(1245, 'satiety', '20', 581),
	(1246, 'thirst', '-5', 581),
	(1247, 'satiety', '20', 582),
	(1248, 'thirst', '-5', 582),
	(1249, 'satiety', '20', 583),
	(1250, 'thirst', '-5', 583),
	(1251, 'satiety', '20', 584),
	(1252, 'thirst', '-5', 584),
	(1253, 'texture', '3', 585),
	(1254, 'sex', '1', 585),
	(1255, 'variation', '15', 585),
	(1256, 'name', 'Шорты', 585),
	(1257, 'clime', '[10,30]', 585),
	(1258, 'pockets', '[5,5,5,5]', 585),
	(1259, 'sex', '1', 587),
	(1260, 'texture', '0', 587),
	(1261, 'variation', '34', 587),
	(1262, 'torso', '0', 587),
	(1263, 'undershirt', '15', 587),
	(1264, 'tTexture', '0', 587),
	(1265, 'uTexture', '0', 587),
	(1266, 'pockets', '[5,5,5,5]', 587),
	(1267, 'clime', '[10,30]', 587),
	(1268, 'sex', '1', 586),
	(1269, 'name', 'Футболка', 587),
	(1270, 'variation', '9', 586),
	(1271, 'texture', '2', 586),
	(1272, 'clime', '[10,30]', 586),
	(1273, 'name', 'Кроссовки', 586),
	(1274, 'name', 'Мохито', 588),
	(1275, 'alcohol', '30', 588),
	(1276, 'weaponHash', '324215364', 589),
	(1277, 'ammo', '0', 589),
	(1278, 'owner', '3', 589),
	(1279, 'count', '12', 590),
	(1280, 'owner', '3', 590),
	(1281, 'count', '12', 591),
	(1282, 'owner', '3', 591),
	(1283, 'count', '12', 592),
	(1284, 'owner', '3', 592),
	(1285, 'count', '12', 593),
	(1286, 'owner', '3', 593),
	(1287, 'count', '12', 594),
	(1288, 'owner', '3', 594),
	(1289, 'count', '30', 595),
	(1290, 'owner', '3', 595),
	(1291, 'weaponHash', '1593441988', 596),
	(1292, 'ammo', '182', 596),
	(1293, 'owner', '3', 596),
	(1294, 'count', '12', 597),
	(1295, 'owner', '3', 597),
	(1296, 'count', '12', 598),
	(1297, 'owner', '3', 598),
	(1298, 'count', '12', 599),
	(1299, 'owner', '3', 599),
	(1300, 'owner', '3', 600),
	(1301, 'count', '12', 600),
	(1302, 'owner', '3', 601),
	(1303, 'count', '12', 601),
	(1304, 'count', '12', 602),
	(1305, 'owner', '3', 602),
	(1306, 'count', '12', 603),
	(1307, 'owner', '3', 603),
	(1308, 'count', '12', 604),
	(1309, 'owner', '3', 604),
	(1310, 'count', '12', 605),
	(1311, 'owner', '3', 605),
	(1312, 'count', '12', 606),
	(1313, 'owner', '3', 606),
	(1314, 'count', '12', 607),
	(1315, 'owner', '3', 607),
	(1316, 'count', '12', 608),
	(1317, 'owner', '3', 608),
	(1318, 'count', '32', 609),
	(1319, 'owner', '3', 609),
	(1320, 'count', '32', 610),
	(1321, 'owner', '3', 610),
	(1322, 'owner', '3', 611),
	(1323, 'vehId', '348', 611),
	(1324, 'vehName', 'bmwg07', 611),
	(1325, 'health', '97', 612),
	(1326, 'weight', '1.9', 613),
	(1327, 'name', 'Горбуша', 613),
	(1328, 'name', 'Чавыча', 614),
	(1329, 'weight', '6.5', 614),
	(1330, 'weight', '1.9', 615),
	(1331, 'name', 'Голубой голавль', 615),
	(1332, 'weaponHash', '487013001', 616),
	(1333, 'ammo', '11', 616),
	(1334, 'pockets', '[3,3,3,3,3,3,3,3,10,5,3,5,10,3,3,3]', 617),
	(1335, 'variation', '12', 617),
	(1336, 'texture', '1', 617),
	(1337, 'health', '54', 617),
	(1338, 'sex', '1', 617),
	(1339, 'weaponHash', '2343591895', 618),
	(1340, 'ammo', '0', 618),
	(1341, 'ammo', '0', 619),
	(1342, 'weaponHash', '1593441988', 619),
	(1343, 'weaponHash', '1737195953', 620),
	(1344, 'ammo', '0', 620),
	(1345, 'name', 'Шмотка 44', 621),
	(1346, 'sex', '1', 621),
	(1347, 'clime', '[-15,30]', 621),
	(1348, 'pockets', '[5,5,5,5]', 621),
	(1349, 'variation', '43', 621),
	(1350, 'texture', '0', 621),
	(1351, 'sex', '1', 622),
	(1352, 'texture', '2', 622),
	(1353, 'clime', '[10,30]', 622),
	(1354, 'variation', '1', 622),
	(1355, 'name', 'Кроссовки', 622),
	(1356, 'count', '2', 623),
	(1357, 'count', '24', 624),
	(1358, 'sex', '1', 625),
	(1359, 'variation', '5', 625),
	(1360, 'texture', '0', 625),
	(1361, 'name', 'Часы', 625),
	(1362, 'texture', '0', 628),
	(1363, 'variation', '3', 628),
	(1364, 'name', 'Часы', 628),
	(1365, 'sex', '1', 628),
	(1366, 'sex', '1', 629),
	(1367, 'texture', '0', 629),
	(1368, 'name', 'Часы', 629),
	(1369, 'variation', '3', 629),
	(1370, 'count', '20', 630),
	(1371, 'name', 'Redwood', 630),
	(1372, 'count', '12', 631),
	(1373, 'variation', '96', 633),
	(1374, 'sex', '1', 632),
	(1375, 'torso', '11', 632),
	(1376, 'variation', '25', 632),
	(1377, 'pockets', '[5,5,5,5,10,5]', 632),
	(1378, 'undershirt', '144', 632),
	(1379, 'texture', '1', 633),
	(1380, 'sex', '1', 633),
	(1381, 'texture', '7', 632),
	(1382, 'name', 'Рубашка EMS Hospital', 632),
	(1383, 'name', 'Брюки EMS Hospital', 633),
	(1384, 'sex', '1', 635),
	(1385, 'pockets', '[5,5,5,5,10,5]', 633),
	(1386, 'clime', '[-10,15]', 633),
	(1387, 'clime', '[-10,15]', 632),
	(1388, 'variation', '126', 635),
	(1389, 'texture', '0', 635),
	(1390, 'sex', '1', 634),
	(1391, 'variation', '10', 634),
	(1392, 'texture', '0', 634),
	(1393, 'clime', '[-10,15]', 634),
	(1394, 'variation', '12', 636),
	(1395, 'texture', '4', 636),
	(1396, 'health', '9', 636),
	(1397, 'pockets', '[3,3,3,3,3,3,3,3,10,5,3,5,10,3,3,3]', 636),
	(1398, 'sex', '1', 636),
	(1399, 'sex', '1', 637),
	(1400, 'pockets', '[5,5,5,5,10,5]', 637),
	(1401, 'clime', '[-10,15]', 637),
	(1402, 'variation', '96', 637),
	(1403, 'texture', '1', 637),
	(1404, 'name', 'Брюки EMS Hospital', 637),
	(1405, 'sex', '1', 638),
	(1406, 'variation', '126', 638),
	(1407, 'texture', '0', 638),
	(1408, 'sex', '1', 639),
	(1409, 'texture', '0', 639),
	(1410, 'variation', '10', 639),
	(1411, 'clime', '[-10,15]', 639),
	(1412, 'texture', '0', 640),
	(1413, 'sex', '1', 640),
	(1414, 'variation', '11', 640),
	(1415, 'torso', '15', 640),
	(1416, 'name', 'Шмотка 12', 640),
	(1417, 'undershirt', '57', 640),
	(1418, 'uTexture', '0', 640),
	(1419, 'clime', '[5,30]', 640),
	(1420, 'pockets', '[5,5,5,5]', 640),
	(1421, 'count', '12', 641),
	(1422, 'thirst', '100', 642),
	(1423, 'count', '2', 643),
	(1424, 'count', '4', 644),
	(1425, 'count', '2', 645),
	(1426, 'count', '3', 646),
	(1427, 'name', 'Мохито', 647),
	(1428, 'alcohol', '30', 647),
	(1429, 'name', 'Апероль Шпритц', 648),
	(1430, 'alcohol', '35', 648),
	(1431, 'satiety', '20', 649),
	(1432, 'thirst', '-5', 649),
	(1433, 'thirst', '-5', 650),
	(1434, 'satiety', '20', 650),
	(1435, 'satiety', '20', 651),
	(1436, 'thirst', '-5', 651),
	(1437, 'thirst', '-5', 652),
	(1438, 'satiety', '20', 652),
	(1439, 'satiety', '20', 653),
	(1440, 'thirst', '-5', 653),
	(1441, 'satiety', '20', 654),
	(1442, 'thirst', '-5', 654),
	(1443, 'sex', '1', 655),
	(1444, 'pockets', '[4,4,10,4,7,7,7,7,14,10]', 655),
	(1445, 'texture', '0', 655),
	(1446, 'variation', '45', 655),
	(1447, 'count', '1', 657),
	(1448, 'satiety', '20', 658),
	(1449, 'thirst', '-5', 658),
	(1450, 'satiety', '20', 659),
	(1451, 'thirst', '-5', 659),
	(1452, 'thirst', '-5', 660),
	(1453, 'satiety', '20', 660),
	(1454, 'satiety', '20', 661),
	(1455, 'thirst', '-5', 661),
	(1456, 'satiety', '20', 662),
	(1457, 'thirst', '-5', 662),
	(1458, 'satiety', '20', 663),
	(1459, 'thirst', '-5', 663),
	(1460, 'satiety', '20', 664),
	(1461, 'thirst', '-5', 664),
	(1462, 'satiety', '20', 665),
	(1463, 'thirst', '-5', 665),
	(1464, 'satiety', '20', 666),
	(1465, 'thirst', '-5', 666),
	(1466, 'satiety', '20', 667),
	(1467, 'thirst', '-5', 667),
	(1468, 'satiety', '20', 668),
	(1469, 'thirst', '-5', 668),
	(1470, 'satiety', '20', 669),
	(1471, 'thirst', '-5', 669),
	(1472, 'count', '1', 670),
	(1473, 'count', '1', 671),
	(1474, 'count', '1', 672),
	(1475, 'count', '1', 673),
	(1476, 'count', '1', 674),
	(1477, 'thirst', '100', 675),
	(1478, 'thirst', '100', 676),
	(1479, 'thirst', '100', 677),
	(1480, 'thirst', '-5', 678),
	(1481, 'satiety', '20', 678),
	(1482, 'satiety', '20', 679),
	(1483, 'thirst', '-5', 679),
	(1484, 'satiety', '20', 680),
	(1485, 'thirst', '-5', 680),
	(1486, 'satiety', '20', 682),
	(1487, 'thirst', '-5', 682),
	(1488, 'thirst', '-5', 683),
	(1489, 'satiety', '20', 683),
	(1490, 'thirst', '-5', 684),
	(1491, 'satiety', '20', 684),
	(1492, 'satiety', '20', 685),
	(1493, 'thirst', '-5', 685),
	(1494, 'satiety', '20', 686),
	(1495, 'thirst', '-5', 686),
	(1496, 'satiety', '20', 687),
	(1497, 'thirst', '-5', 687),
	(1498, 'satiety', '20', 688),
	(1499, 'thirst', '-5', 688),
	(1500, 'satiety', '20', 689),
	(1501, 'thirst', '-5', 689),
	(1502, 'satiety', '20', 690),
	(1503, 'thirst', '-5', 690),
	(1504, 'satiety', '20', 691),
	(1505, 'thirst', '-5', 691),
	(1506, 'satiety', '20', 692),
	(1507, 'thirst', '-5', 692),
	(1508, 'satiety', '20', 693),
	(1509, 'thirst', '-5', 693),
	(1510, 'satiety', '20', 694),
	(1511, 'thirst', '-5', 694),
	(1512, 'thirst', '100', 695),
	(1513, 'thirst', '100', 696),
	(1514, 'thirst', '100', 697),
	(1515, 'thirst', '100', 698),
	(1516, 'thirst', '100', 699),
	(1517, 'thirst', '100', 700),
	(1518, 'thirst', '100', 701),
	(1519, 'thirst', '100', 702),
	(1520, 'thirst', '100', 703),
	(1521, 'thirst', '100', 704),
	(1522, 'thirst', '100', 705),
	(1523, 'thirst', '100', 706),
	(1524, 'thirst', '100', 707),
	(1525, 'thirst', '100', 708),
	(1526, 'thirst', '100', 709),
	(1527, 'weaponHash', '324215364', 710),
	(1528, 'owner', '3', 710),
	(1529, 'ammo', '101', 710),
	(1530, 'count', '12', 711),
	(1531, 'owner', '3', 711),
	(1532, 'count', '12', 712),
	(1533, 'owner', '3', 712),
	(1534, 'count', '12', 713),
	(1535, 'owner', '3', 713),
	(1536, 'count', '12', 714),
	(1537, 'owner', '3', 714),
	(1538, 'count', '32', 715),
	(1539, 'owner', '3', 715),
	(1540, 'count', '32', 716),
	(1541, 'owner', '3', 716),
	(1542, 'count', '32', 717),
	(1543, 'owner', '3', 717),
	(1544, 'count', '32', 718),
	(1545, 'owner', '3', 718),
	(1546, 'count', '32', 719),
	(1547, 'owner', '3', 719),
	(1548, 'count', '32', 720),
	(1549, 'owner', '3', 720),
	(1550, 'count', '32', 721),
	(1551, 'owner', '3', 721),
	(1552, 'count', '32', 722),
	(1553, 'owner', '3', 722),
	(1554, 'owner', '3', 723),
	(1555, 'vehId', '372', 723),
	(1556, 'vehName', 'gemera', 723),
	(1557, 'vehId', '373', 724),
	(1558, 'owner', '13', 724),
	(1559, 'vehName', 'chiron', 724),
	(1560, 'satiety', '60', 725),
	(1561, 'thirst', '-10', 725),
	(1562, 'satiety', '60', 726),
	(1563, 'thirst', '-10', 726),
	(1564, 'thirst', '-10', 727),
	(1565, 'satiety', '60', 727),
	(1566, 'thirst', '50', 728),
	(1567, 'thirst', '50', 729),
	(1568, 'thirst', '50', 730),
	(1569, 'owner', '3', 733),
	(1570, 'vehId', '374', 733),
	(1571, 'vehName', 'bmwg05', 733),
	(1572, 'sex', '1', 734),
	(1573, 'texture', '0', 734),
	(1574, 'variation', '14', 734),
	(1575, 'name', 'Часы', 734),
	(1576, 'sex', '1', 735),
	(1577, 'variation', '69', 735),
	(1578, 'texture', '0', 735),
	(1579, 'name', 'Шмотка 70', 735),
	(1580, 'pockets', '[5,5,5,5]', 735),
	(1581, 'clime', '[-15,30]', 735),
	(1582, 'sex', '1', 736),
	(1583, 'variation', '7', 736),
	(1584, 'texture', '0', 736),
	(1585, 'name', 'Шмотка 8', 736),
	(1586, 'clime', '[-20,30]', 736),
	(1587, 'texture', '1', 745),
	(1588, 'variation', '12', 745),
	(1589, 'health', '27', 745),
	(1590, 'pockets', '[3,3,3,3,3,3,3,3,10,5,3,5,10,3,3,3]', 745),
	(1591, 'sex', '1', 745),
	(1592, 'count', '2', 746),
	(1593, 'sex', '0', 747),
	(1594, 'texture', '0', 747),
	(1595, 'variation', '20', 747),
	(1596, 'name', 'Серьги', 747),
	(1597, 'sex', '0', 748),
	(1598, 'variation', '11', 748),
	(1599, 'texture', '0', 748),
	(1600, 'name', 'Часы', 748),
	(1601, 'sex', '0', 749),
	(1602, 'variation', '38', 749),
	(1603, 'texture', '0', 749),
	(1604, 'name', 'Аксессуар', 749),
	(1605, 'sex', '0', 750),
	(1606, 'variation', '5', 750),
	(1607, 'texture', '0', 750),
	(1608, 'name', 'Шмотка 260', 750),
	(1609, 'torso', '4', 750),
	(1610, 'undershirt', '3', 750),
	(1611, 'uTexture', '0', 750),
	(1612, 'pockets', '[5,5,5,5]', 750),
	(1613, 'clime', '[-10,25]', 750),
	(1614, 'sex', '0', 751),
	(1615, 'variation', '9', 751),
	(1616, 'texture', '0', 751),
	(1617, 'pockets', '[5,5,5,5]', 751),
	(1618, 'clime', '[-15,30]', 751),
	(1619, 'name', 'Шмотка 109', 751),
	(1620, 'sex', '1', 752),
	(1621, 'variation', '121', 752),
	(1622, 'texture', '0', 752),
	(1623, 'vehId', '429', 753),
	(1624, 'owner', '3', 753),
	(1625, 'vehName', 'imorgon', 753),
	(1626, 'owner', '3', 754),
	(1627, 'vehName', 'g63 amg ', 754),
	(1628, 'vehId', '358', 754),
	(1629, 'owner', '3', 755),
	(1630, 'vehName', 'g63 amg ', 755),
	(1631, 'vehId', '358', 755),
	(1632, 'variation', '12', 756),
	(1633, 'texture', '4', 756),
	(1634, 'health', '0', 756),
	(1635, 'pockets', '[3,3,3,3,3,3,3,3,10,5,3,5,10,3,3,3]', 756),
	(1636, 'sex', '1', 756),
	(1637, 'count', '12', 757),
	(1638, 'owner', '3', 757),
	(1639, 'owner', '3', 758),
	(1640, 'count', '12', 758),
	(1641, 'count', '12', 759),
	(1642, 'owner', '3', 759),
	(1643, 'owner', '3', 760),
	(1644, 'count', '12', 760),
	(1645, 'owner', '3', 761),
	(1646, 'vehId', '430', 761),
	(1647, 'vehName', 'ae86', 761),
	(1648, 'owner', '3', 762),
	(1649, 'vehId', '431', 762),
	(1650, 'vehName', 'bmwe28', 762),
	(1651, 'owner', '3', 763),
	(1652, 'vehId', '432', 763),
	(1653, 'vehName', 'shotaro', 763),
	(1654, 'sex', '1', 764),
	(1655, 'variation', '7', 764),
	(1656, 'texture', '0', 764),
	(1657, 'clime', '[-20,30]', 764),
	(1658, 'name', 'Шмотка 8', 764),
	(1659, 'weaponHash', '324215364', 765),
	(1660, 'owner', '3', 765),
	(1661, 'ammo', '101', 765),
	(1662, 'sex', '1', 766),
	(1663, 'variation', '121', 766),
	(1664, 'texture', '0', 766),
	(1665, 'sex', '1', 767),
	(1666, 'variation', '1', 767),
	(1667, 'texture', '6', 767),
	(1668, 'pockets', '[5,5,5,5]', 767),
	(1669, 'clime', '[10,30]', 767),
	(1670, 'name', 'Брюки', 767),
	(1671, 'texture', '0', 769),
	(1672, 'variation', '34', 769),
	(1673, 'sex', '1', 769),
	(1674, 'torso', '0', 769),
	(1675, 'undershirt', '15', 769),
	(1676, 'uTexture', '0', 769),
	(1677, 'name', 'Футболка', 769),
	(1678, 'tTexture', '0', 769),
	(1679, 'sex', '1', 768),
	(1680, 'variation', '9', 768),
	(1681, 'texture', '2', 768),
	(1682, 'clime', '[10,30]', 768),
	(1683, 'pockets', '[5,5,5,5]', 769),
	(1684, 'name', 'Кроссовки', 768),
	(1685, 'clime', '[10,30]', 769),
	(1686, 'owner', '3', 770),
	(1687, 'vehId', '433', 770),
	(1688, 'vehName', 'x6m18', 770),
	(1689, 'thirst', '100', 771),
	(1690, 'satiety', '20', 772),
	(1691, 'thirst', '-5', 772),
	(1692, 'pockets', '[4,4,10,4,7,7,7,7,14,10]', 773),
	(1693, 'texture', '0', 773),
	(1694, 'sex', '1', 773),
	(1695, 'variation', '45', 773),
	(1696, 'litres', '0', 774),
	(1697, 'max', '20', 774),
	(1698, 'sex', '1', 782),
	(1699, 'variation', '1', 782),
	(1700, 'tTexture', '0', 782),
	(1701, 'torso', '0', 782),
	(1702, 'pockets', '[5,5,5,5]', 782),
	(1703, 'uTexture', '0', 782),
	(1704, 'sex', '1', 780),
	(1705, 'undershirt', '15', 782),
	(1706, 'name', 'Футболка', 782),
	(1707, 'texture', '0', 782),
	(1708, 'texture', '0', 780),
	(1709, 'name', 'Брюки', 780),
	(1710, 'variation', '5', 780),
	(1711, 'clime', '[10,30]', 780),
	(1712, 'texture', '2', 781),
	(1713, 'sex', '1', 781),
	(1714, 'pockets', '[5,5,5,5]', 780),
	(1715, 'variation', '1', 781),
	(1716, 'clime', '[10,30]', 782),
	(1717, 'name', 'Кроссовки', 781),
	(1718, 'clime', '[10,30]', 781),
	(1719, 'thirst', '100', 783),
	(1720, 'thirst', '100', 784),
	(1721, 'satiety', '20', 785),
	(1722, 'thirst', '-5', 785),
	(1723, 'thirst', '-5', 786),
	(1724, 'satiety', '20', 786),
	(1725, 'satiety', '20', 787),
	(1726, 'thirst', '-5', 787),
	(1727, 'satiety', '20', 788),
	(1728, 'thirst', '-5', 788),
	(1729, 'satiety', '20', 789),
	(1730, 'thirst', '-5', 789),
	(1731, 'owner', '14', 790),
	(1732, 'vehId', '434', 790),
	(1733, 'vehName', 'bmwe39', 790),
	(1734, 'satiety', '60', 800),
	(1735, 'thirst', '-10', 800),
	(1736, 'satiety', '60', 801),
	(1737, 'thirst', '-10', 801),
	(1738, 'satiety', '60', 802),
	(1739, 'thirst', '-10', 802),
	(1740, 'thirst', '50', 803),
	(1741, 'satiety', '30', 804),
	(1742, 'thirst', '-5', 804),
	(1743, 'satiety', '50', 805),
	(1744, 'thirst', '-5', 805),
	(1745, 'thirst', '50', 806),
	(1746, 'thirst', '50', 807),
	(1747, 'thirst', '50', 808),
	(1748, 'owner', '3', 809),
	(1749, 'vehId', '435', 809),
	(1750, 'vehName', 'Acura SX', 809),
	(1751, 'variation', '1', 811),
	(1752, 'texture', '0', 811),
	(1753, 'tTexture', '0', 811),
	(1754, 'sex', '1', 811),
	(1755, 'uTexture', '0', 811),
	(1756, 'pockets', '[5,5,5,5]', 811),
	(1757, 'torso', '0', 811),
	(1758, 'undershirt', '15', 811),
	(1759, 'name', 'Футболка', 811),
	(1760, 'texture', '6', 810),
	(1761, 'clime', '[10,30]', 812),
	(1762, 'clime', '[10,30]', 811),
	(1763, 'name', 'Кроссовки', 812),
	(1764, 'variation', '1', 812),
	(1765, 'sex', '1', 812),
	(1766, 'texture', '2', 812),
	(1767, 'name', 'Брюки', 810),
	(1768, 'variation', '1', 810),
	(1769, 'clime', '[10,30]', 810),
	(1770, 'pockets', '[5,5,5,5]', 810),
	(1771, 'sex', '1', 810),
	(1772, 'owner', '3', 813),
	(1773, 'vehId', '436', 813),
	(1774, 'vehName', 'veneno', 813),
	(1775, 'sex', '1', 814),
	(1776, 'texture', '0', 814),
	(1777, 'variation', '53', 814),
	(1778, 'name', 'Шмотка 54', 814),
	(1779, 'torso', '0', 814),
	(1780, 'undershirt', '57', 814),
	(1781, 'uTexture', '0', 814),
	(1782, 'clime', '[5,30]', 814),
	(1783, 'pockets', '[5,5,5,5]', 814),
	(1784, 'variation', '42', 815),
	(1785, 'texture', '0', 815),
	(1786, 'name', 'Шмотка 43', 815),
	(1787, 'clime', '[-15,30]', 815),
	(1788, 'pockets', '[5,5,5,5]', 815),
	(1789, 'sex', '1', 815),
	(1790, 'sex', '1', 816),
	(1791, 'variation', '69', 816),
	(1792, 'texture', '0', 816),
	(1793, 'name', 'Шмотка 68', 816),
	(1794, 'clime', '[-20,30]', 816),
	(1795, 'owner', '3', 817),
	(1796, 'vehId', '437', 817),
	(1797, 'vehName', 'bnr34', 817),
	(1798, 'variation', '42', 818),
	(1799, 'texture', '0', 818),
	(1800, 'clime', '[-15,30]', 818),
	(1801, 'pockets', '[5,5,5,5]', 818),
	(1802, 'name', 'Шмотка 43', 818),
	(1803, 'sex', '1', 818),
	(1804, 'sex', '1', 819),
	(1805, 'texture', '0', 819),
	(1806, 'variation', '53', 819),
	(1807, 'undershirt', '57', 819),
	(1808, 'name', 'Шмотка 54', 819),
	(1809, 'torso', '0', 819),
	(1810, 'uTexture', '0', 819),
	(1811, 'clime', '[5,30]', 819),
	(1812, 'pockets', '[5,5,5,5]', 819),
	(1813, 'name', 'Шмотка 70', 820),
	(1814, 'pockets', '[5,5,5,5]', 820),
	(1815, 'clime', '[-15,30]', 820),
	(1816, 'sex', '1', 820),
	(1817, 'variation', '69', 820),
	(1818, 'texture', '0', 820),
	(1819, 'sex', '1', 821),
	(1820, 'variation', '126', 821),
	(1821, 'texture', '0', 821),
	(1822, 'vehId', '366', 822),
	(1823, 'owner', '3', 822),
	(1824, 'vehName', 's15', 822),
	(1825, 'owner', '3', 823),
	(1826, 'vehId', '372', 823),
	(1827, 'vehName', 'gemera', 823),
	(1828, 'owner', '3', 824),
	(1829, 'vehName', 'chiron', 824),
	(1830, 'vehId', '373', 824),
	(1831, 'owner', '3', 825),
	(1832, 'vehId', '374', 825),
	(1833, 'vehName', 'bmwg05', 825),
	(1834, 'variation', '12', 827),
	(1835, 'texture', '1', 827),
	(1836, 'health', '100', 827),
	(1837, 'pockets', '[3,3,3,3,3,3,3,3,10,5,3,5,10,3,3,3]', 827),
	(1838, 'sex', '1', 827),
	(1839, 'owner', '13', 828),
	(1840, 'vehId', '438', 828),
	(1841, 'vehName', 'zl', 828),
	(1842, 'health', '73', 829),
	(1843, 'vehId', '439', 833),
	(1844, 'owner', '3', 833),
	(1845, 'vehName', 'vectre', 833),
	(1846, 'count', '12', 834),
	(1847, 'owner', '3', 834),
	(1848, 'count', '12', 835),
	(1849, 'owner', '3', 835),
	(1850, 'owner', '3', 836),
	(1851, 'count', '12', 836),
	(1852, 'owner', '3', 837),
	(1853, 'count', '12', 837),
	(1854, 'weaponHash', '324215364', 838),
	(1855, 'ammo', '0', 838),
	(1856, 'owner', '3', 838),
	(1857, 'sex', '1', 839),
	(1858, 'texture', '0', 839),
	(1859, 'variation', '0', 839),
	(1860, 'name', 'Часы', 839),
	(1861, 'sex', '1', 840),
	(1862, 'variation', '0', 840),
	(1863, 'name', 'Часы', 840),
	(1864, 'texture', '0', 840),
	(1865, 'sex', '1', 841),
	(1866, 'variation', '0', 841),
	(1867, 'name', 'Часы', 841),
	(1868, 'texture', '0', 841),
	(1869, 'sex', '1', 842),
	(1870, 'variation', '0', 842),
	(1871, 'texture', '0', 842),
	(1872, 'name', 'Часы', 842),
	(1873, 'sex', '1', 843),
	(1874, 'variation', '0', 843),
	(1875, 'texture', '0', 843),
	(1876, 'name', 'Часы', 843),
	(1877, 'sex', '1', 844),
	(1878, 'variation', '0', 844),
	(1879, 'name', 'Часы', 844),
	(1880, 'texture', '0', 844),
	(1881, 'sex', '1', 845),
	(1882, 'variation', '0', 845),
	(1883, 'texture', '0', 845),
	(1884, 'name', 'Часы', 845),
	(1885, 'sex', '1', 846),
	(1886, 'variation', '0', 846),
	(1887, 'texture', '0', 846),
	(1888, 'name', 'Часы', 846),
	(1889, 'sex', '1', 847),
	(1890, 'variation', '0', 847),
	(1891, 'texture', '0', 847),
	(1892, 'name', 'Часы', 847),
	(1893, 'sex', '1', 848),
	(1894, 'variation', '0', 848),
	(1895, 'texture', '0', 848),
	(1896, 'name', 'Часы', 848),
	(1897, 'sex', '1', 849),
	(1898, 'variation', '0', 849),
	(1899, 'texture', '0', 849),
	(1900, 'name', 'Часы', 849),
	(1901, 'sex', '1', 850),
	(1902, 'variation', '0', 850),
	(1903, 'texture', '0', 850),
	(1904, 'name', 'Часы', 850),
	(1905, 'sex', '1', 851),
	(1906, 'variation', '0', 851),
	(1907, 'texture', '0', 851),
	(1908, 'name', 'Часы', 851),
	(1909, 'sex', '1', 852),
	(1910, 'variation', '0', 852),
	(1911, 'texture', '0', 852),
	(1912, 'name', 'Часы', 852),
	(1913, 'sex', '1', 853),
	(1914, 'variation', '0', 853),
	(1915, 'texture', '0', 853),
	(1916, 'name', 'Часы', 853),
	(1917, 'sex', '1', 854),
	(1918, 'variation', '0', 854),
	(1919, 'texture', '0', 854),
	(1920, 'name', 'Часы', 854),
	(1921, 'sex', '1', 855),
	(1922, 'variation', '0', 855),
	(1923, 'name', 'Часы', 855),
	(1924, 'texture', '0', 855),
	(1925, 'sex', '1', 856),
	(1926, 'variation', '0', 856),
	(1927, 'texture', '0', 856),
	(1928, 'name', 'Часы', 856),
	(1929, 'sex', '1', 857),
	(1930, 'variation', '0', 857),
	(1931, 'texture', '0', 857),
	(1932, 'name', 'Часы', 857),
	(1933, 'sex', '1', 858),
	(1934, 'variation', '0', 858),
	(1935, 'name', 'Часы', 858),
	(1936, 'texture', '0', 858),
	(1937, 'sex', '1', 859),
	(1938, 'variation', '0', 859),
	(1939, 'texture', '0', 859),
	(1940, 'name', 'Часы', 859),
	(1941, 'sex', '1', 860),
	(1942, 'variation', '0', 860),
	(1943, 'texture', '0', 860),
	(1944, 'name', 'Часы', 860),
	(1945, 'sex', '1', 861),
	(1946, 'variation', '0', 861),
	(1947, 'texture', '0', 861),
	(1948, 'name', 'Часы', 861),
	(1949, 'sex', '1', 862),
	(1950, 'variation', '0', 862),
	(1951, 'texture', '0', 862),
	(1952, 'name', 'Часы', 862),
	(1953, 'sex', '1', 863),
	(1954, 'variation', '0', 863),
	(1955, 'texture', '0', 863),
	(1956, 'name', 'Часы', 863),
	(1957, 'sex', '1', 864),
	(1958, 'variation', '0', 864),
	(1959, 'texture', '0', 864),
	(1960, 'name', 'Часы', 864),
	(1961, 'sex', '1', 865),
	(1962, 'variation', '0', 865),
	(1963, 'texture', '0', 865),
	(1964, 'name', 'Часы', 865),
	(1965, 'sex', '1', 866),
	(1966, 'variation', '0', 866),
	(1967, 'texture', '0', 866),
	(1968, 'name', 'Часы', 866),
	(1969, 'sex', '1', 867),
	(1970, 'variation', '0', 867),
	(1971, 'texture', '0', 867),
	(1972, 'name', 'Часы', 867),
	(1973, 'sex', '1', 868),
	(1974, 'variation', '0', 868),
	(1975, 'texture', '0', 868),
	(1976, 'name', 'Часы', 868),
	(1977, 'sex', '1', 869),
	(1978, 'variation', '0', 869),
	(1979, 'texture', '0', 869),
	(1980, 'name', 'Часы', 869),
	(1981, 'sex', '1', 870),
	(1982, 'variation', '0', 870),
	(1983, 'texture', '0', 870),
	(1984, 'name', 'Часы', 870),
	(1985, 'sex', '1', 871),
	(1986, 'variation', '0', 871),
	(1987, 'texture', '0', 871),
	(1988, 'name', 'Часы', 871),
	(1989, 'sex', '1', 872),
	(1990, 'variation', '0', 872),
	(1991, 'texture', '0', 872),
	(1992, 'name', 'Часы', 872),
	(1993, 'sex', '1', 873),
	(1994, 'variation', '0', 873),
	(1995, 'texture', '0', 873),
	(1996, 'name', 'Часы', 873),
	(1997, 'sex', '1', 874),
	(1998, 'variation', '0', 874),
	(1999, 'name', 'Часы', 874),
	(2000, 'texture', '0', 874),
	(2001, 'sex', '1', 875),
	(2002, 'variation', '0', 875),
	(2003, 'texture', '0', 875),
	(2004, 'name', 'Часы', 875),
	(2005, 'health', '78', 878),
	(2006, 'weaponHash', '940833800', 878),
	(2007, 'vehId', '358', 884),
	(2008, 'owner', '3', 884),
	(2009, 'vehName', 'g63 amg ', 884),
	(2010, 'owner', '3', 885),
	(2011, 'vehId', '440', 885),
	(2012, 'vehName', 'mclaren', 885),
	(2013, 'satiety', '20', 886),
	(2014, 'thirst', '-5', 886),
	(2015, 'litres', '9', 887),
	(2016, 'max', '20', 887),
	(2017, 'owner', '3', 888),
	(2018, 'vehId', '441', 888),
	(2019, 'vehName', 'imorgon', 888),
	(2020, 'sex', '1', 891),
	(2021, 'tTexture', '0', 891),
	(2022, 'variation', '34', 891),
	(2023, 'undershirt', '15', 891),
	(2024, 'uTexture', '0', 891),
	(2025, 'clime', '[10,30]', 891),
	(2026, 'sex', '1', 890),
	(2027, 'pockets', '[5,5,5,5]', 891),
	(2028, 'texture', '2', 890),
	(2029, 'name', 'Футболка', 891),
	(2030, 'clime', '[10,30]', 890),
	(2031, 'torso', '0', 891),
	(2032, 'texture', '0', 891),
	(2033, 'clime', '[10,30]', 889),
	(2034, 'variation', '15', 889),
	(2035, 'pockets', '[5,5,5,5]', 889),
	(2036, 'name', 'Шорты', 889),
	(2037, 'sex', '1', 889),
	(2038, 'texture', '3', 889),
	(2039, 'name', 'Кроссовки', 890),
	(2040, 'variation', '9', 890),
	(2041, 'sex', '1', 892),
	(2042, 'variation', '28', 892),
	(2043, 'texture', '0', 892),
	(2044, 'name', 'Шмотка 29', 892),
	(2045, 'torso', '14', 892),
	(2046, 'clime', '[-10,25]', 892),
	(2047, 'undershirt', '3', 892),
	(2048, 'uTexture', '0', 892),
	(2049, 'pockets', '[5,5,5,5]', 892),
	(2050, 'count', '2', 896),
	(2051, 'ammo', '0', 898),
	(2052, 'weaponHash', '1737195953', 898),
	(2053, 'weaponHash', '911657153', 899),
	(2054, 'ammo', '0', 900),
	(2055, 'weaponHash', '1593441988', 900),
	(2056, 'weaponHash', '2210333304', 901),
	(2057, 'ammo', '0', 901),
	(2058, 'count', '10', 902),
	(2059, 'count', '10', 903),
	(2060, 'count', '10', 904),
	(2061, 'count', '10', 905),
	(2062, 'count', '10', 906),
	(2063, 'count', '8', 907),
	(2064, 'count', '8', 908),
	(2065, 'count', '12', 909),
	(2066, 'count', '12', 910),
	(2067, 'count', '12', 911),
	(2068, 'count', '12', 912),
	(2069, 'variation', '117', 913),
	(2070, 'sex', '1', 913),
	(2071, 'texture', '8', 913),
	(2072, 'name', 'Шорты Broker', 913),
	(2073, 'pockets', '[5,4]', 913),
	(2074, 'weaponHash', '2937143193', 914),
	(2075, 'ammo', '0', 914),
	(2076, 'count', '10', 915),
	(2077, 'count', '12', 916),
	(2078, 'count', '12', 917),
	(2079, 'count', '12', 918),
	(2080, 'count', '12', 919),
	(2081, 'count', '12', 920),
	(2082, 'count', '12', 921),
	(2083, 'count', '12', 922),
	(2084, 'count', '20', 923),
	(2085, 'name', 'Redwood', 923),
	(2086, 'name', 'Redwood', 924),
	(2087, 'count', '20', 924),
	(2088, 'count', '30', 925),
	(2089, 'count', '24', 926),
	(2090, 'name', 'Redwood', 927),
	(2091, 'count', '20', 927),
	(2092, 'count', '20', 928),
	(2093, 'name', 'Мохито', 929),
	(2094, 'alcohol', '30', 929),
	(2095, 'health', '99', 930),
	(2096, 'name', 'Кета', 931),
	(2097, 'weight', '46.9', 931),
	(2098, 'satiety', '60', 932),
	(2099, 'thirst', '-10', 932),
	(2100, 'thirst', '50', 933),
	(2101, 'satiety', '50', 934),
	(2102, 'thirst', '-5', 934),
	(2103, 'sex', '1', 935),
	(2104, 'texture', '5', 935),
	(2105, 'variation', '1', 935),
	(2106, 'pockets', '[5,5,5,5]', 935),
	(2107, 'variation', '1', 937),
	(2108, 'torso', '0', 937),
	(2109, 'name', 'Футболка', 937),
	(2110, 'name', 'Брюки', 935),
	(2111, 'sex', '1', 936),
	(2112, 'undershirt', '15', 937),
	(2113, 'tTexture', '0', 937),
	(2114, 'texture', '0', 937),
	(2115, 'sex', '1', 937),
	(2116, 'clime', '[10,30]', 935),
	(2117, 'texture', '2', 936),
	(2118, 'clime', '[10,30]', 937),
	(2119, 'pockets', '[5,5,5,5]', 937),
	(2120, 'uTexture', '0', 937),
	(2121, 'name', 'Кроссовки', 936),
	(2122, 'variation', '9', 936),
	(2123, 'clime', '[10,30]', 936),
	(2124, 'owner', '1', 940),
	(2125, 'vehId', '596', 940),
	(2126, 'vehName', 'Audi RS6 AVANT', 940),
	(2127, 'sex', '1', 941),
	(2128, 'variation', '40', 941),
	(2129, 'texture', '0', 941),
	(2130, 'name', 'Серьги', 941),
	(2131, 'sex', '1', 942),
	(2132, 'variation', '8', 942),
	(2133, 'name', 'Очки', 942),
	(2134, 'texture', '0', 942),
	(2135, 'sex', '1', 943),
	(2136, 'variation', '11', 943),
	(2137, 'texture', '0', 943),
	(2138, 'name', 'Часы', 943),
	(2139, 'sex', '1', 944),
	(2140, 'variation', '37', 944),
	(2141, 'texture', '0', 944),
	(2142, 'name', 'Шапка', 944),
	(2143, 'clime', '[-10,30]', 944),
	(2144, 'sex', '1', 945),
	(2145, 'variation', '13', 945),
	(2146, 'texture', '0', 945),
	(2147, 'name', 'Шмотка 14', 945),
	(2148, 'undershirt', '57', 945),
	(2149, 'torso', '11', 945),
	(2150, 'uTexture', '0', 945),
	(2151, 'clime', '[5,30]', 945),
	(2152, 'pockets', '[5,5,5,5]', 945),
	(2153, 'pockets', '[5,5,5,5]', 946),
	(2154, 'sex', '1', 946),
	(2155, 'clime', '[-15,30]', 946),
	(2156, 'variation', '54', 946),
	(2157, 'name', 'Шмотка 55', 946),
	(2158, 'texture', '0', 946),
	(2159, 'sex', '1', 947),
	(2160, 'variation', '5', 947),
	(2161, 'texture', '0', 947),
	(2162, 'name', 'Шмотка 6', 947),
	(2163, 'clime', '[-20,30]', 947),
	(2164, 'owner', '18', 948),
	(2165, 'vehId', '597', 948),
	(2166, 'vehName', 'feltzer rest', 948),
	(2167, 'owner', '18', 949),
	(2168, 'vehId', '598', 949),
	(2169, 'vehName', 'specter drift series', 949),
	(2170, 'vehId', '599', 950),
	(2171, 'owner', '1', 950),
	(2172, 'vehName', 'ZEEKR001', 950),
	(2173, 'owner', '1', 951),
	(2174, 'vehName', 'Audi RS6 AVANT', 951),
	(2175, 'vehId', '596', 951),
	(2176, 'owner', '18', 952),
	(2177, 'vehId', '600', 952),
	(2178, 'vehName', 'eli', 952),
	(2179, 'owner', '18', 953),
	(2180, 'vehId', '601', 953),
	(2181, 'vehName', 'Batley bliar', 953),
	(2182, 'sex', '1', 954),
	(2183, 'name', 'Маска Casino', 954),
	(2184, 'variation', '156', 954),
	(2185, 'texture', '0', 954),
	(2186, 'owner', '18', 955),
	(2187, 'vehId', '602', 955),
	(2188, 'vehName', 'Genera', 955),
	(2189, 'owner', '18', 956),
	(2190, 'vehId', '603', 956),
	(2191, 'vehName', 'Laksuri', 956),
	(2192, 'sex', '1', 957),
	(2193, 'pockets', '[4,4,10,4,7,7,7,7,14,10]', 957),
	(2194, 'texture', '0', 957),
	(2195, 'variation', '45', 957),
	(2196, 'sex', '1', 958),
	(2197, 'variation', '105', 958),
	(2198, 'texture', '0', 958),
	(2199, 'name', 'Шмотка 106', 958),
	(2200, 'torso', '11', 958),
	(2201, 'undershirt', '57', 958),
	(2202, 'clime', '[5,30]', 958),
	(2203, 'pockets', '[5,5,5,5]', 958),
	(2204, 'uTexture', '0', 958),
	(2205, 'variation', '2', 959),
	(2206, 'name', 'Шмотка 3', 959),
	(2207, 'clime', '[-15,30]', 959),
	(2208, 'pockets', '[5,5,5,5]', 959),
	(2209, 'sex', '1', 959),
	(2210, 'texture', '11', 959),
	(2211, 'sex', '1', 960),
	(2212, 'texture', '0', 960),
	(2213, 'variation', '87', 960),
	(2214, 'sex', '1', 961),
	(2215, 'variation', '74', 961),
	(2216, 'texture', '2', 961),
	(2217, 'name', 'Шмотка 75', 961),
	(2218, 'torso', '14', 961),
	(2219, 'undershirt', '3', 961),
	(2220, 'uTexture', '0', 961),
	(2221, 'clime', '[-10,25]', 961),
	(2222, 'pockets', '[5,5,5,5]', 961),
	(2223, 'count', '2', 962),
	(2224, 'weaponHash', '2640438543', 964),
	(2225, 'ammo', '0', 964),
	(2226, 'count', '12', 965),
	(2227, 'count', '12', 966),
	(2228, 'count', '12', 967),
	(2229, 'count', '12', 968),
	(2230, 'count', '12', 969),
	(2231, 'count', '12', 970),
	(2232, 'count', '12', 971),
	(2233, 'count', '12', 972),
	(2234, 'count', '32', 973),
	(2235, 'count', '24', 974),
	(2236, 'count', '32', 975),
	(2237, 'count', '30', 976),
	(2238, 'owner', '18', 977),
	(2239, 'vehId', '604', 977),
	(2240, 'vehName', 'Gidra 1000', 977),
	(2241, 'weaponHash', '4208062921', 978),
	(2242, 'ammo', '104', 978),
	(2243, 'count', '12', 979),
	(2244, 'count', '12', 980),
	(2245, 'count', '10', 981),
	(2246, 'count', '10', 982),
	(2247, 'count', '10', 983),
	(2248, 'count', '12', 984),
	(2249, 'count', '12', 985),
	(2250, 'count', '12', 986),
	(2251, 'count', '12', 987),
	(2252, 'count', '12', 988),
	(2253, 'count', '12', 989),
	(2254, 'count', '12', 990),
	(2255, 'count', '12', 991),
	(2256, 'count', '12', 992),
	(2257, 'owner', '18', 993),
	(2258, 'vehId', '605', 993),
	(2259, 'vehName', 'Lipsus100', 993),
	(2260, 'sex', '1', 994),
	(2261, 'variation', '1', 994),
	(2262, 'clime', '[10,30]', 994),
	(2263, 'pockets', '[5,5,5,5]', 994),
	(2264, 'sex', '1', 995),
	(2265, 'sex', '1', 996),
	(2266, 'texture', '6', 994),
	(2267, 'name', 'Брюки', 994),
	(2268, 'variation', '1', 995),
	(2269, 'texture', '0', 995),
	(2270, 'torso', '0', 995),
	(2271, 'tTexture', '0', 995),
	(2272, 'undershirt', '15', 995),
	(2273, 'uTexture', '0', 995),
	(2274, 'pockets', '[5,5,5,5]', 995),
	(2275, 'clime', '[10,30]', 995),
	(2276, 'name', 'Футболка', 995),
	(2277, 'texture', '2', 996),
	(2278, 'variation', '1', 996),
	(2279, 'clime', '[10,30]', 996),
	(2280, 'name', 'Кроссовки', 996),
	(2281, 'satiety', '20', 997),
	(2282, 'thirst', '-5', 997),
	(2283, 'sex', '1', 998),
	(2284, 'pockets', '[4,4,10,4,7,7,7,7,14,10]', 998),
	(2285, 'texture', '0', 998),
	(2286, 'variation', '45', 998),
	(2287, 'litres', '0', 1001),
	(2288, 'max', '20', 1001);

-- Дамп структуры для таблица chaos_db.characterprizes
CREATE TABLE IF NOT EXISTS `characterprizes` (
  `id` int(11) NOT NULL AUTO_INCREMENT,
  `characterId` int(11) NOT NULL,
  `prizeId` int(11) NOT NULL,
  PRIMARY KEY (`id`)
) ENGINE=InnoDB AUTO_INCREMENT=8 DEFAULT CHARSET=utf8 COLLATE=utf8_general_ci;

-- Дамп данных таблицы chaos_db.characterprizes: ~0 rows (приблизительно)

-- Дамп структуры для таблица chaos_db.characters
CREATE TABLE IF NOT EXISTS `characters` (
  `id` int(11) NOT NULL AUTO_INCREMENT,
  `accountId` int(11) NOT NULL,
  `name` varchar(50) NOT NULL,
  `job` int(11) DEFAULT NULL,
  `factionId` int(11) DEFAULT NULL,
  `factionRank` int(11) DEFAULT NULL,
  `cash` int(11) NOT NULL DEFAULT 0,
  `bank` int(11) NOT NULL DEFAULT 0,
  `pay` int(11) NOT NULL DEFAULT 0,
  `x` float NOT NULL,
  `y` float NOT NULL,
  `z` float NOT NULL,
  `h` float NOT NULL DEFAULT 0,
  `status` int(11) NOT NULL DEFAULT 0,
  `admin` int(11) NOT NULL DEFAULT 0,
  `warnDate` datetime DEFAULT NULL,
  `warnNumber` int(11) NOT NULL DEFAULT 0,
  `minutes` int(11) NOT NULL DEFAULT 0,
  `creationDate` datetime NOT NULL,
  `carLicense` tinyint(1) NOT NULL DEFAULT 0,
  `passengerLicense` tinyint(1) NOT NULL DEFAULT 0,
  `bikeLicense` tinyint(1) NOT NULL DEFAULT 0,
  `truckLicense` tinyint(1) NOT NULL DEFAULT 0,
  `airLicense` tinyint(1) unsigned NOT NULL DEFAULT 0,
  `boatLicense` tinyint(1) NOT NULL DEFAULT 0,
  `gunLicenseDate` datetime DEFAULT NULL,
  `medCardDate` datetime DEFAULT NULL,
  `gender` int(11) NOT NULL,
  `father` int(11) NOT NULL,
  `mother` int(11) NOT NULL,
  `similarity` int(11) NOT NULL,
  `skin` int(11) NOT NULL,
  `hair` int(11) NOT NULL,
  `hairColor` int(11) NOT NULL,
  `hairHighlightColor` int(11) NOT NULL,
  `eyebrowColor` int(11) NOT NULL,
  `beardColor` int(11) NOT NULL,
  `eyeColor` int(11) NOT NULL,
  `blushColor` int(11) NOT NULL,
  `lipstickColor` int(11) NOT NULL,
  `chestHairColor` int(11) NOT NULL,
  `health` int(11) NOT NULL DEFAULT 100,
  `satiety` float NOT NULL DEFAULT 100,
  `thirst` float NOT NULL DEFAULT 100,
  `narcotism` int(11) NOT NULL DEFAULT 0,
  `nicotine` int(11) NOT NULL DEFAULT 0,
  `craft` int(11) NOT NULL DEFAULT 0,
  `law` int(11) NOT NULL DEFAULT 0,
  `crimes` int(11) NOT NULL DEFAULT 0,
  `wanted` int(11) NOT NULL DEFAULT 0,
  `wantedCause` varchar(255) DEFAULT NULL,
  `arrestTime` int(11) NOT NULL DEFAULT 0,
  `arrestType` tinyint(1) NOT NULL DEFAULT 0,
  `muteTime` int(11) NOT NULL DEFAULT 0,
  `inviterId` int(11) DEFAULT NULL,
  `inviteCompleted` tinyint(1) NOT NULL DEFAULT 0,
  `completeQuest` varchar(1024) NOT NULL DEFAULT '[]',
  `activeQuest` varchar(50) NOT NULL DEFAULT '[]',
  `processQuest` varchar(2048) NOT NULL DEFAULT '[]',
  `processLogicQuest` varchar(4096) NOT NULL DEFAULT '[]',
  `completePrizeQuest` varchar(1024) NOT NULL DEFAULT '[]',
  `casinoChips` int(11) NOT NULL,
  `lastLuckyWheelRoll` datetime DEFAULT NULL,
  `lastTurnik` datetime DEFAULT NULL,
  `gexp` int(11) NOT NULL DEFAULT 0,
  `mainLVL` int(11) DEFAULT NULL,
  `hoursXP` int(11) DEFAULT NULL,
  PRIMARY KEY (`id`),
  KEY `accountId` (`accountId`),
  KEY `job` (`job`),
  KEY `inviterId` (`inviterId`),
  KEY `characters_ibfk_3` (`factionId`),
  KEY `characters_ibfk_4` (`factionRank`),
  CONSTRAINT `characters_ibfk_1` FOREIGN KEY (`accountId`) REFERENCES `accounts` (`id`) ON DELETE NO ACTION ON UPDATE CASCADE,
  CONSTRAINT `characters_ibfk_2` FOREIGN KEY (`job`) REFERENCES `jobs` (`id`),
  CONSTRAINT `characters_ibfk_3` FOREIGN KEY (`factionId`) REFERENCES `factions` (`id`),
  CONSTRAINT `characters_ibfk_4` FOREIGN KEY (`factionRank`) REFERENCES `factionranks` (`id`),
  CONSTRAINT `characters_ibfk_5` FOREIGN KEY (`inviterId`) REFERENCES `characters` (`id`) ON DELETE SET NULL ON UPDATE CASCADE
) ENGINE=InnoDB AUTO_INCREMENT=20 DEFAULT CHARSET=utf8 COLLATE=utf8_general_ci;

-- Дамп данных таблицы chaos_db.characters: ~0 rows (приблизительно)

-- Дамп структуры для таблица chaos_db.charactersettings
CREATE TABLE IF NOT EXISTS `charactersettings` (
  `id` int(11) NOT NULL AUTO_INCREMENT,
  `characterId` int(11) NOT NULL,
  `spawn` int(11) NOT NULL DEFAULT 0,
  `chatTimestamp` tinyint(1) NOT NULL DEFAULT 0,
  `chatSize` tinyint(1) NOT NULL DEFAULT 1,
  `nicknames` tinyint(1) NOT NULL DEFAULT 1,
  `hudKeys` tinyint(1) NOT NULL DEFAULT 1,
  `ghetto` tinyint(1) NOT NULL DEFAULT 1,
  `walking` int(11) NOT NULL DEFAULT 0,
  `mood` int(11) NOT NULL DEFAULT 0,
  PRIMARY KEY (`id`),
  KEY `characterId` (`characterId`),
  CONSTRAINT `charactersettings_ibfk_1` FOREIGN KEY (`characterId`) REFERENCES `characters` (`id`) ON DELETE CASCADE ON UPDATE CASCADE
) ENGINE=InnoDB AUTO_INCREMENT=20 DEFAULT CHARSET=utf8 COLLATE=utf8_general_ci;

-- Дамп данных таблицы chaos_db.charactersettings: ~18 rows (приблизительно)
INSERT INTO `charactersettings` (`id`, `characterId`, `spawn`, `chatTimestamp`, `chatSize`, `nicknames`, `hudKeys`, `ghetto`, `walking`, `mood`) VALUES
	(1, 1, 1, 0, 1, 1, 1, 1, 1, 2),
	(2, 2, 0, 0, 1, 1, 1, 1, 0, 0),
	(3, 3, 2, 0, 1, 1, 1, 1, 4, 4),
	(4, 4, 0, 0, 1, 1, 1, 1, 0, 0),
	(5, 5, 0, 0, 1, 1, 1, 1, 0, 0),
	(6, 6, 0, 0, 1, 1, 1, 1, 0, 0),
	(7, 7, 0, 0, 1, 1, 1, 1, 0, 0),
	(8, 8, 0, 0, 1, 1, 1, 1, 0, 0),
	(9, 9, 0, 0, 1, 1, 1, 1, 0, 0),
	(10, 10, 0, 0, 1, 1, 1, 1, 0, 0),
	(11, 11, 0, 0, 1, 1, 1, 1, 0, 0),
	(12, 12, 1, 1, 1, 1, 1, 1, 2, 0),
	(13, 13, 1, 0, 0, 1, 1, 1, 0, 0),
	(14, 14, 1, 0, 1, 1, 1, 1, 0, 0),
	(15, 15, 0, 0, 1, 1, 1, 1, 0, 0),
	(16, 16, 0, 0, 1, 1, 1, 1, 0, 0),
	(17, 17, 0, 0, 1, 1, 1, 1, 1, 0),
	(18, 18, 0, 0, 1, 1, 1, 1, 0, 0);

-- Дамп структуры для таблица chaos_db.charactertattoos
CREATE TABLE IF NOT EXISTS `charactertattoos` (
  `id` int(11) NOT NULL AUTO_INCREMENT,
  `characterId` int(11) NOT NULL,
  `name` varchar(255) NOT NULL,
  `collection` varchar(255) NOT NULL,
  `hashName` varchar(255) NOT NULL,
  `zoneId` int(11) NOT NULL,
  PRIMARY KEY (`id`),
  KEY `characterId` (`characterId`),
  CONSTRAINT `charactertattoos_ibfk_1` FOREIGN KEY (`characterId`) REFERENCES `characters` (`id`) ON DELETE CASCADE ON UPDATE CASCADE
) ENGINE=InnoDB AUTO_INCREMENT=22 DEFAULT CHARSET=utf8 COLLATE=utf8_general_ci;

-- Дамп данных таблицы chaos_db.charactertattoos: ~19 rows (приблизительно)
INSERT INTO `charactertattoos` (`id`, `characterId`, `name`, `collection`, `hashName`, `zoneId`) VALUES
	(1, 3, 'TAT_BB_022', 'mpbeach_overlays', 'MP_Bea_M_Head_001', 1),
	(2, 3, 'TAT_BI_011', 'mpbiker_overlays', 'MP_MP_Biker_Tat_011_M', 0),
	(3, 3, 'TAT_BI_014', 'mpbiker_overlays', 'MP_MP_Biker_Tat_014_M', 3),
	(4, 3, 'TAT_BI_042', 'mpbiker_overlays', 'MP_MP_Biker_Tat_042_M', 3),
	(5, 3, 'TAT_BUS_004', 'mpbusiness_overlays', 'MP_Buis_M_LeftArm_001', 2),
	(6, 3, 'TAT_HP_003', 'mphipster_overlays', 'FM_Hip_M_Tat_003', 2),
	(7, 3, 'TAT_S1_005', 'mplowrider_overlays', 'MP_LR_Tat_005_M', 2),
	(8, 3, 'TAT_L2_018', 'mpluxe2_overlays', 'MP_LUXE_TAT_018_M', 2),
	(9, 3, 'TAT_BI_004', 'mpbiker_overlays', 'MP_MP_Biker_Tat_004_M', 5),
	(10, 3, 'TAT_ST_007', 'mpstunt_overlays', 'MP_MP_Stunt_tat_007_M', 4),
	(11, 3, 'TAT_FM_017', 'multiplayer_overlays', 'FM_Tat_Award_M_009', 4),
	(12, 3, 'TAT_GR_007', 'mpgunrunning_overlays', 'MP_Gunrunning_Tattoo_007_M', 4),
	(15, 3, 'TAT_GR_010', 'mpgunrunning_overlays', 'MP_Gunrunning_Tattoo_010_M', 0),
	(16, 3, 'TAT_GR_017', 'mpgunrunning_overlays', 'MP_Gunrunning_Tattoo_017_M', 0),
	(17, 3, 'TAT_GR_020', 'mpgunrunning_overlays', 'MP_Gunrunning_Tattoo_020_M', 0),
	(18, 13, 'TAT_BI_014', 'mpbiker_overlays', 'MP_MP_Biker_Tat_014_M', 3),
	(19, 13, 'TAT_S2_030', 'mplowrider2_overlays', 'MP_LR_Tat_030_M', 5),
	(20, 13, 'TAT_X2_002', 'mpchristmas2_overlays', 'MP_Xmas2_M_Tat_002', 4),
	(21, 13, 'TAT_AR_003', 'mpairraces_overlays', 'MP_Airraces_Tattoo_003_M', 2);

-- Дамп структуры для таблица chaos_db.chargestations
CREATE TABLE IF NOT EXISTS `chargestations` (
  `id` int(11) NOT NULL AUTO_INCREMENT,
  `name` varchar(255) NOT NULL,
  `bizId` int(11) DEFAULT NULL,
  `x` float NOT NULL DEFAULT 100,
  `y` float NOT NULL DEFAULT 100,
  `z` float NOT NULL DEFAULT 100,
  `chargePrice` int(11) NOT NULL DEFAULT 3,
  PRIMARY KEY (`id`),
  KEY `chargestations_ibfk_1` (`bizId`),
  CONSTRAINT `chargestations_ibfk_1` FOREIGN KEY (`bizId`) REFERENCES `bizs` (`id`) ON DELETE SET NULL ON UPDATE CASCADE
) ENGINE=InnoDB AUTO_INCREMENT=8 DEFAULT CHARSET=utf8 COLLATE=utf8_general_ci;

-- Дамп данных таблицы chaos_db.chargestations: ~7 rows (приблизительно)
INSERT INTO `chargestations` (`id`, `name`, `bizId`, `x`, `y`, `z`, `chargePrice`) VALUES
	(1, 'Станция зарядки', 31, 829.72, -1028.42, 26.69, 15),
	(2, 'Станция зарядки', 96, 1213.88, -1407.64, 35.08, 15),
	(3, 'Станция зарядки', 97, 609.63, 268.8, 103.09, 15),
	(4, 'Станция зарядки', 98, -1435.26, -267.29, 46.21, 15),
	(5, 'Станция зарядки', 99, -2554.63, 2323.36, 33.06, 15),
	(6, 'Станция зарядки', 100, 168.96, 6601.13, 31.85, 15),
	(7, 'Станция зарядки', 101, 2570.46, 362.22, 108.46, 15);

-- Дамп структуры для таблица chaos_db.cinemas
CREATE TABLE IF NOT EXISTS `cinemas` (
  `id` int(11) NOT NULL AUTO_INCREMENT,
  `name` varchar(30) NOT NULL DEFAULT 'Кинотеатр',
  `x` float NOT NULL DEFAULT 0,
  `y` float NOT NULL DEFAULT 0,
  `z` float NOT NULL DEFAULT 0,
  `d` int(11) NOT NULL DEFAULT 0,
  PRIMARY KEY (`id`)
) ENGINE=InnoDB AUTO_INCREMENT=5 DEFAULT CHARSET=utf8 COLLATE=utf8_general_ci;

-- Дамп данных таблицы chaos_db.cinemas: ~4 rows (приблизительно)
INSERT INTO `cinemas` (`id`, `name`, `x`, `y`, `z`, `d`) VALUES
	(1, 'Morningwood', -1423.41, -215.29, 46.5, 100),
	(2, 'Textile', 394.17, -711.79, 29.28, 101),
	(3, 'Vinewood', 337.05, 177.19, 103.15, 102),
	(4, 'New center', -480.77, -402.02, 34.55, 103);

-- Дамп структуры для таблица chaos_db.clothesbracelets
CREATE TABLE IF NOT EXISTS `clothesbracelets` (
  `id` int(11) NOT NULL AUTO_INCREMENT,
  `name` varchar(30) NOT NULL DEFAULT 'Браслет',
  `variation` int(11) NOT NULL,
  `price` int(11) NOT NULL DEFAULT 100,
  `textures` varchar(128) NOT NULL DEFAULT '[0]',
  `sex` tinyint(1) NOT NULL DEFAULT 1,
  `class` int(11) NOT NULL DEFAULT 1,
  PRIMARY KEY (`id`)
) ENGINE=InnoDB AUTO_INCREMENT=26 DEFAULT CHARSET=utf8 COLLATE=utf8_general_ci;

-- Дамп данных таблицы chaos_db.clothesbracelets: ~25 rows (приблизительно)
INSERT INTO `clothesbracelets` (`id`, `name`, `variation`, `price`, `textures`, `sex`, `class`) VALUES
	(1, 'Браслет', 0, 100, '[0]', 1, 1),
	(2, 'Браслет', 1, 100, '[0]', 1, 1),
	(3, 'Браслет', 2, 100, '[0]', 1, 2),
	(4, 'Браслет', 3, 100, '[0]', 1, 2),
	(5, 'Браслет', 4, 100, '[0]', 1, 3),
	(6, 'Браслет', 5, 100, '[0]', 1, 3),
	(7, 'Браслет', 6, 100, '[0]', 1, 1),
	(8, 'Браслет', 7, 100, '[0]', 1, 2),
	(9, 'Браслет', 8, 100, '[0]', 1, 1),
	(10, 'Браслет', 0, 100, '[0]', 0, 3),
	(11, 'Браслет', 1, 100, '[0]', 0, 3),
	(12, 'Браслет', 2, 100, '[0]', 0, 3),
	(13, 'Браслет', 3, 100, '[0]', 0, 3),
	(14, 'Браслет', 4, 100, '[0]', 0, 3),
	(15, 'Браслет', 5, 100, '[0]', 0, 2),
	(16, 'Браслет', 6, 100, '[0]', 0, 2),
	(17, 'Браслет', 7, 100, '[0]', 0, 1),
	(18, 'Браслет', 8, 100, '[0]', 0, 1),
	(19, 'Браслет', 9, 100, '[0]', 0, 2),
	(20, 'Браслет', 10, 100, '[0]', 0, 1),
	(21, 'Браслет', 11, 100, '[0]', 0, 2),
	(22, 'Браслет', 14, 100, '[0]', 0, 2),
	(23, 'Браслет', 12, 100, '[0]', 0, 3),
	(24, 'Браслет', 13, 100, '[0]', 0, 1),
	(25, 'Браслет', 15, 100, '[0]', 0, 1);

-- Дамп структуры для таблица chaos_db.clothesears
CREATE TABLE IF NOT EXISTS `clothesears` (
  `id` int(11) NOT NULL AUTO_INCREMENT,
  `name` varchar(30) NOT NULL DEFAULT 'Серьги',
  `variation` int(11) NOT NULL,
  `price` int(11) NOT NULL DEFAULT 100,
  `textures` varchar(128) NOT NULL DEFAULT '[0]',
  `sex` tinyint(1) NOT NULL DEFAULT 1,
  `class` int(11) NOT NULL DEFAULT 1,
  PRIMARY KEY (`id`)
) ENGINE=InnoDB AUTO_INCREMENT=30 DEFAULT CHARSET=utf8 COLLATE=utf8_general_ci;

-- Дамп данных таблицы chaos_db.clothesears: ~29 rows (приблизительно)
INSERT INTO `clothesears` (`id`, `name`, `variation`, `price`, `textures`, `sex`, `class`) VALUES
	(1, 'Серьги', 4, 100, '[0]', 1, 1),
	(2, 'Серьги', 7, 100, '[0]', 1, 1),
	(3, 'Серьги', 10, 100, '[0]', 1, 1),
	(4, 'Серьги', 13, 100, '[0]', 1, 3),
	(5, 'Серьги', 17, 100, '[0]', 1, 1),
	(6, 'Серьги', 19, 100, '[0]', 1, 3),
	(7, 'Серьги', 28, 100, '[0]', 1, 1),
	(8, 'Серьги', 32, 100, '[0]', 1, 3),
	(9, 'Серьги', 37, 100, '[0]', 1, 2),
	(10, 'Серьги', 38, 100, '[0]', 1, 2),
	(11, 'Серьги', 39, 100, '[0]', 1, 2),
	(12, 'Серьги', 40, 100, '[0]', 1, 2),
	(13, 'Серьги', 3, 100, '[0]', 0, 1),
	(14, 'Серьги', 4, 100, '[0]', 0, 1),
	(15, 'Серьги', 5, 100, '[0]', 0, 2),
	(16, 'Серьги', 6, 100, '[0]', 0, 2),
	(17, 'Серьги', 7, 100, '[0]', 0, 2),
	(18, 'Серьги', 8, 100, '[0]', 0, 2),
	(19, 'Серьги', 9, 100, '[0]', 0, 3),
	(20, 'Серьги', 10, 100, '[0]', 0, 3),
	(21, 'Серьги', 11, 100, '[0]', 0, 3),
	(22, 'Серьги', 12, 100, '[0]', 0, 3),
	(23, 'Серьги', 13, 100, '[0]', 0, 1),
	(24, 'Серьги', 16, 100, '[0]', 0, 1),
	(25, 'Серьги', 17, 100, '[0]', 0, 1),
	(26, 'Серьги', 18, 100, '[0]', 0, 3),
	(27, 'Серьги', 19, 100, '[0]', 0, 1),
	(28, 'Серьги', 20, 100, '[0]', 0, 1),
	(29, 'Серьги', 21, 100, '[0]', 0, 1);

-- Дамп структуры для таблица chaos_db.clothesglasses
CREATE TABLE IF NOT EXISTS `clothesglasses` (
  `id` int(11) NOT NULL AUTO_INCREMENT,
  `name` varchar(30) NOT NULL,
  `variation` int(11) NOT NULL,
  `price` int(11) NOT NULL,
  `textures` varchar(128) NOT NULL,
  `sex` tinyint(1) NOT NULL,
  `class` int(11) NOT NULL DEFAULT 1,
  PRIMARY KEY (`id`)
) ENGINE=InnoDB AUTO_INCREMENT=57 DEFAULT CHARSET=utf8 COLLATE=utf8_general_ci;

-- Дамп данных таблицы chaos_db.clothesglasses: ~51 rows (приблизительно)
INSERT INTO `clothesglasses` (`id`, `name`, `variation`, `price`, `textures`, `sex`, `class`) VALUES
	(2, 'Очки', 1, 15, '[1]', 1, 2),
	(3, 'Очки', 2, 20, '[0,1,2,3,4,5,6,7,8,9,10]', 1, 1),
	(4, 'Очки', 3, 70, '[0,1,2,3,4,5,6,7,8,9,10]', 1, 1),
	(5, 'Очки', 4, 90, '[0,1,2,3,4,5,6,7,8,9,10]', 1, 1),
	(6, 'Очки', 5, 120, '[0,1,2,3,4,5,6,7,8,9,10]', 1, 2),
	(8, 'Очки', 7, 60, '[0,1,2,3,4,5,6,7,8,9,10]', 1, 1),
	(9, 'Очки', 8, 100, '[0,1,2,3,4,5,6,7,8,9,10]', 1, 2),
	(10, 'Очки', 9, 30, '[0,1,2,3,4,5,6,7,8,9,10]', 1, 2),
	(11, 'Очки', 10, 250, '[0,1,2,3,4,5,6,7,8,9,10]', 1, 2),
	(13, 'Очки', 12, 30, '[0,1,2,3,4,5,6,7,8,9,10]', 1, 3),
	(14, 'Очки', 13, 30, '[0,1,2,3,4,5,6,7,8,9,10]', 1, 3),
	(16, 'Очки', 15, 30, '[0,1,2,3,4,5,6,7,8,9,10]', 1, 2),
	(17, 'Очки', 16, 30, '[0,1,2,3,4,5,6,7,8,9,10]', 1, 2),
	(18, 'Очки', 17, 200, '[0,1,2,3,4,5,6,7,8,9,10]', 1, 3),
	(19, 'Очки', 18, 135, '[0,1,2,3,4,5,6,7,8,9,10]', 1, 3),
	(20, 'Очки', 19, 180, '[0,1,2,3,4,5,6,7,8,9,10]', 1, 3),
	(21, 'Очки', 20, 10, '[0,1,2,3,4,5,6,7,8,9,10]', 1, 2),
	(22, 'Очки', 21, 50, '[0]', 1, 2),
	(23, 'Очки', 22, 50, '[0]', 1, 3),
	(24, 'Очки', 23, 30, '[0,1,2,3,4,5,6,7,8,9]', 1, 3),
	(25, 'Очки', 24, 200, '[0,1,2,3,4,5]', 1, 2),
	(26, 'Очки', 25, 170, '[0,1,2,3,4,5,6,7]', 1, 2),
	(28, 'Очки', 0, 38, '[0,1,2,3,4,5,6,7,8,9,10,11,12,13,14,15,16,17,18,19,20]', 0, 3),
	(29, 'Очки', 1, 40, '[0,1,2,3,4,5,6,7,8,9,10,11,12,13,14,15,16,17,18,19,20]', 0, 3),
	(30, 'Очки', 2, 40, '[0,1,2,3,4,5,6,7,8,9,10,11,12,13,14,15,16,17,18,19,20]', 0, 3),
	(31, 'Очки', 3, 420, '[0,1,2,3,4,5,6,7,8,9,10,11,12,13,14,15,16,17,18,19,20]', 0, 3),
	(32, 'Очки', 4, 400, '[0,1,2,3,4,5,6,7,8,9,10,11,12,13,14,15,16,17,18,19,20]', 0, 3),
	(33, 'Очки', 5, 10000000, '[0,1,2,3,4,5,6,7,8,9,10,11,12,13,14,15,16,17,18,19,20]', 0, 3),
	(34, 'Очки', 6, 550, '[0,1,2,3,4,5,6,7,8,9,10,11,12,13,14,15,16,17,18,19,20]', 0, 3),
	(35, 'Очки', 7, 500, '[0,1,2,3,4,5,6,7,8,9,10,11,12,13,14,15,16,17,18,19,20]', 0, 3),
	(36, 'Очки', 8, 400, '[0,1,2,3,4,5,6,7,8,9,10,11,12,13,14,15,16,17,18,19,20]', 0, 3),
	(37, 'Очки', 9, 400, '[0,1,2,3,4,5,6,7,8,9,10,11,12,13,14,15,16,17,18,19,20]', 0, 3),
	(38, 'Очки', 10, 360, '[0,1,2,3,4,5,6,7,8,9,10,11,12,13,14,15,16,17,18,19,20]', 0, 3),
	(39, 'Очки', 11, 380, '[0,1,2,3,4,5,6,7,8,9,10,11,12,13,14,15,16,17,18,19,20]', 0, 3),
	(40, 'Очки', 12, 1000000, '[0,1,2,3,4,5,6,7,8,9,10,11,12,13,14,15,16,17,18,19,20]', 0, 3),
	(41, 'Очки', 13, 1000000, '[0,1,2,3,4,5,6,7,8,9,10,11,12,13,14,15,16,17,18,19,20]', 0, 3),
	(42, 'Очки', 14, 580, '[0,1,2,3,4,5,6,7,8,9,10,11,12,13,14,15,16,17,18,19,20]', 0, 3),
	(43, 'Очки', 15, 1000000, '[0,1,2,3,4,5,6,7,8,9,10,11,12,13,14,15,16,17,18,19,20]', 0, 3),
	(44, 'Очки', 16, 550, '[0,1,2,3,4,5,6,7,8,9,10,11,12,13,14,15,16,17,18,19,20]', 0, 3),
	(45, 'Очки', 17, 500, '[0,1,2,3,4,5,6,7,8,9,10,11,12,13,14,15,16,17,18,19,20]', 0, 3),
	(46, 'Очки', 18, 380, '[0,1,2,3,4,5,6,7,8,9,10,11,12,13,14,15,16,17,18,19,20]', 0, 3),
	(47, 'Очки', 19, 380, '[0,1,2,3,4,5,6,7,8,9,10,11,12,13,14,15,16,17,18,19,20]', 0, 3),
	(48, 'Очки', 20, 380, '[0,1,2,3,4,5,6,7,8,9,10,11,12,13,14,15,16,17,18,19,20]', 0, 3),
	(49, 'Очки', 21, 380, '[0,1,2,3,4,5,6,7,8,9,10,11,12,13,14,15,16,17,18,19,20]', 0, 3),
	(50, 'Очки', 22, 150, '[0,1,2,3,4,5,6,7,8,9,10,11,12,13,14,15,16,17,18,19,20]', 0, 3),
	(51, 'Очки', 23, 500, '[0,1,2,3,4,5,6,7,8,9,10,11,12,13,14,15,16,17,18,19,20]', 0, 3),
	(52, 'Очки', 24, 400, '[0,1,2,3,4,5,6,7,8,9,10,11,12,13,14,15,16,17,18,19,20]', 0, 3),
	(53, 'Очки', 25, 300, '[0,1,2,3,4,5,6,7,8,9,10,11,12,13,14,15,16,17,18,19,20]', 0, 3),
	(54, 'Очки', 26, 300, '[0,1,2,3,4,5,6,7,8,9,10,11,12,13,14,15,16,17,18,19,20]', 0, 3),
	(55, 'Очки', 27, 500, '[0,1,2,3,4,5,6,7,8,9,10,11,12,13,14,15,16,17,18,19,20]', 0, 3),
	(56, 'Очки', 28, 500, '[0,1,2,3,4,5,6,7,8,9,10,11,12,13,14,15,16,17,18,19,20]', 0, 3);

-- Дамп структуры для таблица chaos_db.clotheshats
CREATE TABLE IF NOT EXISTS `clotheshats` (
  `id` int(11) NOT NULL AUTO_INCREMENT,
  `name` varchar(30) NOT NULL DEFAULT 'Шапка',
  `variation` int(11) NOT NULL,
  `price` int(11) NOT NULL DEFAULT 100,
  `textures` varchar(128) NOT NULL DEFAULT '[0]',
  `sex` tinyint(1) NOT NULL DEFAULT 1,
  `class` int(11) NOT NULL DEFAULT 1,
  `clime` varchar(20) NOT NULL DEFAULT '[-10,30]',
  PRIMARY KEY (`id`)
) ENGINE=InnoDB AUTO_INCREMENT=44 DEFAULT CHARSET=utf8 COLLATE=utf8_general_ci;

-- Дамп данных таблицы chaos_db.clotheshats: ~43 rows (приблизительно)
INSERT INTO `clotheshats` (`id`, `name`, `variation`, `price`, `textures`, `sex`, `class`, `clime`) VALUES
	(1, 'Шапка', 1, 100, '[0]', 1, 1, '[-10,30]'),
	(2, 'Шапка', 2, 100, '[0]', 1, 1, '[-10,30]'),
	(3, 'Шапка', 4, 100, '[0]', 1, 1, '[-10,30]'),
	(4, 'Шапка', 5, 100, '[0]', 1, 1, '[-10,30]'),
	(5, 'Шапка', 6, 100, '[0]', 1, 1, '[-10,30]'),
	(6, 'Шапка', 7, 100, '[0]', 1, 1, '[-10,30]'),
	(7, 'Шапка', 12, 100, '[0]', 1, 3, '[-10,30]'),
	(8, 'Шапка', 13, 100, '[0]', 1, 3, '[-10,30]'),
	(9, 'Шапка', 14, 100, '[0]', 1, 2, '[-10,30]'),
	(10, 'Шапка', 21, 100, '[0]', 1, 2, '[-10,30]'),
	(11, 'Шапка', 25, 100, '[0]', 1, 3, '[-10,30]'),
	(12, 'Шапка', 26, 100, '[0]', 1, 3, '[-10,30]'),
	(13, 'Шапка', 27, 100, '[0]', 1, 3, '[-10,30]'),
	(14, 'Шапка', 28, 100, '[0]', 1, 2, '[-10,30]'),
	(15, 'Шапка', 30, 100, '[0]', 1, 3, '[-10,30]'),
	(16, 'Шапка', 37, 100, '[0]', 1, 2, '[-10,30]'),
	(17, 'Шапка', 44, 100, '[0]', 1, 1, '[-10,30]'),
	(18, 'Шапка', 45, 100, '[0]', 1, 2, '[-10,30]'),
	(19, 'Шапка', 54, 100, '[0]', 1, 2, '[-10,30]'),
	(20, 'Шапка', 55, 100, '[0]', 1, 2, '[-10,30]'),
	(21, 'Шапка', 6, 100, '[0]', 0, 3, '[-10,30]'),
	(22, 'Шапка', 26, 100, '[0]', 0, 3, '[-10,30]'),
	(23, 'Шапка', 27, 100, '[0]', 0, 3, '[-10,30]'),
	(24, 'Шапка', 61, 100, '[0]', 0, 3, '[-10,30]'),
	(25, 'Шапка', 145, 100, '[0]', 0, 3, '[-10,30]'),
	(26, 'Шапка', 13, 100, '[0]', 0, 2, '[-10,30]'),
	(27, 'Шапка', 14, 100, '[0]', 0, 2, '[-10,30]'),
	(28, 'Шапка', 28, 100, '[0]', 0, 2, '[-10,30]'),
	(29, 'Шапка', 43, 100, '[0]', 0, 2, '[-10,30]'),
	(30, 'Шапка', 53, 100, '[0]', 0, 2, '[-10,30]'),
	(31, 'Шапка', 130, 100, '[0]', 0, 2, '[-10,30]'),
	(32, 'Шапка', 155, 100, '[0]', 0, 2, '[-10,30]'),
	(33, 'Шапка', 5, 100, '[0]', 0, 1, '[-10,30]'),
	(34, 'Шапка', 12, 100, '[0]', 0, 1, '[-10,30]'),
	(35, 'Шапка', 21, 100, '[0]', 0, 1, '[-10,30]'),
	(36, 'Шапка', 40, 100, '[0]', 0, 1, '[-10,30]'),
	(37, 'Шапка', 54, 100, '[0]', 0, 1, '[-10,30]'),
	(38, 'Шапка', 58, 100, '[0]', 0, 1, '[-10,30]'),
	(39, 'Шапка', 82, 100, '[0]', 0, 1, '[-10,30]'),
	(40, 'Шапка', 119, 100, '[0]', 0, 1, '[-10,30]'),
	(41, 'Шапка', 131, 100, '[0]', 0, 1, '[-10,30]'),
	(42, 'Шапка', 141, 100, '[0]', 0, 1, '[-10,30]'),
	(43, 'Шапка', 159, 100, '[0]', 0, 1, '[-10,30]');

-- Дамп структуры для таблица chaos_db.clothespants
CREATE TABLE IF NOT EXISTS `clothespants` (
  `id` int(11) NOT NULL AUTO_INCREMENT,
  `name` varchar(30) NOT NULL,
  `variation` int(11) NOT NULL,
  `price` int(11) NOT NULL,
  `textures` varchar(128) NOT NULL,
  `sex` tinyint(1) NOT NULL,
  `class` int(11) NOT NULL DEFAULT 1,
  `clime` varchar(20) NOT NULL DEFAULT '70',
  `pockets` varchar(128) NOT NULL DEFAULT '[10,10]',
  PRIMARY KEY (`id`)
) ENGINE=InnoDB AUTO_INCREMENT=203 DEFAULT CHARSET=utf8 COLLATE=utf8_general_ci;

-- Дамп данных таблицы chaos_db.clothespants: ~173 rows (приблизительно)
INSERT INTO `clothespants` (`id`, `name`, `variation`, `price`, `textures`, `sex`, `class`, `clime`, `pockets`) VALUES
	(1, 'Шмотка 1', 0, 30, '[0,1,2,3,4,5,6,7,8,9,10,11,12,13,14,15]', 1, 1, '[-15,30]', '[5,5,5,5]'),
	(2, 'Шмотка 2', 1, 47, '[0,1,2,3,4,5,6,7,8,9,10,11,12,13,14,15]', 1, 1, '[-15,30]', '[5,5,5,5]'),
	(3, 'Шмотка 3', 2, 6, '[11]', 1, 1, '[-15,30]', '[5,5,5,5]'),
	(4, 'Шмотка 4', 3, 13, '[0,1,2,3,4,5,6,7,8,9,10,11,12,13,14,15]', 1, 1, '[-15,30]', '[5,5,5,5]'),
	(5, 'Шмотка 5', 4, 52, '[0,1]', 1, 1, '[-15,30]', '[5,5,5,5]'),
	(6, 'Шмотка 6', 5, 10, '[0,1,2,3,4,5,6,7,8,9,10,11,12,13,14]', 1, 1, '[-15,30]', '[5,5,5,5]'),
	(7, 'Шмотка 7', 6, 7, '[0,1,2,10]', 1, 1, '[-15,30]', '[5,5,5,5]'),
	(8, 'Шмотка 8', 7, 12, '[0,1,2,3,4,5,6,7,8,9,10,11,12,13,14,15]', 1, 1, '[-15,30]', '[5,5,5,5]'),
	(9, 'Шмотка 9', 8, 21, '[0,3,4,14]', 1, 1, '[-15,30]', '[5,5,5,5]'),
	(10, 'Шмотка 10', 9, 75, '[0,1,2,3,4,5,6,7,8,9,10,11,12,13,14,15]', 1, 1, '[-15,30]', '[5,5,5,5]'),
	(11, 'Шмотка 11', 10, 23, '[0,1,2]', 1, 1, '[-15,30]', '[5,5,5,5]'),
	(13, 'Шмотка 13', 12, 26, '[0,4,5,7]', 1, 1, '[-15,30]', '[5,5,5,5]'),
	(14, 'Шмотка 14', 13, 28, '[0,1,2]', 1, 1, '[-15,30]', '[5,5,5,5]'),
	(15, 'Шмотка 15', 14, 9, '[0,1,3]', 1, 1, '[-15,30]', '[5,5,5,5]'),
	(16, 'Шмотка 16', 15, 12, '[0,1,2,3,4,5,6,7,8,9,10,11,12,13,14,15]', 1, 1, '[-15,30]', '[5,5,5,5]'),
	(17, 'Шмотка 17', 16, 21, '[0,1,2,3,4,5,6,7,8,9,10,11]', 1, 1, '[-15,30]', '[5,5,5,5]'),
	(18, 'Шмотка 18', 17, 15, '[0,1,2,3,4,5,6,7,8,9,10]', 1, 1, '[-15,30]', '[5,5,5,5]'),
	(19, 'Шмотка 19', 18, 64, '[0,1,2,3,4,5,6,7,8,9,10]', 1, 1, '[-15,30]', '[5,5,5,5]'),
	(20, 'Шмотка 20', 19, 23, '[0,1]', 1, 1, '[-15,30]', '[5,5,5,5]'),
	(21, 'Шмотка 21', 20, 29, '[0,1,2,3]', 1, 1, '[-15,30]', '[5,5,5,5]'),
	(22, 'Шмотка 22', 21, 2, '[0]', 1, 1, '[-15,30]', '[5,5,5,5]'),
	(23, 'Шмотка 23', 22, 85, '[0,1,2,3,4,5,6,7,8,9,10,11,12]', 1, 1, '[-15,30]', '[5,5,5,5]'),
	(24, 'Шмотка 24', 23, 85, '[0,1,2,3,4,5,6,7,8,9,10,11,12]', 1, 1, '[-15,30]', '[5,5,5,5]'),
	(25, 'Шмотка 25', 24, 110, '[0,1,2,3,4,5,6]', 1, 1, '[-15,30]', '[5,5,5,5]'),
	(26, 'Шмотка 26', 25, 14, '[0,1,2,3,4,5,6]', 1, 1, '[-15,30]', '[5,5,5,5]'),
	(27, 'Шмотка 27', 26, 250, '[0,1,2,3,4,5,6,7,8,9,10,11]', 1, 1, '[-15,30]', '[5,5,5,5]'),
	(28, 'Шмотка 28', 27, 25, '[0,1,2,3,4,5,6,7,8,9,10,11]', 1, 1, '[-15,30]', '[5,5,5,5]'),
	(29, 'Шмотка 29', 28, 200, '[0,1,2,3,4,5,6,7,8,9,10,11,12,13,14,15]', 1, 1, '[-15,30]', '[5,5,5,5]'),
	(30, 'Шмотка 30', 29, 160, '[0,1]', 1, 1, '[-15,30]', '[5,5,5,5]'),
	(32, 'Шмотка 32', 31, 102, '[0,1,2,3]', 1, 1, '[-15,30]', '[5,5,5,5]'),
	(33, 'Шмотка 33', 32, 300, '[0,1,2,3]', 1, 2, '[-15,30]', '[5,5,5,5]'),
	(34, 'Шмотка 34', 33, 44, '[0]', 1, 2, '[-15,30]', '[5,5,5,5]'),
	(36, 'Шмотка 36', 35, 65, '[0]', 1, 2, '[-15,30]', '[5,5,5,5]'),
	(37, 'Шмотка 37', 36, 14, '[0]', 1, 2, '[-15,30]', '[5,5,5,5]'),
	(38, 'Шмотка 38', 37, 57, '[0,1,2,3]', 1, 2, '[-15,30]', '[5,5,5,5]'),
	(39, 'Шмотка 39', 38, 29, '[0,1,2,3]', 1, 2, '[-15,30]', '[5,5,5,5]'),
	(40, 'Шмотка 40', 39, 48, '[0,1,2,3]', 1, 2, '[-15,30]', '[5,5,5,5]'),
	(41, 'Шмотка 41', 40, 54, '[0,1,2,3]', 1, 2, '[-15,30]', '[5,5,5,5]'),
	(43, 'Шмотка 43', 42, 9, '[0,1,2,3,4,5,6,7]', 1, 2, '[-15,30]', '[5,5,5,5]'),
	(44, 'Шмотка 44', 43, 19, '[0,1]', 1, 2, '[-15,30]', '[5,5,5,5]'),
	(48, 'Шмотка 48', 47, 85, '[0,1]', 1, 2, '[-15,30]', '[5,5,5,5]'),
	(49, 'Шмотка 49', 48, 98, '[0,1,2,3,4]', 1, 2, '[-15,30]', '[5,5,5,5]'),
	(50, 'Шмотка 50', 49, 180, '[0,1,2,3,4]', 1, 2, '[-15,30]', '[5,5,5,5]'),
	(51, 'Шмотка 51', 50, 25, '[0,1,2,3]', 1, 2, '[-15,30]', '[5,5,5,5]'),
	(52, 'Шмотка 52', 51, 130, '[0]', 1, 2, '[-15,30]', '[5,5,5,5]'),
	(53, 'Шмотка 53', 52, 180, '[0,1,2,3]', 1, 2, '[-15,30]', '[5,5,5,5]'),
	(55, 'Шмотка 55', 54, 85, '[0,1,2,3,4,5,6]', 1, 2, '[-15,30]', '[5,5,5,5]'),
	(56, 'Шмотка 56', 55, 17, '[1,2,3,0]', 1, 2, '[-15,30]', '[5,5,5,5]'),
	(58, 'Шмотка 58', 57, 75, '[0,1,2]', 1, 2, '[-15,30]', '[5,5,5,5]'),
	(59, 'Шмотка 59', 58, 67, '[0,1,2,3,4,5,6,7,8,9,10,11,12,13,14,15]', 1, 2, '[-15,30]', '[5,5,5,5]'),
	(60, 'Шмотка 60', 59, 45, '[0,1,2,3,4,5,6,7,8,9]', 1, 2, '[-15,30]', '[5,5,5,5]'),
	(61, 'Шмотка 61', 60, 62, '[0,1,2,3,4,5,6,7,8,9,10,11]', 1, 2, '[-15,30]', '[5,5,5,5]'),
	(62, 'Шмотка 62', 61, 8, '[0,1,2,3,4,5,6,7,8,9,10,11,12,13]', 1, 2, '[-15,30]', '[5,5,5,5]'),
	(63, 'Шмотка 63', 62, 16, '[0,1,2,3]', 1, 2, '[-15,30]', '[5,5,5,5]'),
	(64, 'Шмотка 64', 63, 10, '[0]', 1, 2, '[-15,30]', '[5,5,5,5]'),
	(65, 'Шмотка 65', 64, 12, '[0,1,2,3,4,5,6,7,8,9,10]', 1, 2, '[-15,30]', '[5,5,5,5]'),
	(66, 'Шмотка 66', 65, 12, '[0,1,2,3,4,5,6,7,8,9,10,11,12,13]', 1, 2, '[-15,30]', '[5,5,5,5]'),
	(69, 'Шмотка 69', 68, 20, '[0,1,2,3,4,5,6,7,8,9]', 1, 3, '[-15,30]', '[5,5,5,5]'),
	(70, 'Шмотка 70', 69, 40, '[0,1,2,3,4,5,6,7,8,9,10,11,12,13,14,15,16,17]', 1, 3, '[-15,30]', '[5,5,5,5]'),
	(71, 'Шмотка 71', 70, 20, '[0,1,2,3]', 1, 3, '[-15,30]', '[5,5,5,5]'),
	(72, 'Шмотка 72', 71, 64, '[0,1,2,3,4,5]', 1, 3, '[-15,30]', '[5,5,5,5]'),
	(73, 'Шмотка 73', 72, 64, '[0,1,2,3,4,5,6,7,8,9,10,11,12,13,14,15,16,17,18,19,20]', 1, 3, '[-15,30]', '[5,5,5,5]'),
	(74, 'Шмотка 74', 73, 64, '[0,1,2,3,4,5]', 1, 3, '[-15,30]', '[5,5,5,5]'),
	(75, 'Шмотка 75', 74, 80, '[0,1,2,3,4,5]', 1, 3, '[-15,30]', '[5,5,5,5]'),
	(76, 'Шмотка 76', 75, 16, '[0,1,2,3,4,5,6,7]', 1, 3, '[-15,30]', '[5,5,5,5]'),
	(77, 'Шмотка 77', 76, 38, '[0,1,2,3,4,5,6,7]', 1, 3, '[-15,30]', '[5,5,5,5]'),
	(79, 'Шмотка 79', 78, 88, '[0,1,2,3,4,5,6,7]', 1, 3, '[-15,30]', '[5,5,5,5]'),
	(80, 'Шмотка 80', 79, 88, '[0,1]', 1, 3, '[-15,30]', '[5,5,5,5]'),
	(81, 'Шмотка 81', 80, 99, '[0,1,2,3,4,5,6,7]', 1, 3, '[-15,30]', '[5,5,5,5]'),
	(82, 'Шмотка 82', 81, 99, '[0,1,2]', 1, 3, '[-15,30]', '[5,5,5,5]'),
	(83, 'Шмотка 83', 82, 33, '[0,1,2,3,4,5,6,7,8,9]', 1, 3, '[-15,30]', '[5,5,5,5]'),
	(84, 'Шмотка 84', 83, 33, '[0,1,2,3]', 1, 3, '[-15,30]', '[5,5,5,5]'),
	(87, 'Шмотка 87', 86, 125, '[0,1,2,3,4,5,6,7,8,9,10,11,12,13,14,15,16,17,18,19,20,21,22,23]', 1, 3, '[-15,30]', '[5,5,5,5]'),
	(88, 'Шмотка 88', 87, 125, '[0,1,2,3,4,5,6,7,8,9,10,11,12,13,14,15,16,17,18,19,20,21,22,23]', 1, 3, '[-15,30]', '[5,5,5,5]'),
	(89, 'Шмотка 89', 88, 58, '[0,1,2,3,4,5,6,7,8,9,10,11,12,13,14,15,16,17,18,19,20,21,22,23]', 1, 3, '[-15,30]', '[5,5,5,5]'),
	(92, 'Шмотка 92', 91, 180, '[0,1,2,3,4,5,6,7,8,9,10,11,12,13]', 1, 3, '[-15,30]', '[5,5,5,5]'),
	(95, 'Шмотка 95', 94, 150, '[0,1,2,3,4,5,6,7,8,9,10,11,12,13,14,15,16,17,18,19,20,21,22,23,24,25]', 1, 3, '[-15,30]', '[5,5,5,5]'),
	(97, 'Шмотка 97', 96, 33, '[0,1]', 1, 3, '[-15,30]', '[5,5,5,5]'),
	(98, 'Шмотка 98', 97, 73, '[0,1,2,3,4,5,6,7,8,9,10,11,12,13,14,15,16,17,18,19,20,21,22,23,24,25]', 1, 3, '[-15,30]', '[5,5,5,5]'),
	(99, 'Шмотка 99', 98, 73, '[0,1,2,3,4,5,6,7,8,9,10,11,12,13,14,15,16,17,18,19,20,21,22,23,24,25]', 1, 3, '[-15,30]', '[5,5,5,5]'),
	(100, 'Шмотка 100', 0, 20, '[0,1,2,3,4,5,6,7,8,9,10,11,12,13,14,15]', 0, 1, '[-15,30]', '[5,5,5,5]'),
	(101, 'Шмотка 101', 1, 15, '[0,1,2,3,4,5,6,7,8,9,10,11,12,13,14,15]', 0, 1, '[-15,30]', '[5,5,5,5]'),
	(102, 'Шмотка 102', 2, 13, '[0]', 0, 1, '[-15,30]', '[5,5,5,5]'),
	(103, 'Шмотка 103', 3, 17, '[0,1,2,3,4,5,6,7,8,9,10,11,12,13,14,15,16,17,18,19,20]', 0, 1, '[-15,30]', '[5,5,5,5]'),
	(104, 'Шмотка 104', 4, 27, '[0,1,2,3,4,5,6,7,8,9,10,11,12,13,14,15]', 0, 1, '[-15,30]', '[5,5,5,5]'),
	(106, 'Шмотка 106', 6, 40, '[0,1,2]', 0, 1, '[-15,30]', '[5,5,5,5]'),
	(107, 'Шмотка 107', 7, 20, '[0,1,2]', 0, 1, '[-15,30]', '[5,5,5,5]'),
	(108, 'Шмотка 108', 8, 40, '[0,1,2,3,4,5,6,7,8,9,10,11,12,14]', 0, 1, '[-15,30]', '[5,5,5,5]'),
	(109, 'Шмотка 109', 9, 40, '[0,1,2,3,4,5,6,7,8,9,10,11,12,13,14,15]', 0, 1, '[-15,30]', '[5,5,5,5]'),
	(110, 'Шмотка 110', 10, 10, '[0,1,2]', 0, 1, '[-15,30]', '[5,5,5,5]'),
	(111, 'Шмотка 111', 11, 30, '[0,1,2,3,4,5,6,7,8,9,10,11,12,13,14,15]', 0, 1, '[-15,30]', '[5,5,5,5]'),
	(112, 'Шмотка 112', 12, 30, '[0,1,2,3,4,5,6,7,8,9,10,11,12,13,14,15]', 0, 1, '[-15,30]', '[5,5,5,5]'),
	(114, 'Шмотка 114', 14, 25, '[0,1,8,9]', 0, 1, '[-15,30]', '[5,5,5,5]'),
	(115, 'Шмотка 115', 15, 15, '[0,3,10,11]', 0, 1, '[-15,30]', '[5,5,5,5]'),
	(116, 'Шмотка 116', 16, 25, '[0,1,2,3,4,5,6,7,8,9,10,11]', 0, 1, '[-15,30]', '[5,5,5,5]'),
	(117, 'Шмотка 117', 17, 15, '[0,1,2,3,4,5,6,7,8,9]', 0, 1, '[-15,30]', '[5,5,5,5]'),
	(118, 'Шмотка 118', 18, 40, '[0]', 0, 1, '[-15,30]', '[5,5,5,5]'),
	(119, 'Шмотка 119', 19, 400, '[0,1,2,3,4]', 0, 1, '[-15,30]', '[5,5,5,5]'),
	(120, 'Шмотка 120', 20, 60, '[0,1,2]', 0, 1, '[-15,30]', '[5,5,5,5]'),
	(121, 'Шмотка 121', 21, 15, '[0]', 0, 1, '[-15,30]', '[5,5,5,5]'),
	(122, 'Шмотка 122', 22, 60, '[0,1,2]', 0, 1, '[-15,30]', '[5,5,5,5]'),
	(123, 'Шмотка 123', 23, 40, '[0,1,2,3,4,5,6,7,8,9,10,11,12]', 0, 1, '[-15,30]', '[5,5,5,5]'),
	(124, 'Шмотка 124', 24, 35, '[0,1,2,3,4,5,6,7,8,9,10]', 0, 1, '[-15,30]', '[5,5,5,5]'),
	(125, 'Шмотка 125', 25, 14, '[0,1,2,3,4,5,6,7,8,9,10,11]', 0, 1, '[-15,30]', '[5,5,5,5]'),
	(126, 'Шмотка 126', 26, 30, '[0]', 0, 1, '[-15,30]', '[5,5,5,5]'),
	(127, 'Шмотка 127', 27, 30, '[0,1,2,3,4,5,6,7,8,9,10,11,12,13,14,15]', 0, 1, '[-15,30]', '[5,5,5,5]'),
	(128, 'Шмотка 128', 28, 40, '[0]', 0, 1, '[-15,30]', '[5,5,5,5]'),
	(129, 'Шмотка 129', 29, 50, '[0]', 0, 1, '[-15,30]', '[5,5,5,5]'),
	(130, 'Шмотка 130', 30, 22, '[0,1,2,3,4]', 0, 1, '[-15,30]', '[5,5,5,5]'),
	(131, 'Шмотка 131', 31, 32, '[0,1]', 0, 1, '[-15,30]', '[5,5,5,5]'),
	(134, 'Шмотка 134', 34, 20, '[0,1,2,3,4,5,6,7,8,9,10,11,12,13,14,15,16,17,18,19,20]', 0, 2, '[-15,30]', '[5,5,5,5]'),
	(135, 'Шмотка 135', 35, 18, '[0,1,2,3,4,5,6,7,8,9,10,11,12,13,14,15,16,17,18,19,20]', 0, 2, '[-15,30]', '[5,5,5,5]'),
	(136, 'Шмотка 136', 36, 50, '[0,1,2,3,4,5,6,7,8,9,10,11,12,13,14,15,16,17,18,19,20]', 0, 2, '[-15,30]', '[5,5,5,5]'),
	(137, 'Шмотка 137', 37, 40, '[0,1,2,3,4,5,6,7,8,9,10,11,12,13,14,15,16,17,18,19,20]', 0, 2, '[-15,30]', '[5,5,5,5]'),
	(138, 'Шмотка 138', 38, 20, '[0,1,2,3,4,5,6,7,8,9,10,11,12,13,14,15,16,17,18,19,20]', 0, 2, '[-15,30]', '[5,5,5,5]'),
	(139, 'Шмотка 139', 39, 20, '[0,1,2,3,4,5,6,7,8,9,10,11,12,13,14,15,16,17,18,19,20]', 0, 2, '[-15,30]', '[5,5,5,5]'),
	(140, 'Шмотка 140', 40, 25, '[0,1,2,3,4,5,6,7,8,9,10,11,12,13,14,15,16,17,18,19,20]', 0, 2, '[-15,30]', '[5,5,5,5]'),
	(141, 'Шмотка 141', 41, 20, '[0,1,2,3,4,5,6,7,8,9,10,11,12,13,14,15,16,17,18,19,20]', 0, 2, '[-15,30]', '[5,5,5,5]'),
	(142, 'Шмотка 142', 42, 40, '[0,1,2,3,4,5,6,7,8,9,10,11,12,13,14,15,16,17,18,19,20]', 0, 2, '[-15,30]', '[5,5,5,5]'),
	(143, 'Шмотка 143', 43, 37, '[0,1,2,3,4,5,6,7,8,9,10,11,12,13,14,15,16,17,18,19,20]', 0, 2, '[-15,30]', '[5,5,5,5]'),
	(144, 'Шмотка 144', 44, 37, '[0,1,2,3,4,5,6,7,8,9,10,11,12,13,14,15,16,17,18,19,20]', 0, 2, '[-15,30]', '[5,5,5,5]'),
	(145, 'Шмотка 145', 45, 25, '[0,1,2,3,4,5,6,7,8,9,10,11,12,13,14,15,16,17,18,19,20]', 0, 2, '[-15,30]', '[5,5,5,5]'),
	(147, 'Шмотка 147', 47, 28, '[0,1,2,3,4,5,6,7,8,9,10,11,12,13,14,15,16,17,18,19,20]', 0, 2, '[-15,30]', '[5,5,5,5]'),
	(148, 'Шмотка 148', 48, 37, '[0,1,2,3,4,5,6,7,8,9,10,11,12,13,14,15,16,17,18,19,20]', 0, 2, '[-15,30]', '[5,5,5,5]'),
	(149, 'Шмотка 149', 49, 37, '[0,1,2,3,4,5,6,7,8,9,10,11,12,13,14,15,16,17,18,19,20]', 0, 2, '[-15,30]', '[5,5,5,5]'),
	(150, 'Шмотка 150', 50, 40, '[0,1,2,3,4,5,6,7,8,9,10,11,12,13,14,15,16,17,18,19,20]', 0, 2, '[-15,30]', '[5,5,5,5]'),
	(151, 'Шмотка 151', 51, 35, '[0,1,2,3,4,5,6,7,8,9,10,11,12,13,14,15,16,17,18,19,20]', 0, 2, '[-15,30]', '[5,5,5,5]'),
	(152, 'Шмотка 152', 52, 40, '[0,1,2,3,4,5,6,7,8,9,10,11,12,13,14,15,16,17,18,19,20]', 0, 2, '[-15,30]', '[5,5,5,5]'),
	(153, 'Шмотка 153', 53, 40, '[0,1,2,3,4,5,6,7,8,9,10,11,12,13,14,15,16,17,18,19,20]', 0, 2, '[-15,30]', '[5,5,5,5]'),
	(154, 'Шмотка 154', 54, 35, '[0,1,2,3,4,5,6,7,8,9,10,11,12,13,14,15,16,17,18,19,20]', 0, 2, '[-15,30]', '[5,5,5,5]'),
	(155, 'Шмотка 155', 55, 35, '[0,1,2,3,4,5,6,7,8,9,10,11,12,13,14,15,16,17,18,19,20]', 0, 2, '[-15,30]', '[5,5,5,5]'),
	(156, 'Шмотка 156', 56, 20, '[0,1,2,3,4,5,6,7,8,9,10,11,12,13,14,15,16,17,18,19,20]', 0, 2, '[-15,30]', '[5,5,5,5]'),
	(157, 'Шмотка 157', 57, 12, '[0,1,2,3,4,5,6,7,8,9,10,11,12,13,14,15,16,17,18,19,20]', 0, 2, '[-15,30]', '[5,5,5,5]'),
	(158, 'Шмотка 158', 58, 15, '[0,1,2,3,4,5,6,7,8,9,10,11,12,13,14,15,16,17,18,19,20]', 0, 2, '[-15,30]', '[5,5,5,5]'),
	(160, 'Шмотка 160', 60, 36, '[0,1,2,3,4,5,6,7,8,9,10,11,12,13,14,15,16,17,18,19,20]', 0, 2, '[-15,30]', '[5,5,5,5]'),
	(161, 'Шмотка 161', 61, 14, '[0,1,2,3,4,5,6,7,8,9,10,11,12,13,14,15,16,17,18,19,20]', 0, 2, '[-15,30]', '[5,5,5,5]'),
	(162, 'Шмотка 162', 62, 30, '[0,1,2,3,4,5,6,7,8,9,10,11,12,13,14,15,16,17,18,19,20]', 0, 2, '[-15,30]', '[5,5,5,5]'),
	(163, 'Шмотка 163', 63, 40, '[0,1,2,3,4,5,6,7,8,9,10,11,12,13,14,15,16,17,18,19,20]', 0, 2, '[-15,30]', '[5,5,5,5]'),
	(164, 'Шмотка 164', 64, 55, '[0,1,2,3,4,5,6,7,8,9,10,11,12,13,14,15,16,17,18,19,20]', 0, 2, '[-15,30]', '[5,5,5,5]'),
	(165, 'Шмотка 165', 65, 27, '[0,1,2,3,4,5,6,7,8,9,10,11,12,13,14,15,16,17,18,19,20]', 0, 2, '[-15,30]', '[5,5,5,5]'),
	(166, 'Шмотка 166', 66, 15, '[0,1,2,3,4,5,6,7,8,9,10,11,12,13,14,15,16,17,18,19,20]', 0, 2, '[-15,30]', '[5,5,5,5]'),
	(167, 'Шмотка 167', 67, 40, '[0,1,2,3,4,5,6,7,8,9,10,11,12,13,14,15,16,17,18,19,20]', 0, 2, '[-15,30]', '[5,5,5,5]'),
	(168, 'Шмотка 168', 68, 55, '[0,1,2,3,4,5,6,7,8,9,10,11,12,13,14,15,16,17,18,19,20]', 0, 2, '[-15,30]', '[5,5,5,5]'),
	(169, 'Шмотка 169', 69, 65, '[0,1,2,3,4,5,6,7,8,9,10,11,12,13,14,15,16,17,18,19,20]', 0, 3, '[-15,30]', '[5,5,5,5]'),
	(170, 'Шмотка 170', 70, 65, '[0,1,2,3,4,5,6,7,8,9,10,11,12,13,14,15,16,17,18,19,20]', 0, 3, '[-15,30]', '[5,5,5,5]'),
	(171, 'Шмотка 171', 71, 30, '[0,1,2,3,4,5,6,7,8,9,10,11,12,13,14,15,16,17,18,19,20]', 0, 3, '[-15,30]', '[5,5,5,5]'),
	(172, 'Шмотка 172', 72, 60, '[0,1,2,3,4,5,6,7,8,9,10,11,12,13,14,15,16,17,18,19,20]', 0, 3, '[-15,30]', '[5,5,5,5]'),
	(173, 'Шмотка 173', 73, 380, '[0,1,2,3,4,5,6,7,8,9,10,11,12,13,14,15,16,17,18,19,20]', 0, 3, '[-15,30]', '[5,5,5,5]'),
	(174, 'Шмотка 174', 74, 38, '[0,1,2,3,4,5,6,7,8,9,10,11,12,13,14,15,16,17,18,19,20]', 0, 3, '[-15,30]', '[5,5,5,5]'),
	(175, 'Шмотка 175', 75, 38, '[0,1,2,3,4,5,6,7,8,9,10,11,12,13,14,15,16,17,18,19,20]', 0, 3, '[-15,30]', '[5,5,5,5]'),
	(176, 'Шмотка 176', 76, 35, '[0,1,2,3,4,5,6,7,8,9,10,11,12,13,14,15,16,17,18,19,20]', 0, 3, '[-15,30]', '[5,5,5,5]'),
	(177, 'Шмотка 177', 77, 35, '[0,1,2,3,4,5,6,7,8,9,10,11,12,13,14,15,16,17,18,19,20]', 0, 3, '[-15,30]', '[5,5,5,5]'),
	(178, 'Шмотка 178', 78, 55, '[0,1,2,3,4,5,6,7,8,9,10,11,12,13,14,15,16,17,18,19,20]', 0, 3, '[-15,30]', '[5,5,5,5]'),
	(180, 'Шмотка 180', 80, 25, '[0,1,2,3,4,5,6,7,8,9,10,11,12,13,14,15,16,17,18,19,20]', 0, 3, '[-15,30]', '[5,5,5,5]'),
	(181, 'Шмотка 181', 81, 25, '[0,1,2,3,4,5,6,7,8,9,10,11,12,13,14,15,16,17,18,19,20]', 0, 3, '[-15,30]', '[5,5,5,5]'),
	(182, 'Шмотка 182', 82, 15, '[0,1,2,3,4,5,6,7,8,9,10,11,12,13,14,15,16,17,18,19,20]', 0, 3, '[-15,30]', '[5,5,5,5]'),
	(183, 'Шмотка 183', 83, 15, '[0,1,2,3,4,5,6,7,8,9,10,11,12,13,14,15,16,17,18,19,20]', 0, 3, '[-15,30]', '[5,5,5,5]'),
	(184, 'Шмотка 184', 84, 25, '[0,1,2,3,4,5,6,7,8,9,10,11,12,13,14,15,16,17,18,19,20]', 0, 3, '[-15,30]', '[5,5,5,5]'),
	(185, 'Шмотка 185', 85, 25, '[0,1,2,3,4,5,6,7,8,9,10,11,12,13,14,15,16,17,18,19,20]', 0, 3, '[-15,30]', '[5,5,5,5]'),
	(187, 'Шмотка 187', 87, 65, '[0,1,2,3,4,5,6,7,8,9,10,11,12,13,14,15,16,17,18,19,20]', 0, 3, '[-15,30]', '[5,5,5,5]'),
	(189, 'Шмотка 189', 89, 50, '[0,1,2,3,4,5,6,7,8,9,10,11,12,13,14,15,16,17,18,19,20]', 0, 3, '[-15,30]', '[5,5,5,5]'),
	(190, 'Шмотка 190', 90, 50, '[0,1,2,3,4,5,6,7,8,9,10,11,12,13,14,15,16,17,18,19,20]', 0, 3, '[-15,30]', '[5,5,5,5]'),
	(191, 'Шмотка 191', 91, 40, '[0,1,2,3,4,5,6,7,8,9,10,11,12,13,14,15,16,17,18,19,20]', 0, 3, '[-15,30]', '[5,5,5,5]'),
	(192, 'Шмотка 192', 92, 80, '[0,1,2,3,4,5,6,7,8,9,10,11,12,13,14,15,16,17,18,19,20]', 0, 3, '[-15,30]', '[5,5,5,5]'),
	(193, 'Шмотка 193', 93, 70, '[0,1,2,3,4,5,6,7,8,9,10,11,12,13,14,15,16,17,18,19,20]', 0, 3, '[-15,30]', '[5,5,5,5]'),
	(194, 'Шмотка 194', 94, 40, '[0,1,2,3,4,5,6,7,8,9,10,11,12,13,14,15,16,17,18,19,20]', 0, 3, '[-15,30]', '[5,5,5,5]'),
	(195, 'Шмотка 195', 95, 40, '[0,1,2,3,4,5,6,7,8,9,10,11,12,13,14,15,16,17,18,19,20]', 0, 3, '[-15,30]', '[5,5,5,5]'),
	(196, 'Шмотка 196', 96, 40, '[0,1,2,3,4,5,6,7,8,9,10,11,12,13,14,15,16,17,18,19,20]', 0, 3, '[-15,30]', '[5,5,5,5]'),
	(197, 'Шмотка 197', 97, 35, '[0,1,2,3,4,5,6,7,8,9,10,11,12,13,14,15,16,17,18,19,20]', 0, 3, '[-15,30]', '[5,5,5,5]'),
	(199, 'Шмотка 199', 99, 20, '[0,1,2,3,4,5,6,7,8,9,10,11,12,13,14,15,16,17,18,19,20]', 0, 3, '[-15,30]', '[5,5,5,5]'),
	(200, 'Шмотка 200', 100, 30, '[0,1,2,3,4,5,6,7,8,9,10,11,12,13,14,15,16,17,18,19,20]', 0, 3, '[-15,30]', '[5,5,5,5]'),
	(201, 'Шмотка 201', 101, 30, '[0,1,2,3,4,5,6,7,8,9,10,11,12,13,14,15,16,17,18,19,20]', 0, 3, '[-15,30]', '[5,5,5,5]'),
	(202, 'Шмотка 202', 102, 40, '[0,1,2,3,4,5,6,7,8,9,10,11,12,13,14,15,16,17,18,19,20]', 0, 3, '[-15,30]', '[5,5,5,5]');

-- Дамп структуры для таблица chaos_db.clothesshoes
CREATE TABLE IF NOT EXISTS `clothesshoes` (
  `id` int(11) NOT NULL AUTO_INCREMENT,
  `name` varchar(30) NOT NULL,
  `variation` int(11) NOT NULL,
  `price` int(11) NOT NULL,
  `textures` varchar(128) NOT NULL,
  `sex` tinyint(1) NOT NULL,
  `class` int(11) NOT NULL DEFAULT 1,
  `clime` varchar(20) NOT NULL DEFAULT '100',
  PRIMARY KEY (`id`)
) ENGINE=InnoDB AUTO_INCREMENT=264 DEFAULT CHARSET=utf8 COLLATE=utf8_general_ci;

-- Дамп данных таблицы chaos_db.clothesshoes: ~241 rows (приблизительно)
INSERT INTO `clothesshoes` (`id`, `name`, `variation`, `price`, `textures`, `sex`, `class`, `clime`) VALUES
	(2, 'Шмотка 2', 1, 60, '[0,1,2,3,4,5,6,7,8,9,10,11,12,13,14,15]', 1, 2, '[-20,30]'),
	(4, 'Шмотка 4', 3, 30, '[0,1,2,3,4,5,6,7,8,9,10,11,12,13,14,15]', 1, 3, '[-20,30]'),
	(5, 'Шмотка 5', 4, 27, '[0,1,2,4]', 1, 1, '[-20,30]'),
	(6, 'Шмотка 6', 5, 3, '[0,1,2,3]', 1, 2, '[-20,30]'),
	(7, 'Шмотка 7', 6, 4, '[0,1]', 1, 2, '[-20,30]'),
	(8, 'Шмотка 8', 7, 23, '[0,1,2,3,4,5,6,7,8,9,10,11,12,13,14,15]', 1, 1, '[-20,30]'),
	(9, 'Шмотка 9', 8, 35, '[0,1,2,3,4,5,6,7,8,9,10,11,12,13,14,15]', 1, 2, '[-20,30]'),
	(10, 'Шмотка 10', 9, 16, '[0,1,2,3,4,5,6,7,8,9,10,11,12,13,14,15]', 1, 2, '[-20,30]'),
	(11, 'Шмотка 11', 10, 140, '[0,7,12,14]', 1, 3, '[-20,30]'),
	(13, 'Шмотка 13', 12, 42, '[0,1,2,3,4,5,6,7,8,9,10,11,12,13,14,15]', 1, 2, '[-20,30]'),
	(14, 'Шмотка 14', 14, 39, '[0,1,2,3,4,5,6,7,8,9,10,11,12,13,14,15]', 1, 1, '[-20,30]'),
	(15, 'Шмотка 15', 15, 160, '[0,1,2,3,4,5,6,7,8,9,10,11,12,13,14,15]', 1, 3, '[-20,30]'),
	(16, 'Шмотка 16', 16, 3, '[0,1,2,3,4,5,6,7,8,9,10,11]', 1, 1, '[-20,30]'),
	(18, 'Шмотка 18', 18, 120, '[0,1]', 1, 3, '[-20,30]'),
	(19, 'Шмотка 19', 19, 170, '[0]', 1, 3, '[-20,30]'),
	(20, 'Шмотка 20', 20, 120, '[0,1,2,3,4,5,6,7,8,9,10,11]', 1, 3, '[-20,30]'),
	(21, 'Шмотка 21', 21, 54, '[0,1,2,3,4,5,6,7,8,9,10,11]', 1, 2, '[-20,30]'),
	(22, 'Шмотка 22', 22, 13, '[0,1,2,3,4,5,6,7,8,9,10,11]', 1, 1, '[-20,30]'),
	(23, 'Шмотка 23', 23, 72, '[0,1,2,3,4,5,6,7,8,9,10,11,12,13,14,15]', 1, 2, '[-20,30]'),
	(24, 'Шмотка 24', 24, 80, '[0]', 1, 1, '[-20,30]'),
	(25, 'Шмотка 25', 25, 82, '[0]', 1, 1, '[-20,30]'),
	(26, 'Шмотка 26', 26, 31, '[0,1,2,3,4,5,6,7,8,9,10,11,12,13,14,15]', 1, 1, '[-20,30]'),
	(27, 'Шмотка 27', 27, 65, '[0]', 1, 1, '[-20,30]'),
	(28, 'Шмотка 28', 28, 220, '[0,1,2,3,4,5]', 1, 2, '[-20,30]'),
	(29, 'Шмотка 29', 29, 75, '[0]', 1, 2, '[-20,30]'),
	(30, 'Шмотка 30', 30, 430, '[0,1]', 1, 2, '[-20,30]'),
	(31, 'Шмотка 31', 31, 250, '[0,1,2,3,4]', 1, 2, '[-20,30]'),
	(32, 'Шмотка 32', 32, 1300, '[0,1,2,3,4,5,6,7,8,9,10,11,12,13,14,15]', 1, 2, '[-20,30]'),
	(34, 'Шмотка 34', 35, 540, '[0,1]', 1, 2, '[-20,30]'),
	(35, 'Шмотка 35', 36, 750, '[0,1,2,3]', 1, 3, '[-20,30]'),
	(36, 'Шмотка 36', 37, 1800, '[0,1,2,3,4]', 1, 3, '[-20,30]'),
	(37, 'Шмотка 37', 38, 1400, '[0,1,2,3,4]', 1, 3, '[-20,30]'),
	(39, 'Шмотка 39', 40, 980, '[0,1,2,3,4,5,6,7,8,9,10,11]', 1, 3, '[-20,30]'),
	(40, 'Шмотка 40', 41, 470, '[0]', 1, 2, '[-20,30]'),
	(41, 'Шмотка 41', 42, 320, '[0,1,2,3,4,5,6,7,8,9]', 1, 2, '[-20,30]'),
	(42, 'Шмотка 42', 43, 320, '[0,1,2,3,4,5,6,7]', 1, 2, '[-20,30]'),
	(43, 'Шмотка 43', 44, 1950, '[0,1,2,3,4,5,6,7,8,9,10]', 1, 3, '[-20,30]'),
	(44, 'Шмотка 44', 45, 1500, '[0,1,2,3,4,5,6,7,8,9,10]', 1, 3, '[-20,30]'),
	(45, 'Шмотка 45', 46, 1330, '[0,1,2,3,4,5,6,7,8,9]', 1, 2, '[-20,30]'),
	(47, 'Шмотка 47', 48, 175, '[0,1]', 1, 2, '[-20,30]'),
	(48, 'Шмотка 48', 49, 165, '[0,1]', 1, 2, '[-20,30]'),
	(49, 'Шмотка 49', 50, 680, '[0,1,2,3,4,5]', 1, 2, '[-20,30]'),
	(50, 'Шмотка 50', 51, 700, '[0,1,2,3,4,5]', 1, 2, '[-20,30]'),
	(51, 'Шмотка 51', 52, 640, '[0,1]', 1, 2, '[-20,30]'),
	(52, 'Шмотка 52', 53, 1170, '[0,1,2,3,4,5]', 1, 2, '[-20,30]'),
	(53, 'Шмотка 53', 54, 965, '[0,1,2,3,4,5]', 1, 2, '[-20,30]'),
	(55, 'Шмотка 55', 56, 1580, '[0,1]', 1, 1, '[-20,30]'),
	(56, 'Шмотка 56', 57, 610, '[0,1,2,3,4,5,6,7,8,9,10,11]', 1, 1, '[-20,30]'),
	(58, 'Шмотка 58', 59, 1000, '[0,1,2,3,4,5,6,7,8,9,10,11,12,13,14,15,16,17,18,19,20,21,22,23,24,25]', 1, 2, '[-20,30]'),
	(59, 'Шмотка 59', 60, 1800, '[0,1,2,3,4,5,6,7]', 1, 2, '[-20,30]'),
	(60, 'Шмотка 60', 61, 560, '[0,1,2,3,4,5,6,7]', 1, 2, '[-20,30]'),
	(61, 'Шмотка 61', 62, 1335, '[0,1,2,3,4,5,6,7]', 1, 1, '[-20,30]'),
	(62, 'Шмотка 62', 63, 1160, '[0,1,2,3,4,5,6,7]', 1, 1, '[-20,30]'),
	(63, 'Шмотка 63', 64, 1400, '[0,1,2,3,4,5,6,7,8,9,10,11,12,13]', 1, 2, '[-20,30]'),
	(64, 'Шмотка 64', 65, 440, '[0,1,2,3,4,5,6]', 1, 2, '[-20,30]'),
	(65, 'Шмотка 65', 66, 420, '[0,1,2,3,4,5,6]', 1, 2, '[-20,30]'),
	(68, 'Шмотка 68', 69, 390, '[0,1,2,3,4,5,6,7,8,9,10,11,12,13,14,15,16,17,18,19,20,21,22,23,24,25]', 1, 2, '[-20,30]'),
	(69, 'Шмотка 69', 70, 1700, '[0,1,2,3,4,5,6,7,8,9,10,11,12,13,14,15,16,17,18,19,20,21,22,23,24,25]', 1, 2, '[-20,30]'),
	(70, 'Шмотка 70', 71, 1300, '[0,1,2,3,4,5,6,7,8,9,10,11,12,13,14,15,16,17,18,19,20,21,22,23,24,25]', 1, 2, '[-20,30]'),
	(71, 'Шмотка 71', 72, 1620, '[0,1,2,3,4,5,6,7,8,9,10,11,12,13,14,15,16,17,18,19,20,21,22,23,24,25]', 1, 2, '[-20,30]'),
	(72, 'Шмотка 72', 73, 1530, '[0,1,2,3,4,5,6,7,8,9,10,11,12,13,14,15,16,17,18,19,20,21,22,23,24,25]', 1, 2, '[-20,30]'),
	(73, 'Шмотка 73', 0, 400, '[0,1,2,3]', 0, 3, '[-20,30]'),
	(74, 'Шмотка 74', 1, 200, '[0,1,2,3,4,5,6,7,8,9,10,11,12,13,14,15]', 0, 1, '[-20,30]'),
	(75, 'Шмотка 75', 2, 200, '[0,1,2,3,4,5,6,7,8,9,10,11,12,13,14,15]', 0, 2, '[-20,30]'),
	(76, 'Шмотка 76', 3, 100, '[0,1,2,3,4,5,6,7,8,9,10,11,12,13,14,15]', 0, 1, '[-20,30]'),
	(77, 'Шмотка 77', 4, 150, '[0,1,2,3]', 0, 2, '[-20,30]'),
	(78, 'Шмотка 78', 5, 100, '[0,1,10,13]', 0, 1, '[-20,30]'),
	(79, 'Шмотка 79', 6, 400, '[0,1,2,3]', 0, 3, '[-20,30]'),
	(80, 'Шмотка 80', 7, 600, '[0,1,2,3,4,5,6,7,8,9,10,11,12,13,14,15]', 0, 2, '[-20,30]'),
	(81, 'Шмотка 81', 8, 600, '[0,1,2,3,4,5,6,7,8,9,10,11,12,13,14,15]', 0, 2, '[-20,30]'),
	(82, 'Шмотка 82', 9, 300, '[0,1,2,3,11,12]', 0, 1, '[-20,30]'),
	(83, 'Шмотка 83', 10, 300, '[0,1,2,3]', 0, 2, '[-20,30]'),
	(84, 'Шмотка 84', 11, 400, '[0,1,2,3]', 0, 2, '[-20,30]'),
	(86, 'Шмотка 86', 13, 200, '[0,1,2,3,4,5,6,7,8,9,10,11,12,13,14,15]', 0, 1, '[-20,30]'),
	(87, 'Шмотка 87', 14, 700, '[0,1,2,3,4,5,6,7,8,9,10,11,12,13,14,15]', 0, 2, '[-20,30]'),
	(88, 'Шмотка 88', 15, 200, '[0,1,2,3,4,5,6,7,8,9,10,11,12,13,14,15]', 0, 2, '[-20,30]'),
	(89, 'Шмотка 89', 16, 100, '[0,1,2,3,4,5,6,7,8,9,10,11]', 0, 1, '[-20,30]'),
	(90, 'Шмотка 90', 17, 600, '[0]', 0, 2, '[-20,30]'),
	(91, 'Шмотка 91', 18, 600, '[0,1,2]', 0, 2, '[-20,30]'),
	(92, 'Шмотка 92', 19, 600, '[0,1,2,3,4,5,6,7,8,9,10,11]', 0, 2, '[-20,30]'),
	(93, 'Шмотка 93', 20, 600, '[0,1,2,3,4,5,6,7,8,9,10,11]', 0, 2, '[-20,30]'),
	(94, 'Шмотка 94', 21, 300, '[0,1,2,3,4,5,6,7,8,9]', 0, 1, '[-20,30]'),
	(95, 'Шмотка 95', 22, 500, '[0,1,2,3,4,5,6,7,8,9,10,11,12,13,14,15]', 0, 2, '[-20,30]'),
	(96, 'Шмотка 96', 23, 500, '[0,1,2]', 0, 2, '[-20,30]'),
	(97, 'Шмотка 97', 24, 250, '[0]', 0, 1, '[-20,30]'),
	(98, 'Шмотка 98', 25, 250, '[0]', 0, 1, '[-20,30]'),
	(99, 'Шмотка 99', 26, 200, '[0]', 0, 1, '[-20,30]'),
	(100, 'Шмотка 100', 27, 200, '[0]', 0, 2, '[-20,30]'),
	(101, 'Шмотка 101', 28, 200, '[0]', 0, 2, '[-20,30]'),
	(102, 'Шмотка 102', 29, 500, '[0,1,2]', 0, 3, '[-20,30]'),
	(103, 'Шмотка 103', 30, 500, '[0]', 0, 2, '[-20,30]'),
	(104, 'Шмотка 104', 31, 300, '[0]', 0, 2, '[-20,30]'),
	(105, 'Шмотка 105', 32, 300, '[0,1,2,3,4]', 0, 2, '[-20,30]'),
	(106, 'Шмотка 106', 33, 300, '[0,1,2,3,4,5,6,7]', 0, 2, '[-20,30]'),
	(109, 'Шмотка 109', 36, 400, '[0,1]', 0, 2, '[-20,30]'),
	(110, 'Шмотка 110', 37, 200, '[0,1,2,3]', 0, 2, '[-20,30]'),
	(111, 'Шмотка 111', 38, 300, '[0,1,2,3,4]', 0, 2, '[-20,30]'),
	(112, 'Шмотка 112', 39, 300, '[0,1,2,3,4]', 0, 2, '[-20,30]'),
	(113, 'Шмотка 113', 40, 200, '[0]', 0, 1, '[-20,30]'),
	(114, 'Шмотка 114', 41, 450, '[0,1,2,3,4,5,6,7,8,9,10]', 0, 3, '[-20,30]'),
	(115, 'Шмотка 115', 42, 450, '[0,1,2,3,4,5,6,7,8,9,10,11]', 0, 3, '[-20,30]'),
	(116, 'Шмотка 116', 43, 400, '[0,1,2,3,4,5,6,7]', 0, 2, '[-20,30]'),
	(117, 'Шмотка 117', 44, 400, '[0,1,2,3,4,5,6,7]', 0, 2, '[-20,30]'),
	(118, 'Шмотка 118', 45, 330, '[0,1,2,3,4,5,6,7,8,9,10]', 0, 2, '[-20,30]'),
	(119, 'Шмотка 119', 46, 230, '[0,1,2,3,4,5,6,7,8,9,10]', 0, 2, '[-20,30]'),
	(120, 'Шмотка 120', 47, 190, '[0,1,2,3,4,5,6,7,8,9]', 0, 2, '[-20,30]'),
	(122, 'Шмотка 122', 49, 190, '[0,1]', 0, 2, '[-20,30]'),
	(123, 'Шмотка 123', 50, 190, '[0,1]', 0, 2, '[-20,30]'),
	(124, 'Шмотка 124', 51, 390, '[0,1,2,3,4,5]', 0, 2, '[-20,30]'),
	(125, 'Шмотка 125', 52, 300, '[0,1,2,3,4,5]', 0, 2, '[-20,30]'),
	(126, 'Шмотка 126', 53, 340, '[0,1]', 0, 2, '[-20,30]'),
	(127, 'Шмотка 127', 54, 240, '[0,1,2,3,4,5]', 0, 1, '[-20,30]'),
	(128, 'Шмотка 128', 55, 350, '[0,1,2,3,4,5]', 0, 2, '[-20,30]'),
	(129, 'Шмотка 129', 56, 350, '[0,1,2]', 0, 2, '[-20,30]'),
	(130, 'Шмотка 130', 57, 220, '[0,1,2,3,4,5,6,7,8,9,10,11,12,13,14,15,16,17,18,19,20]', 0, 1, '[-20,30]'),
	(132, 'Шмотка 132', 59, 250, '[0,1,2,3,4,5,6,7,8,9,10,11,12,13,14,15,16,17,18,19,20]', 0, 1, '[-20,30]'),
	(133, 'Шмотка 133', 60, 350, '[0,1,2,3,4,5,6,7,8,9,10,11,12,13,14,15,16,17,18,19,20]', 0, 2, '[-20,30]'),
	(135, 'Шмотка 135', 62, 370, '[0,1,2,3,4,5,6,7,8,9,10,11,12,13,14,15,16,17,18,19,20]', 0, 2, '[-20,30]'),
	(136, 'Шмотка 136', 63, 440, '[0,1,2,3,4,5,6,7,8,9,10,11,12,13,14,15,16,17,18,19,20]', 0, 2, '[-20,30]'),
	(137, 'Шмотка 137', 64, 340, '[0,1,2,3,4,5,6,7,8,9,10,11,12,13,14,15,16,17,18,19,20]', 0, 2, '[-20,30]'),
	(138, 'Шмотка 138', 65, 220, '[0,1,2,3,4,5,6,7,8,9,10,11,12,13,14,15,16,17,18,19,20]', 0, 1, '[-20,30]'),
	(139, 'Шмотка 139', 66, 320, '[0,1,2,3,4,5,6,7,8,9,10,11,12,13,14,15,16,17,18,19,20]', 0, 2, '[-20,30]'),
	(140, 'Шмотка 140', 67, 320, '[0,1,2,3,4,5,6,7,8,9,10,11,12,13,14,15,16,17,18,19,20]', 0, 2, '[-20,30]'),
	(141, 'Шмотка 141', 68, 340, '[0,1,2,3,4,5,6,7,8,9,10,11,12,13,14,15,16,17,18,19,20]', 0, 2, '[-20,30]'),
	(142, 'Шмотка 142', 69, 340, '[0,1,2,3,4,5,6,7,8,9,10,11,12,13,14,15,16,17,18,19,20]', 0, 2, '[-20,30]'),
	(145, 'Шмотка 145', 72, 300, '[0,1,2,3,4,5,6,7,8,9,10,11,12,13,14,15,16,17,18,19,20]', 0, 2, '[-20,30]'),
	(146, 'Шмотка 146', 73, 320, '[0,1,2,3,4,5,6,7,8,9,10,11,12,13,14,15,16,17,18,19,20]', 0, 2, '[-20,30]'),
	(147, 'Шмотка 147', 74, 320, '[0,1,2,3,4,5,6,7,8,9,10,11,12,13,14,15,16,17,18,19,20]', 0, 2, '[-20,30]'),
	(148, 'Шмотка 148', 75, 200, '[0,1,2,3,4,5,6,7,8,9,10,11,12,13,14,15,16,17,18,19,20]', 0, 1, '[-20,30]'),
	(149, 'Шмотка 149', 76, 200, '[0,1,2,3,4,5,6,7,8,9,10,11,12,13,14,15,16,17,18,19,20]', 0, 1, '[-20,30]'),
	(150, 'Шмотка 150', 77, 300, '[0,1,2,3,4,5,6,7,8,9,10,11,12,13,14,15,16,17,18,19,20]', 0, 2, '[-20,30]'),
	(151, 'Шмотка 151', 0, 100000, '[0]', 0, 1, '[-20,30]'),
	(152, 'Шмотка 152', 1, 100000, '[0,1,2,3,4,5,6,7,8,9,10,11,12,13,14,15,16,17,18,19,20]', 0, 1, '[-20,30]'),
	(153, 'Шмотка 153', 2, 100000, '[0,1,2,3,4,5,6,7,8,9,10,11,12,13,14,15,16,17,18,19,20]', 0, 1, '[-20,30]'),
	(154, 'Шмотка 154', 3, 100000, '[0,1,2,3,4,5,6,7,8,9,10,11,12,13,14,15,16,17,18,19,20]', 0, 1, '[-20,30]'),
	(155, 'Шмотка 155', 4, 100000, '[0,1,2,3,4,5,6,7,8,9,10,11,12,13,14,15,16,17,18,19,20]', 0, 1, '[-20,30]'),
	(156, 'Шмотка 156', 5, 100000, '[0,1,2,3,4,5,6,7,8,9,10,11,12,13,14,15,16,17,18,19,20]', 0, 1, '[-20,30]'),
	(157, 'Шмотка 157', 6, 100000, '[0,1,2,3,4,5,6,7,8,9,10,11,12,13,14,15,16,17,18,19,20]', 0, 1, '[-20,30]'),
	(158, 'Шмотка 158', 7, 100000, '[0,1,2,3,4,5,6,7,8,9,10,11,12,13,14,15,16,17,18,19,20]', 0, 1, '[-20,30]'),
	(159, 'Шмотка 159', 8, 100000, '[0,1,2,3,4,5,6,7,8,9,10,11,12,13,14,15,16,17,18,19,20]', 0, 1, '[-20,30]'),
	(160, 'Шмотка 160', 9, 100000, '[0,1,2,3,4,5,6,7,8,9,10,11,12,13,14,15,16,17,18,19,20]', 0, 1, '[-20,30]'),
	(161, 'Шмотка 161', 10, 100000, '[0,1,2,3,4,5,6,7,8,9,10,11,12,13,14,15,16,17,18,19,20]', 0, 1, '[-20,30]'),
	(162, 'Шмотка 162', 11, 100000, '[0,1,2,3,4,5,6,7,8,9,10,11,12,13,14,15,16,17,18,19,20]', 0, 1, '[-20,30]'),
	(164, 'Шмотка 164', 13, 100000, '[0,1,2,3,4,5,6,7,8,9,10,11,12,13,14,15,16,17,18,19,20]', 0, 1, '[-20,30]'),
	(165, 'Шмотка 165', 14, 100000, '[0,1,2,3,4,5,6,7,8,9,10,11,12,13,14,15,16,17,18,19,20]', 0, 1, '[-20,30]'),
	(166, 'Шмотка 166', 15, 100000, '[0,1,2,3,4,5,6,7,8,9,10,11,12,13,14,15,16,17,18,19,20]', 0, 1, '[-20,30]'),
	(167, 'Шмотка 167', 16, 100000, '[0,1,2,3,4,5,6,7,8,9,10,11,12,13,14,15,16,17,18,19,20]', 0, 1, '[-20,30]'),
	(168, 'Шмотка 168', 17, 100000, '[0,1,2,3,4,5,6,7,8,9,10,11,12,13,14,15,16,17,18,19,20]', 0, 1, '[-20,30]'),
	(169, 'Шмотка 169', 18, 100000, '[0,1,2,3,4,5,6,7,8,9,10,11,12,13,14,15,16,17,18,19,20]', 0, 1, '[-20,30]'),
	(170, 'Шмотка 170', 19, 100000, '[0,1,2,3,4,5,6,7,8,9,10,11,12,13,14,15,16,17,18,19,20]', 0, 1, '[-20,30]'),
	(171, 'Шмотка 171', 20, 100000, '[0,1,2,3,4,5,6,7,8,9,10,11,12,13,14,15,16,17,18,19,20]', 0, 1, '[-20,30]'),
	(172, 'Шмотка 172', 21, 100000, '[0,1,2,3,4,5,6,7,8,9,10,11,12,13,14,15,16,17,18,19,20]', 0, 1, '[-20,30]'),
	(173, 'Шмотка 173', 22, 100000, '[0,1,2,3,4,5,6,7,8,9,10,11,12,13,14,15,16,17,18,19,20]', 0, 1, '[-20,30]'),
	(174, 'Шмотка 174', 23, 100000, '[0,1,2,3,4,5,6,7,8,9,10,11,12,13,14,15,16,17,18,19,20]', 0, 1, '[-20,30]'),
	(175, 'Шмотка 175', 24, 100000, '[0,1,2,3,4,5,6,7,8,9,10,11,12,13,14,15,16,17,18,19,20]', 0, 1, '[-20,30]'),
	(176, 'Шмотка 176', 25, 100000, '[0,1,2,3,4,5,6,7,8,9,10,11,12,13,14,15,16,17,18,19,20]', 0, 1, '[-20,30]'),
	(177, 'Шмотка 177', 26, 100000, '[0,1,2,3,4,5,6,7,8,9,10,11,12,13,14,15,16,17,18,19,20]', 0, 1, '[-20,30]'),
	(178, 'Шмотка 178', 27, 100000, '[0,1,2,3,4,5,6,7,8,9,10,11,12,13,14,15,16,17,18,19,20]', 0, 1, '[-20,30]'),
	(179, 'Шмотка 179', 28, 100000, '[0,1,2,3,4,5,6,7,8,9,10,11,12,13,14,15,16,17,18,19,20]', 0, 1, '[-20,30]'),
	(180, 'Шмотка 180', 29, 100000, '[0,1,2,3,4,5,6,7,8,9,10,11,12,13,14,15,16,17,18,19,20]', 0, 1, '[-20,30]'),
	(181, 'Шмотка 181', 30, 100000, '[0,1,2,3,4,5,6,7,8,9,10,11,12,13,14,15,16,17,18,19,20]', 0, 1, '[-20,30]'),
	(182, 'Шмотка 182', 31, 100000, '[0,1,2,3,4,5,6,7,8,9,10,11,12,13,14,15,16,17,18,19,20]', 0, 1, '[-20,30]'),
	(183, 'Шмотка 183', 32, 100000, '[0,1,2,3,4,5,6,7,8,9,10,11,12,13,14,15,16,17,18,19,20]', 0, 1, '[-20,30]'),
	(184, 'Шмотка 184', 33, 100000, '[0,1,2,3,4,5,6,7,8,9,10,11,12,13,14,15,16,17,18,19,20]', 0, 1, '[-20,30]'),
	(187, 'Шмотка 187', 36, 100000, '[0,1,2,3,4,5,6,7,8,9,10,11,12,13,14,15,16,17,18,19,20]', 0, 1, '[-20,30]'),
	(188, 'Шмотка 188', 37, 100000, '[0,1,2,3,4,5,6,7,8,9,10,11,12,13,14,15,16,17,18,19,20]', 0, 1, '[-20,30]'),
	(189, 'Шмотка 189', 38, 100000, '[0,1,2,3,4,5,6,7,8,9,10,11,12,13,14,15,16,17,18,19,20]', 0, 1, '[-20,30]'),
	(190, 'Шмотка 190', 39, 100000, '[0,1,2,3,4,5,6,7,8,9,10,11,12,13,14,15,16,17,18,19,20]', 0, 1, '[-20,30]'),
	(191, 'Шмотка 191', 40, 100000, '[0,1,2,3,4,5,6,7,8,9,10,11,12,13,14,15,16,17,18,19,20]', 0, 1, '[-20,30]'),
	(192, 'Шмотка 192', 41, 100000, '[0,1,2,3,4,5,6,7,8,9,10,11,12,13,14,15,16,17,18,19,20]', 0, 1, '[-20,30]'),
	(193, 'Шмотка 193', 42, 100000, '[0,1,2,3,4,5,6,7,8,9,10,11,12,13,14,15,16,17,18,19,20]', 0, 1, '[-20,30]'),
	(194, 'Шмотка 194', 43, 100000, '[0,1,2,3,4,5,6,7,8,9,10,11,12,13,14,15,16,17,18,19,20]', 0, 1, '[-20,30]'),
	(195, 'Шмотка 195', 44, 100000, '[0,1,2,3,4,5,6,7,8,9,10,11,12,13,14,15,16,17,18,19,20]', 0, 1, '[-20,30]'),
	(196, 'Шмотка 196', 45, 100000, '[0,1,2,3,4,5,6,7,8,9,10,11,12,13,14,15,16,17,18,19,20]', 0, 1, '[-20,30]'),
	(197, 'Шмотка 197', 46, 100000, '[0,1,2,3,4,5,6,7,8,9,10,11,12,13,14,15,16,17,18,19,20]', 0, 1, '[-20,30]'),
	(198, 'Шмотка 198', 47, 100000, '[0,1,2,3,4,5,6,7,8,9,10,11,12,13,14,15,16,17,18,19,20]', 0, 1, '[-20,30]'),
	(199, 'Шмотка 199', 48, 100000, '[0,1,2,3,4,5,6,7,8,9,10,11,12,13,14,15,16,17,18,19,20]', 0, 1, '[-20,30]'),
	(200, 'Шмотка 200', 49, 100000, '[0,1,2,3,4,5,6,7,8,9,10,11,12,13,14,15,16,17,18,19,20]', 0, 1, '[-20,30]'),
	(201, 'Шмотка 201', 50, 100000, '[0,1,2,3,4,5,6,7,8,9,10,11,12,13,14,15,16,17,18,19,20]', 0, 1, '[-20,30]'),
	(202, 'Шмотка 202', 51, 100000, '[0,1,2,3,4,5,6,7,8,9,10,11,12,13,14,15,16,17,18,19,20]', 0, 1, '[-20,30]'),
	(203, 'Шмотка 203', 52, 100000, '[0,1,2,3,4,5,6,7,8,9,10,11,12,13,14,15,16,17,18,19,20]', 0, 1, '[-20,30]'),
	(204, 'Шмотка 204', 53, 100000, '[0,1,2,3,4,5,6,7,8,9,10,11,12,13,14,15,16,17,18,19,20]', 0, 1, '[-20,30]'),
	(205, 'Шмотка 205', 54, 100000, '[0,1,2,3,4,5,6,7,8,9,10,11,12,13,14,15,16,17,18,19,20]', 0, 1, '[-20,30]'),
	(206, 'Шмотка 206', 55, 100000, '[0,1,2,3,4,5,6,7,8,9,10,11,12,13,14,15,16,17,18,19,20]', 0, 1, '[-20,30]'),
	(207, 'Шмотка 207', 56, 100000, '[0,1,2,3,4,5,6,7,8,9,10,11,12,13,14,15,16,17,18,19,20]', 0, 1, '[-20,30]'),
	(208, 'Шмотка 208', 57, 100000, '[0,1,2,3,4,5,6,7,8,9,10,11,12,13,14,15,16,17,18,19,20]', 0, 1, '[-20,30]'),
	(209, 'Шмотка 209', 58, 100000, '[0,1,2,3,4,5,6,7,8,9,10,11,12,13,14,15,16,17,18,19,20]', 0, 1, '[-20,30]'),
	(210, 'Шмотка 210', 59, 100000, '[0,1,2,3,4,5,6,7,8,9,10,11,12,13,14,15,16,17,18,19,20]', 0, 1, '[-20,30]'),
	(211, 'Шмотка 211', 60, 100000, '[0,1,2,3,4,5,6,7,8,9,10,11,12,13,14,15,16,17,18,19,20]', 0, 1, '[-20,30]'),
	(212, 'Шмотка 212', 61, 100000, '[0,1,2,3,4,5,6,7,8,9,10,11,12,13,14,15,16,17,18,19,20]', 0, 1, '[-20,30]'),
	(213, 'Шмотка 213', 62, 100000, '[0,1,2,3,4,5,6,7,8,9,10,11,12,13,14,15,16,17,18,19,20]', 0, 1, '[-20,30]'),
	(214, 'Шмотка 214', 63, 100000, '[0,1,2,3,4,5,6,7,8,9,10,11,12,13,14,15,16,17,18,19,20]', 0, 1, '[-20,30]'),
	(215, 'Шмотка 215', 64, 100000, '[0,1,2,3,4,5,6,7,8,9,10,11,12,13,14,15,16,17,18,19,20]', 0, 1, '[-20,30]'),
	(216, 'Шмотка 216', 65, 100000, '[0,1,2,3,4,5,6,7,8,9,10,11,12,13,14,15,16,17,18,19,20]', 0, 1, '[-20,30]'),
	(217, 'Шмотка 217', 66, 100000, '[0,1,2,3,4,5,6,7,8,9,10,11,12,13,14,15,16,17,18,19,20]', 0, 1, '[-20,30]'),
	(218, 'Шмотка 218', 67, 100000, '[0,1,2,3,4,5,6,7,8,9,10,11,12,13,14,15,16,17,18,19,20]', 0, 1, '[-20,30]'),
	(219, 'Шмотка 219', 68, 100000, '[0,1,2,3,4,5,6,7,8,9,10,11,12,13,14,15,16,17,18,19,20]', 0, 1, '[-20,30]'),
	(220, 'Шмотка 220', 69, 100000, '[0,1,2,3,4,5,6,7,8,9,10,11,12,13,14,15,16,17,18,19,20]', 0, 1, '[-20,30]'),
	(221, 'Шмотка 221', 70, 100000, '[0,1,2,3,4,5,6,7,8,9,10,11,12,13,14,15,16,17,18,19,20]', 0, 1, '[-20,30]'),
	(222, 'Шмотка 222', 71, 100000, '[0,1,2,3,4,5,6,7,8,9,10,11,12,13,14,15,16,17,18,19,20]', 0, 1, '[-20,30]'),
	(223, 'Шмотка 223', 72, 100000, '[0,1,2,3,4,5,6,7,8,9,10,11,12,13,14,15,16,17,18,19,20]', 0, 1, '[-20,30]'),
	(224, 'Шмотка 224', 73, 100000, '[0,1,2,3,4,5,6,7,8,9,10,11,12,13,14,15,16,17,18,19,20]', 0, 1, '[-20,30]'),
	(225, 'Шмотка 225', 74, 100000, '[0,1,2,3,4,5,6,7,8,9,10,11,12,13,14,15,16,17,18,19,20]', 0, 1, '[-20,30]'),
	(226, 'Шмотка 226', 75, 100000, '[0,1,2,3,4,5,6,7,8,9,10,11,12,13,14,15,16,17,18,19,20]', 0, 1, '[-20,30]'),
	(227, 'Шмотка 227', 76, 100000, '[0,1,2,3,4,5,6,7,8,9,10,11,12,13,14,15,16,17,18,19,20]', 0, 1, '[-20,30]'),
	(228, 'Шмотка 228', 77, 100000, '[0,1,2,3,4,5,6,7,8,9,10,11,12,13,14,15,16,17,18,19,20]', 0, 1, '[-20,30]'),
	(229, 'Шмотка 229', 78, 100000, '[0,1,2,3,4,5,6,7,8,9,10,11,12,13,14,15,16,17,18,19,20]', 0, 1, '[-20,30]'),
	(230, 'Шмотка 230', 79, 100000, '[0,1,2,3,4,5,6,7,8,9,10,11,12,13,14,15,16,17,18,19,20]', 0, 1, '[-20,30]'),
	(231, 'Шмотка 231', 80, 100000, '[0,1,2,3,4,5,6,7,8,9,10,11,12,13,14,15,16,17,18,19,20]', 0, 1, '[-20,30]'),
	(232, 'Шмотка 232', 81, 100000, '[0,1,2,3,4,5,6,7,8,9,10,11,12,13,14,15,16,17,18,19,20]', 0, 1, '[-20,30]'),
	(233, 'Шмотка 233', 82, 100000, '[0,1,2,3,4,5,6,7,8,9,10,11,12,13,14,15,16,17,18,19,20]', 0, 1, '[-20,30]'),
	(234, 'Шмотка 234', 83, 100000, '[0,1,2,3,4,5,6,7,8,9,10,11,12,13,14,15,16,17,18,19,20]', 0, 1, '[-20,30]'),
	(235, 'Шмотка 235', 84, 100000, '[0,1,2,3,4,5,6,7,8,9,10,11,12,13,14,15,16,17,18,19,20]', 0, 1, '[-20,30]'),
	(236, 'Шмотка 236', 85, 100000, '[0,1,2,3,4,5,6,7,8,9,10,11,12,13,14,15,16,17,18,19,20]', 0, 1, '[-20,30]'),
	(237, 'Шмотка 237', 86, 100000, '[0,1,2,3,4,5,6,7,8,9,10,11,12,13,14,15,16,17,18,19,20]', 0, 1, '[-20,30]'),
	(238, 'Шмотка 238', 87, 100000, '[0,1,2,3,4,5,6,7,8,9,10,11,12,13,14,15,16,17,18,19,20]', 0, 1, '[-20,30]'),
	(239, 'Шмотка 239', 88, 100000, '[0,1,2,3,4,5,6,7,8,9,10,11,12,13,14,15,16,17,18,19,20]', 0, 1, '[-20,30]'),
	(240, 'Шмотка 240', 89, 100000, '[0,1,2,3,4,5,6,7,8,9,10,11,12,13,14,15,16,17,18,19,20]', 0, 1, '[-20,30]'),
	(241, 'Шмотка 241', 90, 100000, '[0,1,2,3,4,5,6,7,8,9,10,11,12,13,14,15,16,17,18,19,20]', 0, 1, '[-20,30]'),
	(242, 'Шмотка 242', 91, 100000, '[0,1,2,3,4,5,6,7,8,9,10,11,12,13,14,15,16,17,18,19,20]', 0, 1, '[-20,30]'),
	(243, 'Шмотка 243', 92, 100000, '[0,1,2,3,4,5,6,7,8,9,10,11,12,13,14,15,16,17,18,19,20]', 0, 1, '[-20,30]'),
	(244, 'Шмотка 244', 93, 100000, '[0,1,2,3,4,5,6,7,8,9,10,11,12,13,14,15,16,17,18,19,20]', 0, 1, '[-20,30]'),
	(245, 'Шмотка 245', 94, 100000, '[0,1,2,3,4,5,6,7,8,9,10,11,12,13,14,15,16,17,18,19,20]', 0, 1, '[-20,30]'),
	(246, 'Шмотка 246', 95, 100000, '[0,1,2,3,4,5,6,7,8,9,10,11,12,13,14,15,16,17,18,19,20]', 0, 1, '[-20,30]'),
	(247, 'Шмотка 247', 96, 100000, '[0,1,2,3,4,5,6,7,8,9,10,11,12,13,14,15,16,17,18,19,20]', 0, 1, '[-20,30]'),
	(248, 'Шмотка 248', 97, 100000, '[0,1,2,3,4,5,6,7,8,9,10,11,12,13,14,15,16,17,18,19,20]', 0, 1, '[-20,30]'),
	(249, 'Шмотка 249', 98, 100000, '[0,1,2,3,4,5,6,7,8,9,10,11,12,13,14,15,16,17,18,19,20]', 0, 1, '[-20,30]'),
	(250, 'Шмотка 250', 99, 100000, '[0,1,2,3,4,5,6,7,8,9,10,11,12,13,14,15,16,17,18,19,20]', 0, 1, '[-20,30]'),
	(251, 'Шмотка 251', 100, 100000, '[0,1,2,3,4,5,6,7,8,9,10,11,12,13,14,15,16,17,18,19,20]', 0, 1, '[-20,30]'),
	(252, 'Шмотка 252', 101, 100000, '[0,1,2,3,4,5,6,7,8,9,10,11,12,13,14,15,16,17,18,19,20]', 0, 1, '[-20,30]'),
	(253, 'Шмотка 253', 102, 100000, '[0,1,2,3,4,5,6,7,8,9,10,11,12,13,14,15,16,17,18,19,20]', 0, 1, '[-20,30]'),
	(254, 'Шмотка 254', 103, 100000, '[0,1,2,3,4,5,6,7,8,9,10,11,12,13,14,15,16,17,18,19,20]', 0, 1, '[-20,30]'),
	(255, 'Шмотка 255', 104, 100000, '[0,1,2,3,4,5,6,7,8,9,10,11,12,13,14,15,16,17,18,19,20]', 0, 1, '[-20,30]'),
	(256, 'Шмотка 256', 105, 100000, '[0,1,2,3,4,5,6,7,8,9,10,11,12,13,14,15,16,17,18,19,20]', 0, 1, '[-20,30]'),
	(257, 'Шмотка 257', 106, 100000, '[0,1,2,3,4,5,6,7,8,9,10,11,12,13,14,15,16,17,18,19,20]', 0, 1, '[-20,30]'),
	(258, 'Шмотка 258', 107, 100000, '[0,1,2,3,4,5,6,7,8,9,10,11,12,13,14,15,16,17,18,19,20]', 0, 1, '[-20,30]'),
	(259, 'Шмотка 259', 108, 100000, '[0,1,2,3,4,5,6,7,8,9,10,11,12,13,14,15,16,17,18,19,20]', 0, 1, '[-20,30]'),
	(260, 'Шмотка 260', 109, 100000, '[0,1,2,3,4,5,6,7,8,9,10,11,12,13,14,15,16,17,18,19,20]', 0, 1, '[-20,30]'),
	(261, 'Шмотка 261', 110, 100000, '[0,1,2,3,4,5,6,7,8,9,10,11,12,13,14,15,16,17,18,19,20]', 0, 1, '[-20,30]'),
	(262, 'Шмотка 262', 111, 100000, '[0,1,2,3,4,5,6,7,8,9,10,11,12,13,14,15,16,17,18,19,20]', 0, 1, '[-20,30]'),
	(263, 'Шмотка 263', 112, 100000, '[0,1,2,3,4,5,6,7,8,9,10,11,12,13,14,15,16,17,18,19,20]', 0, 1, '[-20,30]');

-- Дамп структуры для таблица chaos_db.clothesties
CREATE TABLE IF NOT EXISTS `clothesties` (
  `id` int(11) NOT NULL AUTO_INCREMENT,
  `name` varchar(30) NOT NULL DEFAULT 'Аксессуар',
  `variation` int(11) NOT NULL,
  `price` int(11) NOT NULL DEFAULT 100,
  `textures` varchar(128) NOT NULL DEFAULT '[0]',
  `sex` tinyint(1) NOT NULL DEFAULT 1,
  `class` int(11) NOT NULL DEFAULT 1,
  PRIMARY KEY (`id`)
) ENGINE=InnoDB AUTO_INCREMENT=105 DEFAULT CHARSET=utf8 COLLATE=utf8_general_ci;

-- Дамп данных таблицы chaos_db.clothesties: ~104 rows (приблизительно)
INSERT INTO `clothesties` (`id`, `name`, `variation`, `price`, `textures`, `sex`, `class`) VALUES
	(1, 'Аксессуар', 10, 100, '[0]', 1, 3),
	(2, 'Аксессуар', 12, 100, '[0]', 1, 3),
	(3, 'Аксессуар', 16, 100, '[0]', 1, 1),
	(4, 'Аксессуар', 17, 100, '[0]', 1, 1),
	(5, 'Аксессуар', 18, 100, '[0]', 1, 3),
	(6, 'Аксессуар', 19, 100, '[0]', 1, 3),
	(7, 'Аксессуар', 21, 100, '[0]', 1, 3),
	(8, 'Аксессуар', 23, 100, '[0]', 1, 3),
	(9, 'Аксессуар', 28, 100, '[0]', 1, 3),
	(10, 'Аксессуар', 29, 100, '[0]', 1, 3),
	(11, 'Аксессуар', 30, 100, '[0]', 1, 2),
	(12, 'Аксессуар', 32, 100, '[0]', 1, 1),
	(13, 'Аксессуар', 34, 100, '[0]', 1, 2),
	(14, 'Аксессуар', 36, 100, '[0]', 1, 3),
	(15, 'Аксессуар', 37, 100, '[0]', 1, 1),
	(16, 'Аксессуар', 38, 100, '[0]', 1, 3),
	(17, 'Аксессуар', 39, 100, '[0]', 1, 2),
	(18, 'Аксессуар', 42, 100, '[0]', 1, 1),
	(19, 'Аксессуар', 43, 100, '[0]', 1, 1),
	(20, 'Аксессуар', 44, 100, '[0]', 1, 1),
	(21, 'Аксессуар', 45, 100, '[0]', 1, 1),
	(22, 'Аксессуар', 46, 100, '[0]', 1, 1),
	(23, 'Аксессуар', 47, 100, '[0]', 1, 1),
	(24, 'Аксессуар', 48, 100, '[0]', 1, 1),
	(25, 'Аксессуар', 76, 100, '[0]', 1, 2),
	(26, 'Аксессуар', 77, 100, '[0]', 1, 2),
	(27, 'Аксессуар', 78, 100, '[0]', 1, 2),
	(28, 'Аксессуар', 79, 100, '[0]', 1, 2),
	(29, 'Аксессуар', 80, 100, '[0]', 1, 3),
	(30, 'Аксессуар', 81, 100, '[0]', 1, 2),
	(31, 'Аксессуар', 82, 100, '[0]', 1, 2),
	(32, 'Аксессуар', 83, 100, '[0]', 1, 2),
	(33, 'Аксессуар', 112, 100, '[0]', 1, 1),
	(34, 'Аксессуар', 113, 100, '[0]', 1, 1),
	(35, 'Аксессуар', 115, 100, '[0]', 1, 2),
	(36, 'Аксессуар', 117, 100, '[0]', 1, 2),
	(37, 'Аксессуар', 119, 100, '[0]', 1, 2),
	(38, 'Аксессуар', 121, 100, '[0]', 1, 2),
	(39, 'Аксессуар', 123, 100, '[0]', 1, 2),
	(40, 'Аксессуар', 124, 100, '[0]', 1, 2),
	(41, 'Аксессуар', 129, 100, '[0]', 1, 2),
	(42, 'Аксессуар', 132, 100, '[0]', 1, 1),
	(43, 'Аксессуар', 134, 100, '[0]', 1, 3),
	(44, 'Аксессуар', 136, 100, '[0]', 1, 1),
	(45, 'Аксессуар', 138, 100, '[0]', 1, 1),
	(46, 'Аксессуар', 140, 100, '[0]', 1, 1),
	(47, 'Аксессуар', 142, 100, '[0]', 1, 1),
	(48, 'Аксессуар', 144, 100, '[0]', 1, 1),
	(49, 'Аксессуар', 149, 100, '[0]', 1, 1),
	(50, 'Аксессуар', 151, 100, '[0]', 1, 1),
	(51, 'Аксессуар', 6, 100, '[0]', 0, 1),
	(52, 'Аксессуар', 7, 100, '[0]', 0, 1),
	(53, 'Аксессуар', 9, 100, '[0]', 0, 2),
	(54, 'Аксессуар', 11, 100, '[0]', 0, 2),
	(55, 'Аксессуар', 12, 100, '[0]', 0, 1),
	(56, 'Аксессуар', 13, 100, '[0]', 0, 1),
	(57, 'Аксессуар', 15, 100, '[0]', 0, 1),
	(58, 'Аксессуар', 17, 100, '[0]', 0, 2),
	(59, 'Аксессуар', 19, 100, '[0]', 0, 3),
	(60, 'Аксессуар', 20, 100, '[0]', 0, 3),
	(61, 'Аксессуар', 21, 100, '[0]', 0, 3),
	(62, 'Аксессуар', 22, 100, '[0]', 0, 3),
	(63, 'Аксессуар', 23, 100, '[0]', 0, 3),
	(64, 'Аксессуар', 29, 100, '[0]', 0, 3),
	(65, 'Аксессуар', 30, 100, '[0]', 0, 3),
	(66, 'Аксессуар', 31, 100, '[0]', 0, 2),
	(67, 'Аксессуар', 32, 100, '[0]', 0, 2),
	(68, 'Аксессуар', 33, 100, '[0]', 0, 2),
	(69, 'Аксессуар', 34, 100, '[0]', 0, 2),
	(70, 'Аксессуар', 35, 100, '[0]', 0, 2),
	(71, 'Аксессуар', 36, 100, '[0]', 0, 2),
	(72, 'Аксессуар', 37, 100, '[0]', 0, 3),
	(73, 'Аксессуар', 38, 100, '[0]', 0, 1),
	(74, 'Аксессуар', 39, 100, '[0]', 0, 2),
	(75, 'Аксессуар', 40, 100, '[0]', 0, 2),
	(76, 'Аксессуар', 41, 100, '[0]', 0, 1),
	(77, 'Аксессуар', 42, 100, '[0]', 0, 2),
	(78, 'Аксессуар', 53, 100, '[0]', 0, 3),
	(79, 'Аксессуар', 54, 100, '[0]', 0, 3),
	(80, 'Аксессуар', 55, 100, '[0]', 0, 3),
	(81, 'Аксессуар', 56, 100, '[0]', 0, 3),
	(82, 'Аксессуар', 57, 100, '[0]', 0, 3),
	(83, 'Аксессуар', 58, 100, '[0]', 0, 3),
	(84, 'Аксессуар', 59, 100, '[0]', 0, 3),
	(85, 'Аксессуар', 62, 100, '[0]', 0, 1),
	(86, 'Аксессуар', 66, 100, '[0]', 0, 2),
	(87, 'Аксессуар', 69, 100, '[0]', 0, 2),
	(88, 'Аксессуар', 83, 100, '[0]', 0, 1),
	(89, 'Аксессуар', 84, 100, '[0]', 0, 1),
	(90, 'Аксессуар', 85, 100, '[0]', 0, 1),
	(91, 'Аксессуар', 86, 100, '[0]', 0, 2),
	(92, 'Аксессуар', 87, 100, '[0]', 0, 1),
	(93, 'Аксессуар', 89, 100, '[0]', 0, 3),
	(94, 'Аксессуар', 92, 100, '[0]', 0, 3),
	(95, 'Аксессуар', 93, 100, '[0]', 0, 1),
	(96, 'Аксессуар', 94, 100, '[0]', 0, 2),
	(97, 'Аксессуар', 104, 100, '[0]', 0, 2),
	(98, 'Аксессуар', 106, 100, '[0]', 0, 3),
	(99, 'Аксессуар', 108, 100, '[0]', 0, 3),
	(100, 'Аксессуар', 110, 100, '[0]', 0, 3),
	(101, 'Аксессуар', 112, 100, '[0]', 0, 3),
	(102, 'Аксессуар', 114, 100, '[0]', 0, 3),
	(103, 'Аксессуар', 118, 100, '[0]', 0, 1),
	(104, 'Аксессуар', 120, 100, '[0]', 0, 1);

-- Дамп структуры для таблица chaos_db.clothestops
CREATE TABLE IF NOT EXISTS `clothestops` (
  `id` int(11) NOT NULL AUTO_INCREMENT,
  `name` varchar(30) NOT NULL,
  `variation` int(11) NOT NULL,
  `pockets` varchar(128) DEFAULT '0',
  `clime` varchar(20) NOT NULL,
  `price` int(11) NOT NULL,
  `textures` varchar(128) NOT NULL,
  `sex` tinyint(1) NOT NULL,
  `torso` int(11) NOT NULL,
  `undershirt` int(11) NOT NULL,
  `uTextures` varchar(128) NOT NULL DEFAULT '[0]',
  `class` int(11) NOT NULL DEFAULT 1,
  PRIMARY KEY (`id`)
) ENGINE=InnoDB AUTO_INCREMENT=515 DEFAULT CHARSET=utf8 COLLATE=utf8_general_ci;

-- Дамп данных таблицы chaos_db.clothestops: ~472 rows (приблизительно)
INSERT INTO `clothestops` (`id`, `name`, `variation`, `pockets`, `clime`, `price`, `textures`, `sex`, `torso`, `undershirt`, `uTextures`, `class`) VALUES
	(1, 'Шмотка 1', 0, '[5,5,5,5]', '[5,30]', 75, '[0,1,2,3,4,5,7,8,11]', 1, 0, 57, '[0]', 1),
	(2, 'Шмотка 2', 1, '[5,5,5,5]', '[5,30]', 85, '[0,1,3,4,5,6,7,8,11,12,14]', 1, 0, 57, '[0]', 2),
	(4, 'Шмотка 4', 3, '[5,5,5,5]', '[-10,25]', 200, '[0,1,2,3,4,5,6,7,8,9,10,11,12,13,14,15]', 1, 14, 3, '[0]', 2),
	(5, 'Шмотка 5', 4, '[5,5,5,5]', '[-10,25]', 900, '[0,2,3,11,14]', 1, 14, 3, '[0]', 3),
	(6, 'Шмотка 6', 5, '[5,5,5,5]', '[5,30]', 200, '[0,1,2,7]', 1, 5, 57, '[0]', 1),
	(7, 'Шмотка 7', 6, '[5,5,5,5]', '[-10,25]', 400, '[0,1,3,4,5,6,8,9,11]', 1, 14, 3, '[0]', 2),
	(8, 'Шмотка 8', 7, '[5,5,5,5]', '[-10,25]', 130, '[0,1,2,3,4,5,6,7,8,9,10,11,12,13,14,15]', 1, 14, 3, '[0]', 2),
	(9, 'Шмотка 9', 8, '[5,5,5,5]', '[5,30]', 45, '[0,10,13,14]', 1, 8, 57, '[0]', 2),
	(10, 'Шмотка 10', 9, '[5,5,5,5]', '[5,30]', 300, '[0,1,2,3,4,5,6,7,10,11,12,13,14,15]', 1, 0, 57, '[0]', 2),
	(11, 'Шмотка 11', 10, '[5,5,5,5]', '[-10,25]', 900, '[0,1,2]', 1, 14, 3, '[0]', 3),
	(12, 'Шмотка 12', 11, '[5,5,5,5]', '[5,30]', 200, '[0,1,7,14]', 1, 15, 57, '[0]', 3),
	(13, 'Шмотка 13', 12, '[5,5,5,5]', '[5,30]', 130, '[0,1,2,3,4,5,6,7,8,9,10,11]', 1, 12, 57, '[0]', 2),
	(14, 'Шмотка 14', 13, '[5,5,5,5]', '[5,30]', 200, '[0,1,2,3,5,13]', 1, 11, 57, '[0]', 2),
	(15, 'Шмотка 15', 14, '[5,5,5,5]', '[5,30]', 150, '[0,1,2,3,4,5,6,7,8,9,10,11,12,13,14,15]', 1, 12, 57, '[0]', 2),
	(17, 'Шмотка 17', 16, '[5,5,5,5]', '[5,30]', 85, '[0,1,2]', 1, 0, 57, '[0]', 2),
	(18, 'Шмотка 18', 17, '[5,5,5,5]', '[5,30]', 20, '[0,1,2,3,4,5]', 1, 5, 57, '[0]', 1),
	(19, 'Шмотка 19', 18, '[5,5,5,5]', '[5,30]', 6000, '[0,1,2,3]', 1, 0, 57, '[0]', 3),
	(20, 'Шмотка 20', 19, '[5,5,5,5]', '[-10,25]', 2000, '[0,1]', 1, 14, 3, '[0]', 3),
	(21, 'Шмотка 21', 20, '[5,5,5,5]', '[-10,25]', 3000, '[0,1,2,3]', 1, 14, 3, '[0]', 3),
	(22, 'Шмотка 22', 21, '[5,5,5,5]', '[5,30]', 700, '[0,1,2,3]', 1, 15, 57, '[0]', 3),
	(23, 'Шмотка 23', 22, '[5,5,5,5]', '[5,30]', 80, '[0,1,2]', 1, 0, 57, '[0]', 2),
	(24, 'Шмотка 24', 23, '[5,5,5,5]', '[-10,25]', 1300, '[0,1,2,3]', 1, 14, 3, '[0]', 3),
	(25, 'Шмотка 25', 24, '[5,5,5,5]', '[-10,25]', 2300, '[0,1,2,3,4,5,6,7,8,9,10,11,12]', 1, 14, 3, '[0]', 3),
	(26, 'Шмотка 26', 25, '[5,5,5,5]', '[5,30]', 500, '[0,1,2,3,4,5,6,7,8,9]', 1, 15, 57, '[0]', 3),
	(27, 'Шмотка 27', 26, '[5,5,5,5]', '[5,30]', 160, '[0,1,2,3,4,5,6,7,8,9]', 1, 11, 57, '[0]', 2),
	(28, 'Шмотка 28', 27, '[5,5,5,5]', '[-10,25]', 1600, '[0,1,2]', 1, 14, 3, '[0]', 3),
	(29, 'Шмотка 29', 28, '[5,5,5,5]', '[-10,25]', 1000, '[0,1,2]', 1, 14, 3, '[0]', 3),
	(30, 'Шмотка 30', 29, '[5,5,5,5]', '[-10,25]', 1600, '[0,1,2,3,4,5,6,7]', 1, 1, 32, '[0]', 3),
	(31, 'Шмотка 31', 30, '[5,5,5,5]', '[-10,25]', 1400, '[0,1,2,3,4,5,6,7]', 1, 4, 36, '[0]', 3),
	(32, 'Шмотка 32', 31, '[5,5,5,5]', '[-10,25]', 1000, '[0,1,2,3,4,5,6,7]', 1, 1, 32, '[0]', 3),
	(33, 'Шмотка 33', 32, '[5,5,5,5]', '[-10,25]', 1000, '[0,1,2,3,4,5,6,7]', 1, 4, 32, '[0]', 3),
	(34, 'Шмотка 34', 33, '[5,5,5,5]', '[5,30]', 170, '[0]', 1, 0, 57, '[0]', 2),
	(35, 'Шмотка 35', 34, '[5,5,5,5]', '[5,30]', 165, '[0,1]', 1, 0, 57, '[0]', 2),
	(36, 'Шмотка 36', 35, '[5,5,5,5]', '[-10,25]', 3000, '[0,1,2,3,4,5,6]', 1, 14, 3, '[0]', 3),
	(37, 'Шмотка 37', 36, '[5,5,5,5]', '[5,30]', 90, '[0,1,2,3,4,5]', 1, 5, 57, '[0]', 2),
	(38, 'Шмотка 38', 37, '[5,5,5,5]', '[-10,25]', 1400, '[0,1,2]', 1, 14, 3, '[0]', 2),
	(39, 'Шмотка 39', 38, '[5,5,5,5]', '[5,30]', 210, '[0,1,2,3,4]', 1, 8, 57, '[0]', 2),
	(40, 'Шмотка 40', 39, '[5,5,5,5]', '[5,30]', 340, '[0,1]', 1, 0, 57, '[0]', 2),
	(41, 'Шмотка 41', 40, '[5,5,5,5]', '[5,30]', 350, '[0,1]', 1, 15, 57, '[0]', 3),
	(42, 'Шмотка 42', 41, '[5,5,5,5]', '[5,30]', 150, '[0,1,2,3]', 1, 12, 57, '[0]', 2),
	(43, 'Шмотка 43', 42, '[5,5,5,5]', '[5,30]', 180, '[0]', 1, 11, 57, '[0]', 2),
	(44, 'Шмотка 44', 43, '[5,5,5,5]', '[5,30]', 280, '[0]', 1, 11, 57, '[0]', 2),
	(45, 'Шмотка 45', 44, '[5,5,5,5]', '[5,30]', 220, '[0,1,2,3]', 1, 0, 57, '[0]', 1),
	(46, 'Шмотка 46', 45, '[5,5,5,5]', '[5,30]', 1000, '[0,1,2]', 1, 15, 57, '[0]', 3),
	(47, 'Шмотка 47', 46, '[5,5,5,5]', '[-10,25]', 1000, '[0,1,2]', 1, 14, 3, '[0]', 3),
	(48, 'Шмотка 48', 47, '[5,5,5,5]', '[5,30]', 600, '[0,1]', 1, 0, 57, '[0]', 2),
	(52, 'Шмотка 52', 51, '[5,5,5,5]', '[5,30]', 850, '[0,1,2]', 1, 1, 57, '[0]', 3),
	(53, 'Шмотка 53', 52, '[5,5,5,5]', '[5,30]', 700, '[0,1,2,3]', 1, 2, 57, '[0]', 2),
	(54, 'Шмотка 54', 53, '[5,5,5,5]', '[5,30]', 800, '[0,1,2,3]', 1, 0, 57, '[0]', 2),
	(57, 'Шмотка 57', 56, '[5,5,5,5]', '[5,30]', 5, '[0]', 1, 0, 57, '[0]', 1),
	(58, 'Шмотка 58', 57, '[5,5,5,5]', '[5,30]', 265, '[0]', 1, 0, 57, '[0]', 1),
	(59, 'Шмотка 59', 58, '[5,5,5,5]', '[-10,25]', 600, '[0]', 1, 14, 3, '[0]', 3),
	(60, 'Шмотка 60', 59, '[5,5,5,5]', '[-10,25]', 1430, '[0,1,2,3]', 1, 14, 3, '[0]', 3),
	(61, 'Шмотка 61', 60, '[5,5,5,5]', '[-10,25]', 1430, '[0,1,2,3]', 1, 0, 36, '[0]', 3),
	(62, 'Шмотка 62', 61, '[5,5,5,5]', '[5,30]', 925, '[0,1,2,3]', 1, 0, 57, '[0]', 2),
	(63, 'Шмотка 63', 62, '[5,5,5,5]', '[-10,25]', 1000, '[0]', 1, 14, 3, '[0]', 2),
	(64, 'Шмотка 64', 63, '[5,5,5,5]', '[-10,25]', 200, '[0]', 1, 15, 3, '[0]', 1),
	(65, 'Шмотка 65', 64, '[5,5,5,5]', '[-10,25]', 1400, '[0]', 1, 14, 3, '[0]', 2),
	(66, 'Шмотка 66', 65, '[5,5,5,5]', '[5,30]', 300, '[0,1,2,3]', 1, 14, 57, '[0]', 1),
	(67, 'Шмотка 67', 66, '[5,5,5,5]', '[5,30]', 285, '[0,1,2,3]', 1, 15, 57, '[0]', 1),
	(68, 'Шмотка 68', 67, '[5,5,5,5]', '[5,30]', 500, '[0,1,2,3]', 1, 1, 57, '[0]', 2),
	(69, 'Шмотка 69', 68, '[5,5,5,5]', '[-10,25]', 435, '[0,1,2,3,4,5]', 1, 14, 3, '[0]', 2),
	(70, 'Шмотка 70', 69, '[5,5,5,5]', '[-10,25]', 435, '[0,1,2,3,4,5]', 1, 14, 3, '[0]', 2),
	(74, 'Шмотка 74', 73, '[5,5,5,5]', '[5,30]', 1000, '[0,1,2,3,4,5,6,7,8,9,10,11,12,13,14,15,16,17,18]', 1, 5, 57, '[0]', 2),
	(75, 'Шмотка 75', 74, '[5,5,5,5]', '[-10,25]', 4500, '[0,1,2,3,4,5,6,7,8,9,10]', 1, 14, 3, '[0]', 3),
	(76, 'Шмотка 76', 75, '[5,5,5,5]', '[5,30]', 4500, '[0,1,2,3,4,5,6,7,8,9,10]', 1, 14, 57, '[0]', 3),
	(77, 'Шмотка 77', 76, '[5,5,5,5]', '[-10,25]', 2200, '[0,1,2,3,4]', 1, 14, 3, '[0]', 3),
	(78, 'Шмотка 78', 77, '[5,5,5,5]', '[-10,25]', 2420, '[0,1,2,3]', 1, 14, 3, '[0]', 3),
	(79, 'Шмотка 79', 78, '[5,5,5,5]', '[5,30]', 1300, '[0,1,2,3,4,5,6,7,8,9,10,11,12,13,14,15]', 1, 14, 57, '[0]', 3),
	(80, 'Шмотка 80', 79, '[5,5,5,5]', '[5,30]', 740, '[0]', 1, 14, 57, '[0]', 3),
	(81, 'Шмотка 81', 80, '[5,5,5,5]', '[5,30]', 190, '[0,1,2]', 1, 0, 57, '[0]', 1),
	(82, 'Шмотка 82', 81, '[5,5,5,5]', '[5,30]', 145, '[0,1,2]', 1, 0, 57, '[0]', 1),
	(83, 'Шмотка 83', 82, '[5,5,5,5]', '[5,30]', 295, '[0,1,2,3,4,5,6,7,8,9,10,11,12,13,14,15]', 1, 0, 57, '[0]', 1),
	(84, 'Шмотка 84', 83, '[5,5,5,5]', '[5,30]', 110, '[0,1,2,3,4]', 1, 0, 57, '[0]', 1),
	(85, 'Шмотка 85', 84, '[5,5,5,5]', '[5,30]', 200, '[0,1,2,3,4,5]', 1, 1, 57, '[0]', 1),
	(86, 'Шмотка 86', 85, '[5,5,5,5]', '[5,30]', 220, '[0]', 1, 1, 57, '[0]', 2),
	(87, 'Шмотка 87', 86, '[5,5,5,5]', '[5,30]', 350, '[0,1,2,3,4]', 1, 1, 57, '[0]', 2),
	(88, 'Шмотка 88', 87, '[5,5,5,5]', '[5,30]', 1310, '[0,1,2,3,4,5,6,7,8,9,10,11]', 1, 1, 57, '[0]', 2),
	(89, 'Шмотка 89', 88, '[5,5,5,5]', '[-10,25]', 1310, '[0,1,2,3,4,5,6,7,8,9,10,11]', 1, 14, 3, '[0]', 2),
	(90, 'Шмотка 90', 89, '[5,5,5,5]', '[5,30]', 240, '[0,1,2,3]', 1, 14, 57, '[0]', 2),
	(91, 'Шмотка 91', 90, '[5,5,5,5]', '[5,30]', 900, '[0]', 1, 14, 57, '[0]', 2),
	(93, 'Шмотка 93', 92, '[5,5,5,5]', '[5,30]', 1540, '[0,1,2,3,4,5,6]', 1, 6, 57, '[0]', 2),
	(94, 'Шмотка 94', 93, '[5,5,5,5]', '[5,30]', 910, '[0,1,2]', 1, 0, 57, '[0]', 2),
	(95, 'Шмотка 95', 94, '[5,5,5,5]', '[5,30]', 910, '[0,1,2]', 1, 0, 57, '[0]', 2),
	(96, 'Шмотка 96', 95, '[5,5,5,5]', '[5,30]', 160, '[0,1,2]', 1, 11, 57, '[0]', 2),
	(97, 'Шмотка 97', 96, '[5,5,5,5]', '[5,30]', 550, '[0]', 1, 11, 57, '[0]', 2),
	(98, 'Шмотка 98', 97, '[5,5,5,5]', '[5,30]', 10, '[0,1]', 1, 0, 57, '[0]', 1),
	(100, 'Шмотка 100', 99, '[5,5,5,5]', '[-10,25]', 1400, '[0,1,2,3,4]', 1, 12, 90, '[0]', 3),
	(101, 'Шмотка 101', 100, '[5,5,5,5]', '[-10,25]', 1400, '[0,1,2,3,4]', 1, 12, 90, '[0]', 3),
	(106, 'Шмотка 106', 105, '[5,5,5,5]', '[5,30]', 770, '[0]', 1, 11, 57, '[0]', 1),
	(107, 'Шмотка 107', 106, '[5,5,5,5]', '[-10,25]', 1000, '[0]', 1, 14, 3, '[0]', 2),
	(108, 'Шмотка 108', 107, '[5,5,5,5]', '[5,30]', 500, '[0,1,2,3,4]', 1, 14, 57, '[0]', 2),
	(109, 'Шмотка 109', 108, '[5,5,5,5]', '[-10,25]', 1100, '[0,1,2,3,4,5,6,7,8,9,10]', 1, 14, 36, '[0]', 3),
	(110, 'Шмотка 110', 109, '[5,5,5,5]', '[5,30]', 300, '[0]', 1, 5, 57, '[0]', 1),
	(111, 'Шмотка 111', 110, '[5,5,5,5]', '[5,30]', 1400, '[0]', 1, 1, 57, '[0]', 2),
	(112, 'Шмотка 112', 111, '[5,5,5,5]', '[5,30]', 230, '[0,1,2,3,4,5]', 1, 4, 57, '[0]', 1),
	(113, 'Шмотка 113', 112, '[5,5,5,5]', '[-10,25]', 1000, '[0]', 1, 14, 21, '[0]', 3),
	(114, 'Шмотка 114', 113, '[5,5,5,5]', '[5,30]', 340, '[0,1,2,3]', 1, 6, 57, '[0]', 2),
	(116, 'Шмотка 116', 115, '[5,5,5,5]', '[-10,25]', 1700, '[0]', 1, 14, 3, '[0]', 2),
	(117, 'Шмотка 117', 116, '[5,5,5,5]', '[5,30]', 2000, '[0,1,2]', 1, 14, 57, '[0]', 1),
	(118, 'Шмотка 118', 117, '[5,5,5,5]', '[5,30]', 640, '[0,1,2,3,4,5,6,7,8,9,10,11,12,13,14,15]', 1, 6, 57, '[0]', 2),
	(119, 'Шмотка 119', 118, '[5,5,5,5]', '[-10,25]', 800, '[0,1,2,3,4,5,6,7,8,9]', 1, 14, 3, '[0]', 2),
	(120, 'Шмотка 120', 119, '[5,5,5,5]', '[-10,25]', 3300, '[0,1,2,3,4,5,6,7,8,9,10,11]', 1, 14, 3, '[0]', 3),
	(121, 'Шмотка 121', 120, '[5,5,5,5]', '[5,30]', 1200, '[0,1,2,3,4,5,6,7,8,9,10,11]', 1, 15, 57, '[0]', 2),
	(122, 'Шмотка 122', 121, '[5,5,5,5]', '[5,30]', 600, '[0,1,2,3,4,5,6,7,8,9,10,11]', 1, 14, 57, '[0]', 2),
	(123, 'Шмотка 123', 122, '[5,5,5,5]', '[-10,25]', 900, '[0,1,2,3,4,5,6,7,8,9,10,11,12,13]', 1, 14, 3, '[0]', 2),
	(124, 'Шмотка 124', 123, '[5,5,5,5]', '[5,30]', 200, '[0,1,2]', 1, 11, 57, '[0]', 1),
	(125, 'Шмотка 125', 124, '[5,5,5,5]', '[-10,25]', 700, '[0]', 1, 14, 3, '[0]', 2),
	(126, 'Шмотка 126', 125, '[5,5,5,5]', '[5,30]', 800, '[0]', 1, 14, 57, '[0]', 2),
	(127, 'Шмотка 127', 126, '[5,5,5,5]', '[5,30]', 140, '[0,1,2,3,4,5,6,7,8,9,10,11,12,13,14]', 1, 1, 57, '[0]', 2),
	(128, 'Шмотка 128', 127, '[5,5,5,5]', '[-10,25]', 140, '[0,1,2,3,4,5,6,7,8,9,10,11,12,13,14]', 1, 14, 3, '[0]', 1),
	(129, 'Шмотка 129', 128, '[5,5,5,5]', '[5,30]', 80, '[0,1,2,3,4,5,6,7,8,9]', 1, 0, 57, '[0]', 1),
	(130, 'Шмотка 130', 129, '[5,5,5,5]', '[5,30]', 800, '[0]', 1, 0, 57, '[0]', 2),
	(131, 'Шмотка 131', 130, '[5,5,5,5]', '[-10,25]', 530, '[0]', 1, 14, 3, '[0]', 2),
	(132, 'Шмотка 132', 131, '[5,5,5,5]', '[5,30]', 530, '[0]', 1, 0, 57, '[0]', 2),
	(133, 'Шмотка 133', 132, '[5,5,5,5]', '[5,30]', 840, '[0]', 1, 0, 57, '[0]', 2),
	(134, 'Шмотка 134', 133, '[5,5,5,5]', '[5,30]', 640, '[0]', 1, 0, 57, '[0]', 2),
	(135, 'Шмотка 135', 134, '[5,5,5,5]', '[5,30]', 110, '[0,1,2]', 1, 0, 57, '[0]', 2),
	(136, 'Шмотка 136', 135, '[5,5,5,5]', '[5,30]', 580, '[0,1,2,3,4,5,6]', 1, 0, 57, '[0]', 2),
	(137, 'Шмотка 137', 136, '[5,5,5,5]', '[-10,25]', 1600, '[0,1,2,3,4,5,6]', 1, 14, 3, '[0]', 2),
	(138, 'Шмотка 138', 137, '[5,5,5,5]', '[5,30]', 305, '[0,1,2]', 1, 15, 57, '[0]', 2),
	(139, 'Шмотка 139', 138, '[5,5,5,5]', '[5,30]', 1000, '[0,1,2]', 1, 14, 57, '[0]', 2),
	(140, 'Шмотка 140', 139, '[5,5,5,5]', '[5,30]', 300, '[0,1,2,3,4,5,6,7]', 1, 12, 57, '[0]', 1),
	(141, 'Шмотка 141', 140, '[5,5,5,5]', '[-10,25]', 1300, '[0,1,2,3,4,5,6,7,8,9,10,11,12,13,14]', 1, 14, 21, '[0]', 3),
	(142, 'Шмотка 142', 141, '[5,5,5,5]', '[5,30]', 875, '[0,1,2,3,4,5,6,7,8,9,10]', 1, 6, 57, '[0]', 2),
	(143, 'Шмотка 143', 142, '[5,5,5,5]', '[-10,25]', 1500, '[0,1,2]', 1, 14, 3, '[0]', 2),
	(144, 'Шмотка 144', 143, '[5,5,5,5]', '[5,30]', 500, '[0,1,2,3,4,5,6,7,8,9]', 1, 14, 57, '[0]', 2),
	(145, 'Шмотка 145', 144, '[5,5,5,5]', '[5,30]', 900, '[0,1,2,3,4,5,6,7,8,9,10,11,12,13]', 1, 6, 57, '[0]', 2),
	(146, 'Шмотка 146', 145, '[5,5,5,5]', '[-10,25]', 3500, '[0,1,2,3,4,5,6,7,8,9,10,11,12,13]', 1, 14, 36, '[0]', 3),
	(147, 'Шмотка 147', 146, '[5,5,5,5]', '[5,30]', 75, '[0,1,2,3,4,5,6,7,8]', 1, 0, 57, '[0]', 1),
	(148, 'Шмотка 148', 147, '[5,5,5,5]', '[5,30]', 1400, '[0,1,2,3,4,5,6,7,8,9]', 1, 4, 57, '[0]', 2),
	(150, 'Шмотка 150', 149, '[5,5,5,5]', '[5,30]', 2000, '[0,1,2,3,4,5,6,7,8,9]', 1, 14, 57, '[0]', 2),
	(151, 'Шмотка 151', 150, '[5,5,5,5]', '[5,30]', 2500, '[0,1,2,3,4,5,6,7,8,9,10,11]', 1, 14, 57, '[0]', 3),
	(152, 'Шмотка 152', 151, '[5,5,5,5]', '[-10,25]', 600, '[0,1,2,3,4,5]', 1, 14, 3, '[0]', 2),
	(153, 'Шмотка 153', 152, '[5,5,5,5]', '[5,30]', 1900, '[0,1,2,3,4,5,6,7,8,9,10,11,12,13,14,15]', 1, 14, 57, '[0]', 2),
	(154, 'Шмотка 154', 153, '[5,5,5,5]', '[5,30]', 620, '[0,1,2,3,4,5,6,7,8,9,10,11,12,13,14,15,16,17,18,19,20,21,22,23,24,25]', 1, 14, 57, '[0]', 2),
	(155, 'Шмотка 155', 154, '[5,5,5,5]', '[5,30]', 110, '[0,1,2,3,4,5,6,7]', 1, 14, 57, '[0]', 2),
	(156, 'Шмотка 156', 155, '[5,5,5,5]', '[5,30]', 2000, '[0,1,2,3]', 1, 14, 57, '[0]', 2),
	(157, 'Шмотка 157', 156, '[5,5,5,5]', '[-10,25]', 1000, '[0,1,2,3,4,5]', 1, 14, 3, '[0]', 2),
	(158, 'Шмотка 158', 157, '[5,5,5,5]', '[-10,25]', 400, '[0,1,2,3]', 1, 15, 3, '[0]', 2),
	(159, 'Шмотка 159', 158, '[5,5,5,5]', '[5,30]', 400, '[0,1,2]', 1, 15, 57, '[0]', 2),
	(160, 'Шмотка 160', 159, '[5,5,5,5]', '[-10,25]', 630, '[0,1]', 1, 15, 3, '[0]', 2),
	(161, 'Шмотка 161', 160, '[5,5,5,5]', '[-10,25]', 630, '[0,1]', 1, 15, 3, '[0]', 2),
	(162, 'Шмотка 162', 161, '[5,5,5,5]', '[-10,25]', 1300, '[0,1,2,3]', 1, 14, 3, '[0]', 2),
	(163, 'Шмотка 163', 162, '[5,5,5,5]', '[-10,25]', 1000, '[0,1,2,3]', 1, 15, 3, '[0]', 2),
	(164, 'Шмотка 164', 163, '[5,5,5,5]', '[-10,25]', 1300, '[0]', 1, 14, 3, '[0]', 2),
	(165, 'Шмотка 165', 164, '[5,5,5,5]', '[5,30]', 1300, '[0,1,2]', 1, 0, 57, '[0]', 1),
	(166, 'Шмотка 166', 165, '[5,5,5,5]', '[5,30]', 1200, '[0,1,2,3,4,5,6]', 1, 0, 57, '[0]', 2),
	(167, 'Шмотка 167', 166, '[5,5,5,5]', '[-10,25]', 1000, '[0,1,2,3,4,5]', 1, 14, 3, '[0]', 2),
	(168, 'Шмотка 168', 167, '[5,5,5,5]', '[-10,25]', 1125, '[0,1,2,3,4,5,6,7,8,9,10,11,12,13,14,15]', 1, 14, 3, '[0]', 2),
	(169, 'Шмотка 169', 168, '[5,5,5,5]', '[5,30]', 1400, '[0,1,2]', 1, 14, 57, '[0]', 2),
	(170, 'Шмотка 170', 169, '[5,5,5,5]', '[-10,25]', 450, '[0,1,2,3]', 1, 14, 3, '[0]', 1),
	(171, 'Шмотка 171', 170, '[5,5,5,5]', '[-10,25]', 450, '[0,1,2,3]', 1, 15, 3, '[0]', 1),
	(172, 'Шмотка 172', 171, '[5,5,5,5]', '[5,30]', 600, '[0,1]', 1, 1, 57, '[0]', 2),
	(173, 'Шмотка 173', 172, '[5,5,5,5]', '[-10,25]', 850, '[0,1,2,3]', 1, 14, 3, '[0]', 2),
	(174, 'Шмотка 174', 173, '[5,5,5,5]', '[-10,25]', 850, '[0,1,2,3]', 1, 15, 3, '[0]', 2),
	(175, 'Шмотка 175', 174, '[5,5,5,5]', '[-10,25]', 1600, '[0,1,2,3]', 1, 14, 3, '[0]', 2),
	(176, 'Шмотка 176', 175, '[5,5,5,5]', '[5,30]', 1600, '[0,1,2,3]', 1, 15, 57, '[0]', 2),
	(177, 'Шмотка 177', 176, '[5,5,5,5]', '[-10,25]', 740, '[0]', 1, 15, 3, '[0]', 2),
	(178, 'Шмотка 178', 177, '[5,5,5,5]', '[-10,25]', 1000, '[0,1,2,3,4,5,6]', 1, 15, 3, '[0]', 2),
	(180, 'Шмотка 180', 179, '[5,5,5,5]', '[-10,25]', 635, '[0,1,2,3]', 1, 15, 3, '[0]', 2),
	(181, 'Шмотка 181', 180, '[5,5,5,5]', '[5,30]', 655, '[0,1,2]', 1, 15, 57, '[0]', 2),
	(182, 'Шмотка 182', 181, '[5,5,5,5]', '[-10,25]', 1300, '[0,1,2,3,4,5]', 1, 15, 3, '[0]', 2),
	(183, 'Шмотка 183', 182, '[5,5,5,5]', '[5,30]', 625, '[0,1]', 1, 1, 57, '[0]', 1),
	(184, 'Шмотка 184', 183, '[5,5,5,5]', '[-10,25]', 1830, '[0,1,2,3,4,5]', 1, 12, 90, '[0]', 3),
	(185, 'Шмотка 185', 184, '[5,5,5,5]', '[5,30]', 1100, '[0,1,2,3]', 1, 14, 57, '[0]', 2),
	(186, 'Шмотка 186', 185, '[5,5,5,5]', '[-10,25]', 1100, '[0,1,2,3]', 1, 14, 3, '[0]', 2),
	(188, 'Шмотка 188', 187, '[5,5,5,5]', '[5,30]', 1235, '[0,1,2,3,4,5,6,7,8,9,10,11,12]', 1, 14, 57, '[0]', 2),
	(189, 'Шмотка 189', 188, '[5,5,5,5]', '[5,30]', 1500, '[0,1,2,3,4,5,6,7,8,9,10]', 1, 14, 57, '[0]', 2),
	(190, 'Шмотка 190', 189, '[5,5,5,5]', '[-10,25]', 1500, '[0,1,2,3,4,5,6,7,8,9,10]', 1, 14, 3, '[0]', 2),
	(191, 'Шмотка 191', 190, '[5,5,5,5]', '[5,30]', 940, '[0,1,2,3,4,5,6,7,8,9,10,11,12,13,14,15,16,17,18,19,20,21,22,23,24,25]', 1, 14, 57, '[0]', 3),
	(192, 'Шмотка 192', 191, '[5,5,5,5]', '[-10,25]', 1800, '[0,1,2,3,4,5,6,7,8,9,10,11,12,13,14,15,16,17,18,19,20,21,22,23,24,25]', 1, 14, 3, '[0]', 2),
	(193, 'Шмотка 193', 192, '[5,5,5,5]', '[-10,25]', 2200, '[0,1,2,3,4,5,6,7,8,9,10,11]', 1, 14, 3, '[0]', 2),
	(194, 'Шмотка 194', 193, '[5,5,5,5]', '[5,30]', 145, '[0,1,2,3,4,5,6,7,8,9,10,11,12,13,14,15,16,17,18,19,20,21,22,23,24,25]', 1, 0, 57, '[0]', 1),
	(195, 'Шмотка 195', 194, '[5,5,5,5]', '[5,30]', 2000, '[0,1,2]', 1, 1, 57, '[0]', 2),
	(196, 'Шмотка 196', 195, '[5,5,5,5]', '[5,30]', 1800, '[0,1,2]', 1, 1, 57, '[0]', 2),
	(197, 'Шмотка 197', 196, '[5,5,5,5]', '[5,30]', 1730, '[0,1,2,3,4,5,6,7,8,9,10,11,12,13,14,15]', 1, 1, 57, '[0]', 2),
	(198, 'Шмотка 198', 197, '[5,5,5,5]', '[5,30]', 1645, '[0,1,2,3,4,5,6,7,8,9,10,11,12,13,14,15]', 1, 1, 57, '[0]', 2),
	(199, 'Шмотка 199', 198, '[5,5,5,5]', '[5,30]', 1400, '[0,1,2,3,4,5,6,7]', 1, 1, 57, '[0]', 2),
	(200, 'Шмотка 200', 199, '[5,5,5,5]', '[5,30]', 1400, '[0,1,2,3,4,5,6,7]', 1, 1, 57, '[0]', 2),
	(201, 'Шмотка 201', 200, '[5,5,5,5]', '[5,30]', 1250, '[0,1,2,3,4,5,6,7,8,9,10,11,12,13,14,15,16,17,18,19,20,21,22,23,24,25]', 1, 1, 57, '[0]', 2),
	(203, 'Шмотка 203', 202, '[5,5,5,5]', '[5,30]', 1000, '[0,1,2,3,4]', 1, 5, 57, '[0]', 2),
	(204, 'Шмотка 204', 203, '[5,5,5,5]', '[5,30]', 1250, '[0,1,2,3,4,5,6,7,8,9,10,11,12,13,14,15,16,17,18,19,20,21,22,23,24,25]', 1, 1, 57, '[0]', 2),
	(205, 'Шмотка 205', 204, '[5,5,5,5]', '[5,30]', 1000, '[0,1,2,3,4,5,6,7,8,9,10,11,12]', 1, 6, 57, '[0]', 2),
	(206, 'Шмотка 206', 205, '[5,5,5,5]', '[5,30]', 1250, '[0,1,2,3,4]', 1, 5, 57, '[0]', 2),
	(207, 'Шмотка 207', 206, '[5,5,5,5]', '[5,30]', 1420, '[0,1,2,3,4,5,6,7,8,9,10,11,12,13,14,15,16,17,18,19,20,21,22,23]', 1, 5, 57, '[0]', 2),
	(208, 'Шмотка 208', 207, '[5,5,5,5]', '[5,30]', 1420, '[0,1,2,3,4,5,6,7,8,9,10,11,12,13,14,15,16,17,18,19,20,21,22,23]', 1, 5, 57, '[0]', 2),
	(209, 'Шмотка 209', 208, '[5,5,5,5]', '[5,30]', 500, '[0,1,2,3,4,5,6,7,8,9,10,11,12,13,14,15,16,17,18,19,20,21,22,23]', 1, 0, 57, '[0]', 2),
	(210, 'Шмотка 210', 209, '[5,5,5,5]', '[5,30]', 1910, '[0,1,2,3,4,5,6,7,8,9,10,11,12,13,14,15,16,17,18,19,20,21,22,23]', 1, 0, 57, '[0]', 2),
	(211, 'Шмотка 211', 210, '[5,5,5,5]', '[5,30]', 1910, '[0,1,2,3,4,5,6,7,8,9,10,11,12,13,14,15,16,17,18,19,20,21,22,23]', 1, 0, 57, '[0]', 2),
	(212, 'Шмотка 212', 211, '[5,5,5,5]', '[5,30]', 1910, '[0,1,2,3,4,5,6,7,8,9,10,11,12,13,14,15,16,17,18,19,20,21,22,23]', 1, 0, 57, '[0]', 2),
	(213, 'Шмотка 213', 212, '[5,5,5,5]', '[-10,25]', 1910, '[0,1,2,3,4,5,6,7,8,9,10,11,12,13,14,15,16,17,18,19,20,21,22,23]', 1, 14, 3, '[0]', 2),
	(214, 'Шмотка 214', 213, '[5,5,5,5]', '[5,30]', 815, '[0,1,2,3,4,5,6,7,8,9,10,11,12,13,14,15,16,17,18,19,20,21,22,23]', 1, 15, 57, '[0]', 2),
	(215, 'Шмотка 215', 214, '[5,5,5,5]', '[5,30]', 975, '[0,1,2,3,4,5,6,7,8,9,10,11,12,13,14,15,16,17,18,19,20,21,22,23]', 1, 14, 57, '[0]', 2),
	(216, 'Шмотка 216', 215, '[5,5,5,5]', '[-10,25]', 985, '[0,1,2,3,4,5,6,7,8,9,10,11,12,13,14,15,16,17,18,19,20,21,22,23]', 1, 14, 3, '[0]', 2),
	(217, 'Шмотка 217', 216, '[5,5,5,5]', '[-10,25]', 655, '[0,1,2,3,4,5,6,7,8,9,10,11,12,13,14,15,16,17,18,19,20,21,22,23]', 1, 15, 3, '[0]', 2),
	(218, 'Шмотка 218', 217, '[5,5,5,5]', '[5,30]', 1600, '[0,1,2,3,4,5,6,7,8,9,10,11,12,13,14]', 1, 14, 57, '[0]', 2),
	(219, 'Шмотка 219', 218, '[5,5,5,5]', '[5,30]', 1600, '[0,1,2,3,4,5,6,7,8,9,10,11,12,13,14]', 1, 14, 57, '[0]', 2),
	(220, 'Шмотка 220', 219, '[5,5,5,5]', '[5,30]', 805, '[0,1,2,3,4,5,6,7,8,9,10,11,12,13,14,15,16,17,18,19,20,21,22,23,24,25]', 1, 15, 57, '[0]', 2),
	(224, 'Шмотка 224', 223, '[5,5,5,5]', '[5,30]', 600, '[0,1,2,3,4,5,6,7,8,9,10,11,12,13,14,15]', 1, 5, 57, '[0]', 2),
	(225, 'Шмотка 225', 224, '[5,5,5,5]', '[5,30]', 755, '[0,1,2,3,4,5,6,7,8,9,10,11,12,13,14,15]', 1, 1, 57, '[0]', 2),
	(226, 'Шмотка 226', 225, '[5,5,5,5]', '[5,30]', 95, '[0,1]', 1, 8, 57, '[0]', 2),
	(227, 'Шмотка 227', 226, '[5,5,5,5]', '[5,30]', 605, '[0]', 1, 0, 57, '[0]', 2),
	(228, 'Шмотка 228', 227, '[5,5,5,5]', '[5,30]', 2205, '[0,1,2,3,4,5,6,7,8,9,10,11,12,13]', 1, 4, 57, '[0]', 2),
	(230, 'Шмотка 230', 229, '[5,5,5,5]', '[5,30]', 1200, '[0,1,2,3,4,5,6,7,8,9,10,11]', 1, 14, 57, '[0]', 2),
	(231, 'Шмотка 231', 230, '[5,5,5,5]', '[-10,25]', 1200, '[0,1,2,3,4,5,6,7,8,9,10,11]', 1, 14, 3, '[0]', 2),
	(233, 'Шмотка 233', 232, '[5,5,5,5]', '[-10,25]', 985, '[0,1,2,3,4,5,6,7,8,9]', 1, 14, 3, '[0]', 2),
	(234, 'Шмотка 234', 233, '[5,5,5,5]', '[-10,25]', 985, '[0,1,2,3,4,5,6,7,8,9]', 1, 14, 3, '[0]', 2),
	(235, 'Шмотка 235', 234, '[5,5,5,5]', '[5,30]', 820, '[0,1,2,3,4,5,6,7,8,9,10,11,12,13,14,15,16,17,18,19,20,21,22,23,24,25]', 1, 11, 57, '[0]', 1),
	(236, 'Шмотка 236', 235, '[5,5,5,5]', '[5,30]', 965, '[0,1,2,3,4,5,6,7,8,9,10,11]', 1, 0, 57, '[0]', 2),
	(237, 'Шмотка 237', 236, '[5,5,5,5]', '[5,30]', 965, '[0,1,2,3,4,5,6,7,8,9,10,11]', 1, 0, 57, '[0]', 2),
	(238, 'Шмотка 238', 237, '[5,5,5,5]', '[5,30]', 20, '[0,1,2,3,4,5,6,7,8,9,10,11,12,13,14,15,16,17,18,19,20,21,22,23,24,25]', 1, 5, 57, '[0]', 1),
	(239, 'Шмотка 239', 238, '[5,5,5,5]', '[5,30]', 40, '[0,1,2,3,4,5]', 1, 2, 57, '[0]', 1),
	(240, 'Шмотка 240', 239, '[5,5,5,5]', '[5,30]', 45, '[0,1,2,3,4,5,6,7,8,9,10,11,12,13,14,15,16,17,18,19,20,21,22,23]', 1, 2, 57, '[0]', 2),
	(242, 'Шмотка 242', 241, '[5,5,5,5]', '[5,30]', 95, '[0,1,2,3,4,5]', 1, 0, 57, '[0]', 2),
	(243, 'Шмотка 243', 242, '[5,5,5,5]', '[5,30]', 95, '[0,1,2,3,4,5]', 1, 0, 57, '[0]', 2),
	(244, 'Шмотка 244', 243, '[5,5,5,5]', '[5,30]', 220, '[0,1,2,3,4,5,6,7,8,9,10,11,12,13,14,15,16,17,18,19,20,21,22,23,24,25]', 1, 4, 57, '[0]', 2),
	(245, 'Шмотка 245', 244, '[5,5,5,5]', '[-10,25]', 730, '[0,1,2,3,4,5,6,7,8,9,10,11,12,13,14,15,16,17,18,19,20,21,22,23,24,25]', 1, 14, 3, '[0]', 2),
	(246, 'Шмотка 246', 245, '[5,5,5,5]', '[5,30]', 4800, '[0,1,2,3,4,5,6,7,8,9]', 1, 6, 57, '[0]', 2),
	(248, 'Шмотка 248', 247, '[5,5,5,5]', '[5,30]', 910, '[0,1,2,3,4,5,6,7,8,9,10,11,12,13,14,15,16,17,18,19,20,21,22,23,24,25]', 1, 5, 57, '[0]', 2),
	(249, 'Шмотка 249', 248, '[5,5,5,5]', '[5,30]', 1050, '[0,1,2,3,4,5,6,7,8,9,10,11,12,13,14,15,16,17,18,19,20,21,22,23,24,25]', 1, 6, 57, '[0]', 2),
	(250, 'Шмотка 250', 249, '[5,5,5,5]', '[5,30]', 1000, '[0,1]', 1, 6, 57, '[0]', 1),
	(251, 'Шмотка 251', 250, '[5,5,5,5]', '[5,30]', 150, '[0,1]', 1, 0, 57, '[0]', 1),
	(252, 'Шмотка 252', 251, '[5,5,5,5]', '[5,30]', 1650, '[0,1,2,3,4,5,6,7,8,9,10,11,12,13,14,15,16,17,18,19,20,21,22,23,24,25]', 1, 4, 57, '[0]', 2),
	(254, 'Шмотка 254', 253, '[5,5,5,5]', '[5,30]', 1650, '[0,1,2,3,4,5,6,7,8,9,10,11,12,13,14,15,16,17,18,19,20,21,22,23,24,25]', 1, 4, 57, '[0]', 2),
	(256, 'Шмотка 256', 1, '[5,5,5,5]', '[-10,25]', 280, '[0,1,2,4,5,6,9,11,14]', 0, 5, 3, '[0]', 2),
	(257, 'Шмотка 257', 2, '[5,5,5,5]', '[-10,25]', 200, '[0,1,2,3,4,5,6,7,8,9,10,11,12,13,14,15]', 0, 2, 3, '[0]', 2),
	(258, 'Шмотка 258', 3, '[5,5,5,5]', '[-10,25]', 350, '[0,1,2,3,4,10,11,12,13,14]', 0, 3, 3, '[0]', 2),
	(259, 'Шмотка 259', 4, '[5,5,5,5]', '[-10,25]', 100, '[13,14]', 0, 4, 3, '[0]', 1),
	(260, 'Шмотка 260', 5, '[5,5,5,5]', '[-10,25]', 100, '[0,1,7,9]', 0, 4, 3, '[0]', 1),
	(261, 'Шмотка 261', 6, '[5,5,5,5]', '[-10,25]', 1000, '[0,1,2,4]', 0, 5, 3, '[0]', 3),
	(262, 'Шмотка 262', 7, '[5,5,5,5]', '[-10,25]', 1100, '[0,1,2,8]', 0, 5, 3, '[0]', 3),
	(263, 'Шмотка 263', 8, '[5,5,5,5]', '[-10,25]', 300, '[0,1,2,12]', 0, 5, 3, '[0]', 2),
	(264, 'Шмотка 264', 9, '[5,5,5,5]', '[-10,25]', 150, '[0,1,2,3,4,5,6,7,8,9,10,11,12,13,14]', 0, 0, 3, '[0]', 2),
	(265, 'Шмотка 265', 10, '[5,5,5,5]', '[-10,25]', 250, '[0,1,2,7,10,11,13,15]', 0, 5, 3, '[0]', 2),
	(266, 'Шмотка 266', 11, '[5,5,5,5]', '[-10,25]', 200, '[0,1,2,10,11,15]', 0, 4, 3, '[0]', 2),
	(267, 'Шмотка 267', 12, '[5,5,5,5]', '[-10,25]', 200, '[7,8,9]', 0, 12, 3, '[0]', 2),
	(268, 'Шмотка 268', 13, '[5,5,5,5]', '[-10,25]', 400, '[0,1,2,3,4,5,6,7,8,9,10,11,12,13,14,15]', 0, 15, 3, '[0]', 3),
	(269, 'Шмотка 269', 14, '[5,5,5,5]', '[-10,25]', 150, '[0,1,2,3,4,5,6,7,8,9,10,11,12,13,14,15]', 0, 14, 3, '[0]', 1),
	(270, 'Шмотка 270', 15, '[5,5,5,5]', '[-10,25]', 150, '[0,3,10,11]', 0, 15, 3, '[0]', 2),
	(271, 'Шмотка 271', 16, '[5,5,5,5]', '[-10,25]', 250, '[0,1,2,3,4,5,6]', 0, 15, 3, '[0]', 2),
	(272, 'Шмотка 272', 17, '[5,5,5,5]', '[-10,25]', 350, '[0]', 0, 0, 3, '[0]', 2),
	(273, 'Шмотка 273', 18, '[5,5,5,5]', '[-10,25]', 150, '[0,1,2,3,4,5,6,7,8,9,10,11]', 0, 15, 3, '[0]', 2),
	(274, 'Шмотка 274', 19, '[5,5,5,5]', '[-10,25]', 450, '[0,1,2,3]', 0, 15, 3, '[0]', 2),
	(275, 'Шмотка 275', 20, '[5,5,5,5]', '[-10,25]', 1450, '[0,1]', 0, 5, 3, '[0]', 3),
	(276, 'Шмотка 276', 21, '[5,5,5,5]', '[-10,25]', 1000, '[0,1,2,3,4,5]', 0, 4, 3, '[0]', 2),
	(277, 'Шмотка 277', 22, '[5,5,5,5]', '[-10,25]', 500, '[0,1,2,3,4]', 0, 4, 3, '[0]', 2),
	(278, 'Шмотка 278', 23, '[5,5,5,5]', '[-10,25]', 100, '[0,1,2]', 0, 4, 3, '[0]', 1),
	(279, 'Шмотка 279', 24, '[5,5,5,5]', '[-10,25]', 1400, '[0,1,2,3,4,5,6,7,8,9,10,11]', 0, 5, 3, '[0]', 3),
	(280, 'Шмотка 280', 25, '[5,5,5,5]', '[-10,25]', 1500, '[0,1,2,3,4,5,6,7,8,9,10]', 0, 5, 3, '[0]', 3),
	(281, 'Шмотка 281', 26, '[5,5,5,5]', '[-10,25]', 300, '[0,1,2,3,4,5,6,7,8,9,10,11,12]', 0, 12, 3, '[0]', 2),
	(282, 'Шмотка 282', 27, '[5,5,5,5]', '[-10,25]', 150, '[0,1,2,3,4,5]', 0, 0, 3, '[0]', 2),
	(283, 'Шмотка 283', 28, '[5,5,5,5]', '[-10,25]', 800, '[0,1,2,3,4,5,6,7,8,9,10,11,12,13,14,15]', 0, 15, 3, '[0]', 3),
	(285, 'Шмотка 285', 30, '[5,5,5,5]', '[-10,25]', 150, '[0,1,2]', 0, 2, 3, '[0]', 2),
	(286, 'Шмотка 286', 31, '[5,5,5,5]', '[-10,25]', 350, '[0,1,2,3,4,5,6]', 0, 5, 3, '[0]', 2),
	(287, 'Шмотка 287', 32, '[5,5,5,5]', '[-10,25]', 300, '[0,1,2]', 0, 4, 3, '[0]', 2),
	(288, 'Шмотка 288', 33, '[5,5,5,5]', '[-10,25]', 300, '[0,1,2,3,4,5,6,7,8]', 0, 4, 3, '[0]', 2),
	(289, 'Шмотка 289', 34, '[5,5,5,5]', '[-10,25]', 1000, '[0]', 0, 6, 3, '[0]', 2),
	(290, 'Шмотка 290', 35, '[5,5,5,5]', '[-10,25]', 400, '[0,1,2,3,4,5,6,7,8,9,10,11]', 0, 5, 3, '[0]', 2),
	(291, 'Шмотка 291', 36, '[5,5,5,5]', '[-10,25]', 200, '[0,1,2,3,4]', 0, 4, 3, '[0]', 2),
	(292, 'Шмотка 292', 37, '[5,5,5,5]', '[-10,25]', 1000, '[0,1,2,3,4,5]', 0, 4, 3, '[0]', 2),
	(293, 'Шмотка 293', 38, '[5,5,5,5]', '[-10,25]', 400, '[0,1,2,3]', 0, 2, 3, '[0]', 2),
	(294, 'Шмотка 294', 39, '[5,5,5,5]', '[-10,25]', 400, '[0]', 0, 1, 3, '[0]', 2),
	(295, 'Шмотка 295', 40, '[5,5,5,5]', '[-10,25]', 300, '[0,1]', 0, 2, 3, '[0]', 2),
	(298, 'Шмотка 298', 43, '[5,5,5,5]', '[-10,25]', 400, '[0,1,2,3,4]', 0, 3, 3, '[0]', 3),
	(299, 'Шмотка 299', 44, '[5,5,5,5]', '[-10,25]', 500, '[0,1,2]', 0, 3, 3, '[0]', 3),
	(300, 'Шмотка 300', 45, '[5,5,5,5]', '[-10,25]', 500, '[0,1,2,3]', 0, 3, 3, '[0]', 3),
	(301, 'Шмотка 301', 46, '[5,5,5,5]', '[-10,25]', 500, '[0,1,2,3]', 0, 3, 3, '[0]', 3),
	(304, 'Шмотка 304', 49, '[5,5,5,5]', '[-10,25]', 500, '[0,1]', 0, 14, 3, '[0]', 3),
	(305, 'Шмотка 305', 50, '[5,5,5,5]', '[-10,25]', 500, '[0]', 0, 14, 3, '[0]', 3),
	(306, 'Шмотка 306', 51, '[5,5,5,5]', '[-10,25]', 500, '[0]', 0, 6, 3, '[0]', 3),
	(307, 'Шмотка 307', 52, '[5,5,5,5]', '[-10,25]', 500, '[0,1,2,3]', 0, 6, 3, '[0]', 3),
	(308, 'Шмотка 308', 53, '[5,5,5,5]', '[-10,25]', 500, '[0,1,2,3]', 0, 5, 3, '[0]', 3),
	(309, 'Шмотка 309', 54, '[5,5,5,5]', '[-10,25]', 500, '[0,1,2,3]', 0, 5, 3, '[0]', 3),
	(310, 'Шмотка 310', 55, '[5,5,5,5]', '[-10,25]', 500, '[0]', 0, 5, 3, '[0]', 3),
	(311, 'Шмотка 311', 56, '[5,5,5,5]', '[-10,25]', 250, '[0]', 0, 14, 3, '[0]', 1),
	(312, 'Шмотка 312', 57, '[5,5,5,5]', '[-10,25]', 400, '[0,1,2,3,4,5,6,7,8]', 0, 5, 3, '[0]', 2),
	(313, 'Шмотка 313', 58, '[5,5,5,5]', '[-10,25]', 400, '[0,1,2,3,4,5,6,7,8]', 0, 5, 3, '[0]', 2),
	(314, 'Шмотка 314', 59, '[5,5,5,5]', '[-10,25]', 400, '[0,1,2,3]', 0, 5, 3, '[0]', 2),
	(315, 'Шмотка 315', 60, '[5,5,5,5]', '[-10,25]', 400, '[0,1,2,3]', 0, 14, 3, '[0]', 2),
	(316, 'Шмотка 316', 61, '[5,5,5,5]', '[-10,25]', 400, '[0,1,2,3]', 0, 3, 3, '[0]', 2),
	(317, 'Шмотка 317', 62, '[5,5,5,5]', '[-10,25]', 400, '[0,1,2,3,4,5]', 0, 5, 3, '[0]', 2),
	(318, 'Шмотка 318', 63, '[5,5,5,5]', '[-10,25]', 400, '[0,1,2,3,4,5]', 0, 5, 3, '[0]', 2),
	(319, 'Шмотка 319', 64, '[5,5,5,5]', '[-10,25]', 600, '[0,1,2,3,4]', 0, 5, 3, '[0]', 2),
	(320, 'Шмотка 320', 65, '[5,5,5,5]', '[-10,25]', 600, '[0,1,2,3,4,5,6,7,8,9,10,11]', 0, 5, 3, '[0]', 2),
	(321, 'Шмотка 321', 66, '[5,5,5,5]', '[-10,25]', 600, '[0,1,2,3]', 0, 6, 3, '[0]', 2),
	(322, 'Шмотка 322', 67, '[5,5,5,5]', '[-10,25]', 222, '[0]', 0, 2, 3, '[0]', 2),
	(323, 'Шмотка 323', 68, '[5,5,5,5]', '[-10,25]', 222, '[0,1,2,3,4,5,6,7,8,9,10,11,12,13,14,15,16,17,18,19]', 0, 0, 3, '[0]', 2),
	(324, 'Шмотка 324', 69, '[5,5,5,5]', '[-10,25]', 600, '[0]', 0, 0, 3, '[0]', 2),
	(325, 'Шмотка 325', 70, '[5,5,5,5]', '[-10,25]', 600, '[0,1,2,3,4]', 0, 0, 3, '[0]', 2),
	(326, 'Шмотка 326', 71, '[5,5,5,5]', '[-10,25]', 600, '[0,1,2,3,4,5,6,7,8,9,10,11,12,13,14,15]', 0, 0, 3, '[0]', 2),
	(327, 'Шмотка 327', 72, '[5,5,5,5]', '[-10,25]', 600, '[0]', 0, 0, 3, '[0]', 2),
	(328, 'Шмотка 328', 73, '[5,5,5,5]', '[-10,25]', 200, '[0,1,2]', 0, 14, 3, '[0]', 2),
	(329, 'Шмотка 329', 74, '[5,5,5,5]', '[-10,25]', 222, '[0,1,2]', 0, 15, 3, '[0]', 2),
	(330, 'Шмотка 330', 75, '[5,5,5,5]', '[-10,25]', 500, '[0,1,2,3]', 0, 9, 3, '[0]', 3),
	(331, 'Шмотка 331', 76, '[5,5,5,5]', '[-10,25]', 200, '[0,1,2,3,4]', 0, 9, 3, '[0]', 1),
	(332, 'Шмотка 332', 77, '[5,5,5,5]', '[-10,25]', 400, '[0]', 0, 9, 3, '[0]', 2),
	(333, 'Шмотка 333', 78, '[5,5,5,5]', '[-10,25]', 400, '[0,1,2,3,4,5,6,7]', 0, 9, 3, '[0]', 2),
	(334, 'Шмотка 334', 79, '[5,5,5,5]', '[-10,25]', 400, '[0,1,2,3]', 0, 9, 3, '[0]', 2),
	(335, 'Шмотка 335', 80, '[5,5,5,5]', '[-10,25]', 600, '[0]', 0, 9, 3, '[0]', 2),
	(336, 'Шмотка 336', 81, '[5,5,5,5]', '[-10,25]', 600, '[0,1,2,3,4,5,6,7,8,9,10,11]', 0, 9, 3, '[0]', 2),
	(337, 'Шмотка 337', 83, '[5,5,5,5]', '[-10,25]', 600, '[0,1,2,3,4,5,6]', 0, 9, 3, '[0]', 2),
	(338, 'Шмотка 338', 84, '[5,5,5,5]', '[-10,25]', 300, '[0,1,2]', 0, 14, 3, '[0]', 2),
	(339, 'Шмотка 339', 85, '[5,5,5,5]', '[-10,25]', 300, '[0,1,2]', 0, 14, 3, '[0]', 2),
	(340, 'Шмотка 340', 86, '[5,5,5,5]', '[-10,25]', 300, '[0,1,2]', 0, 9, 3, '[0]', 2),
	(341, 'Шмотка 341', 87, '[5,5,5,5]', '[-10,25]', 300, '[0]', 0, 9, 3, '[0]', 2),
	(342, 'Шмотка 342', 88, '[5,5,5,5]', '[-10,25]', 300, '[0,1]', 0, 0, 3, '[0]', 2),
	(343, 'Шмотка 343', 89, '[5,5,5,5]', '[-10,25]', 600, '[0,1]', 0, 0, 3, '[0]', 2),
	(344, 'Шмотка 344', 90, '[5,5,5,5]', '[-10,25]', 600, '[0,1,2,3,4]', 0, 6, 3, '[0]', 3),
	(345, 'Шмотка 345', 91, '[5,5,5,5]', '[-10,25]', 600, '[0,1,2,3,4]', 0, 6, 3, '[0]', 3),
	(346, 'Шмотка 346', 92, '[5,5,5,5]', '[-10,25]', 300, '[0,1,2,3]', 0, 5, 3, '[0]', 2),
	(347, 'Шмотка 347', 93, '[5,5,5,5]', '[-10,25]', 300, '[0,1,2,3]', 0, 5, 3, '[0]', 2),
	(348, 'Шмотка 348', 94, '[5,5,5,5]', '[-10,25]', 400, '[0]', 0, 5, 3, '[0]', 3),
	(349, 'Шмотка 349', 95, '[5,5,5,5]', '[-10,25]', 400, '[0]', 0, 5, 3, '[0]', 3),
	(350, 'Шмотка 350', 96, '[5,5,5,5]', '[-10,25]', 400, '[0]', 0, 4, 3, '[0]', 3),
	(351, 'Шмотка 351', 97, '[5,5,5,5]', '[-10,25]', 600, '[0]', 0, 5, 3, '[0]', 2),
	(352, 'Шмотка 352', 98, '[5,5,5,5]', '[-10,25]', 800, '[0,1,2,3,4]', 0, 5, 3, '[0]', 3),
	(353, 'Шмотка 353', 99, '[5,5,5,5]', '[-10,25]', 800, '[0,1,2,3,4,5,6,7,8,9,10]', 0, 5, 3, '[0]', 3),
	(354, 'Шмотка 354', 100, '[5,5,5,5]', '[-10,25]', 200, '[0]', 0, 0, 3, '[0]', 2),
	(355, 'Шмотка 355', 101, '[5,5,5,5]', '[-10,25]', 200, '[0,1,2,3,4,5]', 0, 15, 3, '[0]', 2),
	(356, 'Шмотка 356', 102, '[5,5,5,5]', '[-10,25]', 800, '[0]', 0, 3, 3, '[0]', 2),
	(357, 'Шмотка 357', 103, '[5,5,5,5]', '[-10,25]', 200, '[0,1,2,3,4,5]', 0, 3, 3, '[0]', 2),
	(358, 'Шмотка 358', 104, '[5,5,5,5]', '[-10,25]', 800, '[0]', 0, 5, 3, '[0]', 3),
	(359, 'Шмотка 359', 105, '[5,5,5,5]', '[-10,25]', 200, '[0,1,2,3,4,5,6,7]', 0, 4, 3, '[0]', 2),
	(360, 'Шмотка 360', 106, '[5,5,5,5]', '[-10,25]', 200, '[0,1,2,3]', 0, 6, 3, '[0]', 2),
	(361, 'Шмотка 361', 107, '[5,5,5,5]', '[-10,25]', 800, '[0]', 0, 6, 3, '[0]', 3),
	(362, 'Шмотка 362', 108, '[5,5,5,5]', '[-10,25]', 900, '[0,1,2]', 0, 6, 3, '[0]', 3),
	(363, 'Шмотка 363', 109, '[5,5,5,5]', '[-10,25]', 300, '[0,1,2,3,4,5,6,7,8,9,10,11,12,13,14,15]', 0, 6, 3, '[0]', 2),
	(364, 'Шмотка 364', 110, '[5,5,5,5]', '[-10,25]', 800, '[0,1,2,3,4,5,6,7,8,9]', 0, 6, 3, '[0]', 2),
	(365, 'Шмотка 365', 111, '[5,5,5,5]', '[-10,25]', 500, '[0,1,2,3,4,5,6,7,8,9,10,11]', 0, 4, 3, '[0]', 2),
	(366, 'Шмотка 366', 112, '[5,5,5,5]', '[-10,25]', 500, '[0,1,2]', 0, 4, 3, '[0]', 2),
	(367, 'Шмотка 367', 113, '[5,5,5,5]', '[-10,25]', 500, '[0,1,2]', 0, 4, 3, '[0]', 2),
	(368, 'Шмотка 368', 114, '[5,5,5,5]', '[-10,25]', 500, '[0,1,2]', 0, 4, 3, '[0]', 2),
	(369, 'Шмотка 369', 115, '[5,5,5,5]', '[-10,25]', 500, '[0,1,2]', 0, 4, 3, '[0]', 2),
	(370, 'Шмотка 370', 116, '[5,5,5,5]', '[-10,25]', 500, '[0,1,2]', 0, 4, 3, '[0]', 2),
	(371, 'Шмотка 371', 117, '[5,5,5,5]', '[-10,25]', 200, '[0,1,2]', 0, 11, 3, '[0]', 1),
	(372, 'Шмотка 372', 118, '[5,5,5,5]', '[-10,25]', 200, '[0,1,2]', 0, 11, 3, '[0]', 1),
	(373, 'Шмотка 373', 119, '[5,5,5,5]', '[-10,25]', 200, '[0,1,2]', 0, 11, 3, '[0]', 2),
	(374, 'Шмотка 374', 120, '[5,5,5,5]', '[-10,25]', 400, '[0,1,2,3,4,5,6,7,8,9,10,11,12,13,14,15,16]', 0, 6, 3, '[0]', 2),
	(375, 'Шмотка 375', 121, '[5,5,5,5]', '[-10,25]', 200, '[0,1,2,3,4,5,6,7,8,9,10,11,12,13,14,15,16]', 0, 6, 3, '[0]', 2),
	(376, 'Шмотка 376', 122, '[5,5,5,5]', '[-10,25]', 400, '[0]', 0, 2, 3, '[0]', 2),
	(377, 'Шмотка 377', 123, '[5,5,5,5]', '[-10,25]', 400, '[0,1,2,3,4,5,6,7,8,9,10,11]', 0, 2, 3, '[0]', 2),
	(378, 'Шмотка 378', 125, '[5,5,5,5]', '[-10,25]', 200, '[0,1,2,3,4,5,6,7,8,9]', 0, 14, 3, '[0]', 2),
	(379, 'Шмотка 379', 126, '[5,5,5,5]', '[-10,25]', 200, '[0,1,2]', 0, 14, 3, '[0]', 2),
	(380, 'Шмотка 380', 127, '[5,5,5,5]', '[-10,25]', 600, '[0]', 0, 14, 3, '[0]', 2),
	(381, 'Шмотка 381', 128, '[5,5,5,5]', '[-10,25]', 400, '[0]', 0, 14, 3, '[0]', 3),
	(382, 'Шмотка 382', 129, '[5,5,5,5]', '[-10,25]', 400, '[0]', 0, 14, 3, '[0]', 3),
	(383, 'Шмотка 383', 130, '[5,5,5,5]', '[-10,25]', 400, '[0]', 0, 0, 3, '[0]', 3),
	(384, 'Шмотка 384', 131, '[5,5,5,5]', '[-10,25]', 400, '[0,1,2]', 0, 3, 3, '[0]', 3),
	(385, 'Шмотка 385', 132, '[5,5,5,5]', '[-10,25]', 400, '[0,1,2,3,4,5,6]', 0, 2, 3, '[0]', 2),
	(386, 'Шмотка 386', 133, '[5,5,5,5]', '[-10,25]', 600, '[0,1,2,3,4,5,6]', 0, 5, 3, '[0]', 2),
	(387, 'Шмотка 387', 135, '[5,5,5,5]', '[-10,25]', 400, '[0,1,2]', 0, 3, 3, '[0]', 2),
	(388, 'Шмотка 388', 136, '[5,5,5,5]', '[-10,25]', 400, '[0,1,2,3,4,5,6,7]', 0, 3, 3, '[0]', 2),
	(389, 'Шмотка 389', 137, '[5,5,5,5]', '[-10,25]', 600, '[0,1,2,3,4,5,6,7,8,9,10,11,12,13,14]', 0, 5, 3, '[0]', 3),
	(390, 'Шмотка 390', 138, '[5,5,5,5]', '[-10,25]', 250, '[0,1,2,3,4,5,6,7,8,9,10]', 0, 6, 3, '[0]', 2),
	(391, 'Шмотка 391', 139, '[5,5,5,5]', '[-10,25]', 600, '[0,1,2]', 0, 5, 3, '[0]', 2),
	(392, 'Шмотка 392', 140, '[5,5,5,5]', '[-10,25]', 600, '[0,1,2,3,4,5,6,7,8,9]', 0, 5, 3, '[0]', 2),
	(393, 'Шмотка 393', 141, '[5,5,5,5]', '[-10,25]', 200, '[0,1,2,3,4,5]', 0, 14, 3, '[0]', 2),
	(394, 'Шмотка 394', 142, '[5,5,5,5]', '[-10,25]', 300, '[0,1,2,3,4,5,6,7,8,9,10,11,12,13]', 0, 9, 3, '[0]', 2),
	(395, 'Шмотка 395', 143, '[5,5,5,5]', '[-10,25]', 700, '[0,1,2,3,4,5,6,7,8,9,10,11,12,13]', 0, 5, 3, '[0]', 2),
	(396, 'Шмотка 396', 144, '[5,5,5,5]', '[-10,25]', 400, '[0,1,2,3,4,5,6,7,8,9]', 0, 3, 3, '[0]', 2),
	(397, 'Шмотка 397', 145, '[5,5,5,5]', '[-10,25]', 400, '[0,1,2,3,4,5,6,7,8,9,10,11]', 0, 3, 3, '[0]', 2),
	(398, 'Шмотка 398', 146, '[5,5,5,5]', '[-10,25]', 200, '[0,1,2,3,4,5,6,7,8,9]', 0, 7, 3, '[0]', 1),
	(399, 'Шмотка 399', 147, '[5,5,5,5]', '[-10,25]', 400, '[0,1,2,3,4,5,6,7,8,9,10,11]', 0, 1, 3, '[0]', 2),
	(400, 'Шмотка 400', 148, '[5,5,5,5]', '[-10,25]', 300, '[0,1,2,3,4,5]', 0, 5, 3, '[0]', 2),
	(401, 'Шмотка 401', 149, '[5,5,5,5]', '[-10,25]', 600, '[0,1,2,3,4,5,6,7,8,9,10,11,12,13,14,15]', 0, 5, 3, '[0]', 2),
	(402, 'Шмотка 402', 150, '[5,5,5,5]', '[-10,25]', 300, '[0,1,2,3,4,5,6,7,8,9,10,11,12,13,14,15,16,17,18,19,20,21,22,23,24,25]', 0, 0, 3, '[0]', 2),
	(403, 'Шмотка 403', 151, '[5,5,5,5]', '[-10,25]', 300, '[0,1,2,3,4,5,6,7]', 0, 0, 3, '[0]', 2),
	(404, 'Шмотка 404', 152, '[5,5,5,5]', '[-10,25]', 200, '[0,1,2,3]', 0, 7, 3, '[0]', 1),
	(405, 'Шмотка 405', 153, '[5,5,5,5]', '[-10,25]', 400, '[0,1,2,3,4,5]', 0, 5, 3, '[0]', 2),
	(406, 'Шмотка 406', 154, '[5,5,5,5]', '[-10,25]', 200, '[0,1,2,3]', 0, 15, 3, '[0]', 1),
	(407, 'Шмотка 407', 155, '[5,5,5,5]', '[-10,25]', 200, '[0,1,2]', 0, 15, 3, '[0]', 1),
	(408, 'Шмотка 408', 156, '[5,5,5,5]', '[-10,25]', 200, '[0,1]', 0, 15, 3, '[0]', 1),
	(409, 'Шмотка 409', 157, '[5,5,5,5]', '[-10,25]', 200, '[0,1]', 0, 15, 3, '[0]', 1),
	(410, 'Шмотка 410', 158, '[5,5,5,5]', '[-10,25]', 300, '[0,1,2,3]', 0, 15, 3, '[0]', 2),
	(411, 'Шмотка 411', 159, '[5,5,5,5]', '[-10,25]', 300, '[0,1,2,3]', 0, 15, 3, '[0]', 2),
	(412, 'Шмотка 412', 160, '[5,5,5,5]', '[-10,25]', 300, '[0]', 0, 15, 3, '[0]', 2),
	(413, 'Шмотка 413', 161, '[5,5,5,5]', '[-10,25]', 300, '[0,1,2]', 0, 11, 3, '[0]', 1),
	(414, 'Шмотка 414', 162, '[5,5,5,5]', '[-10,25]', 600, '[0,1,2,3,4,5,6]', 0, 0, 3, '[0]', 2),
	(415, 'Шмотка 415', 163, '[5,5,5,5]', '[-10,25]', 600, '[0,1,2,3,4,5]', 0, 5, 3, '[0]', 2),
	(416, 'Шмотка 416', 164, '[5,5,5,5]', '[-10,25]', 600, '[0,1,2,3,4,5,6,7,8,9,10,11,12,13,14,15]', 0, 5, 3, '[0]', 2),
	(417, 'Шмотка 417', 165, '[5,5,5,5]', '[-10,25]', 300, '[0,1,2]', 0, 5, 3, '[0]', 2),
	(418, 'Шмотка 418', 166, '[5,5,5,5]', '[-10,25]', 300, '[0,1,2,3]', 0, 5, 3, '[0]', 2),
	(419, 'Шмотка 419', 167, '[5,5,5,5]', '[-10,25]', 200, '[0,1,2,3]', 0, 15, 3, '[0]', 1),
	(420, 'Шмотка 420', 168, '[5,5,5,5]', '[-10,25]', 200, '[0,1,2,3,4,5]', 0, 15, 3, '[0]', 1),
	(421, 'Шмотка 421', 169, '[5,5,5,5]', '[-10,25]', 200, '[0,1,2,3,4,5]', 0, 15, 3, '[0]', 1),
	(422, 'Шмотка 422', 170, '[5,5,5,5]', '[-10,25]', 200, '[0,1,2,3,4,5]', 0, 15, 3, '[0]', 1),
	(423, 'Шмотка 423', 171, '[5,5,5,5]', '[-10,25]', 200, '[0,1,2,3,4,5,6,7]', 0, 15, 3, '[0]', 1),
	(424, 'Шмотка 424', 172, '[5,5,5,5]', '[-10,25]', 400, '[0,1]', 0, 14, 3, '[0]', 2),
	(425, 'Шмотка 425', 173, '[5,5,5,5]', '[-10,25]', 200, '[0]', 0, 15, 3, '[0]', 1),
	(426, 'Шмотка 426', 174, '[5,5,5,5]', '[-10,25]', 400, '[0,1,2,3]', 0, 15, 3, '[0]', 2),
	(427, 'Шмотка 427', 175, '[5,5,5,5]', '[-10,25]', 200, '[0,1,2,3]', 0, 15, 3, '[0]', 1),
	(428, 'Шмотка 428', 176, '[5,5,5,5]', '[-10,25]', 400, '[0,1,2,3]', 0, 15, 3, '[0]', 2),
	(429, 'Шмотка 429', 177, '[5,5,5,5]', '[-10,25]', 200, '[0,1,2,3]', 0, 15, 3, '[0]', 1),
	(430, 'Шмотка 430', 178, '[5,5,5,5]', '[-10,25]', 200, '[0]', 0, 15, 3, '[0]', 1),
	(431, 'Шмотка 431', 179, '[5,5,5,5]', '[-10,25]', 400, '[0,1,2,3,4,5,6]', 0, 11, 3, '[0]', 3),
	(433, 'Шмотка 433', 181, '[5,5,5,5]', '[-10,25]', 200, '[0,1,2,3]', 0, 15, 3, '[0]', 2),
	(434, 'Шмотка 434', 182, '[5,5,5,5]', '[-10,25]', 200, '[0,1,2]', 0, 15, 3, '[0]', 2),
	(435, 'Шмотка 435', 183, '[5,5,5,5]', '[-10,25]', 600, '[0,1,2,3,4,5]', 0, 15, 3, '[0]', 2),
	(436, 'Шмотка 436', 184, '[5,5,5,5]', '[-10,25]', 300, '[0,1]', 0, 14, 3, '[0]', 2),
	(437, 'Шмотка 437', 185, '[5,5,5,5]', '[-10,25]', 500, '[0,1,2,3,4,5]', 0, 6, 3, '[0]', 2),
	(438, 'Шмотка 438', 186, '[5,5,5,5]', '[-10,25]', 500, '[0,1,2,3]', 0, 6, 3, '[0]', 2),
	(439, 'Шмотка 439', 187, '[5,5,5,5]', '[-10,25]', 500, '[0,1,2,3]', 0, 6, 3, '[0]', 2),
	(441, 'Шмотка 441', 189, '[5,5,5,5]', '[-10,25]', 500, '[0,1,2,3,4,5,6,7,8,9,10,11,12]', 0, 6, 3, '[0]', 2),
	(442, 'Шмотка 442', 190, '[5,5,5,5]', '[-10,25]', 500, '[0,1,2,3,4,5,6,7,8,9,10]', 0, 6, 3, '[0]', 2),
	(443, 'Шмотка 443', 191, '[5,5,5,5]', '[-10,25]', 500, '[0,1,2,3,4,5,6,7,8,9,10]', 0, 6, 3, '[0]', 2),
	(444, 'Шмотка 444', 192, '[5,5,5,5]', '[-10,25]', 300, '[0,1,2,3,4,5,6,7,8,9,10,11,12,13,14,15,16,17,18,19,20,21,22,23,24,25]', 0, 5, 3, '[0]', 2),
	(445, 'Шмотка 445', 193, '[5,5,5,5]', '[-10,25]', 1000, '[0,1,2,3,4,5,6,7,8,9,10,11,12,13,14,15,16,17,18,19,20,21,22,23,24,25]', 0, 5, 3, '[0]', 2),
	(446, 'Шмотка 446', 194, '[5,5,5,5]', '[-10,25]', 1200, '[0,1,2,3,4,5,6,7,8,9,10,11]', 0, 5, 3, '[0]', 3),
	(447, 'Шмотка 447', 195, '[5,5,5,5]', '[-10,25]', 200, '[0,1,2,3,4,5,6,7,8,9,10,11,12,13,14,15,16,17,18,19,20,21,22,23,24,25]', 0, 4, 3, '[0]', 2),
	(448, 'Шмотка 448', 196, '[5,5,5,5]', '[-10,25]', 800, '[0,1,2]', 0, 1, 3, '[0]', 2),
	(449, 'Шмотка 449', 197, '[5,5,5,5]', '[-10,25]', 800, '[0,1,2]', 0, 1, 3, '[0]', 2),
	(450, 'Шмотка 450', 198, '[5,5,5,5]', '[-10,25]', 300, '[0,1,2,3,4,5,6,7,8,9,10,11,12,13,14,15]', 0, 1, 3, '[0]', 2),
	(451, 'Шмотка 451', 199, '[5,5,5,5]', '[-10,25]', 300, '[0,1,2,3,4,5,6,7,8,9,10,11,12,13,14,15]', 0, 1, 3, '[0]', 2),
	(452, 'Шмотка 452', 200, '[5,5,5,5]', '[-10,25]', 600, '[0,1,2,3,4,5,6,7]', 0, 1, 3, '[0]', 3),
	(453, 'Шмотка 453', 201, '[5,5,5,5]', '[-10,25]', 600, '[0,1,2,3,4,5,6,7]', 0, 1, 3, '[0]', 3),
	(454, 'Шмотка 454', 202, '[5,5,5,5]', '[-10,25]', 600, '[0,1,2,3,4,5,6,7,8,9,10,11,12,13,14,15,16,17,18,19,20,21,22,23,24,25]', 0, 1, 3, '[0]', 3),
	(456, 'Шмотка 456', 204, '[5,5,5,5]', '[-10,25]', 400, '[0,1,2,3,4]', 0, 4, 3, '[0]', 2),
	(457, 'Шмотка 457', 205, '[5,5,5,5]', '[-10,25]', 400, '[0,1,2,3,4,5,6,7,8,9,10,11,12,13,14,15,16,17,18,19,20,21,22,23,24,25]', 0, 0, 3, '[0]', 2),
	(458, 'Шмотка 458', 206, '[5,5,5,5]', '[-10,25]', 400, '[0,1,2,3,4,5,6,7,8,9,10,11,12]', 0, 1, 3, '[0]', 3),
	(459, 'Шмотка 459', 207, '[5,5,5,5]', '[-10,25]', 400, '[0,1,2,3,4]', 0, 4, 3, '[0]', 3),
	(460, 'Шмотка 460', 208, '[5,5,5,5]', '[-10,25]', 300, '[0,1,2,3,4,5,6,7,8,9,10,11,12,13,14,15,16]', 0, 11, 3, '[0]', 2),
	(461, 'Шмотка 461', 209, '[5,5,5,5]', '[-10,25]', 300, '[0,1,2,3,4,5,6,7,8,9,10,11,12,13,14,15,16]', 0, 11, 3, '[0]', 2),
	(462, 'Шмотка 462', 210, '[5,5,5,5]', '[-10,25]', 500, '[0,1,2,3,4,5,6,7,8,9,10,11,12,13,14,15,16,17,18,19,20,21,22,23]', 0, 11, 3, '[0]', 3),
	(463, 'Шмотка 463', 211, '[5,5,5,5]', '[-10,25]', 500, '[0,1,2,3,4,5,6,7,8,9,10,11,12,13,14,15,16,17,18,19,20,21,22,23]', 0, 11, 3, '[0]', 3),
	(464, 'Шмотка 464', 212, '[5,5,5,5]', '[-10,25]', 300, '[0,1,2,3,4,5,6,7,8,9,10,11,12,13,14,15,16,17,18,19,20,21,22,23]', 0, 0, 3, '[0]', 2),
	(465, 'Шмотка 465', 213, '[5,5,5,5]', '[-10,25]', 500, '[0,1,2,3,4,5,6,7,8,9,10,11,12,13,14,15,16,17,18,19,20,21,22,23]', 0, 1, 3, '[0]', 3),
	(466, 'Шмотка 466', 214, '[5,5,5,5]', '[-10,25]', 500, '[0,1,2,3,4,5,6,7,8,9,10,11,12,13,14,15,16,17,18,19,20,21,22,23]', 0, 1, 3, '[0]', 3),
	(467, 'Шмотка 467', 215, '[5,5,5,5]', '[-10,25]', 600, '[0,1,2,3,4,5,6,7,8,9,10,11,12,13,14,15,16,17,18,19,20,21,22,23]', 0, 1, 3, '[0]', 2),
	(468, 'Шмотка 468', 216, '[5,5,5,5]', '[-10,25]', 600, '[0,1,2,3,4,5,6,7,8,9,10,11,12,13,14,15,16,17,18,19,20,21,22,23]', 0, 5, 3, '[0]', 2),
	(469, 'Шмотка 469', 217, '[5,5,5,5]', '[-10,25]', 600, '[0,1,2,3,4,5,6,7,8,9,10,11,12,13,14,15,16,17,18,19,20,21,22,23]', 0, 4, 3, '[0]', 2),
	(470, 'Шмотка 470', 218, '[5,5,5,5]', '[-10,25]', 600, '[0,1,2,3,4,5,6,7,8,9,10,11,12,13,14,15,16,17,18,19,20,21,22,23]', 0, 0, 3, '[0]', 2),
	(471, 'Шмотка 471', 219, '[5,5,5,5]', '[-10,25]', 600, '[0,1,2,3,4,5,6,7,8,9,10,11,12,13,14,15,16,17,18,19,20,21,22,23]', 0, 5, 3, '[0]', 2),
	(472, 'Шмотка 472', 220, '[5,5,5,5]', '[-10,25]', 600, '[0,1,2,3,4,5,6,7,8,9,10,11,12,13,14,15,16,17,18,19,20,21,22,23]', 0, 15, 3, '[0]', 2),
	(473, 'Шмотка 473', 221, '[5,5,5,5]', '[-10,25]', 500, '[0,1,2,3,4,5,6,7,8,9,10,11,12,13,14,15,16,17,18,19,20,21,22,23]', 0, 15, 3, '[0]', 2),
	(474, 'Шмотка 474', 222, '[5,5,5,5]', '[-10,25]', 500, '[0,1,2,3,4,5,6,7,8,9,10,11,12,13,14,15,16,17,18,19,20,21,22,23]', 0, 15, 3, '[0]', 2),
	(475, 'Шмотка 475', 223, '[5,5,5,5]', '[-10,25]', 500, '[0,1,2,3,4,5,6,7,8,9,10,11,12,13,14,15,16,17,18,19,20,21,22,23]', 0, 15, 3, '[0]', 2),
	(476, 'Шмотка 476', 224, '[5,5,5,5]', '[-10,25]', 500, '[0,1,2,3,4,5,6,7,8,9,10,11,12,13,14,15,16,17,18,19,20,21,22,23]', 0, 14, 3, '[0]', 2),
	(477, 'Шмотка 477', 225, '[5,5,5,5]', '[-10,25]', 500, '[0,1,2,3,4,5,6,7,8,9,10,11,12,13,14,15,16,17,18,19,20,21,22,23]', 0, 15, 3, '[0]', 2),
	(478, 'Шмотка 478', 226, '[5,5,5,5]', '[-10,25]', 500, '[0,1,2,3,4,5,6,7,8,9,10,11,12,13,14,15,16,17,18,19,20,21,22,23]', 0, 11, 3, '[0]', 2),
	(479, 'Шмотка 479', 227, '[5,5,5,5]', '[-10,25]', 450, '[0,1,2,3,4,5,6,7,8,9,10,11,12,13,14]', 0, 3, 3, '[0]', 2),
	(480, 'Шмотка 480', 228, '[5,5,5,5]', '[-10,25]', 450, '[0,1,2,3,4,5,6,7,8,9,10,11,12,13,14]', 0, 3, 3, '[0]', 2),
	(481, 'Шмотка 481', 229, '[5,5,5,5]', '[-10,25]', 650, '[0,1,2,3,4,5,6,7,8,9,10,11,12,13,14,15,16,17,18,19,20,21,22,23,24,25]', 0, 4, 3, '[0]', 2),
	(482, 'Шмотка 482', 230, '[5,5,5,5]', '[-10,25]', 650, '[0,1,2,3,4,5,6,7,8,9,10,11,12,13,14,15,16,17,18,19,20,21,22,23,24,25]', 0, 0, 3, '[0]', 2),
	(483, 'Шмотка 483', 231, '[5,5,5,5]', '[-10,25]', 650, '[0,1,2,3,4,5,6,7,8,9,10,11,12,13,14,15,16,17,18,19,20,21,22,23,24,25]', 0, 0, 3, '[0]', 2),
	(484, 'Шмотка 484', 232, '[5,5,5,5]', '[-10,25]', 650, '[0,1,2,3,4,5,6,7,8,9,10,11,12,13,14,15,16,17,18,19,20,21,22,23,24,25]', 0, 0, 3, '[0]', 2),
	(485, 'Шмотка 485', 233, '[5,5,5,5]', '[-10,25]', 650, '[0,1,2,3,4,5,6,7,8,9,10,11,12,13,14,15]', 0, 11, 3, '[0]', 2),
	(486, 'Шмотка 486', 234, '[5,5,5,5]', '[-10,25]', 650, '[0,1,2,3,4,5,6,7,8,9,10,11,12,13,14,15]', 0, 6, 3, '[0]', 2),
	(487, 'Шмотка 487', 235, '[5,5,5,5]', '[-10,25]', 250, '[0,1]', 0, 1, 3, '[0]', 2),
	(488, 'Шмотка 488', 236, '[5,5,5,5]', '[-10,25]', 250, '[0]', 0, 14, 3, '[0]', 2),
	(489, 'Шмотка 489', 237, '[5,5,5,5]', '[-10,25]', 750, '[0,1,2,3,4,5,6,7,8,9,10,11,12,13]', 0, 3, 3, '[0]', 2),
	(491, 'Шмотка 491', 239, '[5,5,5,5]', '[-10,25]', 450, '[0,1,2,3,4,5,6,7,8,9,10,11]', 0, 3, 3, '[0]', 2),
	(492, 'Шмотка 492', 240, '[5,5,5,5]', '[-10,25]', 450, '[0,1,2,3,4,5,6,7,8,9,10,11]', 0, 5, 3, '[0]', 2),
	(494, 'Шмотка 494', 242, '[5,5,5,5]', '[-10,25]', 750, '[0,1,2,3,4,5,6,7,8,9]', 0, 6, 3, '[0]', 2),
	(495, 'Шмотка 495', 243, '[5,5,5,5]', '[-10,25]', 750, '[0,1,2,3,4,5,6,7,8,9]', 0, 6, 3, '[0]', 2),
	(496, 'Шмотка 496', 244, '[5,5,5,5]', '[-10,25]', 250, '[0,1,2,3,4,5,6,7,8,9,10,11,12,13,14,15,16,17,18,19,20,21,22,23,24,25]', 0, 9, 3, '[0]', 2),
	(497, 'Шмотка 497', 245, '[5,5,5,5]', '[-10,25]', 250, '[0,1,2,3,4,5,6,7,8,9,10,11]', 0, 14, 3, '[0]', 2),
	(498, 'Шмотка 498', 246, '[5,5,5,5]', '[-10,25]', 250, '[0,1,2,3,4,5,6,7,8,9,10,11]', 0, 14, 3, '[0]', 2),
	(499, 'Шмотка 499', 247, '[5,5,5,5]', '[-10,25]', 150, '[0,1,2,3,4,5,6,7,8,9,10,11,12,13,14,15,16,17,18,19,20,21,22,23,24,25]', 0, 4, 3, '[0]', 2),
	(500, 'Шмотка 500', 248, '[5,5,5,5]', '[-10,25]', 1000, '[0,1,2,3,4,5]', 0, 5, 3, '[0]', 2),
	(501, 'Шмотка 501', 249, '[5,5,5,5]', '[-10,25]', 1000000, '[0,1,2,3,4,5]', 0, 0, 3, '[0]', 3),
	(502, 'Шмотка 502', 250, '[5,5,5,5]', '[-10,25]', 1000000, '[0,1,2,3,4,5]', 0, 0, 3, '[0]', 3),
	(503, 'Шмотка 503', 251, '[5,5,5,5]', '[-10,25]', 1000000, '[0,1,2,3,4,5,6,7,8,9,10,11,12,13,14,15,16,17,18,19,20,21,22,23,24,25]', 0, 3, 3, '[0]', 3),
	(504, 'Шмотка 504', 252, '[5,5,5,5]', '[-10,25]', 1000000, '[0,1,2,3,4,5,6,7,8,9,10,11,12,13,14,15,16,17,18,19,20,21,22,23,24,25]', 0, 5, 3, '[0]', 3),
	(505, 'Шмотка 505', 253, '[5,5,5,5]', '[-10,25]', 1000000, '[0,1,2,3,4,5,6,7,8,9]', 0, 1, 3, '[0]', 3),
	(507, 'Шмотка 507', 255, '[5,5,5,5]', '[-10,25]', 1000000, '[0,1,2,3,4,5,6,7,8,9,10,11,12,13,14,15,16,17,18,19,20,21,22,23,24,25]', 0, 11, 3, '[0]', 3),
	(508, 'Шмотка 508', 256, '[5,5,5,5]', '[-10,25]', 100, '[0,1,2,3,4,5,6,7,8,9,10,11,12,13,14,15,16,17,18,19,20,21,22,23,24,25]', 0, 9, 3, '[0]', 1),
	(509, 'Шмотка 509', 257, '[5,5,5,5]', '[-10,25]', 200, '[0,1]', 0, 6, 3, '[0]', 2),
	(510, 'Шмотка 510', 258, '[5,5,5,5]', '[-10,25]', 300, '[0,1]', 0, 0, 3, '[0]', 2),
	(511, 'Шмотка 511', 259, '[5,5,5,5]', '[-10,25]', 600, '[0,1,2,3,4,5,6,7,8,9,10,11,12,13,14,15,16,17,18,19,20,21,22,23,24,25]', 0, 3, 3, '[0]', 2),
	(513, 'Шмотка 513', 261, '[5,5,5,5]', '[-10,25]', 1000000, '[0,1,2,3,4,5,6,7,8,9,10,11,12,13,14,15,16,17,18,19,20,21,22,23,24,25]', 0, 3, 3, '[0]', 3),
	(514, 'Шмотка 514', 262, '[5,5,5,5]', '[-10,25]', 1000, '[0,1,2,3,4,5,6,7,8,9,10,11,12,13,14,15,16,17,18,19,20]', 0, 7, 3, '[0]', 3);

-- Дамп структуры для таблица chaos_db.clotheswatches
CREATE TABLE IF NOT EXISTS `clotheswatches` (
  `id` int(11) NOT NULL AUTO_INCREMENT,
  `name` varchar(30) NOT NULL DEFAULT 'Часы',
  `variation` int(11) NOT NULL,
  `price` int(11) NOT NULL DEFAULT 100,
  `textures` varchar(128) NOT NULL DEFAULT '[0]',
  `sex` tinyint(1) NOT NULL DEFAULT 1,
  `class` int(11) NOT NULL DEFAULT 1,
  PRIMARY KEY (`id`)
) ENGINE=InnoDB AUTO_INCREMENT=72 DEFAULT CHARSET=utf8 COLLATE=utf8_general_ci;

-- Дамп данных таблицы chaos_db.clotheswatches: ~70 rows (приблизительно)
INSERT INTO `clotheswatches` (`id`, `name`, `variation`, `price`, `textures`, `sex`, `class`) VALUES
	(1, 'Часы', 0, 100, '[0]', 1, 3),
	(2, 'Часы', 1, 100, '[0]', 1, 2),
	(4, 'Часы', 3, 100, '[0]', 1, 2),
	(5, 'Часы', 4, 100, '[0]', 1, 3),
	(6, 'Часы', 5, 100, '[0]', 1, 2),
	(7, 'Часы', 6, 100, '[0]', 1, 3),
	(8, 'Часы', 7, 100, '[0]', 1, 3),
	(9, 'Часы', 8, 100, '[0]', 1, 3),
	(10, 'Часы', 9, 100, '[0]', 1, 3),
	(11, 'Часы', 10, 100, '[0]', 1, 3),
	(12, 'Часы', 11, 100, '[0]', 1, 2),
	(13, 'Часы', 12, 100, '[0]', 1, 2),
	(14, 'Часы', 13, 100, '[0]', 1, 1),
	(15, 'Часы', 14, 100, '[0]', 1, 3),
	(16, 'Часы', 15, 100, '[0]', 1, 3),
	(17, 'Часы', 16, 100, '[0]', 1, 3),
	(18, 'Часы', 17, 100, '[0]', 1, 1),
	(19, 'Часы', 18, 100, '[0]', 1, 3),
	(20, 'Часы', 19, 100, '[0]', 1, 3),
	(21, 'Часы', 20, 100, '[0]', 1, 3),
	(22, 'Часы', 21, 100, '[0]', 1, 2),
	(23, 'Часы', 22, 100, '[0]', 1, 1),
	(24, 'Часы', 23, 100, '[0]', 1, 1),
	(25, 'Часы', 24, 100, '[0]', 1, 1),
	(26, 'Часы', 25, 100, '[0]', 1, 1),
	(27, 'Часы', 26, 100, '[0]', 1, 1),
	(28, 'Часы', 27, 100, '[0]', 1, 1),
	(29, 'Часы', 28, 100, '[0]', 1, 1),
	(30, 'Часы', 29, 100, '[0]', 1, 1),
	(31, 'Часы', 30, 100, '[0]', 1, 3),
	(32, 'Часы', 31, 100, '[0]', 1, 3),
	(33, 'Часы', 32, 100, '[0]', 1, 3),
	(34, 'Часы', 33, 100, '[0]', 1, 3),
	(35, 'Часы', 34, 100, '[0]', 1, 2),
	(36, 'Часы', 35, 100, '[0]', 1, 3),
	(37, 'Часы', 36, 100, '[0]', 1, 3),
	(38, 'Часы', 37, 100, '[0]', 1, 3),
	(39, 'Часы', 38, 100, '[0]', 1, 1),
	(40, 'Часы', 39, 100, '[0]', 1, 1),
	(41, 'Часы', 40, 100, '[0]', 1, 2),
	(42, 'Часы', 0, 100, '[0]', 0, 1),
	(43, 'Часы', 1, 100, '[0]', 0, 3),
	(44, 'Часы', 2, 100, '[0]', 0, 3),
	(45, 'Часы', 3, 100, '[0]', 0, 3),
	(46, 'Часы', 4, 100, '[0]', 0, 2),
	(47, 'Часы', 5, 100, '[0]', 0, 3),
	(48, 'Часы', 6, 100, '[0]', 0, 3),
	(49, 'Часы', 7, 100, '[0]', 0, 3),
	(50, 'Часы', 8, 100, '[0]', 0, 3),
	(51, 'Часы', 9, 100, '[0]', 0, 2),
	(52, 'Часы', 10, 100, '[0]', 0, 2),
	(53, 'Часы', 11, 100, '[0]', 0, 1),
	(54, 'Часы', 12, 100, '[0]', 0, 1),
	(55, 'Часы', 13, 100, '[0]', 0, 1),
	(56, 'Часы', 14, 100, '[0]', 0, 1),
	(57, 'Часы', 15, 100, '[0]', 0, 1),
	(58, 'Часы', 16, 100, '[0]', 0, 1),
	(59, 'Часы', 17, 100, '[0]', 0, 1),
	(60, 'Часы', 18, 100, '[0]', 0, 1),
	(61, 'Часы', 19, 100, '[0]', 0, 3),
	(62, 'Часы', 20, 100, '[0]', 0, 3),
	(63, 'Часы', 21, 100, '[0]', 0, 3),
	(64, 'Часы', 22, 100, '[0]', 0, 3),
	(65, 'Часы', 23, 100, '[0]', 0, 3),
	(66, 'Часы', 24, 100, '[0]', 0, 3),
	(67, 'Часы', 25, 100, '[0]', 0, 2),
	(68, 'Часы', 26, 100, '[0]', 0, 3),
	(69, 'Часы', 27, 100, '[0]', 0, 2),
	(70, 'Часы', 28, 100, '[0]', 0, 2),
	(71, 'Часы', 29, 100, '[0]', 0, 2);

-- Дамп структуры для таблица chaos_db.clothingshops
CREATE TABLE IF NOT EXISTS `clothingshops` (
  `id` int(11) NOT NULL AUTO_INCREMENT,
  `bizId` int(11) DEFAULT NULL,
  `bType` int(11) NOT NULL DEFAULT 0,
  `class` int(11) NOT NULL DEFAULT 1,
  `x` float NOT NULL DEFAULT 100,
  `y` float NOT NULL DEFAULT 100,
  `z` float NOT NULL DEFAULT 100,
  `placeX` float NOT NULL DEFAULT 100,
  `placeY` float NOT NULL DEFAULT 100,
  `placeZ` float NOT NULL DEFAULT 100,
  `placeH` float NOT NULL DEFAULT 100,
  `cameraX` float NOT NULL DEFAULT 100,
  `cameraY` float NOT NULL DEFAULT 100,
  `cameraZ` float NOT NULL DEFAULT 100,
  `priceMultiplier` float NOT NULL DEFAULT 1,
  `npcX` float NOT NULL DEFAULT 100,
  `npcY` float NOT NULL DEFAULT 100,
  `npcZ` float NOT NULL DEFAULT 100,
  `npcH` float NOT NULL DEFAULT 100,
  PRIMARY KEY (`id`),
  KEY `clothingshops_ibfk_1` (`bizId`),
  CONSTRAINT `clothingshops_ibfk_1` FOREIGN KEY (`bizId`) REFERENCES `bizs` (`id`) ON DELETE SET NULL ON UPDATE CASCADE
) ENGINE=InnoDB AUTO_INCREMENT=15 DEFAULT CHARSET=utf8 COLLATE=utf8_general_ci;

-- Дамп данных таблицы chaos_db.clothingshops: ~14 rows (приблизительно)
INSERT INTO `clothingshops` (`id`, `bizId`, `bType`, `class`, `x`, `y`, `z`, `placeX`, `placeY`, `placeZ`, `placeH`, `cameraX`, `cameraY`, `cameraZ`, `priceMultiplier`, `npcX`, `npcY`, `npcZ`, `npcH`) VALUES
	(1, NULL, 1, 1, 78.01, -1389.61, 29.38, 71.13, -1387.5, 29.38, -173.19, 71.62, -1390.72, 29.38, 1, 78, -1387.49, 29.38, 173.35),
	(2, 82, 1, 1, 0.76, 6512.24, 31.88, 3.63, 6505.59, 31.88, -41.66, 5.36, 6507.93, 31.88, 1, -0.95, 6510.65, 31.88, -50.17),
	(3, 83, 1, 1, -1097.28, 2710.58, 19.11, -1100.13, 2717.4, 19.11, 134.71, -1101.95, 2714.98, 19.11, 1, -1095.64, 2712.21, 19.11, 128.42),
	(4, 84, 2, 2, -3171, 1043.87, 20.86, -3177.91, 1043.01, 20.86, 168.99, -3178.06, 1039.67, 20.86, 1, -3169.24, 1043.15, 20.86, 59.9),
	(5, 85, 0, 1, 422.86, -809.42, 29.49, 429.79, -811.75, 29.49, 12.85, 429.28, -808.7, 29.49, 1, 422.94, -811.73, 29.49, -4.91),
	(6, 86, 0, 1, -818.28, -1074.34, 11.33, -819.71, -1067.15, 11.33, 130.47, -822.12, -1069.24, 11.33, 1, -816.42, -1073.13, 11.33, 112.01),
	(7, 87, 2, 2, -1192.81, -768.34, 17.32, -1186.39, -771.04, 17.33, -36.15, -1184.77, -768.22, 17.33, 1, -1194.03, -766.8, 17.32, -146.1),
	(8, 88, 3, 3, -1450.13, -236.84, 49.81, -1447.23, -244.26, 49.82, -8.03, -1447.23, -241.13, 49.82, 1, -1448.48, -237.87, 49.81, 44.36),
	(9, 89, 3, 3, -710.55, -152.51, 37.42, -702.39, -152.02, 37.42, 75.71, -705.43, -151.34, 37.42, 5, -709.02, -151.25, 37.42, 120.33),
	(10, 90, 3, 3, -163.32, -303.69, 39.73, -169.15, -298.03, 39.73, -150.8, -167.52, -300.83, 39.73, 1, -165.31, -303.33, 39.73, -109.83),
	(11, 91, 2, 2, 125.32, -223.7, 54.56, 118.51, -224.94, 54.56, -178.94, 118.55, -228.11, 54.56, 1, 127.21, -224.26, 54.56, 66.78),
	(12, 92, 2, 2, 614.67, 2762.87, 42.09, 620.46, 2766.75, 42.09, 21.77, 619.02, 2769.72, 42.09, 1, 612.83, 2762.65, 42.09, -90.41),
	(13, 93, 1, 1, 1199.83, 2707.45, 38.22, 1202.18, 2714.42, 38.22, 1199.18, 1199.18, 2713.85, 38.22, 5.1, 1202.22, 2707.64, 38.22, 87.24),
	(14, 94, 1, 1, 1691.64, 4819.24, 42.06, 1698.93, 4817.83, 42.06, 18.3, 1697.82, 4820.74, 42.06, 1, 1692, 4817.1, 42.06, 7.25);

-- Дамп структуры для таблица chaos_db.clubs
CREATE TABLE IF NOT EXISTS `clubs` (
  `id` int(11) NOT NULL AUTO_INCREMENT,
  `bizId` int(11) DEFAULT NULL,
  `blip` int(11) NOT NULL,
  `alcoholPrice` int(11) NOT NULL DEFAULT 1,
  `enterX` float NOT NULL,
  `enterY` float NOT NULL,
  `enterZ` float NOT NULL,
  `enterH` float NOT NULL,
  `exitX` float NOT NULL,
  `exitY` float NOT NULL,
  `exitZ` float NOT NULL,
  `exitH` float NOT NULL,
  PRIMARY KEY (`id`),
  KEY `clubs_ibfk_1` (`bizId`),
  CONSTRAINT `clubs_ibfk_1` FOREIGN KEY (`bizId`) REFERENCES `bizs` (`id`) ON DELETE SET NULL ON UPDATE CASCADE
) ENGINE=InnoDB AUTO_INCREMENT=2 DEFAULT CHARSET=utf8 COLLATE=utf8_general_ci;

-- Дамп данных таблицы chaos_db.clubs: ~0 rows (приблизительно)
INSERT INTO `clubs` (`id`, `bizId`, `blip`, `alcoholPrice`, `enterX`, `enterY`, `enterZ`, `enterH`, `exitX`, `exitY`, `exitZ`, `exitH`) VALUES
	(1, 24, 25, 7, -564.7, 275.49, 83, 100, -560, 280, 82, 100);

-- Дамп структуры для таблица chaos_db.commands
CREATE TABLE IF NOT EXISTS `commands` (
  `id` int(11) NOT NULL AUTO_INCREMENT,
  `cmd` varchar(30) NOT NULL,
  `name` varchar(30) NOT NULL,
  `description` varchar(128) NOT NULL,
  `access` int(11) NOT NULL,
  PRIMARY KEY (`id`)
) ENGINE=InnoDB DEFAULT CHARSET=utf8 COLLATE=utf8_general_ci;

-- Дамп данных таблицы chaos_db.commands: ~0 rows (приблизительно)

-- Дамп структуры для таблица chaos_db.contsbases
CREATE TABLE IF NOT EXISTS `contsbases` (
  `id` int(11) NOT NULL AUTO_INCREMENT,
  `x` float NOT NULL DEFAULT 100,
  `y` float NOT NULL DEFAULT 100,
  `z` float NOT NULL DEFAULT 100,
  `h` float NOT NULL DEFAULT 100,
  `Mx` float NOT NULL DEFAULT 100,
  `My` float NOT NULL DEFAULT 100,
  `Mz` float NOT NULL DEFAULT 100,
  `Mh` float NOT NULL DEFAULT 100,
  `CARx` float NOT NULL DEFAULT 100,
  `CARy` float NOT NULL DEFAULT 100,
  `CARz` float NOT NULL DEFAULT 100,
  `CARh` float NOT NULL DEFAULT 100,
  `price` int(11) NOT NULL DEFAULT 0,
  `group` int(11) NOT NULL DEFAULT 0,
  `groupname` varchar(128) DEFAULT NULL,
  PRIMARY KEY (`id`)
) ENGINE=InnoDB AUTO_INCREMENT=4 DEFAULT CHARSET=utf8mb4 COLLATE=utf8mb4_general_ci;

-- Дамп данных таблицы chaos_db.contsbases: ~3 rows (приблизительно)
INSERT INTO `contsbases` (`id`, `x`, `y`, `z`, `h`, `Mx`, `My`, `Mz`, `Mh`, `CARx`, `CARy`, `CARz`, `CARh`, `price`, `group`, `groupname`) VALUES
	(1, 928.08, -2920.43, 5.89, 87.62, 933.57, -2923, 5.9, 67.42, 928.08, -2920.43, 6.2, 87.62, 50000, 1, 'Эконом'),
	(2, 975.61, -2913.97, 5.9, 88.65, 980.89, -2916.87, 5.9, -154.59, 975.61, -2913.97, 6.2, 88.65, 100000, 2, 'Премиум'),
	(3, 1001.46, -2921.11, 5.9, 98.77, 1007.27, -2923.33, 5.9, -49.22, 1001.46, -2921.11, 6.2, 98.77, 150000, 3, 'Люксовый');

-- Дамп структуры для таблица chaos_db.debuglogs
CREATE TABLE IF NOT EXISTS `debuglogs` (
  `id` int(11) NOT NULL AUTO_INCREMENT,
  `characterId` int(11) DEFAULT NULL,
  `playerId` int(11) DEFAULT NULL,
  `text` longtext NOT NULL,
  `module` varchar(50) DEFAULT NULL,
  `date` datetime NOT NULL,
  PRIMARY KEY (`id`),
  KEY `characterId` (`characterId`),
  CONSTRAINT `debuglogs_ibfk_1` FOREIGN KEY (`characterId`) REFERENCES `characters` (`id`) ON DELETE SET NULL ON UPDATE CASCADE
) ENGINE=InnoDB DEFAULT CHARSET=utf8 COLLATE=utf8_general_ci;

-- Дамп данных таблицы chaos_db.debuglogs: ~0 rows (приблизительно)

-- Дамп структуры для таблица chaos_db.doors
CREATE TABLE IF NOT EXISTS `doors` (
  `id` int(11) NOT NULL AUTO_INCREMENT,
  `hash` int(11) DEFAULT NULL,
  `locked` tinyint(1) NOT NULL DEFAULT 0,
  `pos` varchar(128) NOT NULL,
  PRIMARY KEY (`id`)
) ENGINE=InnoDB AUTO_INCREMENT=20 DEFAULT CHARSET=utf8 COLLATE=utf8_general_ci;

-- Дамп данных таблицы chaos_db.doors: ~19 rows (приблизительно)
INSERT INTO `doors` (`id`, `hash`, `locked`, `pos`) VALUES
	(1, 185711165, 0, '{"x":444.32611083984375,"y":-989.4819946289062,"z":30.68959617614746}'),
	(2, 185711165, 0, '{"x":445.74517822265625,"y":-989.4220581054688,"z":30.689599990844727}'),
	(3, -1320876379, 0, '{"x":447.2657165527344,"y":-980.0603637695312,"z":30.689598083496094}'),
	(4, 1557126584, 0, '{"x":450.2295837402344,"y":-986.6516723632812,"z":30.68959617614746}'),
	(5, -2023754432, 0, '{"x":451.8878173828125,"y":-987.4494018554688,"z":30.689598083496094}'),
	(6, -1988553564, 1, '{"x":461.03448486328125,"y":-989.4515380859375,"z":34.1875114440918}'),
	(7, -1988553564, 1, '{"x":461.41693115234375,"y":-984.4479370117188,"z":34.18687057495117}'),
	(8, -1988553564, 1, '{"x":455.5647888183594,"y":-989.1192016601562,"z":34.19963455200195}'),
	(9, -1988553564, 1, '{"x":455.6313171386719,"y":-984.6993408203125,"z":34.1873779296875}'),
	(10, -1988553564, 1, '{"x":449.8249206542969,"y":-989.1192016601562,"z":34.193172454833984}'),
	(11, -1988553564, 1, '{"x":449.6112060546875,"y":-984.6948852539062,"z":34.200748443603516}'),
	(12, -2023754432, 1, '{"x":207.83541870117188,"y":-998.9429321289062,"z":-99}'),
	(13, -2023754432, 1, '{"x":179.01478576660156,"y":-1004.8124389648438,"z":-98.9999008178711}'),
	(14, 993120320, 1, '{"x":-564.5234985351562,"y":276.61639404296875,"z":83.13629150390625}'),
	(15, 993120320, 1, '{"x":-561.9028930664062,"y":293.62939453125,"z":87.49358367919922}'),
	(16, 190770132, 0, '{"x":981.6140747070312,"y":-102.50852966308594,"z":74.8486328125}'),
	(17, -340230128, 0, '{"x":1844.938232421875,"y":2585.85400390625,"z":45.73805236816406}'),
	(18, -1240156945, 1, '{"x":1119.02197265625,"y":267.58935546875,"z":-45.841041564941406}'),
	(19, -1240156945, 1, '{"x":1106.7689208984375,"y":242.83412170410156,"z":-45.840965270996094}');

-- Дамп структуры для таблица chaos_db.eateries
CREATE TABLE IF NOT EXISTS `eateries` (
  `id` int(11) NOT NULL AUTO_INCREMENT,
  `bizId` int(11) DEFAULT NULL,
  `bType` int(11) NOT NULL DEFAULT 0,
  `x` float NOT NULL DEFAULT 100,
  `y` float NOT NULL DEFAULT 100,
  `z` float NOT NULL DEFAULT 100,
  `priceMultiplier` float NOT NULL DEFAULT 1,
  PRIMARY KEY (`id`),
  KEY `eateries_ibfk_1` (`bizId`),
  CONSTRAINT `eateries_ibfk_1` FOREIGN KEY (`bizId`) REFERENCES `bizs` (`id`) ON DELETE SET NULL ON UPDATE CASCADE
) ENGINE=InnoDB AUTO_INCREMENT=4 DEFAULT CHARSET=utf8 COLLATE=utf8_general_ci;

-- Дамп данных таблицы chaos_db.eateries: ~0 rows (приблизительно)
INSERT INTO `eateries` (`id`, `bizId`, `bType`, `x`, `y`, `z`, `priceMultiplier`) VALUES
	(1, 25, 2, 815.973, 542.884, 125, 1);

-- Дамп структуры для таблица chaos_db.economicindicators
CREATE TABLE IF NOT EXISTS `economicindicators` (
  `type` varchar(255) NOT NULL DEFAULT '',
  `name` varchar(255) NOT NULL,
  `description` varchar(255) NOT NULL,
  `value` varchar(255) NOT NULL,
  PRIMARY KEY (`type`)
) ENGINE=InnoDB DEFAULT CHARSET=utf8 COLLATE=utf8_general_ci;

-- Дамп данных таблицы chaos_db.economicindicators: ~305 rows (приблизительно)
INSERT INTO `economicindicators` (`type`, `name`, `description`, `value`) VALUES
	('admin.banWarns', 'admin.banWarns', '', '3'),
	('admin.warnDays', 'admin.warnDays', '', '14'),
	('admin.warnsBanDays', 'admin.warnsBanDays', '', '30'),
	('ammunation.ammoProducts', 'ammunation.ammoProducts', '', '1'),
	('ammunation.armourProducts', 'ammunation.armourProducts', '', '50'),
	('ammunation.maxPriceMultiplier', 'ammunation.maxPriceMultiplier', '', '3'),
	('ammunation.minPriceMultiplier', 'ammunation.minPriceMultiplier', '', '1'),
	('ammunation.productPrice', 'ammunation.productPrice', '', '10'),
	('ammunation.rentPerDayMultiplier', 'ammunation.rentPerDayMultiplier', '', '0.10'),
	('ammunation.shapeRange', 'ammunation.shapeRange', '', '1'),
	('ammunation.showMarkers', 'ammunation.showMarkers', '', 'false'),
	('army.ammoAmmo', 'army.ammoAmmo', '', '1'),
	('army.armourAmmo', 'army.armourAmmo', '', '100'),
	('army.captureRank', 'army.captureRank', '', '8'),
	('army.clothesAmmo', 'army.clothesAmmo', '', '100'),
	('army.fuel', 'army.fuel', '', '1000'),
	('army.fuelAddInterval', 'army.fuelAddInterval', '', '3600000 '),
	('army.fuelPerInterval', 'army.fuelPerInterval', '', '1000'),
	('army.gunAmmo', 'army.gunAmmo', '', '100'),
	('army.itemAmmo', 'army.itemAmmo', '', '100'),
	('army.lastWarTime', 'army.lastWarTime', '', '0'),
	('army.maxFuel', 'army.maxFuel', '', '1000'),
	('army.waitWarTime', 'army.waitWarTime', '', '1200000'),
	('army.warTime', 'army.warTime', '', '300000'),
	('atms.shapeRange', 'atms.shapeRange', '', '1'),
	('bands.ammoAmmo', 'bands.ammoAmmo', '', '1'),
	('bands.bandZonesPrice', 'bands.bandZonesPrice', '', '15000'),
	('bands.captureRank', 'bands.captureRank', '', '8'),
	('bands.countNarcoBuyer', 'bands.countNarcoBuyer', '', '5'),
	('bands.gunAmmo', 'bands.gunAmmo', '', '100'),
	('bands.lastWarTime', 'bands.lastWarTime', '', '0'),
	('bands.reveangeKill', 'bands.reveangeKill', '', 'false'),
	('bands.robBandWaitTime', 'bands.robBandWaitTime', '', '3600000'),
	('bands.robK', 'bands.robK', '', '0.05'),
	('bands.robMaxPrice', 'bands.robMaxPrice', '', '5000'),
	('bands.robRank', 'bands.robRank', '', '2'),
	('bands.robVictimWaitTime', 'bands.robVictimWaitTime', '', '3600000'),
	('bands.timeResetNarcoBuyer', 'bands.timeResetNarcoBuyer', '', '30'),
	('bands.waitWarTime', 'bands.waitWarTime', '', '1200000'),
	('bands.warTime', 'bands.warTime', '', '300000'),
	('bank.shapeRange', 'bank.shapeRange', '', '0.9'),
	('bank.showMarkers', 'bank.showMarkers', '', 'false'),
	('barbershop.colorChangeProducts', 'barbershop.colorChangeProducts', '', '5'),
	('barbershop.facialHairProducts', 'barbershop.facialHairProducts', '', '7'),
	('barbershop.finalProductsMultiplier', 'barbershop.finalProductsMultiplier', '', '0.8'),
	('barbershop.hairstyleProducts', 'barbershop.hairstyleProducts', '', '10'),
	('barbershop.maxPriceMultiplier', 'barbershop.maxPriceMultiplier', '', '5'),
	('barbershop.minPriceMultiplier', 'barbershop.minPriceMultiplier', '', '1'),
	('barbershop.productPrice', 'barbershop.productPrice', '', '10'),
	('barbershop.rentPerDayMultiplier', 'barbershop.rentPerDayMultiplier', '', '0.01'),
	('barbershop.shapeRange', 'barbershop.shapeRange', '', '1'),
	('barbershop.showMarkers', 'barbershop.showMarkers', '', 'false'),
	('bars.alcoholItemId', 'bars.alcoholItemId', '', '133'),
	('bars.shapeRange', 'bars.shapeRange', '', '1'),
	('bins.emptyChance', 'bins.emptyChance', '', '20'),
	('bins.exp', 'bins.exp', '', '0.01'),
	('bins.findInterval', 'bins.findInterval', '', '1800000'),
	('bins.priceBonus', 'bins.priceBonus', '', '0.2'),
	('bizes.dropBizMultiplier', 'bizes.dropBizMultiplier', '', '0.6'),
	('bizes.dropBizOrderMultiplier', 'bizes.dropBizOrderMultiplier', '', '0.8'),
	('bizes.factionPayMultiplier', 'bizes.factionPayMultiplier', '', '0.50'),
	('bizes.maxProductPriceMultiplier', 'bizes.maxProductPriceMultiplier', '', '2.2'),
	('bizes.minProductPriceMultiplier', 'bizes.minProductPriceMultiplier', '', '1.2'),
	('carrier.cropPrice', 'carrier.cropPrice', '', '5'),
	('carrier.exp', 'carrier.exp', '', '0.01'),
	('carrier.productPrice', 'carrier.productPrice', '', '10'),
	('carrier.productSellK', 'carrier.productSellK', '', '0.95'),
	('carrier.productsMax', 'carrier.productsMax', '', '1000'),
	('carrier.skillProducts', 'carrier.skillProducts', '', '2000'),
	('carrier.vehPrice', 'carrier.vehPrice', '', '425'),
	('carservice.maxPriceMultiplier', 'carservice.maxPriceMultiplier', '', '2'),
	('carservice.maxSalaryMultiplier', 'carservice.maxSalaryMultiplier', '', '1'),
	('carservice.minPriceMultiplier', 'carservice.minPriceMultiplier', '', '1'),
	('carservice.minSalaryMultiplier', 'carservice.minSalaryMultiplier', '', '0.1'),
	('carservice.productPrice', 'carservice.productPrice', '', '15'),
	('carservice.rentPerDayMultiplier', 'carservice.rentPerDayMultiplier', '', '0.02'),
	('carwashes.price', 'carwashes.price', '', '500'),
	('carwashes.shapeRange', 'carwashes.shapeRange', '', '4'),
	('casino.chipsBuyPrice', 'casino.chipsBuyPrice', '', '10'),
	('casino.chipsSellPrice', 'casino.chipsSellPrice', '', '9,5'),
	('casino.isLuckyWheelRolling', 'casino.isLuckyWheelRolling', '', 'false'),
	('casino.luckyWheelRollHours', 'casino.luckyWheelRollHours', '', '24'),
	('casino.luckyWheelRollPrice', 'casino.luckyWheelRollPrice', '', '3000'),
	('casino.mainVeh', 'casino.mainVeh', '', 'g63'),
	('casino.maxDiceCash', 'casino.maxDiceCash', '', '10000'),
	('casino.maxDiceChips', 'casino.maxDiceChips', '', '1000'),
	('casino.minDiceCash', 'casino.minDiceCash', '', '100'),
	('casino.minDiceChips', 'casino.minDiceChips', '', '10'),
	('casino.mysteryVeh', 'casino.mysteryVeh', '', 'g63'),
	('casino.slotMachineMaxBet', 'casino.slotMachineMaxBet', '', '1000'),
	('casino.slotMachineMinBet', 'casino.slotMachineMinBet', '', '10'),
	('characterInit.costSecondSlot', 'characterInit.costSecondSlot', '', '100'),
	('characterInit.costThirdSlot', 'characterInit.costThirdSlot', '', '1000'),
	('characterInit.timeForSecondSlot', 'characterInit.timeForSecondSlot', '', '40'),
	('chargestations.maxChargePrice', 'chargestations.maxChargePrice', '', '65'),
	('chargestations.minChargePrice', 'chargestations.minChargePrice', '', '5'),
	('chargestations.productPrice', 'chargestations.productPrice', '', '12'),
	('chargestations.rentPerDayMultiplier', 'chargestations.rentPerDayMultiplier', '', '0.002'),
	('cinema.price', 'cinema.price', '', '250'),
	('cinema.priceBuyVideo', 'cinema.priceBuyVideo', '', '500'),
	('cinema.priceEnterCinema', 'cinema.priceEnterCinema', '', '100'),
	('cinema.showMarker', 'cinema.showMarker', '', 'true'),
	('cinema.sizeShape', 'cinema.sizeShape', '', '1'),
	('clothingShop.maxPriceMultiplier', 'clothingShop.maxPriceMultiplier', '', '5'),
	('clothingShop.minPriceMultiplier', 'clothingShop.minPriceMultiplier', '', '1'),
	('clothingShop.productPrice', 'clothingShop.productPrice', '', '20'),
	('clothingShop.rentPerDayMultiplier', 'clothingShop.rentPerDayMultiplier', '', '0.02'),
	('clothingShop.shapeRange', 'clothingShop.shapeRange', '', '1'),
	('clothingShop.showMarkers', 'clothingShop.showMarkers', '', 'false'),
	('clubs.alcoholItemId', 'clubs.alcoholItemId', '', '133'),
	('clubs.drunkennessDec', 'clubs.drunkennessDec', '', '10'),
	('clubs.drunkennessWaitClear', 'clubs.drunkennessWaitClear', '', '120000'),
	('clubs.drunkWalkingId', 'clubs.drunkWalkingId', '', '7'),
	('clubs.maxAlcoholPrice', 'clubs.maxAlcoholPrice', '', '10'),
	('clubs.minAlcoholPrice', 'clubs.minAlcoholPrice', '', '1'),
	('clubs.productPrice', 'clubs.productPrice', '', '11'),
	('clubs.rentPerDayMultiplier', 'clubs.rentPerDayMultiplier', '', '0.01'),
	('clubs.smokeItemId', 'clubs.smokeItemId', '', '16'),
	('clubs.snackItemId', 'clubs.snackItemId', '', '134'),
	('clubs.vfxDrunkenness', 'clubs.vfxDrunkenness', '', '30'),
	('clubs.vfxName', 'clubs.vfxName', '', 'DrugsDrivingOut'),
	('clubs.walkingDrunkenness', 'clubs.walkingDrunkenness', '', '70'),
	('conts.enterRange', 'conts.enterRange', '', '4'),
	('craft.destroyItemTime', 'craft.destroyItemTime', '', '600000'),
	('craft.firewoodItemId', 'craft.firewoodItemId', '', '131'),
	('death.health', 'death.health', '', '100'),
	('dev.showBuild', 'dev.showBuild', '', 'true'),
	('documents.fibLeaderSign', 'documents.fibLeaderSign', '', 'C.Slade'),
	('donate.clearWarnPrice', 'donate.clearWarnPrice', '', '150'),
	('donate.convertCash', 'donate.convertCash', '', '30'),
	('donate.nicknamePrice', 'donate.nicknamePrice', '', '100'),
	('donate.slotPrice', 'donate.slotPrice', '', '500'),
	('donate.slotsMax', 'donate.slotsMax', '', '3'),
	('eatery.defaultProductsAmount', 'eatery.defaultProductsAmount', '', '1'),
	('eatery.maxPriceMultiplier', 'eatery.maxPriceMultiplier', '', '2'),
	('eatery.minPriceMultiplier', 'eatery.minPriceMultiplier', '', '1'),
	('eatery.productPrice', 'eatery.productPrice', '', '11'),
	('eatery.rentPerDayMultiplier', 'eatery.rentPerDayMultiplier', '', '0.01'),
	('eatery.shapeRange', 'eatery.shapeRange', '', '1'),
	('eatery.showMarkers', 'eatery.showMarkers', '', 'true'),
	('factions.ammoBox', 'factions.ammoBox', '', '200'),
	('factions.ammoVehMax', 'factions.ammoVehMax', '', '10000'),
	('factions.bonusPay', 'factions.bonusPay', '', '0.1'),
	('factions.markersShow', 'factions.markersShow', '', 'false'),
	('factions.medicinesBox', 'factions.medicinesBox', '', '300'),
	('factions.medicinesVehMax', 'factions.medicinesVehMax', '', '10000'),
	('factions.payMins', 'factions.payMins', '', '15'),
	('factions.vehRespawnPrice', 'factions.vehRespawnPrice', '', '1000'),
	('factions.vehWaitSpawn', 'factions.vehWaitSpawn', '', '1800000'),
	('familiar.maxList', 'familiar.maxList', '', '1001'),
	('farms.cropMax', 'farms.cropMax', '', '1000'),
	('farms.exp', 'farms.exp', '', '0.1'),
	('farms.farmSellK', 'farms.farmSellK', '', '1'),
	('farms.grainsMax', 'farms.grainsMax', '', '5000'),
	('farms.growthTime', 'farms.growthTime', '', '1200000'),
	('farms.payMax', 'farms.payMax', '', '1000'),
	('farms.priceMax', 'farms.priceMax', '', '1000'),
	('farms.productsMax', 'farms.productsMax', '', '10000'),
	('farms.soilsMax', 'farms.soilsMax', '', '5000'),
	('farms.takeCropTime', 'farms.takeCropTime', '', '7000'),
	('farms.tax', 'farms.tax', '', '0.05'),
	('farms.taxBalanceMax', 'farms.taxBalanceMax', '', '100000'),
	('fib.ammoAmmo', 'fib.ammoAmmo', '', '1'),
	('fib.armourAmmo', 'fib.armourAmmo', '', '100'),
	('fib.clothesAmmo', 'fib.clothesAmmo', '', '0'),
	('fib.gunAmmo', 'fib.gunAmmo', '', '100'),
	('fib.itemAmmo', 'fib.itemAmmo', '', '100'),
	('fishing.rodPrice', 'fishing.rodPrice', '', '9000'),
	('fuelstations.maxFuelPrice', 'fuelstations.maxFuelPrice', '', '90'),
	('fuelstations.minFuelPrice', 'fuelstations.minFuelPrice', '', '10'),
	('fuelstations.productPrice', 'fuelstations.productPrice', '', '1'),
	('fuelstations.rentPerDayMultiplier', 'fuelstations.rentPerDayMultiplier', '', '0.05'),
	('fuelstations.shapeRange', 'fuelstations.shapeRange', '', '10'),
	('government.ammoAmmo', 'government.ammoAmmo', '', '1'),
	('government.clothesAmmo', 'government.clothesAmmo', '', '0'),
	('government.gunAmmo', 'government.gunAmmo', '', '100'),
	('government.itemAmmo', 'government.itemAmmo', '', '100'),
	('government.restoreVehKeysPrice', 'government.restoreVehKeysPrice', '', '2500'),
	('government.serviceBlip', 'government.serviceBlip', '', '1250'),
	('gym.lastGymTime', 'gym.lastGymTime', '', '0'),
	('gym.protItemId', 'gym.protItemId', '', '133'),
	('gym.turnikHours', 'gym.turnikHours', '', '2'),
	('gym.waitGymTime', 'gym.waitGymTime', '', '70000'),
	('hospital.clothesAmmo', 'hospital.clothesAmmo', '', '0'),
	('hospital.giveMedCardRank', 'hospital.giveMedCardRank', '', '5'),
	('hospital.healingPrice', 'hospital.healingPrice', '', '10'),
	('hospital.itemMedicines', 'hospital.itemMedicines', '', '100'),
	('hospital.knockedPrice', 'hospital.knockedPrice', '', '1000'),
	('hospital.knockedWaitTime', 'hospital.knockedWaitTime', '', '3600000'),
	('hospital.medCardDays', 'hospital.medCardDays', '', '30'),
	('hospital.medHealth', 'hospital.medHealth', '', '90'),
	('hospital.medMaxHealth', 'hospital.medMaxHealth', '', '100'),
	('hospital.patchHealth', 'hospital.patchHealth', '', '10'),
	('houses.dropHouseMultiplier', 'houses.dropHouseMultiplier', '', '0.6'),
	('houses.holderImprovmentMultiplier', 'houses.holderImprovmentMultiplier', '', '0.01'),
	('houses.xmasTreesCreating', 'houses.xmasTreesCreating', '', 'false'),
	('inventory.climeK', 'inventory.climeK', '', '0.5'),
	('inventory.groundItemTime', 'inventory.groundItemTime', '', '300000'),
	('inventory.groundMaxDist', 'inventory.groundMaxDist', '', '10'),
	('inventory.groundMaxItems', 'inventory.groundMaxItems', '', '30'),
	('inventory.maxPlayerWeight', 'inventory.maxPlayerWeight', '', '30'),
	('jobs.bonusPay', 'jobs.bonusPay', '', '1.0'),
	('jobs.bonusSkill', 'jobs.bonusSkill', '', '1.0'),
	('mafia.ammoAmmo', 'mafia.ammoAmmo', '', '1'),
	('mafia.bizWarRank', 'mafia.bizWarRank', '', '8'),
	('mafia.gunAmmo', 'mafia.gunAmmo', '', '100'),
	('mafia.lastWarTime', 'mafia.lastWarTime', '', '0'),
	('mafia.reveangeKill', 'mafia.reveangeKill', '', 'false'),
	('mafia.waitWarTime', 'mafia.waitWarTime', '', '1200000'),
	('mafia.warTime', 'mafia.warTime', '', '300000'),
	('mapCase.adId', 'mapCase.adId', '', '1'),
	('masks.maxPriceMultiplier', 'masks.maxPriceMultiplier', '', '50'),
	('masks.minPriceMultiplier', 'masks.minPriceMultiplier', '', '1'),
	('masks.productPrice', 'masks.productPrice', '', '25'),
	('masks.rentPerDayMultiplier', 'masks.rentPerDayMultiplier', '', '0.05'),
	('masks.shapeRange', 'masks.shapeRange', '', '1'),
	('mason.exp', 'mason.exp', '', '0.01'),
	('mason.pickDamage', 'mason.pickDamage', '', '1'),
	('mason.priceBonus', 'mason.priceBonus', '', '1'),
	('mason.respawnRockTime', 'mason.respawnRockTime', '', '300000'),
	('mason.rockDamage', 'mason.rockDamage', '', '12'),
	('mason.rockPrice', 'mason.rockPrice', '', '225'),
	('news.adPayK', 'news.adPayK', '', '0.09'),
	('news.clothesAmmo', 'news.clothesAmmo', '', '0'),
	('news.streamDist', 'news.streamDist', '', '10'),
	('news.streamRank', 'news.streamRank', '', '5'),
	('news.symbolPrice', 'news.symbolPrice', '', '90'),
	('news.waitAddAd', 'news.waitAddAd', '', '300000'),
	('police.ammoAmmo', 'police.ammoAmmo', '', '1'),
	('police.armourAmmo', 'police.armourAmmo', '', '100'),
	('police.arrestPay', 'police.arrestPay', '', '1500'),
	('police.arrestTime', 'police.arrestTime', '', '960000'),
	('police.clothesAmmo', 'police.clothesAmmo', '', '0'),
	('police.giveGunLicenseRank', 'police.giveGunLicenseRank', '', '9'),
	('police.gunAmmo', 'police.gunAmmo', '', '100'),
	('police.itemAmmo', 'police.itemAmmo', '', '100'),
	('police.searchRank', 'police.searchRank', '', '4'),
	('police.searchTime', 'police.searchTime', '', '60000'),
	('police.takeGunLicenseRank', 'police.takeGunLicenseRank', '', '9'),
	('police.unarrestPayK', 'police.unarrestPayK', '', '0.05'),
	('police.unarrestPrice', 'police.unarrestPrice', '', '45000'),
	('promocodes.codeLength', 'promocodes.codeLength', '', '5'),
	('promocodes.codesCount', 'promocodes.codesCount', '', '100'),
	('promocodes.completedMinutes', 'promocodes.completedMinutes', '', '600'),
	('quests.showMarker', 'quests.showMarker', '', 'false'),
	('quests.sizeShape', 'quests.sizeShape', '', '1'),
	('rent.maxRentVehicles', 'rent.maxRentVehicles', '', '2'),
	('rent.rentPriceMultiplier', 'rent.rentPriceMultiplier', '', '0.02'),
	('rent.respawnTime', 'rent.respawnTime', '', '600000'),
	('roulette.dimensionCasino', 'roulette.dimensionCasino', '', '0'),
	('satiety.healthMin', 'satiety.healthMin', '', '5'),
	('satiety.intervalTime', 'satiety.intervalTime', '', '120000'),
	('satiety.satietyAlcohol', 'satiety.satietyAlcohol', '', '0.2'),
	('satiety.satietyDec', 'satiety.satietyDec', '', '1'),
	('satiety.satietyHealth', 'satiety.satietyHealth', '', '4'),
	('satiety.thirstDec', 'satiety.thirstDec', '', '1'),
	('satiety.thirstHealth', 'satiety.thirstHealth', '', '2'),
	('settings.moodCount', 'settings.moodCount', '', '7'),
	('settings.walkingCount', 'settings.walkingCount', '', '7'),
	('supermarket.maxPriceMultiplier', 'supermarket.maxPriceMultiplier', '', '3'),
	('supermarket.minPriceMultiplier', 'supermarket.minPriceMultiplier', '', '1'),
	('supermarket.productPrice', 'supermarket.productPrice', '', '15'),
	('supermarket.rentPerDayMultiplier', 'supermarket.rentPerDayMultiplier', '', '0.03'),
	('supermarket.shapeRange', 'supermarket.shapeRange', '', '1'),
	('supermarket.showMarkers', 'supermarket.showMarkers', '', 'false'),
	('tattoo.deleteTattooProducts', 'tattoo.deleteTattooProducts', '', '10'),
	('tattoo.maxPriceMultiplier', 'tattoo.maxPriceMultiplier', '', '10'),
	('tattoo.minPriceMultiplier', 'tattoo.minPriceMultiplier', '', '1'),
	('tattoo.productPrice', 'tattoo.productPrice', '', '20'),
	('tattoo.rentPerDayMultiplier', 'tattoo.rentPerDayMultiplier', '', '0.05'),
	('tattoo.shapeRange', 'tattoo.shapeRange', '', '1'),
	('tattoo.showMarkers', 'tattoo.showMarkers', '', 'false'),
	('terminal.access', 'terminal.access', '', '1'),
	('transportations.rewardMoney', 'transportations.rewardMoney', '', '1250'),
	('transportations.vehicleModel', 'transportations.vehicleModel', '', 'mule'),
	('tuning.enterRange', 'tuning.enterRange', '', '4'),
	('tuning.maxPriceMultiplier', 'tuning.maxPriceMultiplier', '', '4'),
	('tuning.minPriceMultiplier', 'tuning.minPriceMultiplier', '', '1'),
	('tuning.productPrice', 'tuning.productPrice', '', '40'),
	('tuning.rentPerDayMultiplier', 'tuning.rentPerDayMultiplier', '', '0.1'),
	('vehicles.ownVehicleRespawnPrice', 'vehicles.ownVehicleRespawnPrice', '', '300'),
	('vehicles.respawnFuel', 'vehicles.respawnFuel', '', '10'),
	('vehicles.vehWaitSpawn', 'vehicles.vehWaitSpawn', '', '1500000'),
	('washcar.maxWashPrice', 'washcar.maxWashPrice', '', '1000'),
	('washcar.minWashPrice', 'washcar.minWashPrice', '', '100'),
	('washcar.productCount', 'washcar.productCount', '', '1'),
	('washcar.productPrice', 'washcar.productPrice', '', '1'),
	('washcar.rentPerDayMultiplier', 'washcar.rentPerDayMultiplier', '', '0.01'),
	('washcar.shapeRange', 'washcar.shapeRange', '', '4'),
	('weather.customWeather', 'weather.customWeather', '', 'false'),
	('weather.customWeatherType', 'weather.customWeatherType', '', 'winter'),
	('wedding.weddingPrice', 'wedding.weddingPrice', '', '5000'),
	('whitelist.enabled', 'whitelist.enabled', '', 'false'),
	('winter.exp', 'winter.exp', '', '0.1'),
	('winter.pay', 'winter.pay', '', '650'),
	('winter.snowballCount', 'winter.snowballCount', '', '5'),
	('winter.snowballItemId', 'winter.snowballItemId', '', '117'),
	('winter.vehPrice', 'winter.vehPrice', '', '125'),
	('woodman.axDamage', 'woodman.axDamage', '', '1'),
	('woodman.exp', 'woodman.exp', '', '0.01'),
	('woodman.logDamage', 'woodman.logDamage', '', '34'),
	('woodman.priceBonus', 'woodman.priceBonus', '', '1'),
	('woodman.respawnTreeTime', 'woodman.respawnTreeTime', '', '360000'),
	('woodman.treeDamage', 'woodman.treeDamage', '', '16'),
	('woodman.treePrice', 'woodman.treePrice', '', '100');

-- Дамп структуры для таблица chaos_db.factionclothesranks
CREATE TABLE IF NOT EXISTS `factionclothesranks` (
  `id` int(11) NOT NULL AUTO_INCREMENT,
  `factionId` int(11) NOT NULL,
  `clothesIndex` int(11) NOT NULL,
  `rank` int(11) NOT NULL,
  PRIMARY KEY (`id`),
  KEY `factionclothesranks_ibfk_1` (`factionId`),
  CONSTRAINT `factionclothesranks_ibfk_1` FOREIGN KEY (`factionId`) REFERENCES `factions` (`id`) ON DELETE CASCADE ON UPDATE CASCADE
) ENGINE=InnoDB AUTO_INCREMENT=43 DEFAULT CHARSET=utf8 COLLATE=utf8_general_ci;

-- Дамп данных таблицы chaos_db.factionclothesranks: ~42 rows (приблизительно)
INSERT INTO `factionclothesranks` (`id`, `factionId`, `clothesIndex`, `rank`) VALUES
	(1, 2, 0, 1),
	(2, 2, 4, 7),
	(3, 2, 1, 2),
	(4, 2, 2, 3),
	(5, 2, 3, 6),
	(6, 2, 5, 8),
	(7, 2, 6, 13),
	(8, 2, 7, 15),
	(9, 1, 1, 3),
	(10, 1, 2, 14),
	(11, 1, 3, 8),
	(12, 1, 4, 25),
	(13, 3, 1, 4),
	(14, 3, 2, 5),
	(15, 3, 3, 6),
	(16, 3, 4, 1),
	(17, 3, 5, 11),
	(18, 3, 6, 12),
	(19, 4, 1, 3),
	(20, 4, 2, 3),
	(21, 4, 3, 4),
	(22, 4, 0, 1),
	(23, 4, 4, 5),
	(24, 4, 5, 6),
	(25, 5, 5, 11),
	(26, 5, 4, 10),
	(27, 5, 1, 3),
	(28, 5, 2, 5),
	(29, 5, 3, 6),
	(30, 6, 1, 5),
	(31, 6, 2, 6),
	(32, 6, 3, 9),
	(33, 6, 10, 8),
	(34, 6, 4, 4),
	(35, 6, 5, 7),
	(36, 6, 6, 11),
	(37, 6, 7, 13),
	(38, 6, 8, 13),
	(39, 6, 9, 3),
	(40, 7, 1, 4),
	(41, 7, 2, 8),
	(42, 7, 3, 10);

-- Дамп структуры для таблица chaos_db.factioninventories
CREATE TABLE IF NOT EXISTS `factioninventories` (
  `id` int(11) NOT NULL AUTO_INCREMENT,
  `playerId` int(11) NOT NULL,
  `itemId` int(11) NOT NULL,
  `pocketIndex` int(11) DEFAULT NULL,
  `index` int(11) NOT NULL,
  `parentId` int(11) DEFAULT NULL,
  `createdAt` datetime NOT NULL,
  `updatedAt` datetime NOT NULL,
  `deletedAt` datetime DEFAULT NULL,
  PRIMARY KEY (`id`),
  KEY `playerId` (`playerId`),
  KEY `parentId` (`parentId`),
  KEY `factioninventories_ibfk_2` (`itemId`),
  CONSTRAINT `factioninventories_ibfk_1` FOREIGN KEY (`playerId`) REFERENCES `characters` (`id`) ON DELETE CASCADE ON UPDATE CASCADE,
  CONSTRAINT `factioninventories_ibfk_2` FOREIGN KEY (`itemId`) REFERENCES `inventoryitems` (`id`) ON DELETE NO ACTION ON UPDATE CASCADE,
  CONSTRAINT `factioninventories_ibfk_3` FOREIGN KEY (`parentId`) REFERENCES `factioninventories` (`id`) ON DELETE CASCADE ON UPDATE CASCADE
) ENGINE=InnoDB AUTO_INCREMENT=10050 DEFAULT CHARSET=utf8 COLLATE=utf8_general_ci;

-- Дамп данных таблицы chaos_db.factioninventories: ~50 rows (приблизительно)
INSERT INTO `factioninventories` (`id`, `playerId`, `itemId`, `pocketIndex`, `index`, `parentId`, `createdAt`, `updatedAt`, `deletedAt`) VALUES
	(10000, 3, 8, 2, 8, NULL, '2024-04-27 13:37:30', '2024-04-27 13:41:22', '2024-04-27 13:41:22'),
	(10001, 3, 9, 2, 10, NULL, '2024-04-27 13:37:33', '2024-04-27 13:41:28', '2024-04-27 13:41:28'),
	(10002, 3, 7, 2, 27, NULL, '2024-04-27 13:37:52', '2024-04-27 13:41:23', '2024-04-27 13:41:23'),
	(10003, 3, 9, 2, 36, NULL, '2024-04-27 13:41:50', '2024-04-27 13:42:04', '2024-04-27 13:42:04'),
	(10004, 3, 8, 0, 218, NULL, '2024-04-27 13:41:52', '2024-04-27 13:42:01', '2024-04-27 13:42:01'),
	(10005, 3, 33, 0, 172, NULL, '2024-04-27 13:56:15', '2024-04-27 14:21:09', '2024-04-27 14:21:09'),
	(10006, 3, 33, 0, 156, NULL, '2024-04-27 13:56:17', '2024-04-27 14:20:52', '2024-04-27 14:20:52'),
	(10007, 3, 20, 0, 220, NULL, '2024-04-27 13:56:19', '2024-05-03 11:59:29', '2024-05-03 11:59:29'),
	(10008, 3, 33, 0, 268, NULL, '2024-04-27 13:56:21', '2024-04-27 14:21:15', '2024-04-27 14:21:15'),
	(10009, 3, 33, 0, 140, NULL, '2024-04-27 13:56:23', '2024-04-27 14:21:05', '2024-04-27 14:21:05'),
	(10010, 3, 33, 0, 124, NULL, '2024-04-27 13:56:26', '2024-04-27 14:20:59', '2024-04-27 14:20:59'),
	(10011, 3, 33, 0, 108, NULL, '2024-04-27 13:56:29', '2024-04-27 14:20:55', '2024-04-27 14:20:55'),
	(10012, 3, 33, 0, 92, NULL, '2024-04-27 13:56:30', '2024-04-27 14:20:56', '2024-04-27 14:20:56'),
	(10013, 3, 37, 0, 200, NULL, '2024-04-27 13:56:32', '2024-05-03 12:00:07', '2024-05-03 12:00:07'),
	(10014, 3, 37, 0, 183, NULL, '2024-04-27 13:56:34', '2024-05-03 12:02:05', '2024-05-03 12:02:05'),
	(10015, 3, 126, 0, 204, NULL, '2024-04-27 13:56:36', '2024-04-27 14:21:12', '2024-04-27 14:21:12'),
	(10016, 3, 28, 0, 189, NULL, '2024-04-27 13:56:37', '2024-04-27 14:21:22', '2024-04-27 14:21:22'),
	(10017, 3, 40, 0, 217, NULL, '2024-04-27 13:56:42', '2024-05-03 11:59:43', '2024-05-03 11:59:43'),
	(10018, 3, 16, 0, 169, NULL, '2024-04-27 13:56:44', '2024-05-03 12:00:03', '2024-05-03 12:00:03'),
	(10019, 3, 16, 0, 154, NULL, '2024-04-27 13:56:46', '2024-05-31 08:20:52', '2024-05-31 08:20:52'),
	(10020, 3, 33, 0, 137, NULL, '2024-04-27 13:56:48', '2024-04-27 14:21:07', '2024-04-27 14:21:07'),
	(10021, 3, 34, 0, 151, NULL, '2024-04-27 13:56:50', '2024-05-03 12:02:07', '2024-05-03 12:02:07'),
	(10022, 3, 16, 0, 173, NULL, '2024-04-27 13:56:52', '2024-05-31 08:20:54', '2024-05-31 08:20:54'),
	(10023, 3, 11, 0, 105, NULL, '2024-04-27 13:56:54', '2024-05-03 11:59:46', '2024-05-03 11:59:46'),
	(10024, 3, 11, 0, 109, NULL, '2024-04-27 13:56:56', '2024-05-03 11:59:57', '2024-05-03 11:59:57'),
	(10025, 3, 11, 0, 110, NULL, '2024-04-27 13:56:59', '2024-05-03 11:59:59', '2024-05-03 11:59:59'),
	(10026, 3, 19, 0, 58, NULL, '2024-04-27 13:57:00', '2024-04-27 14:21:18', '2024-04-27 14:21:18'),
	(10027, 3, 45, 0, 10, NULL, '2024-04-27 13:57:02', '2024-05-03 11:59:51', '2024-05-03 11:59:51'),
	(10028, 3, 54, 0, 30, NULL, '2024-04-27 13:57:04', '2024-05-03 11:59:54', '2024-05-03 11:59:54'),
	(10029, 3, 33, 0, 94, NULL, '2024-04-27 13:57:06', '2024-04-27 14:21:03', '2024-04-27 14:21:03'),
	(10030, 3, 33, 0, 78, NULL, '2024-04-27 13:57:07', '2024-04-27 14:21:01', '2024-04-27 14:21:01'),
	(10031, 3, 139, 0, 71, NULL, '2024-04-27 13:57:09', '2024-05-31 08:21:06', '2024-05-31 08:21:06'),
	(10032, 3, 16, 0, 102, NULL, '2024-04-27 13:57:11', '2024-05-31 08:21:02', '2024-05-31 08:21:02'),
	(10033, 3, 17, 0, 230, NULL, '2024-04-27 13:57:12', '2024-05-03 11:59:32', '2024-05-03 11:59:32'),
	(10034, 3, 18, 0, 296, NULL, '2024-04-27 13:57:14', '2024-05-03 11:59:27', '2024-05-03 11:59:27'),
	(10035, 3, 24, 0, 146, NULL, '2024-04-27 13:57:15', '2024-05-03 11:59:40', '2024-05-03 11:59:40'),
	(10036, 3, 39, 0, 114, NULL, '2024-04-27 13:57:17', '2024-05-31 08:20:58', '2024-05-31 08:20:58'),
	(10037, 3, 40, 0, 132, NULL, '2024-04-27 13:57:18', '2024-05-31 08:21:00', '2024-05-31 08:21:00'),
	(10038, 3, 8, 0, 242, NULL, '2024-04-27 13:57:21', '2024-05-03 11:59:35', '2024-05-03 11:59:35'),
	(10039, 3, 9, 0, 308, NULL, '2024-04-27 13:57:23', '2024-05-03 11:59:38', '2024-05-03 11:59:38'),
	(10040, 3, 7, 2, 12, NULL, '2024-04-27 13:57:24', '2024-04-27 14:20:43', '2024-04-27 14:20:43'),
	(10041, 3, 21, 1, 17, NULL, '2024-04-27 13:57:25', '2024-05-03 11:59:19', '2024-05-03 11:59:19'),
	(10042, 3, 13, 0, 17, NULL, '2024-04-27 13:57:27', '2024-04-27 14:20:49', '2024-04-27 14:20:49'),
	(10043, 3, 3, 2, 8, NULL, '2024-04-27 13:57:49', '2024-05-03 11:59:24', '2024-05-03 11:59:24'),
	(10044, 11, 17, 0, 91, NULL, '2024-04-27 14:20:01', '2024-04-27 14:20:01', NULL),
	(10045, 3, 8, 0, 262, NULL, '2024-05-03 12:00:43', '2024-05-03 12:01:56', '2024-05-03 12:01:56'),
	(10046, 3, 7, 0, 89, NULL, '2024-05-03 12:00:47', '2024-05-03 12:02:02', '2024-05-03 12:02:02'),
	(10047, 3, 2, 0, 267, NULL, '2024-05-03 12:00:51', '2024-05-03 12:01:58', '2024-05-03 12:01:58'),
	(10048, 3, 3, 0, 176, NULL, '2024-05-03 12:00:54', '2024-05-03 12:01:53', '2024-05-03 12:01:53'),
	(10049, 3, 9, 2, 17, NULL, '2024-05-03 12:00:55', '2024-05-03 12:02:00', '2024-05-03 12:02:00');

-- Дамп структуры для таблица chaos_db.factioninventoryparams
CREATE TABLE IF NOT EXISTS `factioninventoryparams` (
  `id` int(11) NOT NULL AUTO_INCREMENT,
  `key` varchar(255) NOT NULL,
  `value` text NOT NULL,
  `itemId` int(11) NOT NULL,
  PRIMARY KEY (`id`),
  KEY `itemId` (`itemId`),
  CONSTRAINT `factioninventoryparams_ibfk_1` FOREIGN KEY (`itemId`) REFERENCES `factioninventories` (`id`) ON DELETE CASCADE ON UPDATE CASCADE
) ENGINE=InnoDB AUTO_INCREMENT=159 DEFAULT CHARSET=utf8 COLLATE=utf8_general_ci;

-- Дамп данных таблицы chaos_db.factioninventoryparams: ~158 rows (приблизительно)
INSERT INTO `factioninventoryparams` (`id`, `key`, `value`, `itemId`) VALUES
	(1, 'sex', '1', 10000),
	(2, 'clime', '[-15,30]', 10000),
	(3, 'name', 'Шмотка 44', 10000),
	(4, 'pockets', '[5,5,5,5]', 10000),
	(5, 'variation', '43', 10000),
	(6, 'texture', '0', 10000),
	(7, 'sex', '1', 10001),
	(8, 'clime', '[10,30]', 10001),
	(9, 'name', 'Кроссовки', 10001),
	(10, 'variation', '1', 10001),
	(11, 'texture', '2', 10001),
	(12, 'variation', '11', 10002),
	(13, 'sex', '1', 10002),
	(14, 'texture', '0', 10002),
	(15, 'name', 'Шмотка 12', 10002),
	(16, 'torso', '15', 10002),
	(17, 'undershirt', '57', 10002),
	(18, 'uTexture', '0', 10002),
	(19, 'clime', '[5,30]', 10002),
	(20, 'pockets', '[5,5,5,5]', 10002),
	(21, 'sex', '1', 10003),
	(22, 'variation', '1', 10003),
	(23, 'name', 'Кроссовки', 10003),
	(24, 'texture', '2', 10003),
	(25, 'clime', '[10,30]', 10003),
	(26, 'name', 'Шмотка 44', 10004),
	(27, 'clime', '[-15,30]', 10004),
	(28, 'variation', '43', 10004),
	(29, 'sex', '1', 10004),
	(30, 'pockets', '[5,5,5,5]', 10004),
	(31, 'texture', '0', 10004),
	(32, 'vehId', '332', 10005),
	(33, 'owner', '3', 10005),
	(34, 'vehName', 'G63 New', 10005),
	(35, 'vehId', '329', 10006),
	(36, 'owner', '3', 10006),
	(37, 'vehName', 'URUS New', 10006),
	(38, 'weaponHash', '1593441988', 10007),
	(39, 'ammo', '0', 10007),
	(40, 'owner', '3', 10008),
	(41, 'vehId', '361', 10008),
	(42, 'vehName', 'svr', 10008),
	(43, 'owner', '3', 10009),
	(44, 'vehId', '356', 10009),
	(45, 'vehName', 'navigator', 10009),
	(46, 'owner', '3', 10010),
	(47, 'vehName', 'merc6x6', 10010),
	(48, 'vehId', '355', 10010),
	(49, 'owner', '3', 10011),
	(50, 'vehId', '357', 10011),
	(51, 'vehName', 'Moto gsx18', 10011),
	(52, 'vehId', '358', 10012),
	(53, 'owner', '3', 10012),
	(54, 'vehName', 'g63 amg ', 10012),
	(55, 'count', '12', 10013),
	(56, 'count', '12', 10014),
	(57, 'thirst', '-10', 10015),
	(58, 'satiety', '60', 10015),
	(59, 'count', '24', 10017),
	(60, 'count', '20', 10018),
	(61, 'name', 'Redwood', 10018),
	(62, 'count', '20', 10019),
	(63, 'name', 'Redwood', 10019),
	(64, 'owner', '3', 10020),
	(65, 'vehId', '330', 10020),
	(66, 'vehName', 'M8 New', 10020),
	(67, 'thirst', '100', 10021),
	(68, 'count', '20', 10022),
	(69, 'name', 'Redwood', 10022),
	(70, 'sex', '1', 10023),
	(71, 'variation', '5', 10023),
	(72, 'texture', '0', 10023),
	(73, 'name', 'Часы', 10023),
	(74, 'sex', '1', 10024),
	(75, 'texture', '0', 10024),
	(76, 'variation', '3', 10024),
	(77, 'name', 'Часы', 10024),
	(78, 'sex', '1', 10025),
	(79, 'texture', '0', 10025),
	(80, 'name', 'Часы', 10025),
	(81, 'variation', '3', 10025),
	(82, 'weaponHash', '911657153', 10026),
	(83, 'vehId', '333', 10029),
	(84, 'vehName', 'X6M New', 10029),
	(85, 'owner', '3', 10029),
	(86, 'vehId', '331', 10030),
	(87, 'owner', '3', 10030),
	(88, 'vehName', 'GT63 New', 10030),
	(89, 'count', '20', 10031),
	(90, 'name', 'Redwood', 10032),
	(91, 'count', '20', 10032),
	(92, 'weaponHash', '1737195953', 10033),
	(93, 'ammo', '0', 10033),
	(94, 'weaponHash', '2343591895', 10034),
	(95, 'ammo', '0', 10034),
	(96, 'count', '2', 10035),
	(97, 'count', '30', 10036),
	(98, 'count', '24', 10037),
	(99, 'name', 'Шмотка 44', 10038),
	(100, 'sex', '1', 10038),
	(101, 'clime', '[-15,30]', 10038),
	(102, 'pockets', '[5,5,5,5]', 10038),
	(103, 'variation', '43', 10038),
	(104, 'texture', '0', 10038),
	(105, 'texture', '2', 10039),
	(106, 'clime', '[10,30]', 10039),
	(107, 'sex', '1', 10039),
	(108, 'variation', '1', 10039),
	(109, 'name', 'Кроссовки', 10039),
	(110, 'sex', '1', 10040),
	(111, 'texture', '0', 10040),
	(112, 'variation', '11', 10040),
	(113, 'name', 'Шмотка 12', 10040),
	(114, 'torso', '15', 10040),
	(115, 'undershirt', '57', 10040),
	(116, 'uTexture', '0', 10040),
	(117, 'clime', '[5,30]', 10040),
	(118, 'pockets', '[5,5,5,5]', 10040),
	(119, 'weaponHash', '487013001', 10041),
	(120, 'ammo', '11', 10041),
	(121, 'sex', '1', 10042),
	(122, 'texture', '0', 10042),
	(123, 'variation', '45', 10042),
	(124, 'pockets', '[4,4,10,4,7,7,7,7,14,10]', 10042),
	(125, 'pockets', '[3,3,3,3,3,3,3,3,10,5,3,5,10,3,3,3]', 10043),
	(126, 'variation', '12', 10043),
	(127, 'texture', '1', 10043),
	(128, 'health', '54', 10043),
	(129, 'sex', '1', 10043),
	(130, 'weaponHash', '1737195953', 10044),
	(131, 'ammo', '0', 10044),
	(132, 'variation', '96', 10045),
	(133, 'texture', '1', 10045),
	(134, 'sex', '1', 10045),
	(135, 'pockets', '[5,5,5,5,10,5]', 10045),
	(136, 'clime', '[-10,15]', 10045),
	(137, 'name', 'Брюки EMS Hospital', 10045),
	(138, 'texture', '0', 10046),
	(139, 'sex', '1', 10046),
	(140, 'undershirt', '57', 10046),
	(141, 'variation', '11', 10046),
	(142, 'name', 'Шмотка 12', 10046),
	(143, 'torso', '15', 10046),
	(144, 'uTexture', '0', 10046),
	(145, 'clime', '[5,30]', 10046),
	(146, 'pockets', '[5,5,5,5]', 10046),
	(147, 'sex', '1', 10047),
	(148, 'texture', '0', 10047),
	(149, 'variation', '126', 10047),
	(150, 'variation', '12', 10048),
	(151, 'texture', '4', 10048),
	(152, 'health', '9', 10048),
	(153, 'sex', '1', 10048),
	(154, 'pockets', '[3,3,3,3,3,3,3,3,10,5,3,5,10,3,3,3]', 10048),
	(155, 'sex', '1', 10049),
	(156, 'variation', '10', 10049),
	(157, 'texture', '0', 10049),
	(158, 'clime', '[-10,15]', 10049);

-- Дамп структуры для таблица chaos_db.factionitemranks
CREATE TABLE IF NOT EXISTS `factionitemranks` (
  `id` int(11) NOT NULL AUTO_INCREMENT,
  `factionId` int(11) NOT NULL,
  `itemId` int(11) NOT NULL,
  `rank` int(11) NOT NULL,
  PRIMARY KEY (`id`),
  KEY `factionitemranks_ibfk_1` (`factionId`),
  KEY `factionitemranks_ibfk_2` (`itemId`),
  CONSTRAINT `factionitemranks_ibfk_1` FOREIGN KEY (`factionId`) REFERENCES `factions` (`id`) ON DELETE CASCADE ON UPDATE CASCADE,
  CONSTRAINT `factionitemranks_ibfk_2` FOREIGN KEY (`itemId`) REFERENCES `inventoryitems` (`id`) ON DELETE NO ACTION ON UPDATE CASCADE
) ENGINE=InnoDB AUTO_INCREMENT=133 DEFAULT CHARSET=utf8 COLLATE=utf8_general_ci;

-- Дамп данных таблицы chaos_db.factionitemranks: ~132 rows (приблизительно)
INSERT INTO `factionitemranks` (`id`, `factionId`, `itemId`, `rank`) VALUES
	(1, 2, 3, 4),
	(2, 2, 24, 2),
	(3, 2, 17, 2),
	(4, 2, 19, 3),
	(5, 2, 20, 4),
	(6, 2, 48, 6),
	(7, 2, 21, 8),
	(8, 2, 22, 8),
	(9, 2, 37, 4),
	(10, 2, 38, 8),
	(11, 2, 40, 6),
	(12, 2, 39, 8),
	(13, 1, 80, 4),
	(14, 1, 87, 4),
	(15, 1, 100, 7),
	(16, 1, 93, 10),
	(17, 1, 37, 4),
	(18, 1, 38, 10),
	(19, 1, 40, 4),
	(20, 1, 39, 4),
	(21, 3, 3, 3),
	(22, 3, 17, 2),
	(23, 3, 19, 2),
	(24, 3, 20, 3),
	(25, 3, 48, 5),
	(26, 3, 21, 7),
	(27, 3, 22, 8),
	(28, 3, 37, 3),
	(29, 3, 38, 7),
	(30, 3, 40, 5),
	(31, 3, 39, 8),
	(32, 4, 4, 3),
	(33, 4, 3, 3),
	(34, 4, 107, 3),
	(35, 4, 99, 3),
	(36, 4, 88, 4),
	(37, 4, 46, 2),
	(38, 4, 91, 6),
	(39, 4, 38, 6),
	(40, 4, 37, 2),
	(41, 4, 40, 3),
	(42, 4, 39, 3),
	(43, 5, 27, 3),
	(44, 5, 26, 5),
	(45, 6, 132, 2),
	(46, 6, 3, 4),
	(47, 6, 80, 2),
	(48, 6, 48, 3),
	(49, 6, 21, 4),
	(50, 6, 22, 5),
	(51, 6, 107, 7),
	(52, 6, 37, 2),
	(53, 6, 40, 3),
	(54, 6, 38, 4),
	(55, 6, 39, 5),
	(56, 8, 39, 7),
	(57, 8, 41, 1),
	(58, 8, 21, 7),
	(59, 8, 38, 7),
	(60, 8, 44, 3),
	(61, 8, 37, 3),
	(62, 8, 20, 5),
	(63, 8, 47, 6),
	(64, 8, 89, 6),
	(65, 8, 52, 7),
	(66, 8, 40, 7),
	(67, 9, 41, 1),
	(68, 9, 21, 8),
	(69, 9, 38, 8),
	(70, 9, 44, 3),
	(71, 9, 37, 3),
	(72, 9, 20, 4),
	(73, 9, 47, 5),
	(74, 9, 40, 5),
	(75, 9, 89, 4),
	(76, 9, 52, 7),
	(77, 9, 39, 7),
	(78, 10, 21, 8),
	(79, 10, 38, 8),
	(80, 10, 44, 3),
	(81, 10, 37, 3),
	(82, 10, 20, 4),
	(83, 10, 47, 5),
	(84, 10, 40, 5),
	(85, 10, 89, 4),
	(86, 10, 52, 7),
	(87, 10, 39, 7),
	(88, 11, 21, 8),
	(89, 11, 38, 8),
	(90, 11, 44, 3),
	(91, 11, 37, 3),
	(92, 11, 20, 4),
	(93, 11, 47, 5),
	(94, 11, 40, 5),
	(95, 11, 89, 4),
	(96, 11, 52, 7),
	(97, 11, 39, 7),
	(98, 12, 44, 2),
	(99, 12, 46, 3),
	(100, 12, 37, 2),
	(101, 12, 90, 3),
	(102, 12, 48, 4),
	(103, 12, 40, 3),
	(104, 12, 49, 5),
	(105, 12, 96, 6),
	(106, 12, 38, 5),
	(107, 12, 50, 7),
	(108, 12, 39, 7),
	(109, 13, 44, 2),
	(110, 13, 46, 3),
	(111, 13, 37, 2),
	(112, 13, 90, 4),
	(113, 13, 40, 4),
	(114, 13, 48, 5),
	(115, 13, 49, 6),
	(116, 13, 38, 6),
	(117, 13, 96, 7),
	(118, 13, 50, 8),
	(119, 13, 39, 8),
	(120, 14, 46, 3),
	(121, 14, 37, 2),
	(122, 14, 44, 2),
	(123, 14, 90, 4),
	(124, 14, 40, 4),
	(125, 14, 48, 5),
	(126, 14, 49, 6),
	(127, 14, 38, 6),
	(128, 14, 96, 7),
	(129, 14, 50, 8),
	(130, 14, 39, 8),
	(131, 14, 22, 8),
	(132, 2, 18, 1);

-- Дамп структуры для таблица chaos_db.factionranks
CREATE TABLE IF NOT EXISTS `factionranks` (
  `id` int(11) NOT NULL AUTO_INCREMENT,
  `factionId` int(11) NOT NULL,
  `rank` int(11) NOT NULL,
  `name` varchar(40) NOT NULL,
  `pay` int(11) NOT NULL DEFAULT 100,
  PRIMARY KEY (`id`)
) ENGINE=InnoDB AUTO_INCREMENT=195 DEFAULT CHARSET=utf8 COLLATE=utf8_general_ci;

-- Дамп данных таблицы chaos_db.factionranks: ~173 rows (приблизительно)
INSERT INTO `factionranks` (`id`, `factionId`, `rank`, `name`, `pay`) VALUES
	(1, 1, 1, 'Стажёр', 250),
	(2, 1, 2, 'Юрист', 450),
	(3, 1, 3, 'Секретарь', 450),
	(4, 1, 4, 'Офицер USSS', 450),
	(5, 1, 5, 'Мл. Адвокат', 550),
	(6, 1, 6, 'Секретарь Референт', 550),
	(7, 1, 7, 'Агент USSS', 550),
	(8, 1, 8, 'Адвокат', 650),
	(9, 1, 9, 'Менеджер Мероприятий', 650),
	(10, 1, 10, 'Спец. Агент USSS', 650),
	(11, 1, 11, 'Прокурор', 1000),
	(12, 1, 12, 'HR Менеджер', 1000),
	(13, 1, 13, 'Нач. Отдела USSS', 1000),
	(14, 1, 14, 'Судья', 2300),
	(15, 1, 15, 'Глава Аппарата', 2300),
	(16, 1, 16, 'Директор USSS', 2300),
	(17, 1, 17, 'Советник', 2200),
	(18, 1, 18, 'Мэр LS', 3500),
	(19, 1, 19, 'Мэр BC', 3500),
	(20, 1, 20, 'Министр Обороны', 3500),
	(21, 1, 21, 'Министр Культуры', 3500),
	(22, 1, 22, 'Министр Юстиции', 3500),
	(23, 1, 23, 'Министр Здравоохранения', 3500),
	(24, 1, 24, 'Министр Безопасности', 3500),
	(25, 1, 25, 'Губернатор', 4000),
	(26, 2, 1, 'Кадет LSPD', 250),
	(27, 2, 2, 'Офицер 1 ранга', 350),
	(28, 2, 3, 'Офицер 2 ранга', 400),
	(29, 2, 4, 'Офицер 3 ранга', 450),
	(30, 2, 5, 'Офицер 4 ранга', 500),
	(31, 2, 6, 'Детектив 1 ранга', 1600),
	(32, 2, 7, 'Детектив 2 ранга', 1650),
	(33, 2, 8, 'Сержант 1 ранга', 1750),
	(34, 2, 9, 'Сержант 2 ранг', 1800),
	(35, 2, 10, 'Лейтенант', 1900),
	(36, 2, 11, 'Капитан', 2000),
	(37, 2, 12, 'Командор', 2250),
	(38, 2, 13, 'Заместитель Шефа', 2400),
	(39, 2, 14, 'Помощник Шефа', 2650),
	(40, 2, 15, 'Шеф', 2900),
	(41, 3, 1, 'Кадет', 300),
	(42, 3, 2, 'Младший Помощник Шерифа', 400),
	(43, 3, 3, 'Помощник Шерифа', 450),
	(44, 3, 4, 'Помощник Шерифа I', 550),
	(45, 3, 5, 'Помощник Шерифа II', 600),
	(46, 3, 6, 'Детектив', 1650),
	(47, 3, 7, 'Сержант', 2000),
	(48, 3, 8, 'Лейтенант', 2200),
	(49, 3, 9, 'Капитан', 2300),
	(50, 3, 10, 'Командер', 2750),
	(51, 3, 11, 'Руководитель отдела', 2900),
	(52, 3, 12, 'Шериф', 3000),
	(53, 4, 1, 'Стажёр', 400),
	(54, 4, 2, 'Мл. Агент', 550),
	(55, 4, 3, 'Агент', 600),
	(56, 4, 4, 'Старший агент', 800),
	(57, 4, 5, 'Спец агент II', 2100),
	(58, 4, 6, 'Спец агент I', 2200),
	(59, 4, 7, 'Зам. начальника отдела', 2300),
	(60, 4, 8, 'Начальник отдела', 2600),
	(61, 4, 9, 'Младший зам. нач. FIB', 3000),
	(62, 4, 10, 'Старший зам. нач FIB', 3200),
	(63, 4, 11, 'Начальник  FIB', 3400),
	(64, 4, 12, 'Гланый руководитель', 3900),
	(65, 5, 1, 'Студент', 250),
	(66, 5, 2, 'Интерн', 300),
	(67, 5, 3, 'Парамедик', 1350),
	(68, 5, 4, 'Фельдшер', 450),
	(69, 5, 5, 'Терапевт', 1550),
	(70, 5, 6, 'Хирург', 1600),
	(71, 5, 7, 'Специалист', 1650),
	(72, 5, 8, 'Зам. зав.отд', 1800),
	(73, 5, 9, 'Заведующий отдел', 2000),
	(74, 5, 10, 'Зам.глав.врач', 2300),
	(75, 5, 11, 'Главный врач', 3400),
	(76, 6, 1, 'Рекрут', 150),
	(77, 6, 2, 'Рядовой', 200),
	(78, 6, 3, 'Специалист', 250),
	(79, 6, 4, 'Капрал', 350),
	(80, 6, 5, 'Сержант', 450),
	(81, 6, 6, 'Штаб-сержант', 550),
	(82, 6, 7, 'Мастер-сержант', 600),
	(83, 6, 8, 'Сержант-майор', 1650),
	(84, 6, 9, 'Уорент-офицер', 1700),
	(85, 6, 10, 'Лейтенант', 1800),
	(86, 6, 11, 'Капитан', 1900),
	(87, 6, 12, 'Майор', 2000),
	(88, 6, 13, 'Подполковник', 2300),
	(89, 6, 14, 'Полковник', 2500),
	(90, 6, 15, 'Генерал', 4000),
	(102, 7, 1, 'Стажер', 200),
	(103, 7, 2, 'Промоутер', 220),
	(104, 7, 3, 'Помощник Репортера', 270),
	(105, 7, 4, 'Репортер', 1350),
	(106, 7, 5, 'Корреспондент', 1450),
	(107, 7, 6, 'Радио-Журналист', 1600),
	(108, 7, 7, 'Редактор', 1700),
	(109, 7, 8, 'Старший Редактор', 1900),
	(110, 7, 9, 'Заместитель Директора', 2300),
	(111, 7, 10, 'Генеральный Директор', 2600),
	(112, 7, 11, 'Тех.Директор', 2600),
	(113, 7, 12, 'Программный Директор', 3600),
	(114, 7, 13, 'Владелец Lifeinvader', 6000),
	(115, 8, 1, 'New Blood', 130),
	(116, 8, 2, 'Little Homie', 160),
	(117, 8, 3, 'Big Homie', 190),
	(118, 8, 4, 'Mobsta', 220),
	(119, 8, 5, 'Playa', 260),
	(120, 8, 6, 'Killa', 300),
	(121, 8, 7, 'Enforcer', 450),
	(122, 8, 8, 'Lieutenant', 700),
	(123, 8, 9, 'OG', 800),
	(124, 8, 10, 'Boss Nigga', 1000),
	(125, 9, 1, 'Youngsta', 130),
	(126, 9, 2, 'Gangsta', 160),
	(127, 9, 3, 'Big Gangsta', 190),
	(128, 9, 4, 'Hustla', 220),
	(129, 9, 5, 'Folk', 260),
	(130, 9, 6, 'Rich Nigga', 300),
	(131, 9, 7, 'Block Nigga', 450),
	(132, 9, 8, 'Lieutenant', 700),
	(133, 9, 9, 'Original Gangsta', 800),
	(134, 9, 10, 'Boss', 1000),
	(135, 10, 1, 'Associato', 130),
	(136, 10, 2, 'Novato', 160),
	(137, 10, 3, 'Conectado', 190),
	(138, 10, 4, 'Sureno', 220),
	(139, 10, 5, 'Gran Sureno', 260),
	(140, 10, 6, 'Viejo Sureno', 300),
	(141, 10, 7, 'Mafioso Original', 450),
	(142, 10, 8, 'Lugarteniente', 700),
	(143, 10, 9, 'El Padrino', 800),
	(144, 10, 10, 'El Jefe', 1000),
	(155, 11, 1, 'Informante', 130),
	(156, 11, 2, 'Informante Primero', 160),
	(157, 11, 3, 'Los Maton', 190),
	(158, 11, 4, 'Maton Grande', 220),
	(159, 11, 5, 'Contractado', 260),
	(160, 11, 6, 'El Sicario', 300),
	(161, 11, 7, 'Contable', 450),
	(162, 11, 8, 'Clica Teniente', 700),
	(163, 11, 9, 'Clica Comandante', 800),
	(164, 11, 10, 'Cosejo', 1000),
	(165, 12, 1, 'Фраер', 200),
	(166, 12, 2, 'Жулик', 250),
	(167, 12, 3, 'Босяк', 300),
	(168, 12, 4, 'Свояк', 350),
	(169, 12, 5, 'Браток', 400),
	(170, 12, 6, 'Блатной', 500),
	(171, 12, 7, 'Бродяга', 650),
	(172, 12, 8, 'Смотрящий', 750),
	(173, 12, 9, 'Положенец', 1000),
	(174, 12, 10, 'Вор в законе', 1400),
	(175, 13, 1, 'Outsider', 200),
	(176, 13, 2, 'Associate', 250),
	(177, 13, 3, 'Partner in crime', 300),
	(178, 13, 4, 'Soldier', 350),
	(179, 13, 5, 'Top soldier', 400),
	(180, 13, 6, 'Capo', 500),
	(181, 13, 7, 'Street-boss', 650),
	(182, 13, 8, 'Consiglieri', 750),
	(183, 13, 9, 'Underboss', 1000),
	(184, 13, 10, 'Boss', 1400),
	(185, 14, 1, 'Outsider', 200),
	(186, 14, 2, 'Blue lantern', 250),
	(187, 14, 3, '49ers', 300),
	(188, 14, 4, 'Straw Sandal', 350),
	(189, 14, 5, 'White Paper Fan', 400),
	(190, 14, 6, 'Red Pole', 500),
	(191, 14, 7, 'Vanguard', 650),
	(192, 14, 8, 'Incense master', 750),
	(193, 14, 9, 'Deputy Mountain Master', 1000),
	(194, 14, 10, 'Dragon head', 1400);

-- Дамп структуры для таблица chaos_db.factions
CREATE TABLE IF NOT EXISTS `factions` (
  `id` int(11) NOT NULL AUTO_INCREMENT,
  `name` varchar(128) NOT NULL,
  `leader` int(11) DEFAULT NULL,
  `leaderName` varchar(50) DEFAULT '',
  `products` int(11) NOT NULL DEFAULT 0,
  `money` int(64) NOT NULL DEFAULT 10000,
  `maxProducts` int(11) NOT NULL DEFAULT 1000,
  `blip` int(11) DEFAULT NULL,
  `blipColor` int(11) NOT NULL DEFAULT 1,
  `x` float NOT NULL,
  `y` float NOT NULL,
  `z` float NOT NULL,
  `h` float NOT NULL,
  `wX` float NOT NULL DEFAULT 0,
  `wY` float NOT NULL DEFAULT 0,
  `wZ` float NOT NULL DEFAULT 0,
  `sX` float NOT NULL,
  `sY` float NOT NULL,
  `sZ` float NOT NULL,
  `ammo` int(11) NOT NULL DEFAULT 0,
  `maxAmmo` int(11) NOT NULL DEFAULT 1000,
  `medicines` int(11) NOT NULL DEFAULT 0,
  `maxMedicines` int(11) NOT NULL DEFAULT 1000,
  `cash` int(11) NOT NULL DEFAULT 0,
  `inviteRank` int(11) NOT NULL DEFAULT 10,
  `uvalRank` int(11) NOT NULL DEFAULT 10,
  `giveRankRank` int(11) NOT NULL DEFAULT 10,
  `ammoRank` int(11) NOT NULL DEFAULT 5,
  `wD` int(11) NOT NULL DEFAULT 0,
  `sD` int(11) NOT NULL,
  `hD` int(11) NOT NULL,
  `d` int(11) NOT NULL DEFAULT 0,
  `hX` float NOT NULL,
  `hY` float NOT NULL,
  `hZ` float NOT NULL,
  PRIMARY KEY (`id`)
) ENGINE=InnoDB AUTO_INCREMENT=15 DEFAULT CHARSET=utf8 COLLATE=utf8_general_ci;

-- Дамп данных таблицы chaos_db.factions: ~14 rows (приблизительно)
INSERT INTO `factions` (`id`, `name`, `leader`, `leaderName`, `products`, `money`, `maxProducts`, `blip`, `blipColor`, `x`, `y`, `z`, `h`, `wX`, `wY`, `wZ`, `sX`, `sY`, `sZ`, `ammo`, `maxAmmo`, `medicines`, `maxMedicines`, `cash`, `inviteRank`, `uvalRank`, `giveRankRank`, `ammoRank`, `wD`, `sD`, `hD`, `d`, `hX`, `hY`, `hZ`) VALUES
	(1, 'Government', NULL, '', 0, 1000000, 1000, 419, 10, -548.854, -197.646, 38.0872, -151.266, -578.62, -126.56, 34.11, -545.481, -200.686, 32.8831, 49192, 50000, 49900, 50000, 0, 15, 15, 15, 18, 0, 0, 0, 0, -549.475, -207.42, 32.8848),
	(2, 'LSPD', NULL, '', 0, 1000000, 1000, 60, 3, 442.68, -981.875, 30.6896, 88.3963, 455.689, -1103.72, 29.3928, 487.236, -997.239, 30.6898, 48686, 50000, 49900, 50000, 0, 10, 11, 11, 13, 0, 0, 0, 0, 461.905, -999.648, 30.6896),
	(3, 'BCSD', NULL, '', 0, 1000000, 1000, 60, 1, -451.105, 6015.13, 31.4613, 132.004, -480.304, 6003.74, 31.471, -459.521, 5993.61, 27.2674, 48884, 50000, 49900, 50000, 0, 10, 10, 9, 10, 0, 0, 0, 0, -453.794, 5990.98, 27.2674),
	(4, 'FIB', NULL, '', 0, 1000000, 1000, 498, 58, 2511.09, -427.916, 94.5822, 130.176, 2458.51, -397.326, 92.9933, 2488.65, -378.235, 82.6945, 49738, 50000, 50000, 50000, 0, 10, 10, 10, 10, 0, 0, 0, 0, 2495.24, -381.865, 82.6944),
	(5, 'EMS Hospital', NULL, '', 0, 1000000, 1000, 61, 1, 300.62, -596.17, 43.28, -115.1, 329.667, -573.619, 28.7968, 301.59, -599.41, 43.28, 0, 0, 49600, 50000, 0, 13, 13, 10, 10, 0, 0, 0, 0, 298.79, -598.43, 43.28),
	(6, 'U.S. Army', NULL, '', 0, 1000000, 1000, 487, 5, -2352.64, 3258.4, 32.81, -32.56, -2193.91, 3309.07, 32.82, -2270.04, 3284.69, 30.1073, 43402, 50000, 50000, 50000, 0, 13, 13, 11, 13, 0, 0, 0, 0, -2272.94, 3270.92, 30.1073),
	(7, 'Lifeinvader', NULL, '', 0, 1000000, 1000, 590, 12, -1054.38, -232.93, 44.02, -153.47, 0, 0, 0, -1066.71, -243.77, 44.02, 0, 0, 0, 0, 0, 13, 13, 11, 13, 0, 0, 0, 0, -1062.89, -249.93, 44.02),
	(8, 'The Families', NULL, '', 0, 100000, 1000, 480, 1, -14.4, -1430.38, 31.1, 176.31, -238.997, -1471.13, 31.4887, -246.352, -1496.96, 27.9724, 20000, 20000, 0, 0, 4444, 10, 10, 9, 10, 0, 0, 0, 0, -240.154, -1501.93, 27.9725),
	(9, 'The Ballas Gang', NULL, '', 0, 100000, 1000, 480, 1, 78.05, -1975.07, 20.91, -40.96, -129.307, -1779.17, 29.8222, -78.5871, -1810.69, 20.7956, 19804, 20000, 0, 0, 0, 10, 10, 9, 10, 0, 0, 0, 0, -70.9806, -1813.19, 20.7956),
	(10, 'Northside Vagos', NULL, '', 0, 100000, 1000, 480, 1, 439.65, -1886.75, 31.74, 127.69, 967.769, -1867.73, 31.4476, 960.967, -1857.3, 24.639, 20000, 20000, 0, 0, 0, 10, 10, 9, 10, 0, 0, 0, 0, 963.92, -1852.27, 24.639),
	(11, 'Marabunta Grande', NULL, '', 0, 100000, 1000, 480, 1, 1296.72, -1756.33, 53.88, 19.01, 1005.49, -2549.17, 28.3023, 1045.31, -2528.95, 24.9719, 20000, 20000, 0, 0, 0, 10, 10, 10, 10, 0, 0, 0, 0, 1050.04, -2546.34, 30.1628),
	(12, 'Русская мафия', NULL, '', 0, 200000, 1000, 543, 1, -140.77, 865.47, 232.7, 147.05, -170.019, 918.7, 235.656, -133.81, 864.91, 232.69, 20000, 20000, 0, 0, 786, 10, 10, 9, 10, 0, 0, 0, 0, -135.82, 865.58, 232.7),
	(13, 'Итальянская мафия', NULL, '', 0, 200000, 1000, 543, 1, -1887.76, 2050.99, 141.006, -72.2553, -1925.48, 2048.2, 140.828, -1879.93, 2061.4, 136.799, 20000, 20000, 0, 0, 2712, 10, 10, 9, 10, 0, 0, 0, 0, -1883.72, 2056.99, 136.799),
	(14, 'Китайская мафия', NULL, '', 0, 200000, 1000, 543, 1, -1513.64, 109.98, 55.67, 42.3, -1506.9, 104.69, 52.24, -1510.56, 102.77, 52.24, 19336, 20000, 0, 0, 1375419, 10, 10, 9, 10, 0, 0, 0, 0, -1517.49, 114.1, 55.67);

-- Дамп структуры для таблица chaos_db.factionvehicleranks
CREATE TABLE IF NOT EXISTS `factionvehicleranks` (
  `id` int(11) NOT NULL AUTO_INCREMENT,
  `vehicleId` int(11) NOT NULL,
  `rank` int(11) NOT NULL,
  PRIMARY KEY (`id`),
  KEY `vehicleId` (`vehicleId`),
  CONSTRAINT `factionvehicleranks_ibfk_1` FOREIGN KEY (`vehicleId`) REFERENCES `vehicles` (`id`) ON DELETE CASCADE ON UPDATE CASCADE
) ENGINE=InnoDB AUTO_INCREMENT=137 DEFAULT CHARSET=utf8 COLLATE=utf8_general_ci;

-- Дамп данных таблицы chaos_db.factionvehicleranks: ~101 rows (приблизительно)
INSERT INTO `factionvehicleranks` (`id`, `vehicleId`, `rank`) VALUES
	(15, 185, 2),
	(16, 186, 2),
	(17, 187, 2),
	(18, 188, 2),
	(19, 189, 2),
	(20, 190, 2),
	(21, 191, 6),
	(22, 192, 6),
	(23, 193, 6),
	(24, 194, 8),
	(25, 195, 8),
	(30, 200, 8),
	(31, 201, 4),
	(32, 202, 4),
	(33, 203, 4),
	(34, 204, 4),
	(35, 205, 4),
	(36, 206, 2),
	(38, 208, 2),
	(39, 210, 3),
	(40, 209, 3),
	(41, 211, 1),
	(42, 212, 1),
	(43, 213, 1),
	(45, 215, 2),
	(46, 216, 2),
	(47, 217, 2),
	(48, 218, 2),
	(49, 219, 4),
	(50, 220, 4),
	(51, 221, 4),
	(52, 222, 4),
	(53, 223, 2),
	(54, 225, 2),
	(55, 224, 2),
	(56, 226, 2),
	(57, 227, 2),
	(58, 228, 2),
	(59, 239, 9),
	(60, 245, 2),
	(61, 246, 2),
	(62, 247, 2),
	(63, 248, 3),
	(64, 249, 3),
	(65, 250, 4),
	(66, 251, 4),
	(67, 252, 4),
	(68, 253, 5),
	(69, 254, 5),
	(70, 255, 5),
	(71, 256, 5),
	(72, 257, 5),
	(73, 259, 5),
	(74, 258, 5),
	(75, 260, 5),
	(76, 261, 12),
	(77, 262, 12),
	(78, 267, 5),
	(79, 268, 5),
	(80, 269, 14),
	(81, 270, 14),
	(82, 271, 11),
	(83, 272, 11),
	(84, 273, 10),
	(85, 274, 10),
	(86, 275, 12),
	(87, 276, 2),
	(88, 277, 2),
	(89, 278, 2),
	(90, 279, 2),
	(91, 280, 2),
	(94, 283, 8),
	(97, 286, 6),
	(98, 287, 6),
	(99, 288, 2),
	(102, 291, 9),
	(103, 292, 8),
	(104, 293, 8),
	(105, 294, 2),
	(107, 295, 2),
	(108, 297, 5),
	(109, 298, 5),
	(110, 299, 8),
	(114, 303, 10),
	(115, 304, 8),
	(116, 305, 3),
	(117, 306, 3),
	(118, 307, 8),
	(119, 308, 2),
	(120, 309, 2),
	(121, 310, 7),
	(122, 311, 7),
	(123, 312, 7),
	(124, 313, 7),
	(130, 319, 7),
	(131, 320, 7),
	(132, 321, 2),
	(133, 322, 9),
	(134, 323, 2),
	(135, 324, 2),
	(136, 325, 2);

-- Дамп структуры для таблица chaos_db.familiars
CREATE TABLE IF NOT EXISTS `familiars` (
  `id` int(11) NOT NULL AUTO_INCREMENT,
  `characterA` int(11) NOT NULL,
  `characterB` int(11) NOT NULL,
  PRIMARY KEY (`id`),
  KEY `characterA` (`characterA`),
  KEY `characterB` (`characterB`),
  CONSTRAINT `familiars_ibfk_1` FOREIGN KEY (`characterA`) REFERENCES `characters` (`id`) ON DELETE NO ACTION ON UPDATE CASCADE,
  CONSTRAINT `familiars_ibfk_2` FOREIGN KEY (`characterB`) REFERENCES `characters` (`id`) ON DELETE NO ACTION ON UPDATE CASCADE
) ENGINE=InnoDB AUTO_INCREMENT=9 DEFAULT CHARSET=utf8 COLLATE=utf8_general_ci;

-- Дамп данных таблицы chaos_db.familiars: ~8 rows (приблизительно)
INSERT INTO `familiars` (`id`, `characterA`, `characterB`) VALUES
	(1, 1, 3),
	(2, 11, 3),
	(3, 13, 12),
	(4, 13, 3),
	(5, 12, 3),
	(6, 13, 11),
	(7, 17, 3),
	(8, 18, 1);

-- Дамп структуры для таблица chaos_db.farmfields
CREATE TABLE IF NOT EXISTS `farmfields` (
  `id` int(11) NOT NULL AUTO_INCREMENT,
  `labelPos` varchar(128) NOT NULL,
  `p1` varchar(128) NOT NULL,
  `p2` varchar(128) NOT NULL,
  `p3` varchar(128) NOT NULL,
  `p4` varchar(128) NOT NULL,
  `type` int(11) NOT NULL DEFAULT 0,
  `count` int(11) NOT NULL DEFAULT 0,
  `farmId` int(11) NOT NULL,
  PRIMARY KEY (`id`),
  KEY `farmId` (`farmId`),
  CONSTRAINT `farmfields_ibfk_1` FOREIGN KEY (`farmId`) REFERENCES `farms` (`id`) ON DELETE CASCADE ON UPDATE CASCADE
) ENGINE=InnoDB AUTO_INCREMENT=5 DEFAULT CHARSET=utf8 COLLATE=utf8_general_ci;

-- Дамп данных таблицы chaos_db.farmfields: ~4 rows (приблизительно)
INSERT INTO `farmfields` (`id`, `labelPos`, `p1`, `p2`, `p3`, `p4`, `type`, `count`, `farmId`) VALUES
	(1, '{"x":2027.53,"y":4959.6,"z":41.47}', '{"x":2045.52,"y":4968.18,"z":40.57}', '{"x":2070.02,"y":4945.09,"z":40.97}', '{"x":2016.98,"y":4939.98,"z":40.97}', '{"x":2042.07,"y":4915.99,"z":41.04}', 2, 420, 1),
	(2, '{"x":2047.68,"y":4906.95,"z":40.98}', '{"x":2072.84,"y":4941.55,"z":40.57}', '{"x":2096.4,"y":4917.53,"z":41.03}', '{"x":2044.64,"y":4913.72,"z":40.98}', '{"x":2068.42,"y":4889.3,"z":40.96}', 3, 420, 1),
	(3, '{"x":1997.97,"y":4923.62,"z":42.75}', '{"x":2006.12,"y":4928.62,"z":42.34}', '{"x":2029.92,"y":4904.65,"z":42.86}', '{"x":1981.18,"y":4903.23,"z":42.8}', '{"x":2004.67,"y":4879.82,"z":42.91}', 2, 500, 1),
	(4, '{"x":2037.47,"y":4899.48,"z":42.75}', '{"x":2033,"y":4902.18,"z":42.34}', '{"x":2056.51,"y":4878.34,"z":42.86}', '{"x":2007.94,"y":4876.49,"z":42.86}', '{"x":2031.46,"y":4853.16,"z":42.87}', 3, 594, 1);

-- Дамп структуры для таблица chaos_db.farms
CREATE TABLE IF NOT EXISTS `farms` (
  `id` int(11) NOT NULL AUTO_INCREMENT,
  `grains` int(11) NOT NULL DEFAULT 0,
  `soils` int(11) NOT NULL DEFAULT 0,
  `productA` int(11) NOT NULL DEFAULT 0,
  `productB` int(11) NOT NULL DEFAULT 0,
  `productC` int(11) NOT NULL DEFAULT 0,
  `productAPrice` int(11) NOT NULL DEFAULT 10,
  `productBPrice` int(11) NOT NULL DEFAULT 10,
  `productCPrice` int(11) NOT NULL DEFAULT 10,
  `grainPrice` int(11) NOT NULL DEFAULT 5,
  `soilPrice` int(11) NOT NULL DEFAULT 5,
  `price` int(11) NOT NULL DEFAULT 2000000,
  `playerId` int(11) DEFAULT NULL,
  `balance` int(11) NOT NULL DEFAULT 0,
  `taxBalance` int(11) NOT NULL DEFAULT 1000,
  `pay` int(11) NOT NULL DEFAULT 8,
  `farmerPay` int(11) NOT NULL DEFAULT 50,
  `tractorPay` int(11) NOT NULL DEFAULT 70,
  `pilotPay` int(11) NOT NULL DEFAULT 100,
  `x` float NOT NULL,
  `y` float NOT NULL,
  `z` float NOT NULL,
  PRIMARY KEY (`id`),
  KEY `playerId` (`playerId`),
  CONSTRAINT `farms_ibfk_1` FOREIGN KEY (`playerId`) REFERENCES `characters` (`id`) ON DELETE SET NULL ON UPDATE CASCADE
) ENGINE=InnoDB AUTO_INCREMENT=2 DEFAULT CHARSET=utf8 COLLATE=utf8_general_ci;

-- Дамп данных таблицы chaos_db.farms: ~0 rows (приблизительно)
INSERT INTO `farms` (`id`, `grains`, `soils`, `productA`, `productB`, `productC`, `productAPrice`, `productBPrice`, `productCPrice`, `grainPrice`, `soilPrice`, `price`, `playerId`, `balance`, `taxBalance`, `pay`, `farmerPay`, `tractorPay`, `pilotPay`, `x`, `y`, `z`) VALUES
	(1, 1000, 400, 996, 1107, 1000, 20, 20, 20, 15, 1000, 2000000, 13, 87520, 9937, 100, 150, 120, 200, 2016.44, 4987.26, 42.6);

-- Дамп структуры для таблица chaos_db.features
CREATE TABLE IF NOT EXISTS `features` (
  `id` int(11) NOT NULL AUTO_INCREMENT,
  `characterId` int(11) NOT NULL,
  `value` float NOT NULL,
  `order` int(11) NOT NULL,
  PRIMARY KEY (`id`),
  KEY `characterId` (`characterId`),
  CONSTRAINT `features_ibfk_1` FOREIGN KEY (`characterId`) REFERENCES `characters` (`id`) ON DELETE CASCADE ON UPDATE CASCADE
) ENGINE=InnoDB AUTO_INCREMENT=381 DEFAULT CHARSET=utf8 COLLATE=utf8_general_ci;

-- Дамп данных таблицы chaos_db.features: ~380 rows (приблизительно)
INSERT INTO `features` (`id`, `characterId`, `value`, `order`) VALUES
	(1, 1, 0, 0),
	(2, 1, 0, 1),
	(3, 1, 0, 2),
	(4, 1, 0, 3),
	(5, 1, 0, 4),
	(6, 1, 0, 5),
	(7, 1, 0, 6),
	(8, 1, 0, 7),
	(9, 1, 0, 9),
	(10, 1, 0, 11),
	(11, 1, 0, 10),
	(12, 1, 0, 12),
	(13, 1, 0, 8),
	(14, 1, 0, 13),
	(15, 1, 0, 15),
	(16, 1, 0, 14),
	(17, 1, 0, 16),
	(18, 1, 0, 17),
	(19, 1, 0, 18),
	(20, 1, 0, 19),
	(21, 2, 0, 0),
	(22, 2, 0, 1),
	(23, 2, 0, 2),
	(24, 2, 0, 3),
	(25, 2, 0, 4),
	(26, 2, 0, 5),
	(27, 2, 0, 6),
	(28, 2, 0, 7),
	(29, 2, 0, 8),
	(30, 2, 0, 9),
	(31, 2, 0, 10),
	(32, 2, 0, 19),
	(33, 2, 0, 18),
	(34, 2, 0, 16),
	(35, 2, 0, 17),
	(36, 2, 0, 15),
	(37, 2, 0, 14),
	(38, 2, 0, 13),
	(39, 2, 0, 12),
	(40, 2, 0, 11),
	(41, 3, 0, 1),
	(42, 3, 0.5, 0),
	(43, 3, 0, 2),
	(44, 3, 0, 3),
	(45, 3, 0, 5),
	(46, 3, 0, 4),
	(47, 3, 1, 7),
	(48, 3, 1, 9),
	(49, 3, 0, 6),
	(50, 3, -1, 10),
	(51, 3, 0, 8),
	(52, 3, -1, 12),
	(53, 3, -0.5, 11),
	(54, 3, -0.5, 13),
	(55, 3, 1, 14),
	(56, 3, 0, 15),
	(57, 3, 0, 16),
	(58, 3, 0, 17),
	(59, 3, 0, 18),
	(60, 3, 1, 19),
	(61, 4, 0, 0),
	(62, 4, 0, 1),
	(63, 4, 0, 2),
	(64, 4, 0, 3),
	(65, 4, 0, 4),
	(66, 4, 0, 5),
	(67, 4, 0, 6),
	(68, 4, 0, 7),
	(69, 4, 0, 9),
	(70, 4, 0, 8),
	(71, 4, 0, 10),
	(72, 4, 0, 11),
	(73, 4, 0, 12),
	(74, 4, 0, 13),
	(75, 4, 0, 14),
	(76, 4, 0, 15),
	(77, 4, 0, 16),
	(78, 4, 0, 17),
	(79, 4, 0, 18),
	(80, 4, 0, 19),
	(81, 5, 0, 0),
	(82, 5, 0, 1),
	(83, 5, 0, 2),
	(84, 5, 0, 3),
	(85, 5, 0, 4),
	(86, 5, 0, 5),
	(87, 5, 0, 6),
	(88, 5, 0, 7),
	(89, 5, 0, 9),
	(90, 5, 0, 8),
	(91, 5, 0, 11),
	(92, 5, 0, 10),
	(93, 5, 0, 12),
	(94, 5, 0, 13),
	(95, 5, 0, 14),
	(96, 5, 0, 16),
	(97, 5, 0, 17),
	(98, 5, 0, 18),
	(99, 5, 0, 15),
	(100, 5, 0, 19),
	(101, 6, 0, 1),
	(102, 6, 0, 0),
	(103, 6, 0, 2),
	(104, 6, 0, 3),
	(105, 6, 0, 4),
	(106, 6, 0, 6),
	(107, 6, 0, 5),
	(108, 6, 0, 8),
	(109, 6, 0, 9),
	(110, 6, 0, 10),
	(111, 6, 0, 7),
	(112, 6, 0, 12),
	(113, 6, 0, 11),
	(114, 6, 0, 13),
	(115, 6, 0, 14),
	(116, 6, 0, 16),
	(117, 6, 0, 15),
	(118, 6, 0, 17),
	(119, 6, 0, 18),
	(120, 6, 0, 19),
	(121, 7, 0, 1),
	(122, 7, 0, 0),
	(123, 7, 0, 2),
	(124, 7, 0, 3),
	(125, 7, 0, 4),
	(126, 7, 0, 5),
	(127, 7, 0.5, 7),
	(128, 7, 0, 6),
	(129, 7, 0, 8),
	(130, 7, 0, 9),
	(131, 7, 0, 10),
	(132, 7, 0, 11),
	(133, 7, 0, 12),
	(134, 7, 0, 14),
	(135, 7, 0, 15),
	(136, 7, 0, 13),
	(137, 7, 0, 16),
	(138, 7, 0, 17),
	(139, 7, 0, 18),
	(140, 7, 0, 19),
	(141, 8, 0, 0),
	(142, 8, 0, 1),
	(143, 8, 0, 2),
	(144, 8, 0, 3),
	(145, 8, 0, 4),
	(146, 8, 0, 5),
	(147, 8, -0.8, 6),
	(148, 8, 0.1, 7),
	(149, 8, 0, 10),
	(150, 8, 0, 9),
	(151, 8, 0, 8),
	(152, 8, 0, 11),
	(153, 8, 0, 12),
	(154, 8, 0, 13),
	(155, 8, 0, 16),
	(156, 8, 0, 14),
	(157, 8, 0, 15),
	(158, 8, 0, 17),
	(159, 8, 0, 19),
	(160, 8, 0, 18),
	(161, 9, 0, 0),
	(162, 9, 0, 1),
	(163, 9, 0, 2),
	(164, 9, 0, 3),
	(165, 9, 0, 4),
	(166, 9, 0, 5),
	(167, 9, 0, 6),
	(168, 9, 0, 8),
	(169, 9, 0, 7),
	(170, 9, 0, 9),
	(171, 9, 0, 10),
	(172, 9, 0, 11),
	(173, 9, 0, 14),
	(174, 9, 0, 12),
	(175, 9, 0, 13),
	(176, 9, 0, 17),
	(177, 9, 0, 16),
	(178, 9, 0, 15),
	(179, 9, 0, 18),
	(180, 9, 0, 19),
	(181, 10, 0, 0),
	(182, 10, 0, 1),
	(183, 10, 0, 2),
	(184, 10, 0, 3),
	(185, 10, 0, 4),
	(186, 10, 0, 5),
	(187, 10, 0, 7),
	(188, 10, 0, 6),
	(189, 10, 0, 8),
	(190, 10, 0, 9),
	(191, 10, 0, 11),
	(192, 10, 0, 10),
	(193, 10, 0, 12),
	(194, 10, 0, 13),
	(195, 10, 0, 14),
	(196, 10, 0, 15),
	(197, 10, 0, 17),
	(198, 10, 0, 18),
	(199, 10, 0, 16),
	(200, 10, 0, 19),
	(201, 11, -0.4, 0),
	(202, 11, 0.2, 1),
	(203, 11, 0.3, 2),
	(204, 11, -0.4, 3),
	(205, 11, 0.3, 4),
	(206, 11, 0, 5),
	(207, 11, 0.6, 6),
	(208, 11, 0, 8),
	(209, 11, 0.7, 9),
	(210, 11, 0.6, 7),
	(211, 11, 0.8, 12),
	(212, 11, 0, 11),
	(213, 11, 0, 10),
	(214, 11, 0.2, 13),
	(215, 11, 0.8, 14),
	(216, 11, 0.8, 15),
	(217, 11, 0.2, 17),
	(218, 11, 0, 16),
	(219, 11, 1, 19),
	(220, 11, -1, 18),
	(221, 12, 0, 1),
	(222, 12, 0, 0),
	(223, 12, 0, 2),
	(224, 12, 0, 3),
	(225, 12, 0, 4),
	(226, 12, 0, 5),
	(227, 12, 0.1, 7),
	(228, 12, 0.2, 6),
	(229, 12, 0, 8),
	(230, 12, 0.2, 9),
	(231, 12, 0.2, 10),
	(232, 12, 0, 11),
	(233, 12, 0.6, 12),
	(234, 12, 0, 13),
	(235, 12, 0.4, 14),
	(236, 12, 0, 15),
	(237, 12, 0, 17),
	(238, 12, 0, 16),
	(239, 12, 0, 18),
	(240, 12, 0, 19),
	(241, 13, 1, 0),
	(242, 13, 0, 1),
	(243, 13, -0.1, 2),
	(244, 13, 0, 3),
	(245, 13, 0, 4),
	(246, 13, 0, 5),
	(247, 13, 0, 6),
	(248, 13, 0, 7),
	(249, 13, 1, 9),
	(250, 13, 0, 8),
	(251, 13, -1, 10),
	(252, 13, 1, 12),
	(253, 13, 0, 11),
	(254, 13, 0, 13),
	(255, 13, 0, 17),
	(256, 13, 0, 19),
	(257, 13, 0, 16),
	(258, 13, 0.4, 14),
	(259, 13, 0, 15),
	(260, 13, 0, 18),
	(261, 14, 0, 1),
	(262, 14, 0, 0),
	(263, 14, 0, 2),
	(264, 14, 0, 3),
	(265, 14, 0, 5),
	(266, 14, 0, 4),
	(267, 14, 0, 6),
	(268, 14, 0, 8),
	(269, 14, 0, 10),
	(270, 14, 0, 11),
	(271, 14, 0, 9),
	(272, 14, 0, 7),
	(273, 14, 0, 13),
	(274, 14, 0, 12),
	(275, 14, 0, 16),
	(276, 14, 0, 15),
	(277, 14, 0, 14),
	(278, 14, 0, 18),
	(279, 14, 0, 17),
	(280, 14, 0, 19),
	(281, 15, 0, 0),
	(282, 15, 0, 1),
	(283, 15, 0, 2),
	(284, 15, 0, 3),
	(285, 15, 0, 4),
	(286, 15, 0, 5),
	(287, 15, 0, 11),
	(288, 15, 0, 6),
	(289, 15, 0, 12),
	(290, 15, 0, 9),
	(291, 15, 0, 7),
	(292, 15, 0, 10),
	(293, 15, 0, 13),
	(294, 15, 0, 8),
	(295, 15, 0, 17),
	(296, 15, 0, 16),
	(297, 15, 0, 15),
	(298, 15, 0, 14),
	(299, 15, 0, 19),
	(300, 15, 0, 18),
	(301, 16, 0, 0),
	(302, 16, 0, 1),
	(303, 16, 0, 2),
	(304, 16, 0, 3),
	(305, 16, 0, 5),
	(306, 16, 0, 6),
	(307, 16, 0, 10),
	(308, 16, 0, 4),
	(309, 16, 0, 8),
	(310, 16, 0, 9),
	(311, 16, 0, 11),
	(312, 16, 0, 13),
	(313, 16, 0, 12),
	(314, 16, 0, 17),
	(315, 16, 0, 16),
	(316, 16, 0, 7),
	(317, 16, 0, 14),
	(318, 16, 0, 15),
	(319, 16, 0, 19),
	(320, 16, 0, 18),
	(321, 17, 0, 1),
	(322, 17, 0, 0),
	(323, 17, 0, 2),
	(324, 17, 0, 3),
	(325, 17, 0, 4),
	(326, 17, 0, 6),
	(327, 17, 0, 9),
	(328, 17, 0, 8),
	(329, 17, 0, 14),
	(330, 17, 0, 10),
	(331, 17, 0, 16),
	(332, 17, 0, 18),
	(333, 17, 0, 7),
	(334, 17, 0, 19),
	(335, 17, 0, 11),
	(336, 17, 0, 15),
	(337, 17, 0, 17),
	(338, 17, 0, 13),
	(339, 17, 0, 5),
	(340, 17, 0, 12),
	(341, 18, 0, 0),
	(342, 18, 0, 1),
	(343, 18, 0, 2),
	(344, 18, 0, 3),
	(345, 18, 0, 4),
	(346, 18, 0, 5),
	(347, 18, 0, 6),
	(348, 18, 0, 7),
	(349, 18, 0, 9),
	(350, 18, 0, 8),
	(351, 18, 0, 10),
	(352, 18, 0, 11),
	(353, 18, 0, 12),
	(354, 18, 0, 13),
	(355, 18, 0, 15),
	(356, 18, 0, 19),
	(357, 18, 0, 14),
	(358, 18, 0, 18),
	(359, 18, 0, 17),
	(360, 18, 0, 16);

-- Дамп структуры для таблица chaos_db.fines
CREATE TABLE IF NOT EXISTS `fines` (
  `id` int(11) NOT NULL AUTO_INCREMENT,
  `copId` int(11) NOT NULL,
  `recId` int(11) NOT NULL,
  `cause` varchar(255) DEFAULT NULL,
  `price` int(11) NOT NULL,
  `date` datetime NOT NULL,
  PRIMARY KEY (`id`),
  KEY `copId` (`copId`),
  KEY `recId` (`recId`),
  CONSTRAINT `fines_ibfk_1` FOREIGN KEY (`copId`) REFERENCES `characters` (`id`) ON DELETE NO ACTION ON UPDATE CASCADE,
  CONSTRAINT `fines_ibfk_2` FOREIGN KEY (`recId`) REFERENCES `characters` (`id`) ON DELETE CASCADE ON UPDATE CASCADE
) ENGINE=InnoDB AUTO_INCREMENT=8 DEFAULT CHARSET=utf8 COLLATE=utf8_general_ci;

-- Дамп данных таблицы chaos_db.fines: ~6 rows (приблизительно)
INSERT INTO `fines` (`id`, `copId`, `recId`, `cause`, `price`, `date`) VALUES
	(1, 3, 11, '1', 11, '2024-04-27 13:26:07'),
	(2, 3, 11, '1', 1, '2024-04-27 13:34:07'),
	(4, 3, 11, '11', 11, '2024-04-27 13:45:55'),
	(5, 3, 3, '33', 3333, '2024-05-22 12:25:27'),
	(6, 3, 17, '1', 1, '2024-05-27 16:22:22'),
	(7, 17, 17, '12', 12, '2024-05-27 16:27:10');

-- Дамп структуры для таблица chaos_db.fishers
CREATE TABLE IF NOT EXISTS `fishers` (
  `id` int(11) NOT NULL AUTO_INCREMENT,
  `x` float NOT NULL,
  `y` float NOT NULL,
  `z` float NOT NULL,
  `heading` int(10) NOT NULL,
  PRIMARY KEY (`id`)
) ENGINE=InnoDB AUTO_INCREMENT=6 DEFAULT CHARSET=utf8 COLLATE=utf8_general_ci;

-- Дамп данных таблицы chaos_db.fishers: ~5 rows (приблизительно)
INSERT INTO `fishers` (`id`, `x`, `y`, `z`, `heading`) VALUES
	(1, -1593.1, 5202.9, 4.3, 295),
	(2, 712.6, 4099.5, 35.8, 0),
	(3, -1633.6, -1120.9, 2.4, 225),
	(4, -426.5, 6355.8, 13.3, 33),
	(5, -1542.89, 4336.98, 2.77, 35);

-- Дамп структуры для таблица chaos_db.fishes
CREATE TABLE IF NOT EXISTS `fishes` (
  `id` int(11) NOT NULL AUTO_INCREMENT,
  `name` varchar(128) NOT NULL,
  `minWeight` float NOT NULL,
  `maxWeight` float NOT NULL,
  `price` int(10) NOT NULL,
  PRIMARY KEY (`id`)
) ENGINE=InnoDB AUTO_INCREMENT=13 DEFAULT CHARSET=utf8 COLLATE=utf8_general_ci;

-- Дамп данных таблицы chaos_db.fishes: ~12 rows (приблизительно)
INSERT INTO `fishes` (`id`, `name`, `minWeight`, `maxWeight`, `price`) VALUES
	(1, 'Минога', 0.135, 0.905, 90),
	(2, 'Осетр', 7, 35, 80),
	(3, 'Чавыча', 5, 20, 120),
	(4, 'Горбуша', 1, 8, 160),
	(5, 'Кета', 8, 95, 45),
	(6, 'Форель', 1, 44, 60),
	(7, 'Голубой голавль', 0.5, 3, 103),
	(8, 'Полосатая кефаль', 0.2, 0.5, 500),
	(9, 'Звездчатая камбала', 5, 48, 75),
	(10, 'Рифленая рыба', 5, 9, 111),
	(11, 'Калифорнийская плотва', 0.1, 0.4, 700),
	(12, 'Горный сиг', 0.5, 4, 150);

-- Дамп структуры для таблица chaos_db.fuelstations
CREATE TABLE IF NOT EXISTS `fuelstations` (
  `id` int(11) NOT NULL AUTO_INCREMENT,
  `name` varchar(255) NOT NULL,
  `bizId` int(11) DEFAULT NULL,
  `x` float NOT NULL DEFAULT 100,
  `y` float NOT NULL DEFAULT 100,
  `z` float NOT NULL DEFAULT 100,
  `fuelPrice` int(11) NOT NULL DEFAULT 3,
  PRIMARY KEY (`id`),
  KEY `fuelstations_ibfk_1` (`bizId`),
  CONSTRAINT `fuelstations_ibfk_1` FOREIGN KEY (`bizId`) REFERENCES `bizs` (`id`) ON DELETE SET NULL ON UPDATE CASCADE
) ENGINE=InnoDB AUTO_INCREMENT=27 DEFAULT CHARSET=utf8 COLLATE=utf8_general_ci;

-- Дамп данных таблицы chaos_db.fuelstations: ~26 rows (приблизительно)
INSERT INTO `fuelstations` (`id`, `name`, `bizId`, `x`, `y`, `z`, `fuelPrice`) VALUES
	(1, 'Заправка', 18, -721.37, -935.71, 19.02, 20),
	(2, 'Заправка', 23, -73.63, -1760.55, 29.49, 20),
	(3, 'Заправка', 39, 267.48, -1261.32, 29.14, 20),
	(4, 'Заправка', 40, 816.7, -1028.53, 26.27, 20),
	(5, 'Заправка', 41, 1207.2, -1401.19, 35.22, 20),
	(6, 'Заправка', 42, 1180.59, -327.76, 69.17, 20),
	(7, 'Заправка', 43, 623.11, 268.71, 103.09, 20),
	(8, 'Заправка', 44, -525.89, -1212.61, 18.18, 20),
	(9, 'Заправка', 45, -1433, -281.46, 46.21, 20),
	(10, 'Заправка', 46, -2094.2, -320.37, 13.03, 20),
	(11, 'Заправка', 47, -1797.5, 805.38, 138.51, 20),
	(12, 'Заправка', 48, -2555.21, 2338.1, 33.06, 20),
	(13, 'Заправка', 49, 183.56, 6603.19, 31.85, 20),
	(14, 'Заправка', 50, -92.74, 6417.43, 31.48, 20),
	(15, 'Заправка', 51, 1702.83, 6418.58, 32.64, 20),
	(16, 'Заправка', 52, 1686.91, 4929.94, 42.08, 20),
	(17, 'Заправка', 53, 1783.53, 3329.69, 41.25, 20),
	(18, 'Заправка', 54, 2677.59, 3265.75, 55.24, 20),
	(19, 'Заправка', 55, 2537.09, 2593.97, 37.94, 20),
	(20, 'Заправка', 56, 1209.42, 2661.83, 37.81, 20),
	(21, 'Заправка', 57, 263.52, 2609.31, 44.86, 20),
	(22, 'Заправка', 58, 51.17, 2780.57, 57.88, 20),
	(23, 'Заправка', 59, 2584.65, 361.53, 108.46, 20),
	(24, 'Заправка', 95, -317.33, -1470.41, 30.55, 20),
	(25, 'Заправка', 96, 175.86, -1562.07, 28.78, 20),
	(26, 'Заправка', 97, 2005, 3774.04, 32.4, 20);

-- Дамп структуры для таблица chaos_db.garageplaces
CREATE TABLE IF NOT EXISTS `garageplaces` (
  `id` int(11) NOT NULL AUTO_INCREMENT,
  `garageId` int(11) NOT NULL,
  `x` float NOT NULL DEFAULT 100,
  `y` float NOT NULL DEFAULT 100,
  `z` float NOT NULL DEFAULT 100,
  `angle` float NOT NULL DEFAULT 100,
  PRIMARY KEY (`id`),
  KEY `garageId` (`garageId`),
  CONSTRAINT `garageplaces_ibfk_1` FOREIGN KEY (`garageId`) REFERENCES `garages` (`id`) ON DELETE CASCADE ON UPDATE CASCADE
) ENGINE=InnoDB AUTO_INCREMENT=21 DEFAULT CHARSET=utf8 COLLATE=utf8_general_ci;

-- Дамп данных таблицы chaos_db.garageplaces: ~20 rows (приблизительно)
INSERT INTO `garageplaces` (`id`, `garageId`, `x`, `y`, `z`, `angle`) VALUES
	(1, 1, 175, -1004.25, -99.1, 179.75),
	(2, 1, 172, -1004.25, -99.1, 179.75),
	(3, 2, 193, -997.34, -99.1, 179.75),
	(4, 2, 196, -997.34, -99.1, 179.75),
	(5, 2, 199, -997.34, -99.1, 179.75),
	(6, 2, 193, -1004.05, -99.1, 179.75),
	(7, 2, 196, -1004.05, -99.1, 179.75),
	(8, 2, 199, -1004.05, -99.1, 179.75),
	(9, 3, 228.17, -977.84, -99.48, 178.06),
	(10, 3, 223.62, -979.01, -99.48, -128.87),
	(11, 3, 233.33, -1000.83, -99.48, 128.46),
	(12, 3, 223.34, -996.29, -99.48, -123.39),
	(13, 3, 223.68, -991.87, -99.48, -121.79),
	(14, 3, 223.36, -987.59, -99.48, -123.88),
	(15, 3, 223.06, -983.01, -99.48, -127.86),
	(16, 3, 232.93, -981.24, -99.48, 137.64),
	(17, 3, 233.03, -986.5, -99.48, 140.74),
	(18, 3, 233.66, -990.82, -99.48, 135.87),
	(19, 3, 233.57, -995.89, -99.48, 132.4),
	(20, 3, 223.01, -1000.64, -99.48, -120.36);

-- Дамп структуры для таблица chaos_db.garages
CREATE TABLE IF NOT EXISTS `garages` (
  `id` int(11) NOT NULL AUTO_INCREMENT,
  `carPlaces` int(11) NOT NULL,
  `x` float NOT NULL,
  `y` float NOT NULL,
  `z` float NOT NULL,
  `rotation` int(11) NOT NULL,
  `exitX` float NOT NULL,
  `exitY` float NOT NULL,
  `exitZ` float NOT NULL,
  PRIMARY KEY (`id`)
) ENGINE=InnoDB AUTO_INCREMENT=4 DEFAULT CHARSET=utf8 COLLATE=utf8_general_ci;

-- Дамп данных таблицы chaos_db.garages: ~3 rows (приблизительно)
INSERT INTO `garages` (`id`, `carPlaces`, `x`, `y`, `z`, `rotation`, `exitX`, `exitY`, `exitZ`) VALUES
	(1, 2, 178.22, -1006.85, -98.9999, 90, 178.992, -1004.99, -98.9999),
	(2, 6, 205.42, -999.003, -99, 90, 207.507, -999.083, -99),
	(3, 12, 237.91, -1004.96, -99, 90, 240.37, -1004.88, -99);

-- Дамп структуры для таблица chaos_db.giftpromocodes
CREATE TABLE IF NOT EXISTS `giftpromocodes` (
  `id` int(11) NOT NULL AUTO_INCREMENT,
  `promocode` varchar(20) NOT NULL,
  `rewardId` int(11) NOT NULL DEFAULT 1,
  `data` varchar(128) DEFAULT NULL,
  PRIMARY KEY (`id`)
) ENGINE=InnoDB DEFAULT CHARSET=utf8 COLLATE=utf8_general_ci;

-- Дамп данных таблицы chaos_db.giftpromocodes: ~0 rows (приблизительно)

-- Дамп структуры для таблица chaos_db.houseinventories
CREATE TABLE IF NOT EXISTS `houseinventories` (
  `id` int(11) NOT NULL AUTO_INCREMENT,
  `houseId` int(11) NOT NULL,
  `itemId` int(11) NOT NULL,
  `pocketIndex` int(11) DEFAULT NULL,
  `index` int(11) NOT NULL,
  `parentId` int(11) DEFAULT NULL,
  `createdAt` datetime NOT NULL,
  `updatedAt` datetime NOT NULL,
  `deletedAt` datetime DEFAULT NULL,
  PRIMARY KEY (`id`),
  KEY `houseId` (`houseId`),
  KEY `parentId` (`parentId`),
  KEY `houseinventories_ibfk_2` (`itemId`),
  CONSTRAINT `houseinventories_ibfk_1` FOREIGN KEY (`houseId`) REFERENCES `houses` (`id`) ON DELETE CASCADE ON UPDATE CASCADE,
  CONSTRAINT `houseinventories_ibfk_2` FOREIGN KEY (`itemId`) REFERENCES `inventoryitems` (`id`) ON DELETE NO ACTION ON UPDATE CASCADE,
  CONSTRAINT `houseinventories_ibfk_3` FOREIGN KEY (`parentId`) REFERENCES `houseinventories` (`id`) ON DELETE CASCADE ON UPDATE CASCADE
) ENGINE=InnoDB AUTO_INCREMENT=10000 DEFAULT CHARSET=utf8 COLLATE=utf8_general_ci;

-- Дамп данных таблицы chaos_db.houseinventories: ~0 rows (приблизительно)

-- Дамп структуры для таблица chaos_db.houseinventoryparams
CREATE TABLE IF NOT EXISTS `houseinventoryparams` (
  `id` int(11) NOT NULL AUTO_INCREMENT,
  `key` varchar(255) NOT NULL,
  `value` text NOT NULL,
  `itemId` int(11) NOT NULL,
  PRIMARY KEY (`id`),
  KEY `itemId` (`itemId`),
  CONSTRAINT `houseinventoryparams_ibfk_1` FOREIGN KEY (`itemId`) REFERENCES `houseinventories` (`id`) ON DELETE CASCADE ON UPDATE CASCADE
) ENGINE=InnoDB DEFAULT CHARSET=utf8 COLLATE=utf8_general_ci;

-- Дамп данных таблицы chaos_db.houseinventoryparams: ~0 rows (приблизительно)

-- Дамп структуры для таблица chaos_db.houses
CREATE TABLE IF NOT EXISTS `houses` (
  `id` int(11) NOT NULL AUTO_INCREMENT,
  `characterId` int(11) DEFAULT NULL,
  `interiorId` int(11) NOT NULL,
  `price` int(11) NOT NULL,
  `characterNick` varchar(50) DEFAULT NULL,
  `isOpened` int(1) NOT NULL,
  `date` datetime DEFAULT NULL,
  `pickupX` float NOT NULL,
  `pickupY` float NOT NULL,
  `pickupZ` float NOT NULL,
  `spawnX` float NOT NULL,
  `spawnY` float NOT NULL,
  `spawnZ` float NOT NULL,
  `angle` int(11) NOT NULL,
  `carX` float NOT NULL,
  `carY` float NOT NULL,
  `carZ` float NOT NULL,
  `carAngle` int(11) NOT NULL,
  `holder` tinyint(1) NOT NULL DEFAULT 0,
  PRIMARY KEY (`id`),
  KEY `characterId` (`characterId`),
  KEY `interiorId` (`interiorId`),
  CONSTRAINT `houses_ibfk_1` FOREIGN KEY (`characterId`) REFERENCES `characters` (`id`) ON DELETE SET NULL ON UPDATE CASCADE,
  CONSTRAINT `houses_ibfk_2` FOREIGN KEY (`interiorId`) REFERENCES `interiors` (`id`) ON DELETE NO ACTION ON UPDATE CASCADE
) ENGINE=InnoDB AUTO_INCREMENT=297 DEFAULT CHARSET=utf8 COLLATE=utf8_general_ci;

-- Дамп данных таблицы chaos_db.houses: ~292 rows (приблизительно)
INSERT INTO `houses` (`id`, `characterId`, `interiorId`, `price`, `characterNick`, `isOpened`, `date`, `pickupX`, `pickupY`, `pickupZ`, `spawnX`, `spawnY`, `spawnZ`, `angle`, `carX`, `carY`, `carZ`, `carAngle`, `holder`) VALUES
	(2, NULL, 2, 25000, NULL, 1, NULL, 76.7, -1948.3, 21.2, 82, -1947.8, 20, 320, 91, -1940.5, 21, 23, 0),
	(3, NULL, 2, 25000, NULL, 1, NULL, 23.49, -1896.24, 22.96, 24.87, -1893.91, 22.59, 316, 33.1, -1888.29, 21.79, 52, 0),
	(4, NULL, 2, 24700, NULL, 1, NULL, 5.29, -1884.23, 23.69, 6.33, -1882.6, 23.36, 313, 16.24, -1882.36, 22.64, 321, 0),
	(5, NULL, 2, 24500, NULL, 1, NULL, 46, -1864.24, 23.27, 44.74, -1865.69, 23, 128, 42.55, -1852.64, 22.34, 135, 0),
	(6, NULL, 2, 26500, NULL, 1, NULL, 54.39, -1873.11, 22.8, 53.9, -1874.17, 22.52, 140, 57.36, -1880.55, 21.79, 50, 0),
	(7, NULL, 2, 25700, NULL, 1, NULL, 72.06, -1939.03, 21.36, 74.01, -1936.96, 20.99, 316, 79.85, -1927.44, 20.25, 49, 0),
	(8, NULL, 2, 27000, NULL, 1, NULL, 126.65, -1930.07, 21.38, 124.69, -1929.19, 21.38, 51, 116.17, -1936.64, 20.18, 21, 0),
	(9, NULL, 2, 28000, NULL, 1, NULL, 100.96, -1912.79, 21.4, 99.73, -1913.78, 21.03, 182, 96.72, -1924.27, 20.19, 65, 0),
	(10, NULL, 2, 24000, NULL, 1, NULL, 56.91, -1922.34, 21.91, 57.85, -1920.34, 21.65, 319, 65.47, -1915.14, 21, 53, 0),
	(11, NULL, 2, 25000, NULL, 1, NULL, 39.62, -1911.99, 21.95, 43.18, -1912.34, 21.62, 223, 39.3, -1923.71, 21.21, 321, 0),
	(12, NULL, 2, 25000, NULL, 1, NULL, 21.25, -1844.68, 24.6, 19.13, -1845.12, 24.6, 76, 9.24, -1846.17, 23.83, 141, 0),
	(13, NULL, 2, 23300, NULL, 1, NULL, -20.51, -1858.87, 25.4, -19.53, -1857.55, 25.39, 312, -6.95, -1854.29, 24.03, 49, 0),
	(14, NULL, 2, 24200, NULL, 1, NULL, -34.23, -1847.07, 26.19, -31.92, -1846.99, 26.19, 251, -28.49, -1851.92, 25.24, 317, 0),
	(15, NULL, 2, 26800, NULL, 1, NULL, -4.81, -1872.21, 24.15, -5.25, -1869.03, 24.15, 35, -3.65, -1882, 23.18, 319, 0),
	(16, NULL, 2, 29000, NULL, 1, NULL, -50.37, -1783.22, 28.3, -51.82, -1784.76, 27.85, 129, -57.14, -1784.83, 27.39, 138, 0),
	(17, NULL, 2, 23500, NULL, 1, NULL, 179.19, -1923.85, 21.37, 179.3, -1926.27, 21.37, 173, 169.58, -1930.39, 20.52, 230, 0),
	(18, NULL, 2, 23600, NULL, 1, NULL, 165.1, -1944.98, 20.23, 166.56, -1945.37, 19.81, 228, 177.49, -1948.41, 19.5, 144, 0),
	(19, NULL, 2, 29900, NULL, 1, NULL, 148.93, -1960.56, 19.45, 150.23, -1962.09, 19.05, 222, 163.4, -1965.91, 18.26, 140, 0),
	(20, NULL, 2, 23500, NULL, 1, NULL, 104.04, -1885.44, 24.31, 105.54, -1883.58, 23.98, 313, 105.19, -1879.55, 23.47, 321, 0),
	(21, NULL, 2, 24600, NULL, 1, NULL, 115.43, -1887.9, 23.92, 114.77, -1885.85, 23.92, 49, 125.81, -1879.48, 23.15, 245, 0),
	(22, NULL, 2, 23000, NULL, 1, NULL, 128.28, -1896.97, 23.67, 128.74, -1895.05, 23.33, 334, 138.35, -1891.98, 22.86, 336, 0),
	(23, NULL, 2, 27000, NULL, 1, NULL, 148.75, -1904.56, 23.53, 148.95, -1903.23, 23.33, 330, 161.18, -1899.87, 22.46, 330, 0),
	(24, NULL, 2, 25000, NULL, 1, NULL, 130.67, -1853.24, 25.23, 130.17, -1855.05, 24.9, 152, 116.15, -1861.88, 24.28, 66, 0),
	(25, NULL, 2, 24900, NULL, 1, NULL, 149.98, -1864.74, 24.59, 149.9, -1866.15, 24.21, 159, 138.69, -1869.51, 23.62, 155, 0),
	(26, NULL, 2, 24400, NULL, 1, NULL, 171.56, -1871.47, 24.4, 169.66, -1872.18, 24.4, 98, 165.77, -1861.41, 23.64, 156, 0),
	(27, NULL, 2, 26000, NULL, 1, NULL, 152.81, -1823.7, 27.86, 150.92, -1822.98, 27.49, 48, 138.58, -1830.49, 26.53, 51, 0),
	(28, NULL, 2, 24000, NULL, 1, NULL, 258.32, -1927.09, 25.44, 256.4, -1927.24, 25.44, 84, 253.97, -1913.04, 24.9, 319, 0),
	(29, NULL, 2, 24000, NULL, 1, NULL, 270.42, -1916.99, 26.18, 268.04, -1915.57, 25.85, 43, 268.98, -1906.75, 25.96, 50, 0),
	(30, NULL, 2, 23900, NULL, 1, NULL, 282.87, -1899.11, 27.26, 281.64, -1898.17, 26.88, 49, 270.34, -1893.8, 26.13, 319, 0),
	(31, NULL, 2, 23000, NULL, 1, NULL, -64.57, -1449.57, 32.52, -63.66, -1451.89, 32.12, 213, -68.49, -1463.33, 31.49, 114, 0),
	(32, NULL, 2, 23400, NULL, 1, NULL, -45.5, -1445.32, 32.42, -47.43, -1447.55, 32.42, 104, -55, -1459.82, 31.46, 97, 0),
	(33, NULL, 2, 25500, NULL, 1, NULL, -32.29, -1446.37, 31.89, -34.45, -1446.55, 31.49, 133, -38.47, -1447.32, 31.01, 182, 0),
	(34, NULL, 2, 29000, NULL, 1, NULL, 16.7, -1443.77, 30.94, 16.02, -1445.45, 30.54, 151, 5.76, -1456.13, 29.91, 80, 0),
	(35, NULL, 2, 24000, NULL, 1, NULL, 329.31, -1845.86, 27.74, 327.57, -1843.94, 27.31, 40, 334.81, -1835.34, 26.85, 45, 0),
	(36, NULL, 2, 24500, NULL, 1, NULL, 348.64, -1820.98, 28.89, 348.55, -1818.52, 28.89, 340, 347.24, -1809.09, 27.98, 51, 0),
	(37, NULL, 2, 23000, NULL, 1, NULL, 405.87, -1751.22, 29.71, 403.84, -1749.76, 29.34, 48, 399.64, -1753.31, 28.81, 50, 0),
	(38, NULL, 2, 25700, NULL, 1, NULL, 419.11, -1735.42, 29.6, 417.37, -1735.85, 29.6, 82, 431.02, -1736.07, 28.76, 49, 0),
	(39, NULL, 2, 25900, NULL, 1, NULL, 431.26, -1725.45, 29.6, 429.52, -1724.19, 29.22, 51, 430.09, -1714.83, 28.8, 51, 0),
	(40, NULL, 1, 25000, NULL, 1, NULL, 442.57, -1969.57, 24.4, 445.94, -1971.82, 23.2, 252, 449.44, -1962.29, 22.46, 180, 0),
	(41, NULL, 2, 24400, NULL, 1, NULL, 368.63, -1895.78, 25.17, 368.72, -1898.27, 25.17, 150, 359.07, -1898.64, 24.31, 230, 0),
	(42, NULL, 2, 24000, NULL, 1, NULL, 385.1, -1881.56, 26.03, 386.64, -1882.39, 25.61, 221, 384.8, -1896.24, 24.46, 223, 0),
	(43, NULL, 2, 23000, NULL, 1, NULL, 399.33, -1865.02, 26.71, 401.14, -1866.4, 26.32, 211, 399.48, -1876.49, 25.65, 225, 0),
	(44, NULL, 2, 25000, NULL, 1, NULL, 412.44, -1856.35, 27.32, 415.15, -1856.14, 27.32, 275, 401.91, -1855.79, 26.31, 223, 0),
	(45, NULL, 2, 24200, NULL, 1, NULL, 427.16, -1842.11, 28.46, 428.75, -1843.54, 28.04, 224, 434.63, -1841.13, 27.47, 223, 0),
	(46, NULL, 2, 23500, NULL, 1, NULL, 440.5, -1829.64, 28.36, 440.38, -1832.25, 28.36, 182, 434.68, -1834.57, 27.49, 224, 0),
	(47, NULL, 2, 24400, NULL, 1, NULL, 324.29, -1937.34, 25.01, 324.55, -1939.42, 25.01, 179, 314.6, -1941.54, 24.16, 229, 0),
	(48, NULL, 2, 23500, NULL, 1, NULL, 311.95, -1956.11, 24.61, 313.59, -1957.26, 24.23, 235, 315.84, -1970.35, 22.95, 324, 0),
	(49, NULL, 2, 25100, NULL, 1, NULL, 295.97, -1971.97, 22.9, 297.18, -1972.79, 22.47, 224, 308.34, -1979.25, 21.91, 319, 0),
	(50, NULL, 2, 23800, NULL, 1, NULL, 291.51, -1980.07, 21.6, 291.52, -1983.24, 21.6, 155, 285.94, -1985.71, 20.66, 229, 0),
	(51, NULL, 2, 23800, NULL, 1, NULL, 279.59, -1993.94, 20.8, 281.65, -1992.06, 20.43, 291, 281.09, -1986.83, 19.93, 230, 0),
	(52, NULL, 2, 23000, NULL, 1, NULL, 256.35, -2023.57, 19.26, 257.71, -2024.16, 18.87, 226, 262.16, -2023.77, 18.31, 231, 0),
	(53, NULL, 2, 22500, NULL, 1, NULL, 235.98, -2046.35, 18.37, 238.57, -2046.07, 18.37, 285, 251.53, -2045.9, 17.32, 319, 0),
	(54, NULL, 2, 24500, NULL, 1, NULL, 500.57, -1697.13, 29.78, 499.62, -1698.96, 29.4, 159, 498.64, -1703.4, 28.87, 238, 0),
	(55, NULL, 2, 28300, NULL, 1, NULL, 489.53, -1714.08, 29.7, 491.35, -1715.7, 29.33, 233, 486.04, -1720.2, 28.92, 248, 0),
	(56, NULL, 1, 25000, NULL, 1, NULL, 385.22, -1995.6, 24.23, 386.57, -1993.43, 24.13, 330, 369.97, -1977.26, 23.68, 162, 0),
	(57, NULL, 1, 25000, NULL, 1, NULL, 383.49, -1994.86, 24.23, 384.07, -1992.85, 24.1, 335, 367.18, -1976.22, 23.73, 160, 0),
	(58, NULL, 1, 25000, NULL, 1, NULL, 374.62, -1991.64, 24.23, 375.45, -1989.79, 24.12, 350, 364.29, -1974.96, 23.79, 159, 0),
	(59, NULL, 1, 25000, NULL, 1, NULL, 363.94, -1987.82, 24.23, 364.74, -1985.94, 24.14, 323, 361.29, -1973.9, 23.86, 162, 0),
	(60, NULL, 1, 25000, NULL, 1, NULL, 362.23, -1987.17, 24.23, 362.14, -1984.93, 24.2, 335, 358.32, -1972.83, 23.89, 160, 0),
	(61, NULL, 1, 25000, NULL, 1, NULL, 342.23, -1981.9, 24.16, 343.64, -1980.82, 24.27, 309, 354.22, -1970.06, 23.95, 141, 0),
	(62, NULL, 1, 25000, NULL, 1, NULL, 337.62, -1991.58, 24.04, 338.74, -1992.56, 23.58, 238, 351.88, -1967.87, 24, 140, 0),
	(63, NULL, 1, 25000, NULL, 1, NULL, 335.1, -1994.59, 24.04, 336.25, -1995.35, 23.59, 232, 349.63, -1965.84, 24.04, 141, 0),
	(64, NULL, 1, 25000, NULL, 1, NULL, 330.63, -1999.93, 24.04, 332.68, -2001.82, 22.85, 225, 309.28, -1995.97, 20.77, 142, 0),
	(65, NULL, 1, 25000, NULL, 1, NULL, 324.21, -1990.98, 24.16, 322.93, -1989.97, 23.96, 56, 313.63, -1990.54, 21.45, 140, 0),
	(66, NULL, 1, 25000, NULL, 1, NULL, 325.42, -1989.69, 24.16, 324.4, -1988.47, 23.96, 46, 318, -1985.18, 22.11, 139, 0),
	(67, NULL, 1, 25000, NULL, 1, NULL, 331.51, -1982.28, 24.16, 330.19, -1981.34, 23.93, 45, 323.52, -1978.79, 22.85, 140, 0),
	(68, NULL, 1, 25000, NULL, 1, NULL, 334.64, -1978.63, 24.16, 333.24, -1977.93, 24, 48, 329.42, -1971.73, 23.42, 139, 0),
	(69, NULL, 2, 24900, NULL, 1, NULL, 333.04, -1740.89, 29.73, 333.1, -1743.73, 29.73, 168, 325.48, -1747.15, 28.83, 231, 0),
	(70, NULL, 2, 24000, NULL, 1, NULL, 320.62, -1759.89, 29.63, 322.75, -1760.67, 29.27, 233, 326.12, -1770.94, 28.22, 141, 0),
	(71, NULL, 2, 25200, NULL, 1, NULL, 304.44, -1775.44, 29.1, 306, -1777.08, 28.66, 222, 319.73, -1779.11, 27.94, 141, 0),
	(72, NULL, 2, 24000, NULL, 1, NULL, 443.37, -1707.28, 29.7, 441.64, -1706.34, 29.34, 47, 439.74, -1691.55, 28.66, 320, 0),
	(73, NULL, 1, 25000, NULL, 1, NULL, 450.2, -1981.37, 24.4, 447.73, -1984.67, 23.16, 135, 453.8, -1966.9, 22.47, 179, 0),
	(74, NULL, 2, 28500, NULL, 1, NULL, 300.26, -1783.69, 28.43, 300.23, -1786.62, 28.43, 147, 294.17, -1788.37, 27.49, 229, 0),
	(75, NULL, 2, 24300, NULL, 1, NULL, 288.69, -1792.58, 28.08, 290.42, -1793.65, 27.7, 230, 300.44, -1801.69, 26.97, 141, 0),
	(76, NULL, 1, 25000, NULL, 1, NULL, 1433.79, 3628.49, 35.74, 1434.62, 3626.27, 34.9, 189, 1424.45, 3624.33, 34.38, 20, 0),
	(77, NULL, 1, 25000, NULL, 1, NULL, 1385.22, 3659.48, 34.92, 1383.87, 3660.56, 34.92, 104, 1377.23, 3652.4, 33.44, 20, 0),
	(78, NULL, 1, 25000, NULL, 1, NULL, 1425.62, 3669.73, 34.82, 1424.92, 3671.75, 34.17, 15, 1439.85, 3677.99, 33.37, 24, 0),
	(79, NULL, 1, 7300, NULL, 1, NULL, 1430.74, 3671.39, 34.82, 1429.82, 3673.65, 34.1, 21, 1442.02, 3669.22, 33.53, 353, 0),
	(80, NULL, 1, 25000, NULL, 1, NULL, 1435.35, 3657.06, 34.42, 1436.64, 3657.86, 34.21, 280, 1447.09, 3657.78, 33.78, 21, 0),
	(81, NULL, 3, 50700, NULL, 1, NULL, -947.71, -928.01, 2.14, -946.31, -927.07, 2.14, 298, -938.69, -926.22, 1.66, 303, 0),
	(82, NULL, 3, 56500, NULL, 1, NULL, -935.04, -939.32, 2.14, -933.6, -938.49, 2.14, 302, -925.34, -940.2, 1.69, 210, 0),
	(83, NULL, 3, 57000, NULL, 1, NULL, -927.81, -949.54, 2.74, -926.13, -948.31, 2.15, 296, -920.32, -951.14, 1.68, 300, 0),
	(84, NULL, 3, 49400, NULL, 1, NULL, -922.88, -983.19, 2.15, -920.82, -982.1, 2.15, 299, -907.79, -968.33, 1.68, 210, 0),
	(85, NULL, 3, 56200, NULL, 1, NULL, -900.81, -982.4, 2.24, -899.14, -981.08, 2.16, 292, -896.72, -986.11, 1.68, 209, 0),
	(86, NULL, 3, 51000, NULL, 1, NULL, -903.24, -1005.9, 2.15, -904.87, -1004.68, 2.15, 18, -892.22, -1007.06, 1.66, 209, 0),
	(87, NULL, 3, 56300, NULL, 1, NULL, -884.22, -1072.56, 2.53, -885.03, -1071.26, 2.16, 29, -874.51, -1072.94, 1.67, 31, 0),
	(88, NULL, 3, 56000, NULL, 1, NULL, -869.54, -1103.41, 6.44, -867.12, -1104.52, 6.44, 281, -858.31, -1090.88, 1.66, 30, 0),
	(89, NULL, 3, 57000, NULL, 1, NULL, -1041.68, -1025.82, 2.75, -1042.51, -1024.18, 2.15, 41, -1040.32, -1020.83, 1.66, 120, 0),
	(90, NULL, 3, 54400, NULL, 1, NULL, -1022.29, -1023.03, 2.15, -1023.19, -1020.79, 2.15, 24, -1023.52, -1013.77, 1.67, 30, 0),
	(92, NULL, 3, 55500, NULL, 1, NULL, -943.13, -1075.49, 2.75, -941.8, -1077.24, 2.15, 207, -937.82, -1075.95, 1.67, 119, 0),
	(93, NULL, 3, 54300, NULL, 1, NULL, -938.62, -1087.95, 2.15, -940.15, -1089.02, 2.15, 146, -934.89, -1080.64, 1.64, 300, 0),
	(94, NULL, 3, 55700, NULL, 1, NULL, -948.29, -1107.68, 2.17, -950.3, -1106.33, 2.17, 28, -948.64, -1091.42, 1.67, 299, 0),
	(95, NULL, 3, 56500, NULL, 1, NULL, -952.49, -1077.58, 2.67, -951.56, -1078.7, 2.15, 209, -954.76, -1084.58, 1.67, 121, 0),
	(96, NULL, 3, 56200, NULL, 1, NULL, -959.85, -1109.89, 2.15, -960.87, -1107.2, 2.15, 22, -961.9, -1100.25, 1.67, 29, 0),
	(97, NULL, 3, 63000, NULL, 1, NULL, -977.85, -1092.12, 4.22, -975.48, -1094.53, 4.22, 205, -965.2, -1092.75, 1.65, 120, 0),
	(98, NULL, 3, 58000, NULL, 1, NULL, -978.09, -1108.34, 2.15, -978.92, -1106.83, 2.15, 28, -973.66, -1103.94, 1.66, 300, 0),
	(99, NULL, 3, 66000, NULL, 1, NULL, -991.73, -1103.41, 2.15, -989.69, -1104.32, 2.15, 218, -1010.9, -1099.55, 1.58, 32, 0),
	(100, NULL, 3, 87000, NULL, 1, NULL, -1901.28, -586.21, 11.87, -1902.44, -588.33, 11.9, 154, -1887.5, -570.02, 11.28, 319, 0),
	(101, NULL, 3, 84000, NULL, 1, NULL, -1883.39, -579, 11.85, -1882.67, -577.63, 11.82, 319, -1878.67, -578.01, 11.25, 320, 0),
	(102, NULL, 3, 88000, NULL, 1, NULL, -1848.75, -631.5, 11.36, -1850.13, -632.82, 11.16, 127, -1833.76, -615.81, 10.82, 229, 0),
	(103, NULL, 3, 150000, NULL, 1, NULL, -407.2, 6314.08, 28.94, -406.02, 6312.65, 28.95, 218, -391.79, 6309.06, 28.81, 220, 0),
	(104, NULL, 2, 44000, NULL, 1, NULL, -379.72, 6252.9, 31.85, -379.03, 6253.61, 31.85, 316, -387.07, 6273.38, 29.69, 46, 0),
	(105, NULL, 1, 25100, NULL, 1, NULL, -347.32, 6225.13, 31.88, -345.76, 6221.34, 31.49, 194, -355.21, 6222.57, 31.01, 226, 0),
	(106, NULL, 2, 44000, NULL, 1, NULL, -360.02, 6260.84, 31.91, -358.14, 6262.55, 31.49, 312, -357.31, 6271.55, 30.59, 44, 0),
	(107, NULL, 1, 24000, NULL, 1, NULL, -356.74, 6207.27, 31.84, -355.63, 6206.14, 31.49, 227, -370.29, 6201.57, 31.02, 226, 0),
	(108, NULL, 1, 24000, NULL, 1, NULL, -374.36, 6190.95, 31.73, -372.57, 6189.11, 31.54, 223, -382.31, 6187.61, 31.01, 226, 0),
	(109, NULL, 2, 74000, NULL, 1, NULL, -437.92, 6272.07, 30.17, -435.62, 6271.89, 30.07, 252, -428.13, 6261.95, 29.97, 257, 0),
	(110, NULL, 2, 24900, NULL, 1, NULL, -272.54, 6401.04, 31.5, -271.62, 6399.47, 31.34, 212, -265.43, 6407.44, 30.49, 213, 0),
	(111, NULL, 2, 29000, NULL, 1, NULL, -245.91, 6414.41, 31.46, -248.01, 6412.65, 31.19, 132, -232.56, 6419.44, 30.79, 220, 0),
	(112, NULL, 2, 42000, NULL, 1, NULL, -215.06, 6444.22, 31.48, -213.24, 6445.88, 31.31, 318, -223.97, 6434.56, 30.71, 229, 0),
	(113, NULL, 1, 25000, NULL, 1, NULL, -453.26, 6336.79, 13.11, -454.64, 6338.25, 12.75, 43, -442.26, 6342.84, 12.24, 39, 0),
	(114, NULL, 1, 25000, NULL, 1, NULL, -480.74, 6266.32, 13.63, -483.16, 6266.32, 13.32, 91, -480.82, 6260.09, 12.6, 67, 0),
	(115, NULL, 2, 34000, NULL, 1, NULL, -302.29, 6326.93, 32.89, -303.33, 6329.17, 32.49, 40, -294.71, 6338.97, 31.75, 46, 0),
	(116, NULL, 1, 25000, NULL, 1, NULL, -280.46, 6350.65, 32.6, -282.05, 6351.89, 32.49, 42, -267.09, 6354.64, 32.01, 46, 0),
	(117, NULL, 2, 33300, NULL, 1, NULL, -247.7, 6370.02, 31.85, -250.43, 6370.85, 31.48, 45, -254.24, 6360.67, 31, 44, 0),
	(118, NULL, 2, 33800, NULL, 1, NULL, -227.21, 6377.35, 31.76, -229.41, 6379.93, 31.56, 48, -218.37, 6381.91, 31.13, 46, 0),
	(119, NULL, 2, 34000, NULL, 1, NULL, -213.73, 6396.13, 33.09, -216.05, 6396.69, 33.08, 47, -197.51, 6397.24, 31.38, 46, 0),
	(120, NULL, 2, 31000, NULL, 1, NULL, -188.93, 6409.6, 32.3, -190.25, 6410.82, 31.91, 37, -187.23, 6417.13, 31.39, 45, 0),
	(121, NULL, 1, 25000, NULL, 1, NULL, -44.41, 6582.02, 32.18, -46.13, 6583.94, 32.18, 46, -36.65, 6589, 30.37, 38, 0),
	(122, NULL, 1, 25000, NULL, 1, NULL, 1501.56, 3695.06, 35.21, 1500, 3694.38, 34.84, 110, 1505.07, 3686.2, 34.05, 115, 0),
	(123, NULL, 2, 18000, NULL, 1, NULL, 1916.38, 3824.14, 32.43, 1914.19, 3822.56, 32.24, 125, 1903.47, 3826.53, 31.79, 31, 0),
	(124, NULL, 1, 25000, NULL, 1, NULL, 1932.89, 3804.94, 32.9, 1931.11, 3803.96, 32.03, 117, 1926.71, 3786.55, 31.81, 30, 0),
	(125, NULL, 1, 25000, NULL, 1, NULL, 1907.99, 3870.21, 32.88, 1909.31, 3868.26, 32.34, 211, 1909.96, 3863.13, 31.85, 120, 0),
	(126, NULL, 1, 25000, NULL, 1, NULL, 1902.41, 3866.92, 33.06, 1901.63, 3863.64, 32.34, 214, 1891.99, 3862.4, 32.03, 210, 0),
	(127, NULL, 2, 19000, NULL, 1, NULL, 1880.45, 3920.56, 33.21, 1878.58, 3919.85, 33.15, 104, 1868.49, 3925.26, 32.47, 194, 0),
	(128, NULL, 2, 22000, NULL, 1, NULL, 1728.51, 3851.85, 34.78, 1729.8, 3850.81, 34.72, 216, 1732.85, 3860.84, 34.24, 216, 0),
	(129, NULL, 1, 25000, NULL, 1, NULL, 1737.95, 3898.2, 35.55, 1737.05, 3899.72, 35.55, 26, 1720.88, 3898.37, 34.32, 126, 0),
	(130, NULL, 1, 25000, NULL, 1, NULL, 1691.84, 3865.8, 34.9, 1690.73, 3867.27, 34.9, 19, 1689.73, 3854.59, 34.38, 43, 0),
	(131, NULL, 2, 25000, NULL, 1, NULL, 197.57, -1725.71, 29.66, 200.29, -1726.89, 29.66, 267, 203.41, -1736.72, 28.41, 290, 0),
	(132, NULL, 2, 23500, NULL, 1, NULL, 216.48, -1717.38, 29.67, 218.06, -1716.27, 29.29, 295, 221.65, -1727.15, 28.47, 312, 0),
	(133, NULL, 2, 26000, NULL, 1, NULL, 222.61, -1702.41, 29.69, 224.25, -1704.65, 29.28, 224, 236.43, -1710.28, 28.56, 320, 0),
	(134, NULL, 2, 24000, NULL, 1, NULL, 240.65, -1687.71, 29.69, 242.31, -1688.34, 29.29, 238, 252.81, -1685.53, 28.71, 230, 0),
	(135, NULL, 2, 24400, NULL, 1, NULL, 252.96, -1670.76, 29.66, 253.08, -1673.74, 29.66, 165, 255.15, -1683.06, 28.7, 229, 0),
	(136, NULL, 2, 25000, NULL, 1, NULL, 250.11, -1730.77, 29.66, 248.82, -1730.25, 29.34, 56, 243.7, -1730.36, 28.78, 48, 0),
	(137, NULL, 2, 26900, NULL, 1, NULL, 257.64, -1722.84, 29.65, 254.81, -1722.73, 29.65, 114, 267.67, -1722.07, 28.79, 49, 0),
	(138, NULL, 2, 24800, NULL, 1, NULL, 269.67, -1712.81, 29.66, 267.95, -1711.57, 29.36, 58, 268.56, -1701.9, 28.81, 51, 0),
	(139, NULL, 2, 23000, NULL, 1, NULL, 282.02, -1694.84, 29.64, 280.83, -1694.22, 29.25, 56, 287.51, -1686.52, 28.76, 50, 0),
	(140, NULL, 1, 25000, NULL, 1, NULL, 1774.66, 3742.81, 34.65, 1772.94, 3742.26, 34.64, 75, 1772.84, 3752.41, 33.35, 122, 0),
	(141, NULL, 1, 25000, NULL, 1, NULL, 1777.41, 3738.2, 34.65, 1776.04, 3736.61, 34.65, 152, 1779.69, 3729.41, 33.63, 119, 0),
	(142, NULL, 1, 25000, NULL, 1, NULL, 1826.78, 3729.67, 33.96, 1829.43, 3730.38, 33.12, 280, 1814.34, 3723.96, 33.19, 209, 0),
	(143, NULL, 1, 25000, NULL, 1, NULL, 1639.14, 3731.34, 35.06, 1639.52, 3733.37, 35.06, 15, 1627.62, 3743.27, 34.23, 303, 0),
	(144, NULL, 1, 25000, NULL, 1, NULL, 1777.54, 3799.91, 34.52, 1776.15, 3799.03, 33.99, 112, 1764.89, 3795.66, 33.53, 211, 0),
	(145, NULL, 1, 25000, NULL, 1, NULL, 1763.82, 3823.56, 34.76, 1762.1, 3825.27, 34.76, 26, 1763.16, 3830.42, 33.99, 86, 0),
	(146, NULL, 1, 25000, NULL, 1, NULL, 1760.17, 3821.53, 34.76, 1759.43, 3823.76, 34.76, 43, 1755.19, 3826.42, 34.12, 354, 0),
	(147, NULL, 2, 18700, NULL, 1, NULL, 1808.97, 3907.98, 33.73, 1809.63, 3905.66, 33.75, 218, 1812.68, 3887.63, 33.37, 294, 0),
	(148, NULL, 2, 23000, NULL, 1, NULL, 1857.76, 3854.75, 33.1, 1859.07, 3851.91, 33.02, 197, 1863.33, 3835.32, 31.84, 302, 0),
	(149, NULL, 1, 7300, NULL, 1, NULL, 1832.65, 3868.47, 34.29, 1831.08, 3867.66, 33.86, 98, 1833.39, 3878.43, 33.04, 110, 0),
	(150, NULL, 1, 25000, NULL, 1, NULL, 1834.43, 3863.51, 34.29, 1832.44, 3862.57, 33.77, 106, 1836.38, 3852.42, 32.88, 203, 0),
	(151, NULL, 2, 50000, NULL, 1, NULL, 1880.57, 3810.55, 32.77, 1882.53, 3811.2, 32.77, 320, 1894.51, 3807.98, 31.97, 30, 0),
	(152, NULL, 1, 25000, NULL, 1, NULL, 1843.46, 3778.08, 33.58, 1842.18, 3777.38, 33.15, 125, 1848.98, 3772.91, 32.63, 117, 0),
	(153, NULL, 1, 25000, NULL, 1, NULL, 297.54, -2097.7, 17.66, 296.35, -2098.37, 17.44, 97, 281.43, -2084.6, 16.24, 290, 0),
	(154, NULL, 1, 25000, NULL, 1, NULL, 295.94, -2093.12, 17.66, 294.75, -2093.63, 17.47, 112, 280.19, -2081.67, 16.26, 291, 0),
	(155, NULL, 1, 25000, NULL, 1, NULL, 293.99, -2087.71, 17.66, 292.65, -2088.25, 17.48, 111, 278.91, -2078.57, 16.32, 289, 0),
	(156, NULL, 1, 25000, NULL, 1, NULL, 293.34, -2086.05, 17.66, 291.86, -2086.51, 17.44, 107, 277.81, -2075.87, 16.39, 290, 0),
	(157, NULL, 1, 25000, NULL, 1, NULL, 290.06, -2077.05, 17.66, 288.8, -2077.54, 17.45, 105, 276.75, -2073.35, 16.45, 292, 0),
	(158, NULL, 1, 25000, NULL, 1, NULL, 288.42, -2072.52, 17.66, 286.95, -2072.83, 17.49, 105, 275.53, -2070.1, 16.54, 291, 0),
	(159, NULL, 2, 24000, NULL, 1, NULL, 479.7, -1735.73, 29.15, 480.78, -1738.9, 29.15, 186, 470.87, -1742.79, 28.47, 251, 0),
	(160, NULL, 2, 23000, NULL, 1, NULL, 474.5, -1757.71, 29.09, 476.32, -1757.85, 28.68, 243, 486.72, -1760.13, 27.98, 170, 0),
	(161, NULL, 2, 27000, NULL, 1, NULL, 472.06, -1775.23, 29.07, 474.46, -1775.39, 28.69, 270, 478.79, -1777.98, 28.15, 272, 0),
	(162, NULL, 2, 24000, NULL, 1, NULL, 495.29, -1823.38, 28.86, 495.24, -1820.28, 28.86, 341, 485.89, -1813.76, 27.75, 322, 0),
	(163, NULL, 2, 24300, NULL, 1, NULL, 500.45, -1813.24, 28.89, 499.15, -1811.42, 28.5, 57, 495.88, -1802.07, 27.87, 320, 0),
	(164, NULL, 2, 24400, NULL, 1, NULL, 512.53, -1790.7, 28.91, 510.67, -1790.51, 28.5, 82, 500.95, -1794.02, 27.9, 339, 0),
	(165, NULL, 2, 25200, NULL, 1, NULL, 514.28, -1780.85, 28.91, 512.54, -1780.8, 28.5, 90, 500.65, -1777.42, 27.93, 19, 0),
	(166, NULL, 1, 25000, NULL, 1, NULL, -141.63, -1692.85, 32.87, -142.37, -1693.42, 32.87, 130, -143.04, -1703.56, 30.2, 139, 0),
	(167, NULL, 1, 25000, NULL, 1, NULL, -146.85, -1688.45, 33.06, -148.4, -1689.63, 32.87, 132, -152.63, -1707.69, 29.98, 51, 0),
	(168, NULL, 1, 25000, NULL, 1, NULL, -147.95, -1687.55, 33.06, -149.47, -1688.7, 32.87, 126, -158.92, -1702.29, 30.56, 49, 0),
	(169, NULL, 1, 25000, NULL, 1, NULL, -157.89, -1679.83, 33.83, -156.81, -1681.06, 32.87, 213, -167.6, -1694.9, 31.58, 50, 0),
	(170, NULL, 1, 25000, NULL, 1, NULL, -141.66, -1692.83, 36.16, -143.57, -1693.96, 36.16, 121, -167.62, -1710.68, 30.61, 230, 0),
	(171, NULL, 1, 25000, NULL, 1, NULL, -146.84, -1688.48, 36.16, -146.01, -1690.41, 36.16, 213, -174.6, -1704.47, 31.42, 228, 0),
	(172, NULL, 1, 25000, NULL, 1, NULL, -147.97, -1687.57, 36.16, -150.14, -1686.74, 36.16, 63, -182.68, -1696.45, 32.31, 219, 0),
	(173, NULL, 1, 25000, NULL, 1, NULL, -157.9, -1679.25, 36.96, -159.31, -1681.27, 36.96, 150, -174.22, -1687.59, 32.35, 29, 0),
	(174, NULL, 3, 53000, NULL, 1, NULL, -1022.57, -896.98, 5.41, -1023.75, -894.86, 5.45, 22, -1022.73, -890.13, 5.21, 31, 0),
	(175, NULL, 3, 60000, NULL, 1, NULL, -1031.18, -903.04, 3.68, -1032.08, -901.23, 3.86, 32, -1037.85, -901.4, 3.69, 348, 0),
	(176, NULL, 3, 69000, NULL, 1, NULL, -1043.47, -923.7, 3.15, -1041.85, -926.07, 2.41, 211, -1053.55, -905.6, 3.91, 29, 0),
	(177, NULL, 3, 69000, NULL, 1, NULL, -1074.84, -939.01, 2.37, -1076.44, -939.77, 2.33, 118, -1081.7, -920.17, 3, 30, 0),
	(178, NULL, 3, 82000, NULL, 1, NULL, -1090.43, -926.71, 3.09, -1091.45, -925, 3.16, 29, -1097.6, -943.2, 1.99, 120, 0),
	(179, NULL, 3, 51500, NULL, 1, NULL, -951.4, -905.97, 2.74, -949.33, -904.89, 2.15, 300, -950.24, -899.09, 1.68, 209, 0),
	(180, NULL, 3, 52000, NULL, 1, NULL, -948.22, -910.43, 2.74, -947.09, -909.66, 2.15, 301, -942.58, -912.59, 1.68, 209, 0),
	(181, NULL, 2, 29000, NULL, 1, NULL, -26.51, 6597.19, 31.86, -27.93, 6598.78, 31.47, 41, -9.63, 6599.47, 30.99, 40, 0),
	(182, NULL, 2, 29600, NULL, 1, NULL, 1.72, 6612.5, 32.08, 0.66, 6614.44, 31.88, 25, -6.28, 6618.29, 30.94, 42, 0),
	(183, NULL, 2, 25000, NULL, 1, NULL, -41.57, 6637.44, 31.09, -39.83, 6636.53, 31.09, 221, -51.12, 6624.78, 29.51, 223, 0),
	(184, NULL, 2, 34400, NULL, 1, NULL, -9.6, 6654.22, 31.7, -8.44, 6651.88, 31.12, 205, -15.24, 6644.56, 30.62, 210, 0),
	(185, NULL, 2, 35000, NULL, 1, NULL, 35.39, 6663.24, 32.19, 34.72, 6660.68, 31.72, 146, 21.15, 6663.49, 31.06, 184, 0),
	(186, NULL, 2, 27700, NULL, 1, NULL, 31.08, 6596.72, 32.82, 33.21, 6595.44, 32.47, 222, 33.27, 6607.6, 31.97, 225, 0),
	(187, NULL, 2, 26000, NULL, 1, NULL, 11.55, 6578.34, 33.07, 13.73, 6576.5, 32.74, 224, 11.37, 6586.84, 31.99, 225, 0),
	(188, NULL, 2, 40500, NULL, 1, NULL, -15.34, 6557.44, 33.24, -12.9, 6560.04, 31.97, 315, -10.86, 6562.37, 31.48, 224, 0),
	(189, NULL, 3, 68000, NULL, 1, NULL, -1919.9, -569.75, 11.91, -1919.98, -572.51, 11.9, 138, -1906.48, -551.92, 11.31, 230, 0),
	(190, NULL, 3, 82000, NULL, 1, NULL, -1943.79, -549.35, 14.73, -1946.55, -548.97, 14.73, 81, -1932.46, -534.05, 11.35, 320, 0),
	(191, NULL, 3, 88000, NULL, 1, NULL, -1967.72, -531.8, 12.17, -1969.36, -534.04, 12.07, 136, -1953.56, -515.55, 11.41, 230, 0),
	(192, NULL, 3, 84000, NULL, 1, NULL, -1979.92, -520.06, 11.89, -1979.69, -522.82, 11.89, 141, -1966.46, -502.08, 11.39, 231, 0),
	(193, NULL, 3, 89000, NULL, 1, NULL, -1880.77, -606.54, 12.19, -1881.96, -608.25, 11.88, 139, -1864.59, -589.33, 11.22, 319, 0),
	(194, NULL, 3, 78200, NULL, 1, NULL, -1836.4, -631.76, 10.75, -1835.42, -629.14, 10.81, 325, -1825.39, -623.98, 10.6, 319, 0),
	(195, NULL, 3, 84000, NULL, 1, NULL, -1818.76, -655.55, 13.81, -1817.72, -658.95, 13.81, 181, -1805.72, -641.57, 10.44, 320, 0),
	(196, NULL, 3, 87000, NULL, 1, NULL, -1800.04, -667.3, 10.6, -1800.84, -664.84, 10.59, 337, -1785.05, -658.27, 9.93, 226, 0),
	(197, NULL, 3, 88000, NULL, 1, NULL, -1791.1, -683.05, 10.64, -1792.58, -684.61, 10.64, 135, -1776.9, -666.63, 9.9, 228, 0),
	(198, NULL, 3, 88400, NULL, 1, NULL, -1777.07, -701.49, 10.52, -1778.68, -700.54, 10.55, 37, -1758.53, -685.14, 9.6, 230, 0),
	(199, NULL, 3, 73500, NULL, 1, NULL, -1764.05, -707.77, 10.61, -1763.94, -710.59, 10.61, 172, -1751.17, -691.63, 9.6, 231, 0),
	(200, NULL, 3, 91000, NULL, 1, NULL, -1754.08, -708.99, 10.4, -1754.71, -706.95, 10.38, 329, -1743.05, -699.05, 9.64, 229, 0),
	(201, NULL, 1, 22800, NULL, 1, NULL, -287.58, 2535.68, 75.69, -286.55, 2535.52, 74.82, 279, -282.53, 2535.76, 74.19, 360, 0),
	(202, NULL, 1, 25000, NULL, 1, NULL, -35.58, 2871.46, 59.61, -35.93, 2870.59, 59.615, 159, -48.19, 2881.28, 58.32, 159, 0),
	(203, NULL, 1, 23000, NULL, 1, NULL, -263.91, 2196.47, 130.4, -262.39, 2195.42, 130.4, 244, -270.4, 2194.94, 129.31, 240, 0),
	(204, NULL, 1, 26000, NULL, 1, NULL, 2588.21, 3167.82, 51.37, 2589.74, 3169.76, 50.95, 322, 2595.97, 3155.71, 50.41, 318, 0),
	(205, NULL, 2, 38000, NULL, 1, NULL, 2632.2, 3257.86, 55.46, 2633.75, 3260.32, 55.25, 325, 2618.07, 3259.39, 54.75, 326, 0),
	(206, NULL, 1, 23000, NULL, 1, NULL, 2618.28, 3275.28, 55.74, 2620.36, 3274.05, 55.25, 238, 2615.05, 3270.96, 54.77, 239, 0),
	(207, NULL, 2, 37000, NULL, 1, NULL, 2634.42, 3292.08, 55.73, 2633.5, 3290.41, 55.73, 149, 2633.97, 3301.95, 54.79, 152, 0),
	(208, NULL, 2, 40000, NULL, 1, NULL, 2414.89, 4032.08, 36.82, 2412.51, 4033.6, 36.82, 69, 2423.9, 4011.49, 36.22, 244, 0),
	(209, NULL, 1, 23200, NULL, 1, NULL, 1663.87, 4739.65, 42.01, 1666.85, 4740.61, 41.99, 287, 1672.59, 4759.92, 41.42, 197, 0),
	(210, NULL, 1, 20000, NULL, 1, NULL, 1662.02, 4776.19, 42.34, 1663.28, 4776.34, 42, 101, 1662.56, 4768.23, 41.52, 277, 0),
	(211, NULL, 1, 6500, NULL, 1, NULL, 2332.76, 2524.27, 46.63, 2334.99, 2523.29, 46.64, 241, 2327.61, 2510.77, 46.19, 257, 0),
	(212, NULL, 1, 25000, NULL, 1, NULL, 2320.37, 2535.86, 47.7, 2322.27, 2535.76, 46.51, 251, 2310.25, 2533.11, 46.09, 166, 0),
	(213, NULL, 1, 25000, NULL, 1, NULL, 338.842, -1829.36, 28.3375, 340.583, -1828.14, 27.9479, 318, 337.197, -1819.95, 27.0876, 50, 0),
	(214, NULL, 1, 25000, NULL, 1, NULL, -1107.22, -1223.08, 2.56258, -1109.19, -1224.68, 2.56462, 118, -1118.83, -1224.82, 1.63449, 32, 0),
	(215, NULL, 1, 25000, NULL, 1, NULL, -1095.39, -1219.25, 2.67713, -1093.75, -1215.87, 2.52613, 299, -1083.79, -1209.68, 1.31368, 29, 0),
	(217, NULL, 4, 1000000, NULL, 1, NULL, -1413.7, 462.337, 109.209, -1413.25, 463.457, 109.209, 69, -1418.42, 466.504, 108.594, 340, 0),
	(218, NULL, 4, 1000000, NULL, 1, NULL, -1371.47, 444.297, 105.857, -1373.61, 444.637, 105.665, 72, -1375.13, 452.836, 104.163, 78, 0),
	(219, NULL, 3, 400000, NULL, 1, NULL, -877.327, 306.64, 84.1543, -877.188, 306.441, 84.1543, 239, -869.274, 318.63, 83.142, 184, 0),
	(220, NULL, 4, 11000000, NULL, 1, NULL, -770.438, 319.643, 85.6627, -770.171, 318.266, 85.6627, 162, -800.199, 332.981, 84.8648, 184, 0),
	(221, NULL, 4, 12000000, NULL, 1, NULL, -776.532, 319.647, 85.6627, -776.594, 317.902, 85.6627, 193, -791.738, 333.343, 84.8646, 182, 0),
	(223, NULL, 4, 1500000, NULL, 1, NULL, -1899.08, 132.363, 81.9846, -1898.44, 132.898, 81.9846, 307, -1889.92, 121.141, 80.8326, 313, 0),
	(224, NULL, 3, 500000, NULL, 1, NULL, -1931.99, 162.588, 84.6527, -1931.56, 162.774, 84.6527, 306, -1935.16, 183.015, 83.7503, 306, 0),
	(225, NULL, 2, 250000, NULL, 1, NULL, -1961.22, 211.89, 86.8029, -1960.78, 212.293, 86.8029, 308, -1948.42, 202.166, 85.1691, 292, 0),
	(226, NULL, 3, 400000, NULL, 1, NULL, -1970.45, 245.91, 87.8121, -1970.47, 245.976, 87.8121, 289, -1978.19, 260.064, 86.3814, 287, 0),
	(227, NULL, 4, 3000000, NULL, 1, NULL, -1995.57, 300.991, 91.9646, -1995.61, 301.085, 91.9646, 198, -1997.96, 295.245, 90.9288, 291, 0),
	(228, NULL, 3, 500000, NULL, 1, NULL, -2009.15, 367.457, 94.8143, -2009.18, 367.44, 94.8143, 242, -2000.41, 379.747, 93.648, 182, 0),
	(229, NULL, 4, 2000000, NULL, 1, NULL, -2011.14, 445.034, 103.016, -2011.1, 445.038, 103.016, 188, -2010.26, 454.603, 101.826, 283, 0),
	(230, NULL, 4, 2000000, NULL, 1, NULL, -2014.92, 499.773, 107.172, -2014.86, 499.751, 107.172, 210, -2012.49, 484.648, 106.176, 256, 0),
	(231, NULL, 3, 400000, NULL, 1, NULL, -1996.3, 591.233, 118.102, -1996.34, 591.225, 118.102, 232, -1989.55, 605.123, 117.075, 253, 0),
	(232, NULL, 4, 2000000, NULL, 1, NULL, -1974.72, 631.001, 122.689, -1974.72, 630.997, 122.689, 104, -1973.83, 623.506, 121.561, 250, 0),
	(233, NULL, 4, 4000000, NULL, 1, NULL, -1896.18, 642.454, 130.209, -1896.18, 642.454, 130.209, 318, -1887.46, 628.065, 129.165, 138, 0),
	(234, NULL, 4, 4000000, NULL, 1, NULL, -1929.01, 595.349, 122.285, -1929.01, 595.349, 122.285, 252, -1941.49, 582.682, 118.122, 72, 0),
	(235, NULL, 4, 4000000, NULL, 1, NULL, -1937.48, 551.179, 115.023, -1937.48, 551.179, 115.023, 246, -1938.92, 525.122, 108.968, 160, 0),
	(236, NULL, 4, 4000000, NULL, 1, NULL, -1942.67, 449.604, 102.928, -1942.67, 449.604, 102.928, 278, -1942.01, 461.449, 101.347, 99, 0),
	(237, NULL, 2, 450000, NULL, 1, NULL, -1940.56, 387.655, 96.7104, -1940.56, 387.655, 96.7104, 7, -1944.67, 385.125, 95.5633, 97, 0),
	(238, NULL, 3, 1000000, NULL, 1, NULL, -1931.81, 398.515, 96.507, -1931.81, 398.515, 96.507, 96, -1912.1, 406.409, 95.4592, 98, 0),
	(239, NULL, 4, 2000000, NULL, 1, NULL, -1931.29, 362.737, 93.9763, -1931.29, 362.737, 93.9763, 287, -1937.38, 361.862, 92.8518, 176, 0),
	(240, NULL, 4, 2000000, NULL, 1, NULL, -1922.36, 298.461, 89.2873, -1922.36, 298.461, 89.2873, 106, -1922.66, 284.692, 88.2375, 38, 0),
	(241, NULL, 4, 3000000, NULL, 1, NULL, -1905.47, 252.674, 86.4529, -1905.45, 252.644, 86.4529, 345, -1902.48, 239.326, 85.4155, 42, 0),
	(242, NULL, 4, 4500000, NULL, 1, NULL, -1873.39, 202.283, 84.3566, -1873.39, 202.283, 84.3566, 311, -1879.01, 190.363, 83.2063, 125, 0),
	(243, NULL, 4, 5000000, NULL, 1, NULL, -1805.01, 436.43, 128.834, -1805.01, 436.43, 128.834, 184, -1790.39, 456.381, 127.472, 91, 0),
	(244, NULL, 4, 5000000, NULL, 1, NULL, -1861.23, 310.545, 89.1152, -1861.23, 310.545, 89.1152, 290, -1857.49, 325.661, 87.8553, 22, 0),
	(245, NULL, 4, 5000000, NULL, 1, NULL, -1807.9, 333.159, 89.5673, -1807.9, 333.159, 89.5673, 210, -1791.92, 347.889, 87.7212, 54, 0),
	(246, NULL, 4, 3000000, NULL, 1, NULL, -1741.67, 365.096, 88.7282, -1741.67, 365.096, 88.7282, 298, -1748.36, 366.42, 88.8903, 119, 0),
	(247, NULL, 4, 2000000, NULL, 1, NULL, -1673.13, 385.598, 89.3483, -1673.13, 385.598, 89.3483, 167, -1666.28, 390.297, 88.3949, 18, 0),
	(248, NULL, 4, 2000000, NULL, 1, NULL, -1540.08, 420.555, 110.014, -1540.08, 420.555, 110.014, 181, -1549.42, 426.547, 108.62, 277, 0),
	(249, NULL, 3, 1500000, NULL, 1, NULL, -1492.61, 421.542, 111.244, -1492.61, 421.542, 111.244, 323, -1494.27, 414.78, 110.273, 45, 0),
	(250, NULL, 4, 1500000, NULL, 1, NULL, -1453.94, 512.253, 117.796, -1453.94, 512.253, 117.796, 186, -1471.07, 511.585, 116.899, 12, 0),
	(251, NULL, 4, 5000000, NULL, 1, NULL, -1500.51, 523.251, 118.272, -1500.51, 523.251, 118.272, 37, -1486.27, 529.37, 117.437, 210, 0),
	(252, NULL, 4, 4000000, NULL, 1, NULL, -1452.91, 545.58, 120.993, -1452.91, 545.58, 120.993, 61, -1452.42, 533.846, 118.376, 236, 0),
	(253, NULL, 4, 2000000, NULL, 1, NULL, -1405.44, 526.891, 123.831, -1405.44, 526.891, 123.831, 275, -1409.23, 539.601, 122.011, 90, 0),
	(254, NULL, 4, 1000000, NULL, 1, NULL, -1343.05, 481.312, 102.762, -1343.05, 481.312, 102.762, 274, -1349.76, 494.135, 103.056, 94, 0),
	(255, NULL, 4, 1000000, NULL, 1, NULL, -1308.13, 448.998, 100.97, -1308.13, 448.998, 100.97, 184, -1323.89, 449.125, 98.9288, 1, 0),
	(256, NULL, 2, 400000, NULL, 1, NULL, -1294.36, 454.379, 97.5658, -1294.36, 454.379, 97.5658, 191, -1298.12, 455.941, 96.6337, 294, 0),
	(257, NULL, 4, 6000000, NULL, 1, NULL, -1258.75, 446.866, 94.7355, -1258.75, 446.866, 94.7355, 124, -1270.83, 451.815, 94.0912, 31, 0),
	(258, NULL, 4, 2000000, NULL, 1, NULL, -1215.76, 457.889, 92.0638, -1215.76, 457.889, 92.0638, 185, -1230.3, 460.645, 90.9915, 359, 0),
	(259, NULL, 4, 1000000, NULL, 1, NULL, -1174.48, 440.104, 86.8498, -1174.48, 440.104, 86.8498, 265, -1178.46, 455.609, 85.815, 81, 0),
	(260, NULL, 4, 2000000, NULL, 1, NULL, -1094.91, 427.259, 75.8799, -1094.91, 427.259, 75.8799, 87, -1096.79, 439.864, 74.4504, 264, 0),
	(261, NULL, 4, 1000000, NULL, 1, NULL, -1277.88, 497.258, 97.8904, -1277.88, 497.258, 97.8904, 95, -1269.75, 509.937, 96.4828, 186, 0),
	(262, NULL, 4, 1000000, NULL, 1, NULL, -1218.08, 505.918, 95.6672, -1218.08, 505.918, 95.6672, 359, -1237.35, 488.171, 92.4511, 111, 0),
	(263, NULL, 4, 2000000, NULL, 1, NULL, -1158.79, 481.004, 86.0938, -1158.79, 481.004, 86.0938, 13, -1164.41, 478.308, 85.17, 186, 0),
	(264, NULL, 4, 2000000, NULL, 1, NULL, -1122.57, 486.265, 82.3557, -1122.57, 486.265, 82.3557, 347, -1108.66, 487.886, 81.3511, 169, 0),
	(265, NULL, 4, 900000, NULL, 1, NULL, -1062.63, 475.856, 81.3205, -1062.63, 475.856, 81.3205, 54, -1076.38, 465.036, 76.8413, 145, 0),
	(266, NULL, 4, 2000000, NULL, 1, NULL, -1052.12, 432.559, 77.259, -1052.12, 432.559, 77.259, 13, -1065.9, 437.258, 73.027, 91, 0),
	(267, NULL, 4, 1000000, NULL, 1, NULL, -1040.25, 508.348, 84.381, -1040.25, 508.348, 84.381, 48, -1044.09, 500.396, 83.2108, 224, 0),
	(268, NULL, 4, 2000000, NULL, 1, NULL, -1007.24, 513.522, 79.7704, -1007.24, 513.522, 79.7704, 15, -1010.26, 510.9, 78.7218, 195, 0),
	(269, NULL, 4, 2000000, NULL, 1, NULL, -967.201, 510.676, 82.0664, -967.201, 510.676, 82.0664, 327, -975.497, 525.19, 80.6368, 146, 0),
	(270, NULL, 4, 1000000, NULL, 1, NULL, -950.074, 465.033, 80.8004, -950.074, 465.033, 80.8004, 292, -940.971, 444.356, 79.5766, 114, 0),
	(271, NULL, 4, 1000000, NULL, 1, NULL, -1009.44, 479.096, 79.5916, -1009.44, 479.096, 79.5916, 150, -1012.31, 489.166, 78.4641, 9, 0),
	(272, NULL, 4, 1000000, NULL, 1, NULL, -987.131, 487.076, 82.4611, -987.131, 487.076, 82.4611, 191, -994.068, 489.766, 81.4304, 8, 0),
	(273, NULL, 3, 500000, NULL, 1, NULL, -968.754, 436.851, 80.7653, -968.754, 436.851, 80.7653, 69, -966.747, 448.565, 78.9733, 201, 0),
	(274, NULL, 4, 1000000, NULL, 1, NULL, -983.557, 428.782, 80.5778, -983.557, 428.782, 80.5778, 340, -989.593, 420.025, 74.3362, 201, 0),
	(275, NULL, 3, 500000, NULL, 1, NULL, -1056.05, -1000.79, 2.15006, -1056.05, -1000.79, 2.15006, 298, -1040.96, -1004.93, 1.31405, 211, 0),
	(276, NULL, 2, 150000, NULL, 1, NULL, -1000.52, -1030.13, 2.15034, -1000.52, -1030.13, 2.15034, 28, -1008.98, -1010.59, 1.31476, 29, 0),
	(277, NULL, 3, 250000, NULL, 1, NULL, -1012.42, -982.717, 2.1502, -1012.42, -982.717, 2.1502, 118, -1010.43, -993.834, 1.31455, 207, 0),
	(278, NULL, 3, 300000, NULL, 1, NULL, -997.396, -1012.27, 2.1502, -997.396, -1012.27, 2.1502, 301, -995.37, -1002.52, 1.31473, 33, 0),
	(279, NULL, 3, 250000, NULL, 1, NULL, -990.684, -975.602, 4.22281, -990.684, -975.602, 4.22281, 119, -992.59, -986.469, 1.28549, 126, 0),
	(280, NULL, 3, 200000, NULL, 1, NULL, -989.401, -989.676, 2.04989, -989.401, -989.676, 2.04989, 209, -985.394, -986.232, 1.18208, 116, 0),
	(281, NULL, 4, 750000, NULL, 1, NULL, -1154.64, -931.001, 2.79383, -1154.64, -931.001, 2.79383, 29, -1163.58, -927.111, 1.77981, 212, 0),
	(282, NULL, 3, 450000, NULL, 1, NULL, -1152.18, -913.445, 6.99347, -1152.18, -913.445, 6.99347, 121, -1145.66, -911.376, 1.861, 207, 0),
	(283, NULL, 3, 450000, NULL, 1, NULL, -1179.5, -929.235, 6.99334, -1179.5, -929.235, 6.99334, 299, -1185.38, -928.595, 1.91008, 210, 0),
	(284, NULL, 2, 150000, NULL, 1, NULL, -1203.85, -943.028, 8.1148, -1203.85, -943.028, 8.1148, 302, -1193.86, -951.979, 3.76474, 211, 0),
	(285, NULL, 2, 150000, NULL, 1, NULL, -1202.75, -945.026, 8.11484, -1202.75, -945.026, 8.11484, 300, -1189.92, -949.893, 3.44574, 209, 0),
	(286, NULL, 3, 500000, NULL, 1, NULL, -115.694, -373.019, 38.1185, -115.849, -372.995, 38.074, 71, -117.96, -366.643, 36.329, 71, 0),
	(287, NULL, 3, 450000, NULL, 1, NULL, -17.8572, -296.511, 45.7494, -16.9294, -296.665, 45.7725, 261, -14.6739, -302.516, 44.9095, 264, 0),
	(288, NULL, 3, 450000, NULL, 1, NULL, -30.0676, -347.141, 46.2887, -29.5755, -347.004, 46.0505, 287, -22.674, -344.027, 42.0542, 251, 0),
	(289, NULL, 3, 300000, NULL, 1, NULL, -53.3025, -397.398, 38.1281, -53.3551, -397.558, 38.1281, 96, -40.3861, -388.413, 37.8743, 253, 0),
	(290, NULL, 3, 300000, NULL, 1, NULL, -50.9499, -398.26, 38.1281, -50.9499, -398.26, 38.1281, 345, -38.3213, -381.143, 37.897, 251, 0),
	(291, NULL, 3, 450000, NULL, 1, NULL, 92.6767, 49.3287, 73.5209, 92.6767, 49.3287, 73.5209, 251, 118.636, 42.5943, 72.6844, 248, 0),
	(292, NULL, 3, 450000, NULL, 1, NULL, 95.5756, 40.8721, 73.5209, 95.5756, 40.8721, 73.5209, 252, 117.407, 38.0468, 72.6846, 248, 0),
	(293, NULL, 3, 550000, NULL, 1, NULL, 106.895, 54.8815, 77.7695, 106.895, 54.8815, 77.7695, 67, 120.325, 46.4939, 72.6842, 249, 0),
	(294, NULL, 3, 300000, NULL, 1, NULL, 106.841, 54.7317, 81.7733, 106.841, 54.7317, 81.7733, 68, 115.535, 34.5238, 72.6846, 249, 0),
	(295, NULL, 4, 1000000, NULL, 1, NULL, 224.129, 513.535, 140.923, 224.129, 513.535, 140.923, 225, 238.883, 528.774, 139.729, 297, 0),
	(296, NULL, 4, 4000000, NULL, 1, NULL, 167.468, 473.838, 142.513, 174.163, 466.364, 141.907, 174, 174.455, 481.089, 141.299, 346, 0);

-- Дамп структуры для таблица chaos_db.infopoints
CREATE TABLE IF NOT EXISTS `infopoints` (
  `id` int(11) NOT NULL AUTO_INCREMENT,
  `x` float NOT NULL DEFAULT 100,
  `y` float NOT NULL DEFAULT 100,
  `z` float NOT NULL DEFAULT 100,
  PRIMARY KEY (`id`)
) ENGINE=InnoDB AUTO_INCREMENT=9 DEFAULT CHARSET=utf8 COLLATE=utf8_general_ci;

-- Дамп данных таблицы chaos_db.infopoints: ~8 rows (приблизительно)
INSERT INTO `infopoints` (`id`, `x`, `y`, `z`) VALUES
	(1, -239.678, -343.605, 28.8277),
	(2, 263.975, -1119.05, 28.1444),
	(3, -192.85, -811.212, 29.254),
	(4, 1159.4, -483.957, 64.522),
	(5, -185.084, 6430.47, 30.7159),
	(6, 1953.12, 3842.11, 30.9798),
	(7, 100, 100, 100),
	(8, -1039.86, -2731.14, 19.0144);

-- Дамп структуры для таблица chaos_db.interiors
CREATE TABLE IF NOT EXISTS `interiors` (
  `id` int(11) NOT NULL AUTO_INCREMENT,
  `garageId` int(11) DEFAULT NULL,
  `class` varchar(50) NOT NULL,
  `numRooms` int(11) NOT NULL,
  `rent` float NOT NULL,
  `x` float NOT NULL,
  `y` float NOT NULL,
  `z` float NOT NULL,
  `rotation` int(11) NOT NULL,
  `exitX` float NOT NULL,
  `exitY` float NOT NULL,
  `exitZ` float NOT NULL,
  `hX` float NOT NULL,
  `hY` float NOT NULL,
  `hZ` float NOT NULL,
  PRIMARY KEY (`id`),
  KEY `garageId` (`garageId`),
  CONSTRAINT `interiors_ibfk_1` FOREIGN KEY (`garageId`) REFERENCES `garages` (`id`) ON DELETE SET NULL ON UPDATE CASCADE
) ENGINE=InnoDB AUTO_INCREMENT=5 DEFAULT CHARSET=utf8 COLLATE=utf8_general_ci;

-- Дамп данных таблицы chaos_db.interiors: ~4 rows (приблизительно)
INSERT INTO `interiors` (`id`, `garageId`, `class`, `numRooms`, `rent`, `x`, `y`, `z`, `rotation`, `exitX`, `exitY`, `exitZ`, `hX`, `hY`, `hZ`) VALUES
	(1, NULL, 'Эконом', 1, 0.1, 151.792, -1005.89, -98.9999, -14, 151.328, -1008.01, -99, 151.87, -1001.47, -99),
	(2, 1, 'Комфорт', 2, 0.1, 265.997, -1003.57, -99.0087, 18, 266.21, -1007.61, -101.009, 259.78, -1004.01, -99.01),
	(3, 2, 'Комфорт +', 2, 0.1, 346.718, -1006.98, -99.1962, -3, 346.546, -1013.14, -99.1962, 350.69, -993.58, -99.2),
	(4, 3, 'Люкс', 7, 0.01, -761.04, 617.91, 144.15, 102, -758.54, 619.14, 144.15, -767.22, 610.94, 140.33);

-- Дамп структуры для таблица chaos_db.inventoryitems
CREATE TABLE IF NOT EXISTS `inventoryitems` (
  `id` int(11) NOT NULL AUTO_INCREMENT,
  `name` varchar(128) NOT NULL,
  `description` text NOT NULL,
  `height` int(11) NOT NULL DEFAULT 1,
  `width` int(11) NOT NULL DEFAULT 1,
  `weight` float NOT NULL DEFAULT 1,
  `model` varchar(128) NOT NULL DEFAULT 'hei_prop_heist_deposit_box',
  `deltaZ` float NOT NULL DEFAULT 0,
  `rX` float NOT NULL DEFAULT 0,
  `rY` float NOT NULL DEFAULT 0,
  `chance` int(3) NOT NULL,
  `attachInfo` varchar(128) NOT NULL DEFAULT '{"bone":11363,"pos":[0.08,-0.15,-0.25],"rot":[-100,0,0],"anim":0}',
  PRIMARY KEY (`id`)
) ENGINE=InnoDB AUTO_INCREMENT=167 DEFAULT CHARSET=utf8 COLLATE=utf8_general_ci;

-- Дамп данных таблицы chaos_db.inventoryitems: ~166 rows (приблизительно)
INSERT INTO `inventoryitems` (`id`, `name`, `description`, `height`, `width`, `weight`, `model`, `deltaZ`, `rX`, `rY`, `chance`, `attachInfo`) VALUES
	(1, 'Очки', 'Эти очки помогут вам защититься от воздействия на глаза солнечного света.', 1, 2, 0.1, 'prop_cs_sol_glasses', 0.01, 0, 0, 0, '{"bone":11363,"pos":[0.1,-0.05,0],"rot":[-100,0,0],"anim":0}'),
	(2, 'Аксессуар', 'Предмет, с помощью которого можно выделить свою красоту и достаток.', 2, 1, 0.15, 'p_jewel_necklace_02', 0.01, -18, 0, 0, '{"bone":11363,"pos":[0.08,-0.05,0],"rot":[40,0,0],"anim":0}'),
	(3, 'Бронежилет', 'Лучшая защита от пуль - это нападение!', 4, 4, 9, 'prop_armour_pickup', 0.03, -90, 0, 0, '{"bone":11363,"pos":[0.25,-0.1,0],"rot":[-90,-40,180],"anim":0}'),
	(4, 'Прослушка', 'Закрепи в нужном месте и подслушивай!', 2, 1, 0.5, 'prop_cs_hand_radio', 0.02, 90, 0, 0, '{"bone":11363,"pos":[0.05,0,0],"rot":[0,45,45],"anim":0}'),
	(5, 'Удочка', 'Приспособление для ловли рыбы.', 1, 5, 0.5, 'prop_fishing_rod_02', 0.02, 90, 180, 0, '{"bone":18905,"pos":[0.13,0.05,0],"rot":[120,320,-160],"anim":0}'),
	(6, 'Головной убор', 'Спасает от солнечного удара.', 2, 2, 0.5, 'prop_proxy_hat_01', 0.07, 0, 0, 0, '{"bone":11363,"pos":[0.1,-0.05,0],"rot":[40,0,0],"anim":0}'),
	(7, 'Верхняя одежда', 'Изделие или совокупность изделий, надеваемых человеком.', 3, 2, 0.8, 'prop_ld_tshirt_02', 0.05, 0, 0, 0, '{"bone":11363,"pos":[0.2,-0.05,0],"rot":[160,0,180],"anim":0}'),
	(8, 'Брюки', 'Предмет верхней одежды, покрывающий нижнюю часть туловища и обе ноги.', 3, 2, 0.5, 'prop_ld_jeans_01', 0, 0, 0, 0, '{"bone":11363,"pos":[0.25,0,0],"rot":[160,0,180],"anim":0}'),
	(9, 'Обувь', 'Не советуем вам ходить без обуви по городу.', 1, 2, 0.95, 'prop_ld_shoe_01', 0.05, 0, 0, 0, '{"bone":11363,"pos":[0.15,-0.05,0],"rot":[-100,0,0],"anim":0}'),
	(10, 'Серьги', 'Серьги - это главные аксессуары женской красоты.', 1, 1, 0.05, 'p_tmom_earrings_s', 0.05, 0, 0, 0, '{"bone":11363,"pos":[0,0,0],"rot":[-100,0,0],"anim":0}'),
	(11, 'Часы', 'Обычные наручные часы, которые продаются в любом магазине.', 2, 1, 0.345, 'p_watch_01', -0.01, 0, 0, 0, '{"bone":11363,"pos":[0,0,0],"rot":[-100,0,0],"anim":0}'),
	(12, 'Браслет', 'Наденьте этот предмет на руку и вы будете выглядить просто неотразимо.', 2, 1, 0.1, 'p_watch_02', 0.01, 180, 0, 0, '{"bone":11363,"pos":[0,0,0],"rot":[-100,0,0],"anim":0}'),
	(13, 'Сумка', 'Сумка с ручкой для хранения и переноса в ней всего что захотите.', 4, 4, 0.45, 'prop_cs_heist_bag_02', 0.15, 0, 0, 0, '{"bone":11363,"pos":[0.08,-0.18,0.05],"rot":[45,45,180],"anim":0}'),
	(14, 'Маска', 'Хорошее украшение для макарада.', 2, 2, 0.14, 'p_trev_ski_mask_s', 0.03, -30, 0, 0, '{"bone":11363,"pos":[0,0,0],"rot":[-100,0,0],"anim":0}'),
	(15, 'Рыба', 'Можешь продать, а можешь и приготовить.', 2, 2, 0, 'prop_bucket_02a', 0.02, 0, 0, 0, '{"bone":11363,"pos":[0.22,-0.3,0.08],"rot":[90,240,0],"anim":0}'),
	(16, 'Сигареты', 'Пачка сигарет. Но помните - купить вредно!', 1, 1, 0.001, 'prop_fag_packet_01', 0, -90, 0, 0, '{"bone":11363,"pos":[0,0,0],"rot":[-100,0,0],"anim":0}'),
	(17, 'Полицейская дубинка', 'Предмет для самообороны полицейского, или для усмирения хулиганов.', 2, 3, 1, 'w_me_nightstick', 0.02, -90, 0, 0, '{"bone":11363,"pos":[0.08,-0.15,-0.25],"rot":[-100,0,0],"anim":0}'),
	(18, 'Фонарик', 'Луч света в темноте.', 1, 2, 1, 'p_cs_police_torch_s', 0.03, 0, 0, 0, '{"bone":11363,"pos":[0.08,-0.15,-0.25],"rot":[-100,0,0],"anim":0}'),
	(19, 'Stun Gun', 'Шокер, сильный разряд которого остановит любого!', 2, 3, 0.6, 'w_pi_stungun', 0.02, 90, 0, 0, '{"bone":11363,"pos":[0.08,-0.15,-0.25],"rot":[-100,0,0],"anim":0}'),
	(20, 'Combat Pistol', 'Маленький компактный пистолет. Идеален для скрытого ношения.', 2, 3, 1, 'w_pi_combatpistol', 0.015, 90, 0, 0, '{"bone":11363,"pos":[0.08,-0.15,-0.25],"rot":[-100,0,0],"anim":0}'),
	(21, 'Pump Shotgun', 'Помповый дробовик, очень мощьный и эффективный.', 3, 4, 3.3, 'w_sg_pumpshotgun', 0, 90, 0, 0, '{"bone":11363,"pos":[0.08,-0.15,-0.25],"rot":[-100,0,0],"anim":0}'),
	(22, 'Carbine Rifle', 'Скорострельная автоматическая винтовка.', 3, 4, 3.56, 'w_ar_carbinerifle', 0.02, 90, 0, 0, '{"bone":11363,"pos":[0.08,-0.15,-0.25],"rot":[-100,0,0],"anim":0}'),
	(23, 'Sniper Rifle', 'Снайперская винтовка с мощным оптическим прицелом.', 3, 5, 6.3, 'w_sr_sniperrifle', 0.02, 90, 0, 0, '{"bone":11363,"pos":[0.08,-0.15,-0.25],"rot":[-100,0,0],"anim":0}'),
	(24, 'Малая аптечка', 'Аптечка первой помощи.', 2, 2, 1, 'prop_ld_health_pack', 0.094, 0, 0, 0, '{"bone":11363,"pos":[0.17,0,0],"rot":[-100,0,0],"anim":0}'),
	(25, 'Пластырь', 'Если вы порезались, то он вам точно пригодится!', 2, 1, 0.1, 'prop_stat_pack_01', 0.094, 0, 0, 0, '{"bone":11363,"pos":[0.17,0,0],"rot":[-100,0,0],"anim":0}'),
	(26, 'Адреналин', 'Шприц с острой иголкой. Не уколитесь!', 2, 1, 0.05, 'prop_syringe_01', 0.01, 90, 0, 0, '{"bone":11363,"pos":[0,0,0],"rot":[0,45,45],"anim":0}'),
	(27, 'Большая аптечка', 'Аптечка первой помощи с сильнейшими препаратами.', 2, 2, 1.2, 'prop_ld_health_pack', 0.094, 0, 0, 0, '{"bone":11363,"pos":[0.17,0,0],"rot":[-100,0,0],"anim":0}'),
	(28, 'Наручники', 'Металические наручники. Выбраться из них почти невозможно!', 1, 2, 0.345, 'p_cs_cuffs_02_s', 0, 0, 0, 0, '{"bone":11363,"pos":[0.1,0,0],"rot":[-100,0,0],"anim":0}'),
	(29, 'Наркотик', 'Дунул... И заебиииись!', 1, 1, 0.05, 'hei_prop_hei_drug_pack_01b', 0.03, 0, 0, 0, '{"bone":11363,"pos":[0.15,-0.05,0],"rot":[0,0,90],"anim":0}'),
	(30, 'Амфетамин', 'Синтетический стимулятор центральной нервной системы.', 1, 1, 0.05, 'ng_proc_drug01a002', 0, 0, 0, 0, '{"bone":11363,"pos":[0,0,0],"rot":[-100,0,0],"anim":0}'),
	(31, 'Экстази', 'Для любителей синтетики.', 1, 1, 0.1, 'hei_prop_hei_drug_pack_02', -0.02, 0, 0, 0, '{"bone":11363,"pos":[0,0,0],"rot":[-100,0,0],"anim":0}'),
	(32, 'ЛСД', 'С ним ты почуствуешь скорость!', 1, 1, 0.5, 'prop_drug_erlenmeyer', -0.05, 0, 0, 0, '{"bone":11363,"pos":[0,0,0],"rot":[0,0,-45],"anim":0}'),
	(33, 'Ключи авто', 'Ключи от транспортного средства с красивым брелоком', 1, 1, 0.05, 'p_car_keys_01', 0.005, 0, 0, 0, '{"bone":11363,"pos":[0,0,0],"rot":[-100,0,0],"anim":0}'),
	(34, 'Бутылка воды', 'Обычная вода, утоляет жажду.', 2, 1, 0.5, 'bkr_prop_coke_powderbottle_02', 0.02, 90, 0, 0, '{"bone":11363,"pos":[0,-0.07,-0.1],"rot":[0,-45,-90],"anim":0}'),
	(35, 'Батончик шоколада', 'Подавляет чувство голода. ', 1, 2, 0.1, 'prop_choc_meto', 0, 0, 0, 0, '{"bone":11363,"pos":[0,-0.05,-0.01],"rot":[120,60,20],"anim":0}'),
	(36, 'Тыква', 'Выращенная культура с фермы.', 2, 2, 1.5, 'prop_veg_crop_03_pump', 0, 0, 0, 0, '{"bone":11363,"pos":[0,-0.5,0.06],"rot":[-100,0,0],"anim":0}'),
	(37, 'Патроны 9mm', 'Патроны калибра 9 мм, подходят для пистолетов.', 1, 2, 0.01, 'prop_ld_ammo_pack_01', 0.05, 0, 0, 0, '{"bone":11363,"pos":[0.1,-0.06,0],"rot":[-100,0,0],"anim":0}'),
	(38, 'Патроны 12mm', 'Патроны калибра 12 мм, используется в дробовиках.', 1, 2, 0.01, 'prop_ld_ammo_pack_02', 0.05, 0, 0, 0, '{"bone":11363,"pos":[0.1,-0.06,0],"rot":[-100,0,0],"anim":0}'),
	(39, 'Патроны 7.62mm', 'Патроны калибра 7,62. Используются в снайперской винтовке.', 1, 2, 0.01, 'prop_box_ammo07b', 0.01, 0, 0, 0, '{"bone":11363,"pos":[0,-0.3,0.2],"rot":[-100,0,0],"anim":0}'),
	(40, 'Патроны 5.56mm', 'Патроны калибра 5,56. Сделаны специально для штурмовых винтовок!', 1, 2, 0.01, 'prop_ld_ammo_pack_03', 0.05, 0, 0, 0, '{"bone":11363,"pos":[0.1,0,0],"rot":[-100,0,0],"anim":0}'),
	(41, 'Бейсбольная бита', 'Спортивное снаряжение для игры в бейсбол. Бить людей ею не стоит.', 2, 4, 1.2, 'w_me_bat', 0.04, -90, 0, 0, '{"bone":11363,"pos":[0.08,-0.15,-0.25],"rot":[-100,0,0],"anim":0}'),
	(42, 'Кастет', 'Холодное оружие. Металическое и поэтому холодное.', 1, 1, 0.9, 'hei_prop_heist_deposit_box', 0, 0, 0, 0, '{"bone":11363,"pos":[0.08,-0.15,-0.25],"rot":[-100,0,0],"anim":0}'),
	(43, 'Нож', 'Большой крепкий нож. По нему видно, что сделан он не для резки овощей.', 1, 3, 0.7, 'w_me_knife_01', 0.01, 90, 0, 0, '{"bone":11363,"pos":[0.08,-0.15,-0.25],"rot":[-100,0,0],"anim":0}'),
	(44, 'Pistol', 'Пистолет калибра 9 мм. Хороший и надежный, удобно лежит в руке.', 2, 2, 1.1, 'w_pi_pistol', 0.011, 90, 0, 0, '{"bone":11363,"pos":[0.08,-0.15,-0.25],"rot":[-100,0,0],"anim":0}'),
	(45, 'Дрон', 'Квадрокоптер на дистанционном управлении', 2, 3, 3, 'xs_prop_arena_drone_02', 0.1, 0, 0, 0, '{"bone":11363,"pos":[0,0,0],"rot":[-150,0,0],"anim":0}'),
	(46, 'AP Pistol', 'Мощьный и скорострельный пистолет.', 2, 2, 1.4, 'w_pi_appistol', 0.013, 90, 0, 0, '{"bone":11363,"pos":[0.08,-0.15,-0.25],"rot":[-100,0,0],"anim":0}'),
	(47, 'Micro SMG', 'Маленький одноручный пистолет пулемет. Очень скорострельный.', 2, 3, 2.75, 'w_sb_microsmg', 0.02, 90, 0, 0, '{"bone":11363,"pos":[0.08,-0.15,-0.25],"rot":[-100,0,0],"anim":0}'),
	(48, 'SMG', 'Двуручный пистолет пулемет.', 2, 3, 2.77, 'w_sb_smg', 0.02, 90, 0, 0, '{"bone":11363,"pos":[0.08,-0.15,-0.25],"rot":[-100,0,0],"anim":0}'),
	(49, 'Sawed-Off Shotgun', 'Укороченный помповый дробовик.', 3, 4, 2.1, 'w_sg_sawnoff', 0.02, 90, 0, 0, '{"bone":11363,"pos":[0.08,-0.15,-0.25],"rot":[-100,0,0],"anim":0}'),
	(50, 'Assault Rifle', 'Мощьная, скорострельная автоматическая винтовка.', 3, 4, 4, 'w_ar_assaultrifle', 0.01, -90, 0, 0, '{"bone":11363,"pos":[0.08,-0.15,-0.25],"rot":[-100,0,0],"anim":0}'),
	(51, 'Bullpup Rifle', 'Автоматическая винтовка конструкции буллпаб.', 3, 4, 2.9, 'w_ar_bullpuprifle', 0.015, 90, 0, 0, '{"bone":11363,"pos":[0.08,-0.15,-0.25],"rot":[-100,0,0],"anim":0}'),
	(52, 'Compact Rifle', 'Компактная автоматическая винтовка. Очень удобная в переноске.', 2, 3, 2.5, 'w_ar_assaultrifle', 0.02, 90, 0, 0, '{"bone":11363,"pos":[0.08,-0.15,-0.25],"rot":[-100,0,0],"anim":0}'),
	(53, 'Пусто 2', 'Добавить описание и модель!', 1, 1, 0.01, 'prop_ld_jerrycan_01', 0.02, 90, 0, 0, '{"bone":11363,"pos":[0.08,-0.15,-0.25],"rot":[-100,0,0],"anim":0}'),
	(54, 'Веревка', 'Обычно пригождается чтобы связать что-то, ну или кого-то...', 2, 1, 0.5, 'prop_stag_do_rope', 0.02, 0, 0, 0, '{"bone":11363,"pos":[0.17,-0.02,0],"rot":[45,0,0],"anim":0}'),
	(55, 'Мешок', 'Надень кому-нибудь на голову', 2, 1, 0.2, 'ng_proc_binbag_01a', 0, 0, 0, 0, '{"bone":11363,"pos":[0.25,-0.35,0.1],"rot":[0,260,320],"anim":0}'),
	(56, 'Канистра', 'Можно хранить топливо про запас', 4, 3, 0.2, 'prop_ld_jerrycan_01', 0.08, 0, 90, 0, '{"bone":11363,"pos":[0,-0.05,0],"rot":[30,250,0],"anim":0}'),
	(57, 'Нерабочий аккамулятор', 'Обычный мусор', 3, 3, 10, 'prop_car_battery_01', 0.1, 0, 0, 0, '{"bone":11363,"pos":[0.15,0,0],"rot":[-100,0,0],"anim":0}'),
	(58, 'Кусок автомобиля', 'Обычный мусор', 5, 5, 10, 'prop_rub_carpart_02', 0.07, 90, 180, 0, '{"bone":11363,"pos":[0,0,0.9],"rot":[0,180,0],"anim":0}'),
	(59, 'Грязная вода', 'Обычный мусор', 2, 1, 0.1, 'bkr_prop_coke_powderbottle_02', 0.02, 90, 0, 0, '{"bone":11363,"pos":[0,-0.07,-0.1],"rot":[0,-45,-90],"anim":0}'),
	(60, 'Жестянка', 'Обычный мусор', 1, 2, 0.1, 'ng_proc_sodacan_02a', 0, 0, 0, 0, '{"bone":11363,"pos":[0,-0.05,-0.05],"rot":[0,0.1,0],"anim":0}'),
	(61, 'Моющее средство', 'Обычный мусор', 2, 1, 0.1, 'v_res_fa_washlq', 0.02, 90, 0, 0, '{"bone":11363,"pos":[0,-0.05,0],"rot":[-60,0,0],"anim":0}'),
	(62, 'Испортившийся напиток', 'Обычный мусор', 2, 1, 0.1, 'prop_bottle_brandy', 0, 0, 0, 0, '{"bone":11363,"pos":[0,-0.3,-0.1],"rot":[-70,0,0],"anim":0}'),
	(63, 'Кастрюля', 'Обычный мусор', 2, 2, 0.3, 'v_ret_fh_pot01', 0.12, 0, 0, 0, '{"bone":11363,"pos":[0,-0.2,0.1],"rot":[90,-90,0],"anim":0}'),
	(64, 'Макулатура', 'Обычный мусор', 3, 3, 0.5, 'ng_proc_paper_news_meteor', -0.04, 180, 180, 0, '{"bone":11363,"pos":[0.2,0,-0.03],"rot":[0,0,0],"anim":0}'),
	(65, 'Кейс', 'Внутри можно хранить вещи. Возьми в руки, чтобы посмотреть содержимое.', 2, 2, 0.2, 'bkr_prop_biker_case_shut', 0.06, 0, 0, 0, '{"bone":11363,"pos":[0,-0.05,0],"rot":[0,200,250],"anim":0}'),
	(66, 'Розочка от бутылки', 'Добавить описание и модель!', 1, 2, 0.2, 'prop_ld_jerrycan_01', 0.02, 90, 0, 0, '{"bone":11363,"pos":[0.08,-0.15,-0.25],"rot":[-100,0,0],"anim":0}'),
	(67, 'Монтировка', 'Добавить описание и модель!', 1, 3, 2.2, 'prop_ld_jerrycan_01', 0.02, 90, 0, 0, '{"bone":11363,"pos":[0.08,-0.15,-0.25],"rot":[-100,0,0],"anim":0}'),
	(68, 'Клюшка для гольфа', 'Добавить описание и модель!', 1, 4, 1.5, 'prop_ld_jerrycan_01', 0.02, 90, 0, 0, '{"bone":11363,"pos":[0.08,-0.15,-0.25],"rot":[-100,0,0],"anim":0}'),
	(69, 'Молоток', 'Добавить описание и модель!', 1, 3, 1.3, 'prop_ld_jerrycan_01', 0.02, 90, 0, 0, '{"bone":11363,"pos":[0.08,-0.15,-0.25],"rot":[-100,0,0],"anim":0}'),
	(70, 'Топор', 'Руби, руби и еще раз руби!', 2, 3, 1.4, 'prop_tool_fireaxe', 0.02, 90, 0, 0, '{"bone":11363,"pos":[0.08,-0.15,-0.25],"rot":[-100,0,0],"anim":0}'),
	(71, 'Мачете', 'Добавить описание и модель!', 1, 3, 1.5, 'prop_ld_jerrycan_01', 0.02, 90, 0, 0, '{"bone":11363,"pos":[0.08,-0.15,-0.25],"rot":[-100,0,0],"anim":0}'),
	(72, 'Нож', 'Добавить описание и модель!', 1, 2, 0.3, 'prop_ld_jerrycan_01', 0.02, 90, 0, 0, '{"bone":11363,"pos":[0.08,-0.15,-0.25],"rot":[-100,0,0],"anim":0}'),
	(73, 'Гаечный ключ', 'Добавить описание и модель!', 1, 3, 2.5, 'prop_ld_jerrycan_01', 0.02, 90, 0, 0, '{"bone":11363,"pos":[0.08,-0.15,-0.25],"rot":[-100,0,0],"anim":0}'),
	(74, 'Тамогавк', 'Добавить описание и модель!', 1, 2, 0.5, 'prop_ld_jerrycan_01', 0.02, 90, 0, 0, '{"bone":11363,"pos":[0.08,-0.15,-0.25],"rot":[-100,0,0],"anim":0}'),
	(75, 'Кий', 'Добавить описание и модель!', 1, 3, 1.2, 'prop_ld_jerrycan_01', 0.02, 90, 0, 0, '{"bone":11363,"pos":[0.08,-0.15,-0.25],"rot":[-100,0,0],"anim":0}'),
	(76, 'Каменный топор', 'Руби, руби и еще раз руби!', 2, 3, 1.4, 'prop_w_me_hatchet', 0.02, 90, 0, 0, '{"bone":11363,"pos":[0.08,-0.15,-0.25],"rot":[-100,0,0],"anim":0}'),
	(77, 'Пусто 3', 'Добавить описание и модель!', 1, 1, 0.01, 'prop_ld_jerrycan_01', 0.02, 90, 0, 0, '{"bone":11363,"pos":[0.08,-0.15,-0.25],"rot":[-100,0,0],"anim":0}'),
	(78, 'Пусто 4', 'Добавить описание и модель!', 1, 1, 0.01, 'prop_ld_jerrycan_01', 0.02, 90, 0, 0, '{"bone":11363,"pos":[0.08,-0.15,-0.25],"rot":[-100,0,0],"anim":0}'),
	(79, 'Пистолет ?1', 'Добавить описание и модель!', 1, 1, 0.01, 'prop_ld_jerrycan_01', 0.02, 90, 0, 0, '{"bone":11363,"pos":[0.08,-0.15,-0.25],"rot":[-100,0,0],"anim":0}'),
	(80, 'Heavy Pistol', 'Обычный тяжелый пистолет, мощнее обычного', 2, 2, 1.4, 'w_pi_heavypistol', 0.02, 90, 0, 0, '{"bone":11363,"pos":[0.08,-0.15,-0.25],"rot":[-100,0,0],"anim":0}'),
	(81, 'Пистолет ?3', 'Добавить описание и модель!', 1, 1, 0.01, 'prop_ld_jerrycan_01', 0.02, 90, 0, 0, '{"bone":11363,"pos":[0.08,-0.15,-0.25],"rot":[-100,0,0],"anim":0}'),
	(82, 'Сигнальный пистолет', 'Добавить описание и модель!', 1, 2, 0.5, 'prop_ld_jerrycan_01', 0.02, 90, 0, 0, '{"bone":11363,"pos":[0.08,-0.15,-0.25],"rot":[-100,0,0],"anim":0}'),
	(83, 'Лупара', 'Добавить описание и модель!', 1, 2, 0.7, 'prop_ld_jerrycan_01', 0.02, 90, 0, 0, '{"bone":11363,"pos":[0.08,-0.15,-0.25],"rot":[-100,0,0],"anim":0}'),
	(84, 'Heavy Revolver', 'Тяжелый и мощный револьвер. У него сильная отдача!', 2, 2, 1.7, 'w_pi_pistol50', 0.015, 90, 0, 0, '{"bone":11363,"pos":[0.08,-0.15,-0.25],"rot":[-100,0,0],"anim":0}'),
	(85, 'Золотой револьвер', 'Добавить описание и модель!', 1, 2, 0.7, 'prop_ld_jerrycan_01', 0.02, 90, 0, 0, '{"bone":11363,"pos":[0.08,-0.15,-0.25],"rot":[-100,0,0],"anim":0}'),
	(86, 'Пусто 5', 'Добавить описание и модель!', 1, 1, 0.01, 'prop_ld_jerrycan_01', 0.02, 90, 0, 0, '{"bone":11363,"pos":[0.08,-0.15,-0.25],"rot":[-100,0,0],"anim":0}'),
	(87, 'Assault SMG', 'Компактный и лёгкий пистолет-пулемёт с магазином большой ёмкости', 2, 3, 2, 'w_sb_assaultsmg', 0.02, 90, 0, 0, '{"bone":11363,"pos":[0.08,-0.15,-0.25],"rot":[-100,0,0],"anim":0}'),
	(88, 'Combat PDW', 'Персональное оружие не к лицу военным? Конгресс тут ни при чём — благодарите лоббистов', 2, 3, 2, 'w_sb_pdw', 0.02, 90, 0, 0, '{"bone":11363,"pos":[0.08,-0.15,-0.25],"rot":[-100,0,0],"anim":0}'),
	(89, 'Machine Pistol', 'Имеет средний урон и малую скорострельность, но довольно быстро заменяет магазин', 2, 2, 1.4, 'w_pi_sns_pistol', 0.02, 90, 0, 0, '{"bone":11363,"pos":[0.08,-0.15,-0.25],"rot":[-100,0,0],"anim":0}'),
	(90, 'Mini SMG', 'Этот пистолет-пулемёт стал популярным после того, как отдел маркетинга обратил внимание на группы с низким доходом.', 2, 2, 1.5, 'w_sb_microsmg', 0.02, 90, 0, 0, '{"bone":11363,"pos":[0.08,-0.15,-0.25],"rot":[-100,0,0],"anim":0}'),
	(91, 'Pump Shotgun Mk II', 'Будте осторожны: отдача у этого дробовика почти такая же смертоносная, как и выстрел.', 2, 3, 3, 'w_sg_pumpshotgun', 0.02, 90, 0, 0, '{"bone":11363,"pos":[0.08,-0.15,-0.25],"rot":[-100,0,0],"anim":0}'),
	(92, 'Пусто 6', 'Добавить описание и модель!', 1, 1, 0.01, 'prop_ld_jerrycan_01', 0.02, 90, 0, 0, '{"bone":11363,"pos":[0.08,-0.15,-0.25],"rot":[-100,0,0],"anim":0}'),
	(93, 'Bullpup Shotgun', 'Компенсирует низкую скорострельность высокими дальностью стрельбы, разлётом дроби и убойной силой', 2, 3, 4, 'w_sg_bullpupshotgun', 0.02, 90, 0, 0, '{"bone":11363,"pos":[0.08,-0.15,-0.25],"rot":[-100,0,0],"anim":0}'),
	(94, 'Дробовик ?2', 'Добавить описание и модель!', 1, 1, 0.01, 'prop_ld_jerrycan_01', 0.02, 90, 0, 0, '{"bone":11363,"pos":[0.08,-0.15,-0.25],"rot":[-100,0,0],"anim":0}'),
	(95, 'Автомат ?2', 'Добавить описание и модель!', 1, 1, 0.01, 'prop_ld_jerrycan_01', 0.02, 90, 0, 0, '{"bone":11363,"pos":[0.08,-0.15,-0.25],"rot":[-100,0,0],"anim":0}'),
	(96, 'Double Barrel Shotgun', 'Лупара. Использовалась сицилийскими пастухами для защиты стада от волков, откуда и произошло название оружия. Затем стало распространенным оружием Коза Ностры.', 3, 4, 3.4, 'w_sg_assaultshotgun', 0.02, 90, 0, 0, '{"bone":11363,"pos":[0.08,-0.15,-0.25],"rot":[-100,0,0],"anim":0}'),
	(97, 'Пусто 8', 'Добавить описание и модель!', 1, 1, 0.01, 'prop_ld_jerrycan_01', 0.02, 90, 0, 0, '{"bone":11363,"pos":[0.08,-0.15,-0.25],"rot":[-100,0,0],"anim":0}'),
	(98, 'Пусто 9', 'Добавить описание и модель!', 1, 1, 0.01, 'prop_ld_jerrycan_01', 0.02, 90, 0, 0, '{"bone":11363,"pos":[0.08,-0.15,-0.25],"rot":[-100,0,0],"anim":0}'),
	(99, 'Carbine Rifle Mk II', 'Сделанная на заказ автоматическая винтовка, комбинирующая в себе совместные части модифицированных M4A1 и AR-15', 2, 3, 2.5, 'w_ar_carbinerifle', 0.02, 90, 0, 0, '{"bone":11363,"pos":[0.08,-0.15,-0.25],"rot":[-100,0,0],"anim":0}'),
	(100, 'Advanced Rifle', 'Наиболее лёгкая и компактная из всех штурмовых винтовок, не имеющая себе равных в точности и мощности', 2, 3, 2.5, 'w_ar_advancedrifle', 0.02, 90, 0, 0, '{"bone":11363,"pos":[0.08,-0.15,-0.25],"rot":[-100,0,0],"anim":0}'),
	(101, 'Пусто 10', 'Добавить описание и модель!', 1, 1, 0.01, 'prop_ld_jerrycan_01', 0.02, 90, 0, 0, '{"bone":11363,"pos":[0.08,-0.15,-0.25],"rot":[-100,0,0],"anim":0}'),
	(102, 'Пусто 11', 'Добавить описание и модель!', 1, 1, 0.01, 'prop_ld_jerrycan_01', 0.02, 90, 0, 0, '{"bone":11363,"pos":[0.08,-0.15,-0.25],"rot":[-100,0,0],"anim":0}'),
	(103, 'Пусто 12', 'Добавить описание и модель!', 1, 1, 0.01, 'prop_ld_jerrycan_01', 0.02, 90, 0, 0, '{"bone":11363,"pos":[0.08,-0.15,-0.25],"rot":[-100,0,0],"anim":0}'),
	(104, 'Combat MG', 'Добавить описание и модель!', 1, 1, 0.01, 'prop_ld_jerrycan_01', 0.02, 90, 0, 0, '{"bone":11363,"pos":[0.08,-0.15,-0.25],"rot":[-100,0,0],"anim":0}'),
	(105, 'Combat MK II', 'Добавить описание и модель!', 1, 1, 0.01, 'prop_ld_jerrycan_01', 0.02, 90, 0, 0, '{"bone":11363,"pos":[0.08,-0.15,-0.25],"rot":[-100,0,0],"anim":0}'),
	(106, 'Пусто 13', 'Добавить описание и модель!', 1, 1, 0.01, 'prop_ld_jerrycan_01', 0.02, 90, 0, 0, '{"bone":11363,"pos":[0.08,-0.15,-0.25],"rot":[-100,0,0],"anim":0}'),
	(107, 'Heavy Sniper', 'Использует бронебойные патроны, наносящие огромный урон.', 2, 4, 4.5, 'w_sr_heavysniper', 0.02, 90, 0, 0, '{"bone":11363,"pos":[0.08,-0.15,-0.25],"rot":[-100,0,0],"anim":0}'),
	(108, 'Пусто 14', 'Добавить описание и модель!', 1, 1, 0.01, 'prop_ld_jerrycan_01', 0.02, 90, 0, 0, '{"bone":11363,"pos":[0.08,-0.15,-0.25],"rot":[-100,0,0],"anim":0}'),
	(109, 'Снайперка ?2', 'Добавить описание и модель!', 1, 1, 0.01, 'prop_ld_jerrycan_01', 0.02, 90, 0, 0, '{"bone":11363,"pos":[0.08,-0.15,-0.25],"rot":[-100,0,0],"anim":0}'),
	(110, 'Пусто 15', 'Добавить описание и модель!', 1, 1, 0.01, 'prop_ld_jerrycan_01', 0.02, 90, 0, 0, '{"bone":11363,"pos":[0.08,-0.15,-0.25],"rot":[-100,0,0],"anim":0}'),
	(111, 'Пусто 16', 'Добавить описание и модель!', 1, 1, 0.01, 'prop_ld_jerrycan_01', 0.02, 90, 0, 0, '{"bone":11363,"pos":[0.08,-0.15,-0.25],"rot":[-100,0,0],"anim":0}'),
	(112, 'Пусто 17', 'Добавить описание и модель!', 1, 1, 0.01, 'prop_ld_jerrycan_01', 0.02, 90, 0, 0, '{"bone":11363,"pos":[0.08,-0.15,-0.25],"rot":[-100,0,0],"anim":0}'),
	(113, 'Пусто 18', 'Добавить описание и модель!', 1, 1, 0.01, 'prop_ld_jerrycan_01', 0.02, 90, 0, 0, '{"bone":11363,"pos":[0.08,-0.15,-0.25],"rot":[-100,0,0],"anim":0}'),
	(114, 'Пусто 19', 'Добавить описание и модель!', 1, 1, 0.01, 'prop_ld_jerrycan_01', 0.02, 90, 0, 0, '{"bone":11363,"pos":[0.08,-0.15,-0.25],"rot":[-100,0,0],"anim":0}'),
	(115, 'Пусто 20', 'Добавить описание и модель!', 1, 1, 0.01, 'prop_ld_jerrycan_01', 0.02, 90, 0, 0, '{"bone":11363,"pos":[0.08,-0.15,-0.25],"rot":[-100,0,0],"anim":0}'),
	(116, 'Пусто 21', 'Добавить описание и модель!', 1, 1, 0.01, 'prop_ld_jerrycan_01', 0.02, 90, 0, 0, '{"bone":11363,"pos":[0.08,-0.15,-0.25],"rot":[-100,0,0],"anim":0}'),
	(117, 'Снежок', 'Оружие массового уничтожения!', 1, 1, 0.05, 'w_ex_snowball', 0.05, 90, 0, 0, '{"bone":11363,"pos":[0,-0.04,-0.01],"rot":[-100,0,0],"anim":0}'),
	(118, 'Пусто 22', 'Добавить описание и модель!', 1, 1, 0.01, 'prop_ld_jerrycan_01', 0.02, 90, 0, 0, '{"bone":11363,"pos":[0.08,-0.15,-0.25],"rot":[-100,0,0],"anim":0}'),
	(119, 'Пусто 23', 'Добавить описание и модель!', 1, 1, 0.01, 'prop_ld_jerrycan_01', 0.02, 90, 0, 0, '{"bone":11363,"pos":[0.08,-0.15,-0.25],"rot":[-100,0,0],"anim":0}'),
	(120, 'Пусто 24', 'Добавить описание и модель!', 1, 1, 0.01, 'prop_ld_jerrycan_01', 0.02, 90, 0, 0, '{"bone":11363,"pos":[0.08,-0.15,-0.25],"rot":[-100,0,0],"anim":0}'),
	(121, 'Пусто 25', 'Добавить описание и модель!', 1, 1, 0.01, 'prop_ld_jerrycan_01', 0.02, 90, 0, 0, '{"bone":11363,"pos":[0.08,-0.15,-0.25],"rot":[-100,0,0],"anim":0}'),
	(122, 'Пусто 26', 'Добавить описание и модель!', 1, 1, 0.01, 'prop_ld_jerrycan_01', 0.02, 90, 0, 0, '{"bone":11363,"pos":[0.08,-0.15,-0.25],"rot":[-100,0,0],"anim":0}'),
	(123, 'Пусто 27', 'Добавить описание и модель!', 1, 1, 0.01, 'prop_ld_jerrycan_01', 0.02, 90, 0, 0, '{"bone":11363,"pos":[0.08,-0.15,-0.25],"rot":[-100,0,0],"anim":0}'),
	(124, 'Пусто 28', 'Добавить описание и модель!', 1, 1, 0.01, 'prop_ld_jerrycan_01', 0.02, 90, 0, 0, '{"bone":11363,"pos":[0.08,-0.15,-0.25],"rot":[-100,0,0],"anim":0}'),
	(125, 'Пусто 29', 'Добавить описание и модель!', 1, 1, 0.01, 'prop_ld_jerrycan_01', 0.02, 90, 0, 0, '{"bone":11363,"pos":[0.08,-0.15,-0.25],"rot":[-100,0,0],"anim":0}'),
	(126, 'Гамбургер', 'Кушать никогда не поздно!', 1, 1, 0.4, 'prop_cs_burger_01', 0.04, 0, 0, 0, '{"bone":11363,"pos":[0,0,0],"rot":[-100,0,0],"anim":0}'),
	(127, 'Хотдог', 'Сосиска в тесте с различной начинкой', 1, 2, 0.2, 'prop_cs_hotdog_02', 0.02, 0, 0, 0, '{"bone":11363,"pos":[0,0,0],"rot":[-100,0,0],"anim":0}'),
	(128, 'Пицца', 'Что может быть вкуснее пиццы?', 1, 2, 0.7, 'v_res_tt_pizzaplate', 0.02, 0, 0, 0, '{"bone":11363,"pos":[0.1,0,0],"rot":[-100,0,0],"anim":0}'),
	(129, 'Чипсы', 'Классические картофельные чипсы', 2, 2, 0.15, 'v_ret_ml_chips2', 0.01, 90, 0, 0, '{"bone":11363,"pos":[0,0,0],"rot":[110,0,0],"anim":0}'),
	(130, 'Coca-Cola', 'Забавный факт - Coca это наркотик', 2, 1, 1, 'prop_ecola_can', 0.04, 90, 0, 0, '{"bone":11363,"pos":[0,0,0],"rot":[0,-45,-90],"anim":0}'),
	(131, 'Дерево', 'Можно продать или использовать для крафта.', 2, 2, 1, 'prop_fncwood_13c', 0.06, 86, 0, 0, '{"bone":11363,"pos":[0,-0.25,0],"rot":[-100,0,0],"anim":0}'),
	(132, 'Сухпаек', 'Набор продуктов, предназначенный для питания военнослужащих, а также гражданских лиц в условиях отсутствия возможности готовить горячую пищу.', 2, 2, 2, 'prop_food_bag1', 0.02, 90, 0, 0, '{"bone":11363,"pos":[0.2,-0.26,0],"rot":[45,80,120],"anim":0}'),
	(133, 'Коктейль', 'Алкогольный коктейл. Не садитесь пьяным за руль!', 2, 1, 0.25, 'prop_cocktail', 0.02, 0, 0, 0, '{"bone":11363,"pos":[0.03,0,0],"rot":[-300,100,140],"anim":0}'),
	(134, 'Еда из клуба', 'Легкая закуска, слегка утоляет голод.', 2, 2, 0.15, 'prop_ld_snack_01', 0, 0, 0, 0, '{"bone":11363,"pos":[0,0,0],"rot":[50,0,0],"anim":0}'),
	(135, 'Руда', 'Можно продать или использовать для крафта.', 2, 2, 1, 'proc_mntn_stone01', 0, 0, 0, 0, '{"bone":11363,"pos":[0,-0.05,0],"rot":[-100,0,0],"anim":0}'),
	(136, 'Кирка', 'Долби, долби и еще раз долби!', 3, 4, 1.4, 'prop_tool_pickaxe', 0.02, -90, 0, 0, '{"bone":11363,"pos":[0,0,0],"rot":[0,-45,-90],"anim":0}'),
	(137, 'Обработанное дерево', 'Предмет для крафта.', 2, 2, 0.5, 'prop_fncwood_13c', 0.06, 86, 0, 0, '{"bone":11363,"pos":[0,-0.25,0],"rot":[-100,0,0],"anim":0}'),
	(138, 'Обработанный камень', 'Предмет для крафта.', 2, 2, 0.5, 'proc_mntn_stone01', 0, 0, 0, 0, '{"bone":11363,"pos":[0,-0.05,0],"rot":[-100,0,0],"anim":0}'),
	(139, 'Спички', 'Подкурить не найдется?', 1, 1, 0.001, 'prop_ld_ammo_pack_03', 0.05, 0, 0, 0, '{"bone":11363,"pos":[0.1,0,0],"rot":[-100,0,0],"anim":0}'),
	(140, 'Лопата', 'Наверное что-то да можно выкопать.', 2, 5, 1, 'prop_tool_shovel3', 0, 90, 0, 0, '{"bone":11363,"pos":[0.8,-0.1,0.65],"rot":[0,230,0],"anim":0}'),
	(141, 'Кусочек железа', 'Предмет для крафта.', 1, 1, 0.3, 'proc_mntn_stone01', 0, 0, 0, 0, '{"bone":11363,"pos":[0,-0.05,0],"rot":[-100,0,0],"anim":0}'),
	(142, 'Жареная рыба', 'Приготовленная еда на костре, сытное блюдо.', 2, 2, 1, 'prop_plate_03', 0, 0, 0, 0, '{"bone":11363,"pos":[0.1,-0.15,0.05],"rot":[0,-50,0],"anim":0}'),
	(143, 'Вареная тыква', 'Приготовленная еда на костре, сытное блюдо.', 2, 2, 1, 'prop_veg_crop_03_pump', 0, 0, 0, 0, '{"bone":11363,"pos":[0,-0.5,0.06],"rot":[-100,0,0],"anim":0}'),
	(144, 'Тушеная капуста', 'Приготовленная еда на костре, сытное блюдо.', 2, 2, 1, 'prop_veg_crop_03_cab', 0.02, 0, 0, 0, '{"bone":11363,"pos":[0,-0.05,-0.05],"rot":[0,0,0],"anim":0}'),
	(145, 'Морс', 'Освежающий напиток.', 2, 1, 0.3, 'p_wine_glass_s', 0.02, 0, 0, 0, '{"bone":11363,"pos":[0.09,-0.08,0.01],"rot":[-100,-30,0],"anim":0}'),
	(146, 'Капуста', 'Выращенная культура с фермы.', 2, 2, 1.5, 'prop_veg_crop_03_cab', 0.02, 0, 0, 0, '{"bone":11363,"pos":[0,-0.05,-0.05],"rot":[0,0,0],"anim":0}'),
	(147, 'Фрукты', 'Спелые фрукты, пригодятся в приготовлении пищи.', 2, 2, 1, 'apa_mp_h_acc_fruitbowl_02', 0, 0, 0, 0, '{"bone":11363,"pos":[0.15,-0.1,0.2],"rot":[-50,-70,0],"anim":0}'),
	(148, 'Палка', 'Добавить описание и модель!', 1, 1, 0.01, 'prop_ld_jerrycan_01', 0.02, 90, 0, 0, '{"bone":11363,"pos":[0.08,-0.15,-0.25],"rot":[-100,0,0],"anim":0}'),
	(149, 'Деньги', 'Наличные - не все же деньги держать на карте!', 1, 2, 0.01, 'prop_anim_cash_pile_01', 0.01, 0, 0, 0, '{"bone":11363,"pos":[0.08,-0.15,-0.25],"rot":[-100,0,0],"anim":0}'),
	(150, 'VISA', 'Банковская карточка - не забудьте свой пин код!', 1, 1, 0.01, 'prop_cs_credit_card', 0.04, 0, 0, 0, '{"bone":11363,"pos":[0.08,-0.15,-0.25],"rot":[-100,0,0],"anim":0}'),
	(151, 'Смартфон', 'Без мобильного телефона в XXI веке как без рук.', 2, 1, 0.14, 'prop_npc_phone', 0.01, -90, 0, 0, '{"bone":11363,"pos":[0.08,-0.15,-0.25],"rot":[-100,0,0],"anim":0}'),
	(152, 'Рация', 'Для переговором на большом расстоянии самое то!', 2, 1, 0.9, 'prop_cs_hand_radio', 0.03, -90, 0, 0, '{"bone":11363,"pos":[0.08,-0.15,-0.25],"rot":[-100,0,0],"anim":0}'),
	(153, 'Ps And Qs', 'Упаковка с карамельными конфетами. Очень вкусные!', 1, 1, 0.2, 'prop_candy_pqs', 0.015, 0, 0, 0, '{"bone":11363,"pos":[0.08,-0.15,-0.25],"rot":[-100,0,0],"anim":0}'),
	(154, 'Пачка Redwood', 'Пачка сигарет. Но помните - купить вредно!', 1, 1, 0.05, 'prop_fag_packet_01', 0.05, 267, 0, 0, '{"bone":11363,"pos":[0.08,-0.15,-0.25],"rot":[-100,0,0],"anim":0}'),
	(155, 'Pisswasser', 'Слабоалкогольный напиток, чем-то напоминает пиво.', 2, 1, 1, 'prop_amb_beer_bottle', 0.16, 0, 0, 0, '{"bone":11363,"pos":[0.08,-0.15,-0.25],"rot":[-100,0,0],"anim":0}'),
	(156, 'Канистра', 'Канистра для бензина. Она поможет, если вы остались посреди дороги без топлива.', 4, 4, 0.2, 'prop_ld_jerrycan_01', 0.47, 0, 0, 0, '{"bone":11363,"pos":[0.08,-0.15,-0.25],"rot":[-100,0,0],"anim":0}'),
	(157, 'MG', 'Тяжелый ручной пулемет. Очень тяжелый и очень мощьный!', 4, 5, 8.8, 'w_mg_mg', 0.02, -90, 0, 0, '{"bone":11363,"pos":[0.08,-0.15,-0.25],"rot":[-100,0,0],"anim":0}'),
	(158, 'Марихуана', 'Наркотическая трава. Легкий наркотик.', 1, 1, 0.03, 'prop_weed_bottle', 0.065, 0, 0, 0, '{"bone":11363,"pos":[0.08,-0.15,-0.25],"rot":[-100,0,0],"anim":0}'),
	(159, 'МДМА', 'Психотропное наркотическое соединение. Популярен среди молодежи.', 1, 1, 0.03, 'hei_prop_pill_bag_01', 0.05, 90, 0, 0, '{"bone":11363,"pos":[0.08,-0.15,-0.25],"rot":[-100,0,0],"anim":0}'),
	(160, 'Кокаин', 'Сильный наркотический порошок.', 1, 1, 0.03, 'hei_prop_hei_drug_pack_01a', 0.046, 0, 0, 0, '{"bone":11363,"pos":[0.08,-0.15,-0.25],"rot":[-100,0,0],"anim":0}'),
	(161, 'Метамфетамин', 'Сильный, опасный наркотик в виде кристалов.', 1, 1, 0.03, 'prop_meth_bag_01', 0.01, 90, 0, 0, '{"bone":11363,"pos":[0.08,-0.15,-0.25],"rot":[-100,0,0],"anim":0}'),
	(162, 'Ключи от недвижимости', 'Ключи от дверей дома или квартиры.', 1, 1, 0.1, 'prop_cuff_keys_01', 0.015, 0, 0, 0, '{"bone":11363,"pos":[0.08,-0.15,-0.25],"rot":[-100,0,0],"anim":0}'),
	(163, 'Удостоверение Army', 'Удостоверение военнослужащего солдата.', 1, 1, 0.05, 'prop_ld_wallet_02', 0.02, 90, 0, 0, '{"bone":11363,"pos":[0.08,-0.15,-0.25],"rot":[-100,0,0],"anim":0}'),
	(164, 'Удостоверение FIB', 'Удостоверение агента Federal Investigation Bureau.', 1, 1, 0.05, 'prop_fib_badge', 0.01, -70, 0, 0, '{"bone":11363,"pos":[0.08,-0.15,-0.25],"rot":[-100,0,0],"anim":0}'),
	(165, 'Сигарета', 'Сигарета из пачки Redwood.', 1, 2, 0.01, 'ng_proc_cigarette01a', 0, 0, 0, 0, '{"bone":11363,"pos":[0.08,-0.15,-0.25],"rot":[-100,0,0],"anim":0}'),
	(166, 'Удостоверение Hospital', 'Удостоверение работника Los Santos Medical Center', 1, 1, 0.05, 'prop_ld_wallet_02', 0.02, 90, 0, 0, '{"bone":11363,"pos":[0.08,-0.15,-0.25],"rot":[-100,0,0],"anim":0}');

-- Дамп структуры для таблица chaos_db.jobs
CREATE TABLE IF NOT EXISTS `jobs` (
  `id` int(11) NOT NULL AUTO_INCREMENT,
  `name` varchar(128) NOT NULL,
  PRIMARY KEY (`id`)
) ENGINE=InnoDB AUTO_INCREMENT=10 DEFAULT CHARSET=utf8 COLLATE=utf8_general_ci;

-- Дамп данных таблицы chaos_db.jobs: ~9 rows (приблизительно)
INSERT INTO `jobs` (`id`, `name`) VALUES
	(1, 'СТО'),
	(2, 'Таксист'),
	(3, 'Водитель автобуса'),
	(4, 'Перевозчик грузов'),
	(5, 'Ферма'),
	(6, 'Мусорщик'),
	(7, 'Дровосек'),
	(8, 'Уборщик'),
	(9, 'Каменщик');

-- Дамп структуры для таблица chaos_db.jobskills
CREATE TABLE IF NOT EXISTS `jobskills` (
  `id` int(11) NOT NULL AUTO_INCREMENT,
  `characterId` int(11) NOT NULL,
  `jobId` int(11) NOT NULL,
  `exp` float NOT NULL DEFAULT 0,
  PRIMARY KEY (`id`),
  KEY `characterId` (`characterId`),
  KEY `jobId` (`jobId`),
  CONSTRAINT `jobskills_ibfk_1` FOREIGN KEY (`characterId`) REFERENCES `characters` (`id`) ON DELETE NO ACTION ON UPDATE CASCADE,
  CONSTRAINT `jobskills_ibfk_2` FOREIGN KEY (`jobId`) REFERENCES `jobs` (`id`) ON DELETE NO ACTION ON UPDATE CASCADE
) ENGINE=InnoDB AUTO_INCREMENT=172 DEFAULT CHARSET=utf8 COLLATE=utf8_general_ci;

-- Дамп данных таблицы chaos_db.jobskills: ~0 rows (приблизительно)

-- Дамп структуры для таблица chaos_db.logs
CREATE TABLE IF NOT EXISTS `logs` (
  `id` int(11) NOT NULL AUTO_INCREMENT,
  `characterId` int(11) DEFAULT NULL,
  `playerId` int(11) DEFAULT NULL,
  `text` varchar(256) NOT NULL,
  `module` varchar(50) DEFAULT NULL,
  `date` datetime NOT NULL,
  PRIMARY KEY (`id`),
  KEY `characterId` (`characterId`),
  CONSTRAINT `logs_ibfk_1` FOREIGN KEY (`characterId`) REFERENCES `characters` (`id`) ON DELETE SET NULL ON UPDATE CASCADE
) ENGINE=InnoDB AUTO_INCREMENT=4234 DEFAULT CHARSET=utf8 COLLATE=utf8_general_ci;

-- Дамп данных таблицы chaos_db.logs: ~4 233 rows (приблизительно)
INSERT INTO `logs` (`id`, `characterId`, `playerId`, `text`, `module`, `date`) VALUES
	(1, 1, 0, 'Авторизовал персонажа (IP: 178.71.41.113)', 'characterInit', '2024-04-02 12:23:53'),
	(2, 1, 0, 'Авторизовал персонажа (IP: 178.71.41.113)', 'characterInit', '2024-04-02 12:30:26'),
	(3, 1, 0, '+100000000$ BANK | Команда от админа #1', 'money', '2024-04-02 12:31:20'),
	(4, 1, 0, '-11111111$ BANK | Снятие со счета', 'money', '2024-04-02 12:32:50'),
	(5, 1, 0, '+11111111$ CASH | Снятие со счета', 'money', '2024-04-02 12:32:50'),
	(6, 1, 0, '-100000$ CASH | Покупка в автосалоне т/с bugatti', 'money', '2024-04-02 12:33:21'),
	(7, 1, 0, '-0$ CASH | Взятие т/с bugatti с парковки', 'money', '2024-04-02 12:33:35'),
	(8, 1, 0, '-150$ CASH | Покупка телефона', 'money', '2024-04-02 12:35:15'),
	(9, 1, 0, '-300$ CASH | Доставка т/с к дому', 'money', '2024-04-02 12:35:50'),
	(10, 1, 0, '-0$ CASH | Взятие т/с bugatti с парковки', 'money', '2024-04-02 12:36:47'),
	(11, 1, 0, '-125$ CASH | Ремонт т/с Bugatti Veyron в LSC', 'money', '2024-04-02 12:37:43'),
	(12, 1, 0, '-500$ CASH | Покупка тюнинга т/с Bugatti Veyron в LSC (type #7 | index #0)', 'money', '2024-04-02 12:37:52'),
	(13, 1, 0, '-1000$ CASH | Покупка тюнинга т/с Bugatti Veyron в LSC (type #5 | index #1)', 'money', '2024-04-02 12:38:00'),
	(14, 1, 0, '-500$ CASH | Покупка тюнинга т/с Bugatti Veyron в LSC (type #2 | index #0)', 'money', '2024-04-02 12:38:06'),
	(15, 1, 0, '-500$ CASH | Покупка тюнинга т/с Bugatti Veyron в LSC (type #1 | index #0)', 'money', '2024-04-02 12:38:14'),
	(16, 1, 0, '-500$ CASH | Покупка тюнинга т/с Bugatti Veyron в LSC (type #0 | index #0)', 'money', '2024-04-02 12:38:18'),
	(17, 1, 0, '-500$ CASH | Покупка тюнинга т/с Bugatti Veyron в LSC (type #100 | index #0)', 'money', '2024-04-02 12:38:23'),
	(18, 1, 0, '-500$ CASH | Покупка тюнинга т/с Bugatti Veyron в LSC (type #62 | index #0)', 'money', '2024-04-02 12:38:54'),
	(19, 1, 0, '-1500$ CASH | Покупка тюнинга т/с Bugatti Veyron в LSC (type #55 | index #2)', 'money', '2024-04-02 12:38:59'),
	(20, 1, 0, '-12000$ CASH | Покупка тюнинга т/с Bugatti Veyron в LSC (type #16 | index #3)', 'money', '2024-04-02 12:39:02'),
	(21, 1, 0, '-15000$ CASH | Покупка тюнинга т/с Bugatti Veyron в LSC (type #16 | index #4)', 'money', '2024-04-02 12:39:15'),
	(22, 1, 0, '-4000$ CASH | Покупка тюнинга т/с Bugatti Veyron в LSC (type #15 | index #3)', 'money', '2024-04-02 12:39:18'),
	(23, 1, 0, '-3000$ CASH | Покупка тюнинга т/с Bugatti Veyron в LSC (type #13 | index #2)', 'money', '2024-04-02 12:40:25'),
	(24, 1, 0, '-6000$ CASH | Покупка тюнинга т/с Bugatti Veyron в LSC (type #12 | index #2)', 'money', '2024-04-02 12:40:27'),
	(25, 1, 0, '-8000$ CASH | Покупка тюнинга т/с Bugatti Veyron в LSC (type #11 | index #3)', 'money', '2024-04-02 12:40:29'),
	(26, 1, 0, '-125$ CASH | Ремонт т/с Bugatti Veyron в LSC', 'money', '2024-04-02 12:40:31'),
	(27, 1, 0, '-125$ CASH | Ремонт т/с Bugatti Veyron в LSC', 'money', '2024-04-02 12:40:45'),
	(28, 1, 0, '-33333$ CASH | Покупка фишек в казино', 'money', '2024-04-02 12:42:53'),
	(29, 1, 0, '+11111 фишек (Покупка в казино)', 'casino', '2024-04-02 12:42:53'),
	(30, 1, 0, '-3000 фишек (Прокрутка колеса)', 'casino', '2024-04-02 12:43:12'),
	(31, 1, 0, '+15000 фишек (Выигрыш в колесе удачи)', 'casino', '2024-04-02 12:43:12'),
	(32, 1, 0, '-500 фишек (Ставка в игровом автомате)', 'casino', '2024-04-02 12:43:33'),
	(33, 1, 0, '-25000$ CASH | Покупка фишек в казино', 'money', '2024-04-02 12:43:53'),
	(34, 1, 0, '-25000$ CASH | Блекджек. Ставка double', 'money', '2024-04-02 12:44:27'),
	(35, 1, 0, '+100000$ CASH | Блекджек. Выигрыш BJ', 'money', '2024-04-02 12:44:36'),
	(36, 1, 0, '+0$ CASH | Возврат фишек со стола блекджэка', 'money', '2024-04-02 12:44:41'),
	(37, 1, 0, '-600 фишек (Ставка в рулетке)', 'casino', '2024-04-02 12:44:56'),
	(38, 1, 0, '-600 фишек (Ставка в рулетке)', 'casino', '2024-04-02 12:44:57'),
	(39, 1, 0, '-600 фишек (Ставка в рулетке)', 'casino', '2024-04-02 12:44:59'),
	(40, 1, 0, '-600 фишек (Ставка в рулетке)', 'casino', '2024-04-02 12:45:01'),
	(41, 1, 0, '-600 фишек (Ставка в рулетке)', 'casino', '2024-04-02 12:45:05'),
	(42, 1, 0, '-600 фишек (Ставка в рулетке)', 'casino', '2024-04-02 12:45:08'),
	(43, 1, 0, '-1000 фишек (Ставка в рулетке)', 'casino', '2024-04-02 12:45:12'),
	(44, 1, 0, '-1000 фишек (Ставка в рулетке)', 'casino', '2024-04-02 12:45:14'),
	(45, 1, 0, '-1000 фишек (Ставка в рулетке)', 'casino', '2024-04-02 12:45:15'),
	(46, 1, 0, '-1000 фишек (Ставка в рулетке)', 'casino', '2024-04-02 12:45:18'),
	(47, 1, 0, '-1000 фишек (Ставка в рулетке)', 'casino', '2024-04-02 12:45:20'),
	(48, 1, 0, '-1000 фишек (Ставка в рулетке)', 'casino', '2024-04-02 12:45:24'),
	(49, 1, 0, '-390$ CASH | Покупка напитка в баре', 'money', '2024-04-02 12:49:21'),
	(50, 1, 0, 'Деавторизовал персонажа', 'characterInit', '2024-04-02 12:49:55'),
	(51, 1, 0, 'Авторизовал персонажа (IP: 178.71.41.113)', 'characterInit', '2024-04-02 12:50:53'),
	(52, 1, 0, '+0$ CASH | Зарплата на ферме #1 без владельца x1', 'money', '2024-04-02 13:03:50'),
	(53, 1, 0, '-100$ CASH | Покупка предмета #136 на каменоломне', 'money', '2024-04-02 13:31:34'),
	(54, 1, 0, '-100$ CASH | Покупка одежды #7 на каменоломне', 'money', '2024-04-02 13:31:36'),
	(55, 1, 0, '-100$ CASH | Покупка одежды #8 на каменоломне', 'money', '2024-04-02 13:31:37'),
	(56, 1, 0, '-100$ CASH | Покупка одежды #9 на каменоломне', 'money', '2024-04-02 13:31:37'),
	(57, 1, 0, '-100$ CASH | Покупка одежды #7 на каменоломне', 'money', '2024-04-02 13:32:12'),
	(58, 1, 0, '-750$ CASH | Покупка лицензии passengerLicense', 'money', '2024-04-02 13:36:43'),
	(59, 1, 0, '-250$ CASH | Покупка лицензии carLicense', 'money', '2024-04-02 13:36:44'),
	(60, 1, 0, '+0$ CASH | Возврат фишек со стола блекджэка', 'money', '2024-04-02 13:41:32'),
	(61, 1, 0, '+10000 CC | Выдано администратором Maxon Test', 'donate', '2024-04-02 13:41:47'),
	(62, 1, 0, '-100 CC | Покупка кейса #1', 'donate', '2024-04-02 13:41:53'),
	(63, 1, 0, '-0$ CASH | Взятие т/с bugatti с парковки', 'money', '2024-04-02 13:43:25'),
	(64, 1, 0, 'Деавторизовал персонажа', 'characterInit', '2024-04-02 13:46:09'),
	(65, 1, 0, 'Авторизовал персонажа (IP: 178.71.41.113)', 'characterInit', '2024-04-02 15:37:28'),
	(66, 1, 0, '+2313212 фишек (Покупка в казино)', 'casino', '2024-04-02 15:38:27'),
	(67, 1, 0, '-6939636$ CASH | Покупка фишек в казино', 'money', '2024-04-02 15:38:27'),
	(68, 1, 0, '-900 фишек (Ставка в рулетке)', 'casino', '2024-04-02 15:39:12'),
	(69, 1, 0, '-900 фишек (Ставка в рулетке)', 'casino', '2024-04-02 15:39:24'),
	(70, 1, 0, '-25000$ CASH | Покупка фишек в казино', 'money', '2024-04-02 15:40:38'),
	(71, 1, 0, '+50000$ CASH | Блекджек. Выигрыш BJ', 'money', '2024-04-02 15:41:20'),
	(72, 1, 0, '+0$ CASH | Возврат фишек со стола блекджэка', 'money', '2024-04-02 15:41:23'),
	(73, 1, 0, 'Деавторизовал персонажа', 'characterInit', '2024-04-02 15:50:40'),
	(74, 2, 0, 'Авторизовал персонажа (IP: 195.78.126.103)', 'characterInit', '2024-04-02 17:22:04'),
	(75, 2, 0, 'Деавторизовал персонажа', 'characterInit', '2024-04-02 17:24:26'),
	(76, 2, 0, 'Авторизовал персонажа (IP: 195.78.126.103)', 'characterInit', '2024-04-02 17:39:53'),
	(77, 2, 0, '-150$ CASH | Покупка телефона', 'money', '2024-04-02 17:41:24'),
	(78, 2, 0, '-120$ CASH | Смена номера телефона на 111111', 'money', '2024-04-02 17:41:39'),
	(79, 2, 0, 'Деавторизовал персонажа', 'characterInit', '2024-04-02 17:58:15'),
	(80, 3, 0, 'Авторизовал персонажа (IP: 94.180.144.36)', 'characterInit', '2024-04-02 20:12:14'),
	(81, 3, 0, 'Деавторизовал персонажа', 'characterInit', '2024-04-02 20:13:34'),
	(82, 1, 0, 'Авторизовал персонажа (IP: 178.71.41.113)', 'characterInit', '2024-04-03 15:13:35'),
	(83, 1, 0, 'Деавторизовал персонажа', 'characterInit', '2024-04-03 15:15:24'),
	(84, 1, 0, 'Авторизовал персонажа (IP: 178.71.41.113)', 'characterInit', '2024-04-03 18:43:45'),
	(85, 4, 0, 'Авторизовал персонажа (IP: 178.45.117.24)', 'characterInit', '2024-04-03 19:46:57'),
	(86, 4, 0, 'Деавторизовал персонажа', 'characterInit', '2024-04-03 20:34:51'),
	(87, 3, 0, 'Авторизовал персонажа (IP: 94.180.144.36)', 'characterInit', '2024-04-04 13:31:55'),
	(88, 3, 0, '-150$ CASH | Покупка телефона', 'money', '2024-04-04 13:39:11'),
	(89, 3, 0, '-120$ CASH | Смена номера телефона на 777777', 'money', '2024-04-04 13:39:17'),
	(90, 3, 0, '-20$ CASH | Покупка в 24/7 water', 'money', '2024-04-04 13:39:21'),
	(91, 3, 0, '-20$ CASH | Покупка в 24/7 water', 'money', '2024-04-04 13:39:21'),
	(92, 3, 0, '-10$ CASH | Покупка в 24/7 chocolate', 'money', '2024-04-04 13:39:21'),
	(93, 3, 0, '-10$ CASH | Покупка в 24/7 chocolate', 'money', '2024-04-04 13:39:22'),
	(94, 3, 0, '-10$ CASH | Покупка в 24/7 chocolate', 'money', '2024-04-04 13:39:22'),
	(95, 3, 0, '-10$ CASH | Покупка в 24/7 chocolate', 'money', '2024-04-04 13:39:22'),
	(96, 3, 0, '-20$ CASH | Покупка в 24/7 cigarettes', 'money', '2024-04-04 13:39:23'),
	(97, 3, 0, '-20$ CASH | Покупка в 24/7 cigarettes', 'money', '2024-04-04 13:39:23'),
	(98, 3, 0, '-20$ CASH | Покупка в 24/7 cigarettes', 'money', '2024-04-04 13:39:24'),
	(99, 3, 0, '-20$ CASH | Покупка в 24/7 cigarettes', 'money', '2024-04-04 13:39:24'),
	(100, 3, 0, '-300$ CASH | Покупка в 24/7 duffleBag', 'money', '2024-04-04 13:39:26'),
	(101, 3, 0, '-300$ CASH | Покупка в 24/7 healthPack', 'money', '2024-04-04 13:39:33'),
	(102, 3, 0, '-300$ CASH | Покупка в 24/7 healthPack', 'money', '2024-04-04 13:39:34'),
	(103, 3, 0, '-100000$ CASH | Покупка в автосалоне т/с sti', 'money', '2024-04-04 13:41:56'),
	(104, 3, 0, '-0$ CASH | Взятие т/с sti с парковки', 'money', '2024-04-04 13:42:11'),
	(105, 3, 0, '-125$ CASH | Ремонт т/с Subaru Impreza STI в LSC', 'money', '2024-04-04 13:43:05'),
	(106, 3, 0, '-8000$ CASH | Покупка тюнинга т/с Subaru Impreza STI в LSC (type #11 | index #3)', 'money', '2024-04-04 13:43:37'),
	(107, 3, 0, '-6000$ CASH | Покупка тюнинга т/с Subaru Impreza STI в LSC (type #12 | index #2)', 'money', '2024-04-04 13:43:41'),
	(108, 3, 0, '-3000$ CASH | Покупка тюнинга т/с Subaru Impreza STI в LSC (type #13 | index #2)', 'money', '2024-04-04 13:43:54'),
	(109, 3, 0, '-500$ CASH | Покупка тюнинга т/с Subaru Impreza STI в LSC (type #0 | index #0)', 'money', '2024-04-04 13:45:10'),
	(110, 3, 0, '-1000$ CASH | Покупка тюнинга т/с Subaru Impreza STI в LSC (type #1 | index #1)', 'money', '2024-04-04 13:45:20'),
	(111, 3, 0, '-500$ CASH | Покупка тюнинга т/с Subaru Impreza STI в LSC (type #2 | index #0)', 'money', '2024-04-04 13:45:22'),
	(112, 3, 0, '-500$ CASH | Покупка тюнинга т/с Subaru Impreza STI в LSC (type #3 | index #0)', 'money', '2024-04-04 13:45:23'),
	(113, 3, 0, '-500$ CASH | Покупка тюнинга т/с Subaru Impreza STI в LSC (type #4 | index #0)', 'money', '2024-04-04 13:45:28'),
	(114, 3, 0, '-125$ CASH | Ремонт т/с Subaru Impreza STI в LSC', 'money', '2024-04-04 13:46:45'),
	(115, 3, 0, '-100$ CASH | Смена цвета т/с Subaru Impreza STI в LSC (#79 | #17)', 'money', '2024-04-04 13:47:51'),
	(116, 3, 0, '-4000$ CASH | Покупка тюнинга т/с Subaru Impreza STI в LSC (type #15 | index #3)', 'money', '2024-04-04 13:48:01'),
	(117, 3, 0, '-2000$ CASH | Покупка тюнинга т/с Subaru Impreza STI в LSC (type #62 | index #3)', 'money', '2024-04-04 13:49:47'),
	(118, 3, 0, '-28000$ CASH | Покупка тюнинга т/с Subaru Impreza STI в LSC (type #23 | index #55)', 'money', '2024-04-04 13:50:24'),
	(119, 3, 0, '+0$ CASH | Возврат фишек со стола блекджэка', 'money', '2024-04-04 13:55:10'),
	(120, 3, 0, '-15000$ CASH | Покупка фишек в казино', 'money', '2024-04-04 13:57:07'),
	(121, 3, 0, '+5000 фишек (Покупка в казино)', 'casino', '2024-04-04 13:57:07'),
	(122, 3, 0, '+10000 CC | Выдано администратором Erick Jaison', 'donate', '2024-04-04 13:59:54'),
	(123, NULL, NULL, '[info] Erick Jaison выдал 10000 CC Erick Jaison', 'terminal', '2024-04-04 13:59:54'),
	(124, 3, 0, '-100 CC | Покупка кейса #1', 'donate', '2024-04-04 13:59:59'),
	(125, 3, 0, '+20 CC | Продажа приза из кейса #5', 'donate', '2024-04-04 14:00:10'),
	(126, 3, 0, '-500 CC | Покупка кейса #2', 'donate', '2024-04-04 14:00:18'),
	(127, 3, 0, '+100 CC | Продажа приза из кейса #9', 'donate', '2024-04-04 14:00:30'),
	(128, 3, 0, '-500 CC | Покупка кейса #2', 'donate', '2024-04-04 14:00:31'),
	(129, 3, 0, '-500 CC | Покупка кейса #2', 'donate', '2024-04-04 14:00:41'),
	(130, 3, 0, '+200 CC | Продажа приза из кейса #13', 'donate', '2024-04-04 14:00:49'),
	(131, 3, 0, '-500 CC | Покупка кейса #2', 'donate', '2024-04-04 14:00:49'),
	(132, 3, 0, '+100 CC | Продажа приза из кейса #12', 'donate', '2024-04-04 14:00:57'),
	(133, 3, 0, '-500 CC | Покупка кейса #2', 'donate', '2024-04-04 14:00:57'),
	(134, 3, 0, '-100 CC | Покупка кейса #1', 'donate', '2024-04-04 14:01:17'),
	(135, 3, 0, '+5 CC | Продажа приза из кейса #7', 'donate', '2024-04-04 14:01:24'),
	(136, 3, 0, '-500 CC | Покупка кейса #2', 'donate', '2024-04-04 14:01:27'),
	(137, 3, 0, '+200 CC | Продажа приза из кейса #13', 'donate', '2024-04-04 14:01:34'),
	(138, 3, 0, '-500$ CASH | Покупка фишек в казино', 'money', '2024-04-04 14:03:16'),
	(139, 3, 0, '-100000$ CASH | Покупка фишек в казино', 'money', '2024-04-04 14:04:07'),
	(140, 3, 0, '+200000$ CASH | Блекджек. Выигрыш BJ', 'money', '2024-04-04 14:05:04'),
	(141, 3, 0, '+0$ CASH | Возврат фишек со стола блекджэка', 'money', '2024-04-04 14:05:14'),
	(142, 3, 0, '-3000 фишек (Прокрутка колеса)', 'casino', '2024-04-04 14:06:41'),
	(143, 3, 0, '-100$ CASH | Покупка одежды watches. Variation #4. Texture #0', 'money', '2024-04-04 14:10:33'),
	(144, 3, 0, '-100$ CASH | Покупка одежды watches. Variation #4. Texture #0', 'money', '2024-04-04 14:10:39'),
	(145, 3, 0, '-100$ CASH | Покупка одежды ties. Variation #17. Texture #0', 'money', '2024-04-04 14:10:45'),
	(146, 3, 0, '-130$ CASH | Покупка одежды tops. Variation #8. Texture #0', 'money', '2024-04-04 14:10:57'),
	(147, 3, 0, '-19$ CASH | Покупка одежды pants. Variation #44. Texture #0', 'money', '2024-04-04 14:11:06'),
	(148, 3, 0, '-60$ CASH | Покупка одежды shoes. Variation #2. Texture #0', 'money', '2024-04-04 14:11:09'),
	(149, 3, 0, 'Выкинул \'Брюки\' (#14)', 'inventory', '2024-04-04 14:12:00'),
	(150, 1, 1, 'Авторизовал персонажа (IP: 178.71.41.113)', 'characterInit', '2024-04-04 14:50:40'),
	(151, 3, 2, 'Авторизовал персонажа (IP: 94.180.144.36)', 'characterInit', '2024-04-04 14:52:06'),
	(152, 3, 2, 'Деавторизовал персонажа', 'characterInit', '2024-04-04 14:55:42'),
	(153, 3, 0, 'Авторизовал персонажа (IP: 94.180.144.36)', 'characterInit', '2024-04-04 14:59:23'),
	(154, 3, 0, '-53000$ CASH | Покупка дома #174 у государства', 'money', '2024-04-04 15:07:13'),
	(155, 3, 0, '-100000$ CASH | Покупка в автосалоне т/с urus', 'money', '2024-04-04 15:08:03'),
	(156, 1, 0, 'Авторизовал персонажа (IP: 178.71.41.113)', 'characterInit', '2024-04-04 15:13:14'),
	(157, 1, 0, 'Деавторизовал персонажа', 'characterInit', '2024-04-04 15:18:01'),
	(158, 3, 1, 'Авторизовал персонажа (IP: 94.180.144.36)', 'characterInit', '2024-04-04 15:18:46'),
	(159, 3, 1, '-100000$ CASH | Покупка в автосалоне т/с bmwm8', 'money', '2024-04-04 15:19:09'),
	(160, 3, 1, '-125$ CASH | Ремонт т/с M8 New в LSC', 'money', '2024-04-04 15:24:24'),
	(161, 3, 1, '-8000$ CASH | Покупка тюнинга т/с M8 New в LSC (type #11 | index #3)', 'money', '2024-04-04 15:24:29'),
	(162, 3, 1, '-6000$ CASH | Покупка тюнинга т/с M8 New в LSC (type #12 | index #2)', 'money', '2024-04-04 15:24:31'),
	(163, 3, 1, '-3000$ CASH | Покупка тюнинга т/с M8 New в LSC (type #13 | index #2)', 'money', '2024-04-04 15:24:33'),
	(164, 3, 1, '-4000$ CASH | Покупка тюнинга т/с M8 New в LSC (type #15 | index #3)', 'money', '2024-04-04 15:24:39'),
	(165, 3, 1, '-100000$ CASH | Покупка в автосалоне т/с amggt63s', 'money', '2024-04-04 15:30:48'),
	(166, 3, 1, '-8000$ CASH | Покупка тюнинга т/с GT63 New в LSC (type #11 | index #3)', 'money', '2024-04-04 15:34:36'),
	(167, 3, 1, '-6000$ CASH | Покупка тюнинга т/с GT63 New в LSC (type #12 | index #2)', 'money', '2024-04-04 15:34:57'),
	(168, 3, 1, '-3000$ CASH | Покупка тюнинга т/с GT63 New в LSC (type #13 | index #2)', 'money', '2024-04-04 15:35:00'),
	(169, 3, 1, '-3000$ CASH | Покупка тюнинга т/с GT63 New в LSC (type #15 | index #2)', 'money', '2024-04-04 15:36:15'),
	(170, 3, 1, '-500$ CASH | Покупка тюнинга т/с GT63 New в LSC (type #1 | index #0)', 'money', '2024-04-04 15:36:49'),
	(171, 3, 1, '-500$ CASH | Покупка тюнинга т/с GT63 New в LSC (type #2 | index #0)', 'money', '2024-04-04 15:36:53'),
	(172, 3, 1, '-30$ CASH | Заправка т/с GT63 New (10 л.) на АЗС #5', 'money', '2024-04-04 15:42:12'),
	(173, 3, 1, '-20$ CASH | Покупка в 24/7 cigarettes', 'money', '2024-04-04 16:27:13'),
	(174, 3, 1, '-50$ CASH | Покупка в 24/7 rope', 'money', '2024-04-04 16:36:56'),
	(175, 3, 1, '-20$ CASH | Покупка в 24/7 cigarettes', 'money', '2024-04-04 16:39:20'),
	(176, 3, 1, '-20$ CASH | Покупка в 24/7 cigarettes', 'money', '2024-04-04 16:39:20'),
	(177, 3, 1, '-20$ CASH | Покупка в 24/7 cigarettes', 'money', '2024-04-04 16:39:21'),
	(178, 3, 1, '-100000$ CASH | Покупка в автосалоне т/с 22g63', 'money', '2024-04-04 16:43:04'),
	(179, 3, 1, '-125$ CASH | Ремонт т/с G63 New в LSC', 'money', '2024-04-04 16:44:48'),
	(180, 3, 1, '-8000$ CASH | Покупка тюнинга т/с G63 New в LSC (type #11 | index #3)', 'money', '2024-04-04 16:45:09'),
	(181, 3, 1, '-6000$ CASH | Покупка тюнинга т/с G63 New в LSC (type #12 | index #2)', 'money', '2024-04-04 16:45:11'),
	(182, 3, 1, '-3000$ CASH | Покупка тюнинга т/с G63 New в LSC (type #13 | index #2)', 'money', '2024-04-04 16:45:13'),
	(183, 3, 1, '-500$ CASH | Покупка тюнинга т/с G63 New в LSC (type #62 | index #0)', 'money', '2024-04-04 16:45:35'),
	(184, 3, 1, '-300$ CASH | Доставка т/с к дому', 'money', '2024-04-04 16:51:51'),
	(185, 3, 1, '-300$ CASH | Доставка т/с к дому', 'money', '2024-04-04 16:52:32'),
	(186, 3, 1, '-100000$ CASH | Покупка в автосалоне т/с x6m', 'money', '2024-04-04 16:53:10'),
	(187, 3, 1, '-125$ CASH | Ремонт т/с X6M New в LSC', 'money', '2024-04-04 17:01:51'),
	(188, 3, 1, '-8000$ CASH | Покупка тюнинга т/с X6M New в LSC (type #11 | index #3)', 'money', '2024-04-04 17:01:57'),
	(189, 3, 1, '-6000$ CASH | Покупка тюнинга т/с X6M New в LSC (type #12 | index #2)', 'money', '2024-04-04 17:02:23'),
	(190, 3, 1, '-2000$ CASH | Покупка тюнинга т/с X6M New в LSC (type #13 | index #1)', 'money', '2024-04-04 17:02:28'),
	(191, 3, 1, '-3000$ CASH | Покупка тюнинга т/с X6M New в LSC (type #13 | index #2)', 'money', '2024-04-04 17:02:29'),
	(192, 3, 1, '-4000$ CASH | Покупка тюнинга т/с X6M New в LSC (type #15 | index #3)', 'money', '2024-04-04 17:02:32'),
	(193, 3, 1, 'Деавторизовал персонажа', 'characterInit', '2024-04-04 17:07:45'),
	(194, 3, 0, 'Авторизовал персонажа (IP: 94.180.144.36)', 'characterInit', '2024-04-05 07:31:48'),
	(195, 3, 0, '-300$ CASH | Доставка т/с к дому', 'money', '2024-04-05 07:34:15'),
	(196, 3, 0, 'Положил \'Ключи авто\' (#48) | Среда: Vehicle #329', 'inventory', '2024-04-05 07:35:40'),
	(197, 3, 0, 'Забрал \'Ключи авто\' (#10000) | Среда: Vehicle #329', 'inventory', '2024-04-05 07:35:43'),
	(198, 3, 0, '-125$ CASH | Ремонт т/с URUS New в LSC', 'money', '2024-04-05 07:45:43'),
	(199, 3, 0, '-8000$ CASH | Покупка тюнинга т/с URUS New в LSC (type #11 | index #3)', 'money', '2024-04-05 07:45:46'),
	(200, 3, 0, '-6000$ CASH | Покупка тюнинга т/с URUS New в LSC (type #12 | index #2)', 'money', '2024-04-05 07:45:49'),
	(201, 3, 0, '-3000$ CASH | Покупка тюнинга т/с URUS New в LSC (type #13 | index #2)', 'money', '2024-04-05 07:45:52'),
	(202, 3, 0, '-4000$ CASH | Покупка тюнинга т/с URUS New в LSC (type #15 | index #3)', 'money', '2024-04-05 07:45:57'),
	(203, 3, 0, '-500$ CASH | Покупка тюнинга т/с URUS New в LSC (type #62 | index #0)', 'money', '2024-04-05 07:46:13'),
	(204, 3, 0, '-25500$ CASH | Покупка тюнинга т/с URUS New в LSC (type #23 | index #50)', 'money', '2024-04-05 07:46:54'),
	(205, 3, 0, '-26000$ CASH | Покупка тюнинга т/с URUS New в LSC (type #23 | index #51)', 'money', '2024-04-05 07:47:14'),
	(206, 3, 0, '-100$ CASH | Покупка одежды watches. Variation #6. Texture #0', 'money', '2024-04-05 07:49:08'),
	(207, 3, 0, '-110$ CASH | Покупка одежды tops. Variation #135. Texture #0', 'money', '2024-04-05 07:49:46'),
	(208, 3, 0, 'Выкинул \'Верхняя одежда\' (#16)', 'inventory', '2024-04-05 07:50:42'),
	(209, 3, 0, 'Выкинул \'Аксессуар\' (#36)', 'inventory', '2024-04-05 07:51:23'),
	(210, 3, 0, 'Поднял \'Аксессуар\' (#36)', 'inventory', '2024-04-05 07:51:47'),
	(211, 3, 0, 'Выкинул \'Аксессуар\' (#36)', 'inventory', '2024-04-05 07:51:51'),
	(212, 3, 0, '-50000$ CASH | Пополнение счета', 'money', '2024-04-05 08:06:48'),
	(213, 3, 0, '+50000$ BANK | Пополнение счета', 'money', '2024-04-05 08:06:48'),
	(214, 3, 0, '-159000$ BANK | Оплата налогов за дом', 'money', '2024-04-05 08:07:01'),
	(215, 3, 0, '-530$ BANK | Покупка улучшения "holder" для дома #174', 'money', '2024-04-05 08:20:30'),
	(216, 3, 0, '-55$ CASH | Отправка объявления', 'money', '2024-04-05 08:23:02'),
	(217, 3, 0, '-44444$ BANK | Перевод средств для #4', 'money', '2024-04-05 08:23:31'),
	(218, 4, NULL, '+44444$ BANK | Перевод средств от #3', 'money', '2024-04-05 08:23:31'),
	(219, 3, 0, '-3$ BANK | Перевод средств для #1', 'money', '2024-04-05 08:23:46'),
	(220, 1, NULL, '+3$ BANK | Перевод средств от #3', 'money', '2024-04-05 08:23:46'),
	(221, 3, 0, '-44444$ BANK | Перевод средств для #1', 'money', '2024-04-05 08:24:08'),
	(222, 1, NULL, '+44444$ BANK | Перевод средств от #3', 'money', '2024-04-05 08:24:08'),
	(223, 3, 0, 'Деавторизовал персонажа', 'characterInit', '2024-04-05 08:36:47'),
	(224, 3, 0, 'Авторизовал персонажа (IP: 94.180.144.36)', 'characterInit', '2024-04-05 09:54:31'),
	(225, 3, 0, '-20000$ CASH | Купил удочку.', 'money', '2024-04-05 09:55:40'),
	(226, 3, 0, '+2760$ CASH | Продажа рыбы. bonusPay - x1', 'money', '2024-04-05 09:56:46'),
	(227, 3, 0, '+40$ CASH | Продажа рыбы. bonusPay - x1', 'money', '2024-04-05 09:57:16'),
	(228, 3, 0, '+2520$ CASH | Продажа рыбы. bonusPay - x1', 'money', '2024-04-05 09:58:11'),
	(229, 3, 0, '+420$ CASH | Продажа рыбы. bonusPay - x1', 'money', '2024-04-05 10:02:31'),
	(230, 3, 0, '+4960$ CASH | Продажа рыбы. bonusPay - x1', 'money', '2024-04-05 10:04:08'),
	(231, 3, 0, '+7800$ CASH | Продажа рыбы. bonusPay - x1', 'money', '2024-04-05 10:06:24'),
	(232, 3, 0, 'Выкинул \'Удочка\' (#53)', 'inventory', '2024-04-05 10:07:03'),
	(233, 3, 0, '-15000$ CASH | Купил удочку.', 'money', '2024-04-05 10:07:06'),
	(234, 3, 0, '+1260$ CASH | Продажа рыбы. bonusPay - x1', 'money', '2024-04-05 10:07:29'),
	(235, 3, 0, '+2800$ CASH | Продажа рыбы. bonusPay - x1', 'money', '2024-04-05 10:08:44'),
	(236, 3, 0, '+3100$ CASH | Продажа рыбы. bonusPay - x1', 'money', '2024-04-05 10:09:19'),
	(237, 3, 0, '+2380$ CASH | Продажа рыбы. bonusPay - x1', 'money', '2024-04-05 10:15:23'),
	(238, 3, 0, '+2000$ CASH | Продажа рыбы. bonusPay - x1', 'money', '2024-04-05 10:16:04'),
	(239, 3, 0, '+2039$ CASH | Продажа рыбы. bonusPay - x1', 'money', '2024-04-05 10:16:52'),
	(240, 3, 0, '+560$ CASH | Продажа рыбы. bonusPay - x1', 'money', '2024-04-05 10:17:20'),
	(241, 3, 0, '-100000$ CASH | Покупка в автосалоне т/с amggt63s', 'money', '2024-04-05 10:25:10'),
	(242, 3, 0, '-125$ CASH | Ремонт т/с GT63 New в LSC', 'money', '2024-04-05 10:27:16'),
	(243, 3, 0, '-4000$ CASH | Покупка тюнинга т/с GT63 New в LSC (type #15 | index #3)', 'money', '2024-04-05 10:27:34'),
	(244, 3, 0, '-500$ CASH | Покупка тюнинга т/с GT63 New в LSC (type #22 | index #0)', 'money', '2024-04-05 10:27:43'),
	(245, 3, 0, '-500$ CASH | Покупка тюнинга т/с GT63 New в LSC (type #62 | index #0)', 'money', '2024-04-05 10:27:49'),
	(246, 3, 0, '-26500$ CASH | Покупка тюнинга т/с GT63 New в LSC (type #23 | index #52)', 'money', '2024-04-05 10:28:37'),
	(247, 3, 0, '-20$ CASH | Покупка в 24/7 water', 'money', '2024-04-05 10:30:42'),
	(248, 3, 0, '-20$ CASH | Покупка в 24/7 water', 'money', '2024-04-05 10:30:43'),
	(249, 3, 0, '-10$ CASH | Покупка в 24/7 chocolate', 'money', '2024-04-05 10:30:43'),
	(250, 3, 0, '-10$ CASH | Покупка в 24/7 chocolate', 'money', '2024-04-05 10:30:44'),
	(251, 3, 0, '-10$ CASH | Покупка в 24/7 chocolate', 'money', '2024-04-05 10:30:44'),
	(252, 3, 0, '-10$ CASH | Покупка в 24/7 chocolate', 'money', '2024-04-05 10:30:44'),
	(253, 3, 0, '-410$ CASH | Покупка напитка в баре', 'money', '2024-04-05 10:32:02'),
	(254, 3, 0, '-415$ CASH | Покупка напитка в баре', 'money', '2024-04-05 10:33:06'),
	(255, 3, 0, '-20$ CASH | Покупка в закусочной hamburger', 'money', '2024-04-05 10:33:40'),
	(256, 3, 0, '-20$ CASH | Покупка в закусочной hamburger', 'money', '2024-04-05 10:33:41'),
	(257, 3, 0, '-20$ CASH | Покупка в закусочной hamburger', 'money', '2024-04-05 10:33:41'),
	(258, 3, 0, 'Деавторизовал персонажа', 'characterInit', '2024-04-05 10:35:28'),
	(259, 1, 0, 'Авторизовал персонажа (IP: 178.71.41.113)', 'characterInit', '2024-04-05 13:18:39'),
	(260, 1, 0, 'Авторизовал персонажа (IP: 178.71.41.113)', 'characterInit', '2024-04-05 18:01:07'),
	(261, 1, 0, 'Авторизовал персонажа (IP: 178.71.41.113)', 'characterInit', '2024-04-05 18:31:28'),
	(262, 1, 0, 'Авторизовал персонажа (IP: 178.71.41.113)', 'characterInit', '2024-04-05 18:39:19'),
	(263, 1, 0, 'Авторизовал персонажа (IP: 178.71.41.113)', 'characterInit', '2024-04-05 18:44:48'),
	(264, 1, 0, 'Авторизовал персонажа (IP: 178.71.41.113)', 'characterInit', '2024-04-05 18:53:50'),
	(265, 1, 0, 'Авторизовал персонажа (IP: 178.71.41.113)', 'characterInit', '2024-04-05 19:13:36'),
	(266, 1, 0, 'Авторизовал персонажа (IP: 178.71.41.113)', 'characterInit', '2024-04-05 19:20:32'),
	(267, 1, 0, '-20$ CASH | Покупка в 24/7 water', 'money', '2024-04-05 19:23:23'),
	(268, 1, 0, '-10$ CASH | Покупка в 24/7 chocolate', 'money', '2024-04-05 19:23:24'),
	(269, 1, 0, 'Авторизовал персонажа (IP: 178.71.41.113)', 'characterInit', '2024-04-05 19:43:28'),
	(270, 1, 0, 'Авторизовал персонажа (IP: 178.71.41.113)', 'characterInit', '2024-04-05 19:47:52'),
	(271, 1, 0, 'Авторизовал персонажа (IP: 178.71.41.113)', 'characterInit', '2024-04-05 19:58:03'),
	(272, 1, 0, 'Авторизовал персонажа (IP: 178.71.41.113)', 'characterInit', '2024-04-05 20:14:32'),
	(273, 1, 0, '-3000 фишек (Прокрутка колеса)', 'casino', '2024-04-05 20:15:46'),
	(274, 1, 0, '+50000$ CASH | Выигрыш в колесе удачи', 'money', '2024-04-05 20:15:46'),
	(275, 1, 0, 'Авторизовал персонажа (IP: 178.71.41.113)', 'characterInit', '2024-04-05 20:43:54'),
	(276, 1, 0, 'Авторизовал персонажа (IP: 178.71.41.113)', 'characterInit', '2024-04-05 20:46:01'),
	(277, 1, 0, 'Авторизовал персонажа (IP: 178.71.41.113)', 'characterInit', '2024-04-05 21:03:20'),
	(278, 1, 0, 'Авторизовал персонажа (IP: 178.71.41.113)', 'characterInit', '2024-04-05 21:09:59'),
	(279, 1, 0, 'Авторизовал персонажа (IP: 178.71.41.113)', 'characterInit', '2024-04-05 21:14:02'),
	(280, 1, 0, 'Авторизовал персонажа (IP: 178.71.41.113)', 'characterInit', '2024-04-05 21:17:41'),
	(281, 1, 0, 'Авторизовал персонажа (IP: 178.71.41.113)', 'characterInit', '2024-04-05 21:23:15'),
	(282, 1, 0, 'Авторизовал персонажа (IP: 178.71.41.113)', 'characterInit', '2024-04-05 21:25:37'),
	(283, 1, 0, 'Авторизовал персонажа (IP: 178.71.41.113)', 'characterInit', '2024-04-05 21:33:44'),
	(284, 1, 0, 'Авторизовал персонажа (IP: 178.71.41.113)', 'characterInit', '2024-04-05 22:19:29'),
	(285, 5, 1, 'Авторизовал персонажа (IP: 185.178.68.206)', 'characterInit', '2024-04-05 22:26:21'),
	(286, 5, 1, 'Выкинул \'Верхняя одежда\' (#94)', 'inventory', '2024-04-05 22:29:42'),
	(287, 5, 1, 'Выкинул \'Брюки\' (#93)', 'inventory', '2024-04-05 22:29:44'),
	(288, 5, 1, 'Выкинул \'Обувь\' (#92)', 'inventory', '2024-04-05 22:29:46'),
	(289, 5, 1, 'Поднял \'Обувь\' (#92)', 'inventory', '2024-04-05 22:29:54'),
	(290, 5, 1, 'Выкинул \'Обувь\' (#92)', 'inventory', '2024-04-05 22:30:02'),
	(291, 5, 0, 'Авторизовал персонажа (IP: 185.178.68.206)', 'characterInit', '2024-04-05 22:33:00'),
	(292, 1, 1, 'Авторизовал персонажа (IP: 178.71.41.113)', 'characterInit', '2024-04-05 22:39:48'),
	(293, 1, 1, '-10$ CASH | Покупка в 24/7 chocolate', 'money', '2024-04-05 22:40:38'),
	(294, 1, 1, '-20$ CASH | Покупка в 24/7 water', 'money', '2024-04-05 22:40:39'),
	(295, 1, 1, '-10$ CASH | Покупка в 24/7 chocolate', 'money', '2024-04-05 22:40:39'),
	(296, 1, 1, '-20$ CASH | Покупка в 24/7 water', 'money', '2024-04-05 22:40:40'),
	(297, 1, 1, '-10$ CASH | Покупка в 24/7 chocolate', 'money', '2024-04-05 22:40:41'),
	(298, 1, 1, '-20$ CASH | Покупка в 24/7 water', 'money', '2024-04-05 22:40:41'),
	(299, 5, 0, 'Авторизовал персонажа (IP: 185.178.68.206)', 'characterInit', '2024-04-05 22:47:34'),
	(300, 1, 1, 'Авторизовал персонажа (IP: 178.71.41.113)', 'characterInit', '2024-04-05 22:48:04'),
	(301, 5, 1, 'Авторизовал персонажа (IP: 185.178.68.206)', 'characterInit', '2024-04-05 22:51:29'),
	(302, 1, 0, 'Авторизовал персонажа (IP: 178.71.41.113)', 'characterInit', '2024-04-05 22:51:58'),
	(303, 5, 1, '-150$ CASH | Покупка телефона', 'money', '2024-04-05 22:56:19'),
	(304, 5, 1, '-30$ CASH | Отправка объявления', 'money', '2024-04-05 22:57:06'),
	(305, 5, 1, 'Деавторизовал персонажа', 'characterInit', '2024-04-05 22:58:02'),
	(306, 1, 0, 'Авторизовал персонажа (IP: 178.71.41.113)', 'characterInit', '2024-04-05 23:02:36'),
	(307, 1, 0, 'Авторизовал персонажа (IP: 178.71.41.113)', 'characterInit', '2024-04-05 23:09:32'),
	(308, 1, 0, '-10$ CASH | Покупка в 24/7 chocolate', 'money', '2024-04-05 23:10:21'),
	(309, 1, 0, '-20$ CASH | Покупка в 24/7 water', 'money', '2024-04-05 23:10:22'),
	(310, 1, 0, '-10$ CASH | Покупка в 24/7 chocolate', 'money', '2024-04-05 23:10:22'),
	(311, 1, 0, '-20$ CASH | Покупка в 24/7 water', 'money', '2024-04-05 23:10:23'),
	(312, 1, 0, '-10$ CASH | Покупка в 24/7 chocolate', 'money', '2024-04-05 23:10:23'),
	(313, 1, 0, '-10$ CASH | Покупка в 24/7 chocolate', 'money', '2024-04-05 23:10:24'),
	(314, 1, 0, '-20$ CASH | Покупка в 24/7 water', 'money', '2024-04-05 23:10:24'),
	(315, 1, 0, '-10$ CASH | Покупка в 24/7 chocolate', 'money', '2024-04-05 23:10:25'),
	(316, 1, 0, 'Деавторизовал персонажа', 'characterInit', '2024-04-05 23:11:10'),
	(317, 1, 0, 'Авторизовал персонажа (IP: 178.71.41.113)', 'characterInit', '2024-04-05 23:20:46'),
	(318, 1, 0, 'Выкинул \'Верхняя одежда\' (#10)', 'inventory', '2024-04-05 23:32:18'),
	(319, 1, 0, 'Поднял \'Верхняя одежда\' (#10)', 'inventory', '2024-04-05 23:32:21'),
	(320, 1, 0, 'Выкинул \'Верхняя одежда\' (#10)', 'inventory', '2024-04-05 23:32:28'),
	(321, 1, 0, 'Выкинул \'Бронежилет\' (#110)', 'inventory', '2024-04-05 23:32:58'),
	(322, 1, 0, 'Поднял \'Бронежилет\' (#110)', 'inventory', '2024-04-05 23:33:07'),
	(323, 1, 0, 'Выкинул \'Наручники\' (#109)', 'inventory', '2024-04-05 23:33:31'),
	(324, 1, 0, 'Выкинул \'Кирка\' (#6)', 'inventory', '2024-04-05 23:33:32'),
	(325, 1, 0, 'Выкинул \'Бронежилет\' (#110)', 'inventory', '2024-04-05 23:33:33'),
	(326, 1, 0, 'Выкинул \'Брюки\' (#113)', 'inventory', '2024-04-05 23:34:05'),
	(327, 1, 0, 'Выкинул \'Обувь\' (#114)', 'inventory', '2024-04-05 23:34:06'),
	(328, 1, 0, 'Выкинул \'Верхняя одежда\' (#112)', 'inventory', '2024-04-05 23:34:06'),
	(329, 1, 0, 'Выкинул \'Головной убор\' (#111)', 'inventory', '2024-04-05 23:34:07'),
	(330, 1, 0, 'Выкинул \'Головной убор\' (#115)', 'inventory', '2024-04-05 23:34:24'),
	(331, 1, 0, 'Выкинул \'Верхняя одежда\' (#116)', 'inventory', '2024-04-05 23:34:24'),
	(332, 1, 0, 'Выкинул \'Брюки\' (#117)', 'inventory', '2024-04-05 23:34:25'),
	(333, 1, 0, 'Выкинул \'Обувь\' (#118)', 'inventory', '2024-04-05 23:34:26'),
	(334, 1, 0, 'Выкинул \'Головной убор\' (#119)', 'inventory', '2024-04-05 23:34:50'),
	(335, 1, 0, 'Выкинул \'Верхняя одежда\' (#120)', 'inventory', '2024-04-05 23:34:51'),
	(336, 1, 0, 'Выкинул \'Брюки\' (#121)', 'inventory', '2024-04-05 23:34:52'),
	(337, 1, 0, 'Выкинул \'Обувь\' (#122)', 'inventory', '2024-04-05 23:34:53'),
	(338, 1, 0, 'Взял оружие Фонарик со склада LSPD', 'faction', '2024-04-05 23:35:17'),
	(339, 1, 0, 'Взял оружие Полицейская дубинка со склада LSPD', 'faction', '2024-04-05 23:35:18'),
	(340, 1, 0, 'Взял оружие Stun Gun со склада LSPD', 'faction', '2024-04-05 23:35:18'),
	(341, 1, 0, 'Взял оружие Combat Pistol со склада LSPD', 'faction', '2024-04-05 23:35:19'),
	(342, 1, 0, 'Взял оружие SMG со склада LSPD', 'faction', '2024-04-05 23:35:19'),
	(343, 1, 0, 'Взял оружие Pump Shotgun со склада LSPD', 'faction', '2024-04-05 23:35:20'),
	(344, 1, 0, 'Выкинул \'Stun Gun\' (#135)', 'inventory', '2024-04-05 23:39:50'),
	(345, 1, 0, 'Выкинул \'Наручники\' (#132)', 'inventory', '2024-04-05 23:39:52'),
	(346, 1, 0, 'Выкинул \'Бронежилет\' (#129)', 'inventory', '2024-04-05 23:39:53'),
	(347, 1, 0, 'Выкинул \'Патроны 7.62mm\' (#158)', 'inventory', '2024-04-05 23:39:55'),
	(348, 1, 0, 'Выкинул \'Патроны 7.62mm\' (#159)', 'inventory', '2024-04-05 23:39:56'),
	(349, 1, 0, 'Выкинул \'Полицейская дубинка\' (#134)', 'inventory', '2024-04-05 23:39:57'),
	(350, 1, 0, 'Выкинул \'SMG\' (#137)', 'inventory', '2024-04-05 23:39:58'),
	(351, 1, 0, 'Выкинул \'Pump Shotgun\' (#138)', 'inventory', '2024-04-05 23:39:59'),
	(352, 1, 0, '-100$ CASH | Покупка предмета #136 на каменоломне', 'money', '2024-04-05 23:40:05'),
	(353, 1, 0, 'Поднял \'Руда\' (#168)', 'inventory', '2024-04-05 23:41:05'),
	(354, 1, 0, 'Поднял \'Руда\' (#169)', 'inventory', '2024-04-05 23:41:08'),
	(355, 1, 0, '+20$ CASH | Продажа 2 ед. камня на каменоломне x1', 'money', '2024-04-05 23:41:20'),
	(356, 1, 0, '-500 фишек (Ставка в игровом автомате)', 'casino', '2024-04-05 23:42:06'),
	(357, 1, 0, '-500 фишек (Ставка в игровом автомате)', 'casino', '2024-04-05 23:42:15'),
	(358, 1, 0, '-1000 фишек (Ставка в рулетке)', 'casino', '2024-04-05 23:42:36'),
	(359, 1, 0, '-1000 фишек (Ставка в рулетке)', 'casino', '2024-04-05 23:42:39'),
	(360, 1, 0, 'Выкинул \'Верхняя одежда\' (#124)', 'inventory', '2024-04-05 23:43:46'),
	(361, 1, 0, 'Выкинул \'Брюки\' (#125)', 'inventory', '2024-04-05 23:43:47'),
	(362, 1, 0, 'Выкинул \'Обувь\' (#126)', 'inventory', '2024-04-05 23:43:48'),
	(363, 1, 0, 'Выкинул \'Головной убор\' (#123)', 'inventory', '2024-04-05 23:43:54'),
	(364, 1, 0, 'Выкинул \'Очки\' (#128)', 'inventory', '2024-04-05 23:43:54'),
	(365, 1, 0, 'Выкинул \'Маска\' (#127)', 'inventory', '2024-04-05 23:43:57'),
	(366, 1, 0, 'Деавторизовал персонажа', 'characterInit', '2024-04-05 23:44:00'),
	(367, 1, 0, 'Авторизовал персонажа (IP: 188.65.242.33)', 'characterInit', '2024-04-06 17:01:38'),
	(368, 1, 0, 'Авторизовал персонажа (IP: 188.65.242.33)', 'characterInit', '2024-04-06 17:31:17'),
	(369, 1, 0, 'Авторизовал персонажа (IP: 188.65.242.33)', 'characterInit', '2024-04-06 17:39:04'),
	(370, 1, 0, 'Авторизовал персонажа (IP: 188.65.242.33)', 'characterInit', '2024-04-06 17:41:05'),
	(371, 1, 0, '+1900$ BANK | Зарплата организации x1 LSPD', 'money', '2024-04-06 18:00:55'),
	(372, 1, 0, 'Авторизовал персонажа (IP: 188.65.242.33)', 'characterInit', '2024-04-06 18:21:22'),
	(373, 1, 0, 'Авторизовал персонажа (IP: 188.65.242.33)', 'characterInit', '2024-04-06 20:54:36'),
	(374, 1, 0, 'Авторизовал персонажа (IP: 188.65.242.33)', 'characterInit', '2024-04-06 21:19:02'),
	(375, 1, 0, '-500 CC | Покупка кейса #2', 'donate', '2024-04-06 21:20:36'),
	(376, 1, 0, '+250000$ CASH | Забрал приз из кейса', 'money', '2024-04-06 21:20:58'),
	(377, 1, 0, 'Деавторизовал персонажа', 'characterInit', '2024-04-06 22:04:29'),
	(378, 1, 0, 'Авторизовал персонажа (IP: 188.65.242.33)', 'characterInit', '2024-04-07 00:52:26'),
	(379, 1, 0, 'Авторизовал персонажа (IP: 188.65.242.33)', 'characterInit', '2024-04-07 00:55:21'),
	(380, 1, 0, 'Деавторизовал персонажа', 'characterInit', '2024-04-07 00:56:06'),
	(381, 1, 0, 'Авторизовал персонажа (IP: 178.71.41.113)', 'characterInit', '2024-04-08 12:17:41'),
	(382, 1, 0, 'Авторизовал персонажа (IP: 178.71.41.113)', 'characterInit', '2024-04-08 12:21:45'),
	(383, 1, 0, 'Авторизовал персонажа (IP: 178.71.41.113)', 'characterInit', '2024-04-08 12:25:12'),
	(384, 1, 0, 'Авторизовал персонажа (IP: 178.71.41.113)', 'characterInit', '2024-04-08 12:30:05'),
	(385, 1, 0, 'Авторизовал персонажа (IP: 178.71.41.113)', 'characterInit', '2024-04-08 12:56:37'),
	(386, 1, 0, 'Авторизовал персонажа (IP: 178.71.41.113)', 'characterInit', '2024-04-08 13:05:44'),
	(387, 1, 0, 'Авторизовал персонажа (IP: 178.71.41.113)', 'characterInit', '2024-04-08 13:10:26'),
	(388, 1, 0, 'Авторизовал персонажа (IP: 178.71.41.113)', 'characterInit', '2024-04-08 13:14:26'),
	(389, 1, 0, 'Авторизовал персонажа (IP: 178.71.41.113)', 'characterInit', '2024-04-08 13:30:30'),
	(390, 1, 0, 'Авторизовал персонажа (IP: 178.71.41.113)', 'characterInit', '2024-04-08 13:35:43'),
	(391, 3, 0, 'Авторизовал персонажа (IP: 94.180.144.36)', 'characterInit', '2024-04-08 14:35:27'),
	(392, NULL, NULL, '[info] Erick Jaison установил время на 19 ч.', 'terminal', '2024-04-08 14:47:01'),
	(393, 3, 0, 'Деавторизовал персонажа', 'characterInit', '2024-04-08 14:51:14'),
	(394, 3, 0, 'Авторизовал персонажа (IP: 94.180.144.36)', 'characterInit', '2024-04-08 15:11:36'),
	(395, 3, 0, 'Деавторизовал персонажа', 'characterInit', '2024-04-08 15:18:17'),
	(396, 1, 0, 'Авторизовал персонажа (IP: 178.71.41.113)', 'characterInit', '2024-04-08 15:41:37'),
	(397, 1, 0, '+15000 фишек (Выигрыш в колесе удачи)', 'casino', '2024-04-08 15:43:06'),
	(398, 1, 0, '-3000 фишек (Прокрутка колеса)', 'casino', '2024-04-08 15:43:06'),
	(399, 1, 0, '+0$ CASH | Возврат фишек со стола блекджэка', 'money', '2024-04-08 15:43:54'),
	(400, 1, 0, '-100 CC | Покупка кейса #1', 'donate', '2024-04-08 15:47:32'),
	(401, 1, 0, '+100000$ CASH | Забрал приз из кейса', 'money', '2024-04-08 15:47:46'),
	(402, 1, 0, 'Деавторизовал персонажа', 'characterInit', '2024-04-08 15:53:01'),
	(403, 6, 0, 'Авторизовал персонажа (IP: 76.26.137.128)', 'characterInit', '2024-04-08 18:44:29'),
	(404, 6, 0, 'Деавторизовал персонажа', 'characterInit', '2024-04-08 18:47:04'),
	(405, 1, 0, 'Авторизовал персонажа (IP: 178.71.41.113)', 'characterInit', '2024-04-08 19:19:47'),
	(406, 1, 0, 'Деавторизовал персонажа', 'characterInit', '2024-04-08 19:52:43'),
	(407, 3, 0, 'Авторизовал персонажа (IP: 94.180.144.36)', 'characterInit', '2024-04-08 20:20:10'),
	(408, 3, 0, '-156$ CASH | Заправка т/с g63 (52 л.) на АЗС #12', 'money', '2024-04-08 20:54:16'),
	(409, 3, 0, 'Деавторизовал персонажа', 'characterInit', '2024-04-08 21:23:52'),
	(410, 3, 0, 'Авторизовал персонажа (IP: 94.180.144.36)', 'characterInit', '2024-04-08 21:42:40'),
	(411, 3, 0, 'Деавторизовал персонажа', 'characterInit', '2024-04-08 22:00:56'),
	(412, 3, 0, 'Авторизовал персонажа (IP: 94.180.144.36)', 'characterInit', '2024-04-09 10:43:33'),
	(413, 3, 0, '-250$ CASH | Покупка лицензии carLicense', 'money', '2024-04-09 10:48:55'),
	(414, 3, 0, '-750$ CASH | Покупка лицензии passengerLicense', 'money', '2024-04-09 10:48:57'),
	(415, 3, 0, '-200$ CASH | Покупка лицензии bikeLicense', 'money', '2024-04-09 10:49:01'),
	(416, 3, 0, '-1500$ CASH | Покупка лицензии truckLicense', 'money', '2024-04-09 10:49:02'),
	(417, 3, 0, '-15000$ CASH | Покупка лицензии airLicense', 'money', '2024-04-09 10:49:05'),
	(418, 3, 0, '-3500$ CASH | Покупка лицензии boatLicense', 'money', '2024-04-09 10:49:07'),
	(419, 3, 0, '-5000$ CASH | Аренда т/с emperor', 'money', '2024-04-09 10:50:55'),
	(420, 3, 0, '-5000$ CASH | Аренда т/с glendale', 'money', '2024-04-09 10:51:55'),
	(421, 3, 0, '-5000$ CASH | Аренда т/с emperor', 'money', '2024-04-09 10:52:03'),
	(422, 3, 0, '-5000$ CASH | Аренда т/с glendale', 'money', '2024-04-09 10:52:10'),
	(423, 3, 0, 'Деавторизовал персонажа', 'characterInit', '2024-04-09 10:55:21'),
	(424, 3, 0, 'Авторизовал персонажа (IP: 94.180.144.36)', 'characterInit', '2024-04-09 11:15:06'),
	(425, 3, 0, 'Деавторизовал персонажа', 'characterInit', '2024-04-09 11:16:10'),
	(426, 3, 0, 'Авторизовал персонажа (IP: 94.180.144.36)', 'characterInit', '2024-04-09 11:20:23'),
	(427, 3, 0, '-1450$ CASH | Покупка татуировки #15', 'money', '2024-04-09 11:32:05'),
	(428, 3, 0, '-12350$ CASH | Покупка татуировки #55', 'money', '2024-04-09 11:33:24'),
	(429, 3, 0, '-8300$ CASH | Покупка татуировки #58', 'money', '2024-04-09 11:33:35'),
	(430, 3, 0, '-7865$ CASH | Покупка татуировки #86', 'money', '2024-04-09 11:33:41'),
	(431, 3, 0, '-7300$ CASH | Покупка татуировки #108', 'money', '2024-04-09 11:33:57'),
	(432, 3, 0, '-2100$ CASH | Покупка татуировки #224', 'money', '2024-04-09 11:34:18'),
	(433, 3, 0, '-5900$ CASH | Покупка татуировки #301', 'money', '2024-04-09 11:34:43'),
	(434, 3, 0, '-23400$ CASH | Покупка татуировки #322', 'money', '2024-04-09 11:34:49'),
	(435, 3, 0, '-17950$ CASH | Покупка татуировки #48', 'money', '2024-04-09 11:35:00'),
	(436, 3, 0, '-8150$ CASH | Покупка татуировки #380', 'money', '2024-04-09 11:35:21'),
	(437, 3, 0, '-1450$ CASH | Покупка татуировки #465', 'money', '2024-04-09 11:35:26'),
	(438, 3, 0, '-9660$ CASH | Покупка татуировки #197', 'money', '2024-04-09 11:35:36'),
	(439, 3, 0, '-9630$ CASH | Покупка татуировки #73', 'money', '2024-04-09 11:36:03'),
	(440, 3, 0, '-7985$ CASH | Покупка татуировки #102', 'money', '2024-04-09 11:36:11'),
	(441, 3, 0, '-19050$ CASH | Покупка татуировки #200', 'money', '2024-04-09 11:36:28'),
	(442, 3, 0, '-8980$ CASH | Покупка татуировки #207', 'money', '2024-04-09 11:36:31'),
	(443, 3, 0, '-19875$ CASH | Покупка татуировки #210', 'money', '2024-04-09 11:36:36'),
	(444, 3, 0, '-400$ CASH | Сведение татуировки #13', 'money', '2024-04-09 11:36:53'),
	(445, 3, 0, '-400$ CASH | Сведение татуировки #14', 'money', '2024-04-09 11:37:00'),
	(446, 3, 0, 'Деавторизовал персонажа', 'characterInit', '2024-04-09 11:49:59'),
	(447, 1, 0, 'Авторизовал персонажа (IP: 178.71.41.113)', 'characterInit', '2024-04-09 12:42:12'),
	(448, 3, 1, 'Авторизовал персонажа (IP: 94.180.144.36)', 'characterInit', '2024-04-09 12:42:16'),
	(449, 1, 0, '-1400000$ CASH | Покупка бизнеса #69 у государства', 'money', '2024-04-09 12:50:50'),
	(450, 1, 0, '-30$ CASH | Заправка т/с Bugatti Veyron (10 л.) на АЗС #13', 'money', '2024-04-09 12:52:59'),
	(451, 1, 0, 'Деавторизовал персонажа', 'characterInit', '2024-04-09 12:54:00'),
	(452, 3, 0, 'Авторизовал персонажа (IP: 94.180.144.36)', 'characterInit', '2024-04-09 13:27:58'),
	(453, 3, 0, '-6000$ CASH | Покупка фишек в казино', 'money', '2024-04-09 13:33:43'),
	(454, 3, 0, '+2000 фишек (Покупка в казино)', 'casino', '2024-04-09 13:33:43'),
	(455, 3, 0, '-3000 фишек (Прокрутка колеса)', 'casino', '2024-04-09 13:34:02'),
	(456, 1, 1, 'Авторизовал персонажа (IP: 178.71.41.113)', 'characterInit', '2024-04-09 13:51:44'),
	(457, 1, 1, '-45$ CASH | Отправка объявления', 'money', '2024-04-09 13:59:45'),
	(458, 1, 1, '+13$ BANK | Принятие объявления', 'money', '2024-04-09 14:00:15'),
	(459, 3, 0, '+1600$ BANK | Зарплата организации x1 Lifeinvader', 'money', '2024-04-09 14:00:31'),
	(460, 3, 0, '-85$ CASH | Отправка объявления', 'money', '2024-04-09 14:00:41'),
	(461, 1, 1, '+25$ BANK | Принятие объявления', 'money', '2024-04-09 14:00:51'),
	(462, 1, 1, '-45$ CASH | Отправка объявления', 'money', '2024-04-09 14:01:20'),
	(463, 3, 0, '+13$ BANK | Принятие объявления', 'money', '2024-04-09 14:01:35'),
	(464, 3, 0, '-500 CC | Покупка кейса #2', 'donate', '2024-04-09 14:03:27'),
	(465, 3, 0, '+200 CC | Продажа приза из кейса #13', 'donate', '2024-04-09 14:03:34'),
	(466, 1, 1, '-500 CC | Покупка кейса #2', 'donate', '2024-04-09 14:03:39'),
	(467, 1, 1, '+200 CC | Продажа приза из кейса #13', 'donate', '2024-04-09 14:03:47'),
	(468, 3, 0, '-111$ CASH | Передача денег на руки от игрока #3 игроку #1', 'money', '2024-04-09 14:05:06'),
	(469, 1, 1, '+111$ CASH | ', 'money', '2024-04-09 14:05:06'),
	(470, 3, 0, '-500$ CASH | Передача денег на руки от игрока #3 игроку #1', 'money', '2024-04-09 14:05:12'),
	(471, 1, 1, '+500$ CASH | ', 'money', '2024-04-09 14:05:12'),
	(472, 3, 0, 'Деавторизовал персонажа', 'characterInit', '2024-04-09 14:15:51'),
	(473, 3, 0, 'Авторизовал персонажа (IP: 94.180.144.36)', 'characterInit', '2024-04-09 14:21:25'),
	(474, 1, 1, '-100$ CASH | Покупка одежды watches. Variation #40. Texture #0', 'money', '2024-04-09 14:24:37'),
	(475, 1, 1, '-230$ CASH | Покупка одежды tops. Variation #112. Texture #0', 'money', '2024-04-09 14:24:54'),
	(476, 1, 1, '-3$ CASH | Покупка одежды shoes. Variation #16. Texture #0', 'money', '2024-04-09 14:24:59'),
	(477, 1, 1, 'Деавторизовал персонажа', 'characterInit', '2024-04-09 14:35:46'),
	(478, 3, 0, 'Деавторизовал персонажа', 'characterInit', '2024-04-09 15:05:55'),
	(479, 3, 0, 'Авторизовал персонажа (IP: 94.180.144.36)', 'characterInit', '2024-04-09 15:27:42'),
	(480, 3, 0, '+1600$ BANK | Зарплата организации x1 Lifeinvader', 'money', '2024-04-09 16:00:31'),
	(481, 3, 0, 'Деавторизовал персонажа', 'characterInit', '2024-04-09 16:13:15'),
	(482, 1, NULL, '+840000$ BANK | Слет бизнеса #69', 'money', '2024-04-10 12:50:50'),
	(483, 7, 0, 'Авторизовал персонажа (IP: 94.180.144.36)', 'characterInit', '2024-04-12 10:49:14'),
	(484, 7, 0, '-250$ CASH | Покупка лицензии carLicense', 'money', '2024-04-12 10:53:22'),
	(485, 7, 0, 'Деавторизовал персонажа', 'characterInit', '2024-04-12 10:55:41'),
	(486, 3, 0, 'Авторизовал персонажа (IP: 94.180.144.36)', 'characterInit', '2024-04-12 10:59:34'),
	(487, 3, 0, 'Деавторизовал персонажа', 'characterInit', '2024-04-12 11:52:14'),
	(488, 3, 0, 'Авторизовал персонажа (IP: 94.180.144.36)', 'characterInit', '2024-04-12 12:03:42'),
	(489, 3, 0, 'Деавторизовал персонажа', 'characterInit', '2024-04-12 12:11:39'),
	(490, 3, 0, 'Авторизовал персонажа (IP: 94.180.144.36)', 'characterInit', '2024-04-12 12:25:33'),
	(491, 3, 0, 'Деавторизовал персонажа', 'characterInit', '2024-04-12 12:37:03'),
	(492, 3, 0, 'Авторизовал персонажа (IP: 94.180.144.36)', 'characterInit', '2024-04-12 15:22:15'),
	(493, 3, 0, 'Деавторизовал персонажа', 'characterInit', '2024-04-12 15:51:41'),
	(494, 3, 0, 'Авторизовал персонажа (IP: 94.180.144.36)', 'characterInit', '2024-04-12 16:02:48'),
	(495, NULL, NULL, '[info] Erick Jaison установил время на 0 ч.', 'terminal', '2024-04-12 16:05:36'),
	(496, NULL, NULL, '[info] Erick Jaison установил время на 22 ч.', 'terminal', '2024-04-12 16:05:54'),
	(497, NULL, NULL, '[info] Erick Jaison установил время на 20 ч.', 'terminal', '2024-04-12 16:05:57'),
	(498, NULL, NULL, '[info] Erick Jaison установил время на 18 ч.', 'terminal', '2024-04-12 16:06:47'),
	(499, NULL, NULL, '[info] Erick Jaison установил время на 14 ч.', 'terminal', '2024-04-12 16:20:35'),
	(500, 3, 0, '+1600$ BANK | Зарплата организации x1 Lifeinvader', 'money', '2024-04-12 17:00:10'),
	(501, 3, 0, 'Деавторизовал персонажа', 'characterInit', '2024-04-12 17:16:32'),
	(502, 3, 0, 'Авторизовал персонажа (IP: 94.180.144.36)', 'characterInit', '2024-04-12 17:46:51'),
	(503, NULL, NULL, '[info] Erick Jaison установил время на 22 ч.', 'terminal', '2024-04-12 17:47:01'),
	(504, NULL, NULL, '[info] Erick Jaison установил время на 19 ч.', 'terminal', '2024-04-12 17:47:04'),
	(505, NULL, NULL, '[info] Erick Jaison установил время на 10 ч.', 'terminal', '2024-04-12 17:47:44'),
	(506, 3, 0, 'Авторизовал персонажа (IP: 94.180.144.36)', 'characterInit', '2024-04-12 18:17:07'),
	(507, 3, 0, 'Деавторизовал персонажа', 'characterInit', '2024-04-12 18:19:37'),
	(508, 1, 0, 'Авторизовал персонажа (IP: 188.65.242.58)', 'characterInit', '2024-04-13 19:20:15'),
	(509, 1, 0, 'Авторизовал персонажа (IP: 188.65.242.58)', 'characterInit', '2024-04-13 20:03:14'),
	(510, 1, 0, '-1000000$ CASH | Покупка дома #217 у государства', 'money', '2024-04-13 20:15:33'),
	(511, 1, 0, '-10000$ BANK | Покупка улучшения "holder" для дома #217', 'money', '2024-04-13 20:16:11'),
	(512, 1, 0, '-5000$ CASH | Покупка в автосалоне т/с nero', 'money', '2024-04-13 20:17:52'),
	(513, 1, 0, '-5000$ CASH | Покупка в автосалоне т/с asterope', 'money', '2024-04-13 20:18:01'),
	(514, 1, 0, '-5000$ CASH | Покупка в автосалоне т/с blista', 'money', '2024-04-13 20:18:05'),
	(515, 1, 0, '-5000$ CASH | Покупка в автосалоне т/с blista', 'money', '2024-04-13 20:18:10'),
	(516, 1, 0, '-5000$ CASH | Покупка в автосалоне т/с felon', 'money', '2024-04-13 20:18:14'),
	(517, 1, 0, '-5000$ CASH | Покупка в автосалоне т/с felon', 'money', '2024-04-13 20:18:19'),
	(518, 1, 0, '-10000$ CASH | Покупка в автосалоне т/с neon', 'money', '2024-04-13 20:18:30'),
	(519, 1, 0, '-1890$ CASH | Взятие т/с bugatti с парковки', 'money', '2024-04-13 20:23:35'),
	(520, 1, 0, '-100000$ CASH | Покупка в автосалоне т/с cayenne', 'money', '2024-04-13 20:23:49'),
	(521, 1, 0, '-100000$ CASH | Покупка в автосалоне т/с cayenne', 'money', '2024-04-13 20:27:48'),
	(522, 1, 0, '-300$ CASH | Доставка т/с к дому', 'money', '2024-04-13 20:28:06'),
	(523, 1, 0, '-300$ CASH | Доставка т/с к дому', 'money', '2024-04-13 20:30:41'),
	(524, 1, 0, '-300$ CASH | Доставка т/с к дому', 'money', '2024-04-13 20:32:51'),
	(525, 1, 0, 'Авторизовал персонажа (IP: 188.65.242.58)', 'characterInit', '2024-04-13 20:41:49'),
	(526, 1, 0, '-300$ CASH | Доставка т/с к дому', 'money', '2024-04-13 20:48:56'),
	(527, 1, 0, '-300$ CASH | Доставка т/с к дому', 'money', '2024-04-13 20:53:57'),
	(528, 1, 0, '-300$ CASH | Доставка т/с к дому', 'money', '2024-04-13 20:58:03'),
	(529, 1, 0, '+1600$ BANK | Зарплата организации x1 Lifeinvader', 'money', '2024-04-13 21:00:31'),
	(530, 1, 0, '-300$ CASH | Доставка т/с к дому', 'money', '2024-04-13 21:01:41'),
	(531, 1, 0, '-300$ CASH | Доставка т/с к дому', 'money', '2024-04-13 21:02:49'),
	(532, 1, 0, 'Авторизовал персонажа (IP: 188.65.242.58)', 'characterInit', '2024-04-13 21:33:42'),
	(533, 1, 0, 'Авторизовал персонажа (IP: 188.65.242.58)', 'characterInit', '2024-04-13 21:39:20'),
	(534, 1, 0, 'Авторизовал персонажа (IP: 188.65.242.58)', 'characterInit', '2024-04-13 22:47:31'),
	(535, 1, 0, '-100000$ CASH | Покупка в автосалоне т/с urus', 'money', '2024-04-13 22:48:58'),
	(536, 1, 0, 'Авторизовал персонажа (IP: 188.65.242.58)', 'characterInit', '2024-04-13 22:53:28'),
	(537, 1, 0, 'Авторизовал персонажа (IP: 188.65.242.58)', 'characterInit', '2024-04-13 22:55:30'),
	(538, 1, 0, 'Авторизовал персонажа (IP: 188.65.242.58)', 'characterInit', '2024-04-13 22:57:20'),
	(539, 1, 0, 'Авторизовал персонажа (IP: 188.65.242.58)', 'characterInit', '2024-04-13 23:15:10'),
	(540, 1, 0, '-100000$ CASH | Покупка в автосалоне т/с amggtr', 'money', '2024-04-13 23:17:38'),
	(541, 1, 0, '-100000$ CASH | Покупка в автосалоне т/с cayenne', 'money', '2024-04-13 23:17:42'),
	(542, 1, 0, 'Авторизовал персонажа (IP: 188.65.242.58)', 'characterInit', '2024-04-13 23:34:50'),
	(543, 1, 0, 'Авторизовал персонажа (IP: 188.65.242.58)', 'characterInit', '2024-04-13 23:41:30'),
	(544, 1, 0, 'Авторизовал персонажа (IP: 188.65.242.58)', 'characterInit', '2024-04-13 23:44:41'),
	(545, 1, 0, 'Авторизовал персонажа (IP: 188.65.242.58)', 'characterInit', '2024-04-13 23:46:33'),
	(546, 1, 0, 'Авторизовал персонажа (IP: 188.65.242.58)', 'characterInit', '2024-04-13 23:55:20'),
	(547, 1, 0, 'Авторизовал персонажа (IP: 188.65.242.58)', 'characterInit', '2024-04-14 00:02:06'),
	(548, 1, 0, 'Авторизовал персонажа (IP: 188.65.242.58)', 'characterInit', '2024-04-14 00:07:18'),
	(549, 1, 0, 'Авторизовал персонажа (IP: 188.65.242.58)', 'characterInit', '2024-04-14 00:10:04'),
	(550, 8, 0, 'Авторизовал персонажа (IP: 79.139.182.68)', 'characterInit', '2024-04-14 15:29:05'),
	(551, 8, 0, 'Деавторизовал персонажа', 'characterInit', '2024-04-14 15:29:38'),
	(552, 1, 0, 'Авторизовал персонажа (IP: 95.52.125.242)', 'characterInit', '2024-04-14 15:32:57'),
	(553, 1, 0, '+210000$ BANK | Слет автомобилей в гос после слета дома', 'money', '2024-04-14 15:45:39'),
	(554, 1, 0, '+1600$ BANK | Зарплата организации x1 Lifeinvader', 'money', '2024-04-14 16:00:28'),
	(555, 1, 0, 'Авторизовал персонажа (IP: 95.52.125.242)', 'characterInit', '2024-04-14 16:10:38'),
	(556, 1, 0, 'Авторизовал персонажа (IP: 95.52.125.242)', 'characterInit', '2024-04-14 16:14:16'),
	(557, 1, 0, '-100000$ CASH | Покупка в автосалоне т/с zx10rr', 'money', '2024-04-14 16:15:11'),
	(558, 1, NULL, '+600000$ BANK | Слет дома #217', 'money', '2024-04-14 20:15:34'),
	(559, 1, NULL, '+70000$ BANK | Слет автомобилей в гос после слета дома', 'money', '2024-04-14 20:15:34'),
	(560, 3, 0, 'Авторизовал персонажа (IP: 94.180.144.36)', 'characterInit', '2024-04-15 08:17:25'),
	(561, NULL, NULL, '[info] Админ Erick Jaison выдал еду, воду Erick Jaison', 'terminal', '2024-04-15 08:30:55'),
	(562, NULL, NULL, '[info] Erick Jaison выдал Erick Jaison лицензию на оружие ', 'terminal', '2024-04-15 08:32:55'),
	(563, 3, 0, '+1600$ BANK | Зарплата организации x1 Lifeinvader', 'money', '2024-04-15 09:00:28'),
	(564, 3, 0, 'Деавторизовал персонажа', 'characterInit', '2024-04-15 09:18:11'),
	(565, 3, 0, 'Авторизовал персонажа (IP: 94.180.144.36)', 'characterInit', '2024-04-15 09:20:22'),
	(566, NULL, NULL, '[info] Erick Jaison установил время на 22 ч.', 'terminal', '2024-04-15 09:26:29'),
	(567, 9, 1, 'Авторизовал персонажа (IP: 91.245.42.179)', 'characterInit', '2024-04-15 09:40:29'),
	(568, NULL, NULL, '[info] Erick Jaison установил время на 19 ч.', 'terminal', '2024-04-15 09:42:08'),
	(569, 9, 1, 'Деавторизовал персонажа', 'characterInit', '2024-04-15 09:42:10'),
	(570, 3, 0, '+1600$ BANK | Зарплата организации x1 Lifeinvader', 'money', '2024-04-15 10:00:14'),
	(571, 3, 0, '-1000$ CASH | Покупка бронежилета', 'money', '2024-04-15 10:06:54'),
	(572, 3, 0, '-2600$ CASH | Покупка оружия SMG', 'money', '2024-04-15 10:07:20'),
	(573, 3, 0, '-120$ CASH | Покупка боеприпасов с itemId #37 (12 шт.)', 'money', '2024-04-15 10:07:22'),
	(574, 3, 0, '-120$ CASH | Покупка боеприпасов с itemId #37 (12 шт.)', 'money', '2024-04-15 10:07:23'),
	(575, 3, 0, '-120$ CASH | Покупка боеприпасов с itemId #37 (12 шт.)', 'money', '2024-04-15 10:07:23'),
	(576, 3, 0, '-120$ CASH | Покупка боеприпасов с itemId #37 (12 шт.)', 'money', '2024-04-15 10:07:23'),
	(577, 3, 0, '-120$ CASH | Покупка боеприпасов с itemId #37 (12 шт.)', 'money', '2024-04-15 10:07:23'),
	(578, 3, 0, '-120$ CASH | Покупка боеприпасов с itemId #37 (12 шт.)', 'money', '2024-04-15 10:07:23'),
	(579, 3, 0, '-120$ CASH | Покупка боеприпасов с itemId #37 (12 шт.)', 'money', '2024-04-15 10:08:10'),
	(580, 3, 0, '-120$ CASH | Покупка боеприпасов с itemId #37 (12 шт.)', 'money', '2024-04-15 10:08:10'),
	(581, 3, 0, '-120$ CASH | Покупка боеприпасов с itemId #37 (12 шт.)', 'money', '2024-04-15 10:08:11'),
	(582, 3, 0, '-120$ CASH | Покупка боеприпасов с itemId #37 (12 шт.)', 'money', '2024-04-15 10:08:11'),
	(583, 3, 0, '-120$ CASH | Покупка боеприпасов с itemId #37 (12 шт.)', 'money', '2024-04-15 10:08:11'),
	(584, 3, 0, '-120$ CASH | Покупка боеприпасов с itemId #37 (12 шт.)', 'money', '2024-04-15 10:08:11'),
	(585, 3, 0, '-120$ CASH | Покупка боеприпасов с itemId #37 (12 шт.)', 'money', '2024-04-15 10:08:11'),
	(586, 3, 0, '-120$ CASH | Покупка боеприпасов с itemId #37 (12 шт.)', 'money', '2024-04-15 10:08:11'),
	(587, 3, 0, '-120$ CASH | Покупка боеприпасов с itemId #37 (12 шт.)', 'money', '2024-04-15 10:08:11'),
	(588, 3, 0, '-120$ CASH | Покупка боеприпасов с itemId #37 (12 шт.)', 'money', '2024-04-15 10:08:12'),
	(589, 3, 0, '-100000$ CASH | Покупка в автосалоне т/с bmwg07', 'money', '2024-04-15 10:12:14'),
	(590, 3, 0, '-1000000$ CASH | Покупка в автосалоне т/с x6m18', 'money', '2024-04-15 10:16:26'),
	(591, 3, 0, '-125$ CASH | Ремонт т/с bmwg07 в LSC', 'money', '2024-04-15 10:20:09'),
	(592, 3, 0, '-8000$ CASH | Покупка тюнинга т/с bmwg07 в LSC (type #11 | index #3)', 'money', '2024-04-15 10:20:22'),
	(593, 3, 0, '-6000$ CASH | Покупка тюнинга т/с bmwg07 в LSC (type #12 | index #2)', 'money', '2024-04-15 10:20:23'),
	(594, 3, 0, '-3000$ CASH | Покупка тюнинга т/с bmwg07 в LSC (type #13 | index #2)', 'money', '2024-04-15 10:20:25'),
	(595, 3, 0, '-4000$ CASH | Покупка тюнинга т/с bmwg07 в LSC (type #15 | index #3)', 'money', '2024-04-15 10:20:28'),
	(596, 3, 0, '-500$ CASH | Покупка тюнинга т/с bmwg07 в LSC (type #62 | index #0)', 'money', '2024-04-15 10:20:49'),
	(597, 3, 0, '-500$ CASH | Покупка тюнинга т/с bmwg07 в LSC (type #0 | index #0)', 'money', '2024-04-15 10:20:57'),
	(598, 3, 0, '-500$ CASH | Покупка тюнинга т/с bmwg07 в LSC (type #1 | index #0)', 'money', '2024-04-15 10:21:06'),
	(599, 3, 0, '-72000$ CASH | Покупка тюнинга т/с bmwg07 в LSC (type #23 | index #143)', 'money', '2024-04-15 10:21:33'),
	(600, 3, 0, '-80$ CASH | Заправка т/с bmwg07 (4 л.) на АЗС #6', 'money', '2024-04-15 10:23:30'),
	(601, 3, 0, '+70000$ CASH | Продажа на авторынке т/с bmwg07 (ID 348 | PLATE TQA548)', 'money', '2024-04-15 10:26:47'),
	(602, 3, 0, '-1500000$ CASH | Покупка в автосалоне т/с g63', 'money', '2024-04-15 10:27:54'),
	(603, 3, 0, '-125$ CASH | Ремонт т/с g63 amg  в LSC', 'money', '2024-04-15 10:29:08'),
	(604, 3, 0, '-100$ CASH | Смена цвета т/с g63 amg  в LSC (#3 | #0)', 'money', '2024-04-15 10:29:17'),
	(605, 3, 0, '-100$ CASH | Смена цвета т/с g63 amg  в LSC (#3 | #6)', 'money', '2024-04-15 10:29:24'),
	(606, 3, 0, '-120000$ CASH | Покупка тюнинга т/с g63 amg  в LSC (type #11 | index #3)', 'money', '2024-04-15 10:29:27'),
	(607, 3, 0, '-90000$ CASH | Покупка тюнинга т/с g63 amg  в LSC (type #12 | index #2)', 'money', '2024-04-15 10:29:30'),
	(608, 3, 0, '-45000$ CASH | Покупка тюнинга т/с g63 amg  в LSC (type #13 | index #2)', 'money', '2024-04-15 10:29:32'),
	(609, 3, 0, '-7500$ CASH | Покупка тюнинга т/с g63 amg  в LSC (type #62 | index #0)', 'money', '2024-04-15 10:29:52'),
	(610, 3, 0, '-15000$ CASH | Покупка тюнинга т/с g63 amg  в LSC (type #0 | index #1)', 'money', '2024-04-15 10:30:07'),
	(611, 3, 0, '-7500$ CASH | Покупка тюнинга т/с g63 amg  в LSC (type #1 | index #0)', 'money', '2024-04-15 10:30:41'),
	(612, 3, 0, '-15000$ CASH | Покупка тюнинга т/с g63 amg  в LSC (type #7 | index #1)', 'money', '2024-04-15 10:30:51'),
	(613, 3, 0, '-510000$ CASH | Покупка тюнинга т/с g63 amg  в LSC (type #23 | index #67)', 'money', '2024-04-15 10:31:02'),
	(614, 3, 0, '-16665$ CASH | Покупка фишек в казино', 'money', '2024-04-15 10:44:37'),
	(615, 3, 0, '+5555 фишек (Покупка в казино)', 'casino', '2024-04-15 10:44:37'),
	(616, 3, 0, '-3000 фишек (Прокрутка колеса)', 'casino', '2024-04-15 10:44:55'),
	(617, 3, 0, '+40000$ CASH | Выигрыш в колесе удачи', 'money', '2024-04-15 10:44:55'),
	(618, 3, 0, '+1530$ CASH | Продажа рыбы. bonusPay - x1', 'money', '2024-04-15 10:48:08'),
	(619, 3, 0, '+2880$ CASH | Продажа рыбы. bonusPay - x1', 'money', '2024-04-15 10:48:37'),
	(620, 3, 0, 'Авторизовал персонажа (IP: 94.180.144.36)', 'characterInit', '2024-04-15 11:30:00'),
	(621, 3, 0, '-280000$ CASH | Покупка в автосалоне т/с cbrrr', 'money', '2024-04-15 11:31:28'),
	(622, 3, 0, '-125$ CASH | Ремонт т/с x6m18 в LSC', 'money', '2024-04-15 11:35:16'),
	(623, 3, 0, '-80000$ CASH | Покупка тюнинга т/с x6m18 в LSC (type #11 | index #3)', 'money', '2024-04-15 11:35:20'),
	(624, 3, 0, '-60000$ CASH | Покупка тюнинга т/с x6m18 в LSC (type #12 | index #2)', 'money', '2024-04-15 11:35:22'),
	(625, 3, 0, '-30000$ CASH | Покупка тюнинга т/с x6m18 в LSC (type #13 | index #2)', 'money', '2024-04-15 11:35:23'),
	(626, 3, 0, '-40000$ CASH | Покупка тюнинга т/с x6m18 в LSC (type #15 | index #3)', 'money', '2024-04-15 11:35:27'),
	(627, 3, 0, '-15000$ CASH | Покупка тюнинга т/с x6m18 в LSC (type #55 | index #2)', 'money', '2024-04-15 11:35:32'),
	(628, 3, 0, '-5000$ CASH | Покупка тюнинга т/с x6m18 в LSC (type #22 | index #0)', 'money', '2024-04-15 11:35:34'),
	(629, 3, 0, '-5000$ CASH | Покупка тюнинга т/с x6m18 в LSC (type #62 | index #0)', 'money', '2024-04-15 11:35:36'),
	(630, 3, 0, '-30000$ CASH | Покупка тюнинга т/с x6m18 в LSC (type #0 | index #5)', 'money', '2024-04-15 11:35:54'),
	(631, 3, 0, '-25000$ CASH | Покупка тюнинга т/с x6m18 в LSC (type #0 | index #4)', 'money', '2024-04-15 11:36:06'),
	(632, 3, 0, '-5000$ CASH | Покупка тюнинга т/с x6m18 в LSC (type #1 | index #0)', 'money', '2024-04-15 11:36:09'),
	(633, 3, 0, '-5000$ CASH | Покупка тюнинга т/с x6m18 в LSC (type #3 | index #0)', 'money', '2024-04-15 11:36:12'),
	(634, 3, 0, '-5000$ CASH | Покупка тюнинга т/с x6m18 в LSC (type #7 | index #0)', 'money', '2024-04-15 11:36:17'),
	(635, 3, 0, '-15000$ CASH | Покупка тюнинга т/с x6m18 в LSC (type #10 | index #2)', 'money', '2024-04-15 11:36:24'),
	(636, 3, 0, '-440000$ CASH | Покупка тюнинга т/с x6m18 в LSC (type #23 | index #87)', 'money', '2024-04-15 11:36:40'),
	(637, 3, 0, '-2000000$ CASH | Покупка фермы #1 у штата', 'money', '2024-04-15 11:39:02'),
	(638, 3, 0, '-50000$ CASH | Пополнение баланса фермы #1', 'money', '2024-04-15 11:39:50'),
	(639, 3, 0, '-450000$ CASH | Пополнение баланса фермы #1', 'money', '2024-04-15 11:41:11'),
	(640, 3, 0, '-3800$ CASH | Пополнение баланса фермы #1', 'money', '2024-04-15 11:42:33'),
	(641, 3, 0, '-5000$ CASH | Пополнение баланса фермы #1', 'money', '2024-04-15 11:43:22'),
	(642, 3, 0, '+1600$ BANK | Зарплата организации x1 Lifeinvader', 'money', '2024-04-15 12:00:25'),
	(643, 3, 0, '-80$ CASH | Покупка в 24/7 matches', 'money', '2024-04-15 12:17:32'),
	(644, 3, 0, '+91$ CASH | Сдача мусора на свалке x1', 'money', '2024-04-15 12:20:17'),
	(645, 3, 0, 'Деавторизовал персонажа', 'characterInit', '2024-04-15 12:47:13'),
	(646, 3, 0, 'Авторизовал персонажа (IP: 94.180.144.36)', 'characterInit', '2024-04-15 17:47:29'),
	(647, 3, 0, '-280000$ CASH | Покупка в автосалоне т/с harley1', 'money', '2024-04-15 17:50:42'),
	(648, 3, 0, '-1000000$ CASH | Покупка в автосалоне т/с deborah', 'money', '2024-04-15 17:55:34'),
	(649, 3, 0, '-100$ CASH | Смена цвета т/с deborah в LSC (#43 | #98)', 'money', '2024-04-15 17:57:49'),
	(650, 3, 0, '-80000$ CASH | Покупка тюнинга т/с deborah в LSC (type #11 | index #3)', 'money', '2024-04-15 17:57:53'),
	(651, 3, 0, '-60000$ CASH | Покупка тюнинга т/с deborah в LSC (type #12 | index #2)', 'money', '2024-04-15 17:57:55'),
	(652, 3, 0, '-30000$ CASH | Покупка тюнинга т/с deborah в LSC (type #13 | index #2)', 'money', '2024-04-15 17:57:58'),
	(653, 3, 0, '-40000$ CASH | Покупка тюнинга т/с deborah в LSC (type #15 | index #3)', 'money', '2024-04-15 17:58:02'),
	(654, 3, 0, '-5000$ CASH | Покупка тюнинга т/с deborah в LSC (type #62 | index #0)', 'money', '2024-04-15 17:58:10'),
	(655, 3, 0, '-1000000$ CASH | Покупка в автосалоне т/с bmwe70', 'money', '2024-04-15 18:01:51'),
	(656, 3, 0, '-125$ CASH | Ремонт т/с bmwe70 в LSC', 'money', '2024-04-15 18:02:49'),
	(657, 3, 0, '-80000$ CASH | Покупка тюнинга т/с bmwe70 в LSC (type #11 | index #3)', 'money', '2024-04-15 18:02:51'),
	(658, 3, 0, '-60000$ CASH | Покупка тюнинга т/с bmwe70 в LSC (type #12 | index #2)', 'money', '2024-04-15 18:02:53'),
	(659, 3, 0, '-30000$ CASH | Покупка тюнинга т/с bmwe70 в LSC (type #13 | index #2)', 'money', '2024-04-15 18:02:55'),
	(660, 3, 0, '-40000$ CASH | Покупка тюнинга т/с bmwe70 в LSC (type #15 | index #3)', 'money', '2024-04-15 18:02:59'),
	(661, 3, 0, '-10000$ CASH | Покупка тюнинга т/с bmwe70 в LSC (type #55 | index #1)', 'money', '2024-04-15 18:03:03'),
	(662, 3, 0, '-5000$ CASH | Покупка тюнинга т/с bmwe70 в LSC (type #22 | index #0)', 'money', '2024-04-15 18:03:05'),
	(663, 3, 0, '-5000$ CASH | Покупка тюнинга т/с bmwe70 в LSC (type #62 | index #0)', 'money', '2024-04-15 18:03:07'),
	(664, 3, 0, '-5000$ CASH | Покупка тюнинга т/с bmwe70 в LSC (type #1 | index #0)', 'money', '2024-04-15 18:03:11'),
	(665, 3, 0, '-5000$ CASH | Покупка тюнинга т/с bmwe70 в LSC (type #4 | index #0)', 'money', '2024-04-15 18:03:17'),
	(666, 3, 0, '-5000$ CASH | Покупка тюнинга т/с bmwe70 в LSC (type #7 | index #0)', 'money', '2024-04-15 18:03:23'),
	(667, 3, 0, '-330000$ CASH | Покупка тюнинга т/с bmwe70 в LSC (type #23 | index #65)', 'money', '2024-04-15 18:03:33'),
	(668, NULL, NULL, '[info] Erick Jaison установил время на 14 ч.', 'terminal', '2024-04-15 18:16:45'),
	(669, 3, 0, '-200$ CASH | Покупка одежды tops. Variation #12. Texture #0', 'money', '2024-04-15 18:20:28'),
	(670, 3, 0, 'Выкинул \'Бронежилет\' (#198)', 'inventory', '2024-04-15 18:22:20'),
	(671, 3, 0, 'Выкинул \'SMG\' (#199)', 'inventory', '2024-04-15 18:37:34'),
	(672, 3, 0, '+1600$ BANK | Зарплата организации x1 Lifeinvader', 'money', '2024-04-15 19:00:25'),
	(673, 3, 0, 'Деавторизовал персонажа', 'characterInit', '2024-04-15 19:28:40'),
	(674, 3, 0, 'Авторизовал персонажа (IP: 94.180.144.36)', 'characterInit', '2024-04-15 19:30:38'),
	(675, 3, 0, '+1600$ BANK | Зарплата организации x1 Lifeinvader', 'money', '2024-04-15 20:00:25'),
	(676, NULL, NULL, '[info] Erick Jaison выключил показ сборки сервера', 'terminal', '2024-04-15 20:09:06'),
	(677, NULL, NULL, '[info] Erick Jaison выключил показ сборки сервера', 'terminal', '2024-04-15 20:09:12'),
	(678, NULL, NULL, '[info] Erick Jaison включил показ сборки сервера', 'terminal', '2024-04-15 20:09:15'),
	(679, NULL, NULL, '[info] Erick Jaison установил для команды /blip уровень доступа 7', 'terminal', '2024-04-15 20:15:37'),
	(680, NULL, NULL, '[info] Erick Jaison установил для команды /modules уровень доступа 6', 'terminal', '2024-04-15 20:16:22'),
	(681, NULL, NULL, '[info] Erick Jaison установил для команды /module уровень доступа 6', 'terminal', '2024-04-15 20:16:25'),
	(682, NULL, NULL, '[info] Erick Jaison установил для команды /effect уровень доступа 5', 'terminal', '2024-04-15 20:17:09'),
	(683, NULL, NULL, '[info] Erick Jaison установил для команды /sound уровень доступа 5', 'terminal', '2024-04-15 20:17:14'),
	(684, NULL, NULL, '[info] Erick Jaison установил для команды /changephone уровень доступа 6', 'terminal', '2024-04-15 20:18:55'),
	(685, 3, 0, 'Деавторизовал персонажа', 'characterInit', '2024-04-15 20:25:06'),
	(686, 10, 0, 'Авторизовал персонажа (IP: 176.52.41.81)', 'characterInit', '2024-04-15 20:33:41'),
	(687, 10, 0, '-60$ CASH | Покупка фишек в казино', 'money', '2024-04-15 20:37:22'),
	(688, 10, 0, '+20 фишек (Покупка в казино)', 'casino', '2024-04-15 20:37:22'),
	(689, 10, 0, '-600$ CASH | Покупка фишек в казино', 'money', '2024-04-15 20:37:38'),
	(690, 10, 0, '+200 фишек (Покупка в казино)', 'casino', '2024-04-15 20:37:38'),
	(691, 10, 0, '+300 фишек (Покупка в казино)', 'casino', '2024-04-15 20:37:49'),
	(692, 10, 0, '-900$ CASH | Покупка фишек в казино', 'money', '2024-04-15 20:37:49'),
	(693, 10, 0, '+140 фишек (Покупка в казино)', 'casino', '2024-04-15 20:38:01'),
	(694, 10, 0, '-420$ CASH | Покупка фишек в казино', 'money', '2024-04-15 20:38:01'),
	(695, 10, 0, '-600 фишек (Ставка в рулетке)', 'casino', '2024-04-15 20:39:26'),
	(696, 10, 0, 'Деавторизовал персонажа', 'characterInit', '2024-04-15 20:44:18'),
	(697, 3, 0, 'Авторизовал персонажа (IP: 94.180.144.36)', 'characterInit', '2024-04-16 10:53:14'),
	(698, 3, 0, '-1360$ CASH | Заправка т/с 911turbos (68 л.) на АЗС #14', 'money', '2024-04-16 11:12:43'),
	(699, NULL, NULL, '[info] Erick Jaison выдал Erick Jaison роль медиа', 'terminal', '2024-04-16 11:14:41'),
	(700, 3, 0, '-555555$ CASH | Пополнение счета', 'money', '2024-04-16 11:17:59'),
	(701, 3, 0, '+555555$ BANK | Пополнение счета', 'money', '2024-04-16 11:17:59'),
	(702, 3, 0, '-5555555$ CASH | Пополнение счета', 'money', '2024-04-16 11:18:08'),
	(703, 3, 0, '+5555555$ BANK | Пополнение счета', 'money', '2024-04-16 11:18:08'),
	(704, 3, 0, '+30$ CASH | Конвертация валюты за 1 CC', 'money', '2024-04-16 11:19:18'),
	(705, 3, 0, '-1 CC | Конвертация валюты $30', 'donate', '2024-04-16 11:19:18'),
	(706, 3, 0, '-1000000$ CASH | Покупка в автосалоне т/с merc6x6', 'money', '2024-04-16 11:20:51'),
	(707, 3, 0, '-125$ CASH | Ремонт т/с merc6x6 в LSC', 'money', '2024-04-16 11:24:45'),
	(708, 3, 0, '-100$ CASH | Смена цвета т/с merc6x6 в LSC (#5 | #4)', 'money', '2024-04-16 11:25:18'),
	(709, 3, 0, '-80000$ CASH | Покупка тюнинга т/с merc6x6 в LSC (type #11 | index #3)', 'money', '2024-04-16 11:25:20'),
	(710, 3, 0, '-60000$ CASH | Покупка тюнинга т/с merc6x6 в LSC (type #12 | index #2)', 'money', '2024-04-16 11:25:22'),
	(711, 3, 0, '-30000$ CASH | Покупка тюнинга т/с merc6x6 в LSC (type #13 | index #2)', 'money', '2024-04-16 11:25:24'),
	(712, 3, 0, '-40000$ CASH | Покупка тюнинга т/с merc6x6 в LSC (type #15 | index #3)', 'money', '2024-04-16 11:25:28'),
	(713, 3, 0, '-5000$ CASH | Покупка тюнинга т/с merc6x6 в LSC (type #62 | index #0)', 'money', '2024-04-16 11:25:36'),
	(714, 3, 0, '-10000$ CASH | Покупка тюнинга т/с merc6x6 в LSC (type #1 | index #1)', 'money', '2024-04-16 11:26:02'),
	(715, 3, 0, '-10000$ CASH | Покупка тюнинга т/с merc6x6 в LSC (type #6 | index #1)', 'money', '2024-04-16 11:26:16'),
	(716, 3, 0, '-10000$ CASH | Покупка тюнинга т/с merc6x6 в LSC (type #10 | index #1)', 'money', '2024-04-16 11:26:38'),
	(717, 3, 0, '-340000$ CASH | Покупка тюнинга т/с merc6x6 в LSC (type #23 | index #67)', 'money', '2024-04-16 11:26:47'),
	(718, 3, 0, '-450000$ CASH | Покупка в автосалоне т/с navigator19', 'money', '2024-04-16 11:31:18'),
	(719, 3, 0, '-125$ CASH | Ремонт т/с navigator в LSC', 'money', '2024-04-16 11:33:02'),
	(720, 3, 0, '-36000$ CASH | Покупка тюнинга т/с navigator в LSC (type #11 | index #3)', 'money', '2024-04-16 11:33:06'),
	(721, 3, 0, '-300$ CASH | Доставка т/с к дому', 'money', '2024-04-16 11:52:20'),
	(722, 3, 0, 'Деавторизовал персонажа', 'characterInit', '2024-04-16 12:00:01'),
	(723, 3, 0, 'Авторизовал персонажа (IP: 94.180.144.36)', 'characterInit', '2024-04-16 12:08:07'),
	(724, 3, 0, '-280000$ CASH | Покупка в автосалоне т/с gsx18', 'money', '2024-04-16 12:08:54'),
	(725, 3, 0, '-300$ CASH | Покупка в 24/7 duffleBag', 'money', '2024-04-16 12:30:29'),
	(726, 3, 0, 'Выкинул \'Сумка\' (#240)', 'inventory', '2024-04-16 12:30:39'),
	(727, 3, 0, 'Авторизовал персонажа (IP: 94.180.144.36)', 'characterInit', '2024-04-18 11:23:09'),
	(728, 3, 0, 'Деавторизовал персонажа', 'characterInit', '2024-04-18 11:26:03'),
	(729, 3, 0, 'Авторизовал персонажа (IP: 94.180.144.36)', 'characterInit', '2024-04-19 12:05:26'),
	(730, NULL, NULL, '[info] Erick Jaison установил время на 15 ч.', 'terminal', '2024-04-19 12:45:02'),
	(731, NULL, NULL, '[info] Erick Jaison установил время на 16 ч.', 'terminal', '2024-04-19 12:45:07'),
	(732, NULL, NULL, '[info] Erick Jaison установил время на 17 ч.', 'terminal', '2024-04-19 12:45:10'),
	(733, NULL, NULL, '[info] Erick Jaison установил время на 19 ч.', 'terminal', '2024-04-19 12:45:13'),
	(734, NULL, NULL, '[info] Erick Jaison установил время на 22 ч.', 'terminal', '2024-04-19 12:45:16'),
	(735, NULL, NULL, '[info] Erick Jaison установил время на 1 ч.', 'terminal', '2024-04-19 12:45:18'),
	(736, NULL, NULL, '[info] Erick Jaison установил время на 3 ч.', 'terminal', '2024-04-19 12:46:19'),
	(737, NULL, NULL, '[info] Erick Jaison установил время на 5 ч.', 'terminal', '2024-04-19 12:46:20'),
	(738, 3, 0, 'Деавторизовал персонажа', 'characterInit', '2024-04-19 12:49:44'),
	(739, 3, 0, 'Авторизовал персонажа (IP: 94.180.144.36)', 'characterInit', '2024-04-19 13:00:59'),
	(740, 3, 0, 'Деавторизовал персонажа', 'characterInit', '2024-04-19 13:01:46'),
	(741, 3, 0, 'Авторизовал персонажа (IP: 94.180.144.36)', 'characterInit', '2024-04-19 13:05:46'),
	(742, 3, 0, 'Деавторизовал персонажа', 'characterInit', '2024-04-19 13:06:50'),
	(743, 3, 0, 'Авторизовал персонажа (IP: 94.180.211.184)', 'characterInit', '2024-04-19 18:43:43'),
	(744, 3, 0, '-1500000$ CASH | Покупка в автосалоне т/с g63', 'money', '2024-04-19 18:49:09'),
	(745, 3, 0, '-125$ CASH | Ремонт т/с g63 amg  в LSC', 'money', '2024-04-19 18:50:15'),
	(746, 3, 0, '-120000$ CASH | Покупка тюнинга т/с g63 amg  в LSC (type #11 | index #3)', 'money', '2024-04-19 18:50:18'),
	(747, 3, 0, '-90000$ CASH | Покупка тюнинга т/с g63 amg  в LSC (type #12 | index #2)', 'money', '2024-04-19 18:50:20'),
	(748, 3, 0, '-45000$ CASH | Покупка тюнинга т/с g63 amg  в LSC (type #13 | index #2)', 'money', '2024-04-19 18:50:22'),
	(749, 3, 0, '-60000$ CASH | Покупка тюнинга т/с g63 amg  в LSC (type #15 | index #3)', 'money', '2024-04-19 18:50:26'),
	(750, 3, 0, '-22500$ CASH | Покупка тюнинга т/с g63 amg  в LSC (type #55 | index #2)', 'money', '2024-04-19 18:50:30'),
	(751, 3, 0, '-7500$ CASH | Покупка тюнинга т/с g63 amg  в LSC (type #22 | index #0)', 'money', '2024-04-19 18:50:32'),
	(752, 3, 0, '-37500$ CASH | Покупка тюнинга т/с g63 amg  в LSC (type #62 | index #4)', 'money', '2024-04-19 18:50:36'),
	(753, 3, 0, '-30000$ CASH | Покупка тюнинга т/с g63 amg  в LSC (type #0 | index #3)', 'money', '2024-04-19 18:50:49'),
	(754, 3, 0, '-30000$ CASH | Покупка тюнинга т/с g63 amg  в LSC (type #1 | index #3)', 'money', '2024-04-19 18:50:54'),
	(755, 3, 0, '-30000$ CASH | Покупка тюнинга т/с g63 amg  в LSC (type #7 | index #3)', 'money', '2024-04-19 18:50:59'),
	(756, 3, 0, '-495000$ CASH | Покупка тюнинга т/с g63 amg  в LSC (type #23 | index #65)', 'money', '2024-04-19 18:51:12'),
	(757, 3, 0, '-300$ CASH | Доставка т/с к дому', 'money', '2024-04-19 18:55:04'),
	(758, 3, 0, 'Деавторизовал персонажа', 'characterInit', '2024-04-19 18:57:18'),
	(759, 1, 0, 'Авторизовал персонажа (IP: 92.101.246.176)', 'characterInit', '2024-04-23 11:24:35'),
	(760, 1, 0, '-1603$ CASH | Взятие т/с cayenne с парковки', 'money', '2024-04-23 11:25:03'),
	(761, 1, 0, '+70000$ CASH | Продажа на авторынке т/с cayenne (ID 342 | PLATE QXU229)', 'money', '2024-04-23 11:25:48'),
	(762, 1, 0, '-1603$ CASH | Взятие т/с felon с парковки', 'money', '2024-04-23 11:27:19'),
	(763, 1, 0, '+70000$ BANK | Слет автомобилей в гос после слета дома', 'money', '2024-04-23 11:27:30'),
	(764, 1, 0, '-1603$ CASH | Взятие т/с felon с парковки', 'money', '2024-04-23 11:27:59'),
	(765, 1, 0, '+70000$ CASH | Продажа на авторынке т/с felon (ID 339 | PLATE XOK777)', 'money', '2024-04-23 11:28:41'),
	(766, 1, 0, '-1603$ CASH | Взятие т/с blista с парковки', 'money', '2024-04-23 11:28:46'),
	(767, 1, 0, '-1603$ CASH | Взятие т/с nero с парковки', 'money', '2024-04-23 11:28:52'),
	(768, 1, 0, '-1603$ CASH | Взятие т/с bugatti с парковки', 'money', '2024-04-23 11:28:57'),
	(769, 1, 0, '+140000$ BANK | Слет автомобилей в гос после слета дома', 'money', '2024-04-23 11:29:27'),
	(770, 1, 0, 'Авторизовал персонажа (IP: 92.101.246.176)', 'characterInit', '2024-04-23 11:35:11'),
	(771, 1, 0, '-150000$ CASH | Покупка в автосалоне т/с golf1', 'money', '2024-04-23 11:35:38'),
	(772, 1, 0, '-0$ CASH | Взятие т/с golf1 с парковки', 'money', '2024-04-23 11:35:46'),
	(773, 1, 0, '-125$ CASH | Ремонт т/с golf1 в LSC', 'money', '2024-04-23 11:37:55'),
	(774, 1, 0, '-136500$ CASH | Покупка тюнинга т/с golf1 в LSC (type #23 | index #181)', 'money', '2024-04-23 11:38:14'),
	(775, 1, 0, '-750$ CASH | Покупка тюнинга т/с golf1 в LSC (type #10 | index #0)', 'money', '2024-04-23 11:38:18'),
	(776, 1, 0, '-750$ CASH | Покупка тюнинга т/с golf1 в LSC (type #4 | index #0)', 'money', '2024-04-23 11:38:21'),
	(777, 1, 0, '-750$ CASH | Покупка тюнинга т/с golf1 в LSC (type #3 | index #0)', 'money', '2024-04-23 11:38:28'),
	(778, 1, 0, '-1500$ CASH | Покупка тюнинга т/с golf1 в LSC (type #2 | index #1)', 'money', '2024-04-23 11:38:34'),
	(779, 1, 0, '-6000$ CASH | Покупка тюнинга т/с golf1 в LSC (type #1 | index #7)', 'money', '2024-04-23 11:38:48'),
	(780, 1, 0, '-750$ CASH | Покупка тюнинга т/с golf1 в LSC (type #0 | index #0)', 'money', '2024-04-23 11:38:52'),
	(781, 1, 0, '-750$ CASH | Покупка тюнинга т/с golf1 в LSC (type #100 | index #0)', 'money', '2024-04-23 11:38:55'),
	(782, 1, 0, '-750$ CASH | Покупка тюнинга т/с golf1 в LSC (type #62 | index #0)', 'money', '2024-04-23 11:39:00'),
	(783, 1, 0, '-750$ CASH | Покупка тюнинга т/с golf1 в LSC (type #22 | index #0)', 'money', '2024-04-23 11:39:02'),
	(784, 1, 0, '-1500$ CASH | Покупка тюнинга т/с golf1 в LSC (type #55 | index #1)', 'money', '2024-04-23 11:39:25'),
	(785, 1, 0, '-18000$ CASH | Покупка тюнинга т/с golf1 в LSC (type #16 | index #3)', 'money', '2024-04-23 11:39:30'),
	(786, 1, 0, '-22500$ CASH | Покупка тюнинга т/с golf1 в LSC (type #16 | index #4)', 'money', '2024-04-23 11:39:31'),
	(787, 1, 0, '-6000$ CASH | Покупка тюнинга т/с golf1 в LSC (type #15 | index #3)', 'money', '2024-04-23 11:39:34'),
	(788, 1, 0, '-4500$ CASH | Покупка тюнинга т/с golf1 в LSC (type #13 | index #2)', 'money', '2024-04-23 11:39:37'),
	(789, 1, 0, '-9000$ CASH | Покупка тюнинга т/с golf1 в LSC (type #12 | index #2)', 'money', '2024-04-23 11:39:38'),
	(790, 1, 0, '-12000$ CASH | Покупка тюнинга т/с golf1 в LSC (type #11 | index #3)', 'money', '2024-04-23 11:39:41'),
	(791, 1, 0, '-100$ CASH | Смена цвета т/с golf1 в LSC (#5 | #0)', 'money', '2024-04-23 11:39:47'),
	(792, 1, 0, '-100$ CASH | Смена цвета т/с golf1 в LSC (#5 | #44)', 'money', '2024-04-23 11:39:54'),
	(793, 1, 0, '-125$ CASH | Ремонт т/с golf1 в LSC', 'money', '2024-04-23 11:39:55'),
	(794, 1, 0, '-125$ CASH | Ремонт т/с golf1 в LSC', 'money', '2024-04-23 11:40:45'),
	(795, 1, 0, 'Деавторизовал персонажа', 'characterInit', '2024-04-23 13:04:02'),
	(796, 11, 0, 'Авторизовал персонажа (IP: 178.141.45.140)', 'characterInit', '2024-04-27 12:01:36'),
	(797, 11, 0, 'Деавторизовал персонажа', 'characterInit', '2024-04-27 12:06:24'),
	(798, 11, 0, 'Авторизовал персонажа (IP: 178.141.45.140)', 'characterInit', '2024-04-27 12:07:25'),
	(799, 3, 1, 'Авторизовал персонажа (IP: 188.234.51.19)', 'characterInit', '2024-04-27 12:16:34'),
	(800, 11, 0, '-1000000$ CASH | Покупка в автосалоне т/с gallardo', 'money', '2024-04-27 12:19:05'),
	(801, 11, 0, '-0$ CASH | Взятие т/с gallardo с парковки', 'money', '2024-04-27 12:19:29'),
	(802, 3, 1, '-300000$ CASH | Покупка в автосалоне т/с svr', 'money', '2024-04-27 12:19:48'),
	(803, 11, 0, '-125$ CASH | Ремонт т/с gallardo в LSC', 'money', '2024-04-27 12:20:10'),
	(804, 11, 0, '-125$ CASH | Ремонт т/с gallardo в LSC', 'money', '2024-04-27 12:20:12'),
	(805, 11, 0, '-100$ CASH | Смена цвета т/с gallardo в LSC (#8 | #156)', 'money', '2024-04-27 12:20:41'),
	(806, 11, 0, '-80000$ CASH | Покупка тюнинга т/с gallardo в LSC (type #11 | index #3)', 'money', '2024-04-27 12:20:46'),
	(807, 11, 0, '-60000$ CASH | Покупка тюнинга т/с gallardo в LSC (type #12 | index #2)', 'money', '2024-04-27 12:20:49'),
	(808, 11, 0, '-30000$ CASH | Покупка тюнинга т/с gallardo в LSC (type #13 | index #2)', 'money', '2024-04-27 12:20:51'),
	(809, 11, 0, '-30000$ CASH | Покупка тюнинга т/с gallardo в LSC (type #15 | index #2)', 'money', '2024-04-27 12:21:06'),
	(810, 3, 1, '-125$ CASH | Ремонт т/с svr в LSC', 'money', '2024-04-27 12:21:14'),
	(811, 11, 0, '-5000$ CASH | Покупка тюнинга т/с gallardo в LSC (type #22 | index #0)', 'money', '2024-04-27 12:21:20'),
	(812, 3, 1, '-24000$ CASH | Покупка тюнинга т/с svr в LSC (type #11 | index #3)', 'money', '2024-04-27 12:21:20'),
	(813, 11, 0, '-0$ CASH | Покупка тюнинга т/с gallardo в LSC (type #22 | index #-1)', 'money', '2024-04-27 12:21:21'),
	(814, 3, 1, '-18000$ CASH | Покупка тюнинга т/с svr в LSC (type #12 | index #2)', 'money', '2024-04-27 12:21:23'),
	(815, 3, 1, '-9000$ CASH | Покупка тюнинга т/с svr в LSC (type #13 | index #2)', 'money', '2024-04-27 12:21:25'),
	(816, 3, 1, '-12000$ CASH | Покупка тюнинга т/с svr в LSC (type #15 | index #3)', 'money', '2024-04-27 12:21:28'),
	(817, 3, 1, '-7500$ CASH | Покупка тюнинга т/с svr в LSC (type #62 | index #4)', 'money', '2024-04-27 12:21:38'),
	(818, 3, 1, '-1500$ CASH | Покупка тюнинга т/с svr в LSC (type #1 | index #0)', 'money', '2024-04-27 12:21:41'),
	(819, 3, 1, '-1500$ CASH | Покупка тюнинга т/с svr в LSC (type #2 | index #0)', 'money', '2024-04-27 12:21:46'),
	(820, 3, 1, '-1500$ CASH | Покупка тюнинга т/с svr в LSC (type #3 | index #0)', 'money', '2024-04-27 12:21:48'),
	(821, 3, 1, '-1500$ CASH | Покупка тюнинга т/с svr в LSC (type #4 | index #0)', 'money', '2024-04-27 12:21:50'),
	(822, 3, 1, '-99000$ CASH | Покупка тюнинга т/с svr в LSC (type #23 | index #65)', 'money', '2024-04-27 12:21:58'),
	(823, 11, 0, '-530000$ CASH | Покупка тюнинга т/с gallardo в LSC (type #23 | index #105)', 'money', '2024-04-27 12:30:02'),
	(824, 3, 1, 'Деавторизовал персонажа', 'characterInit', '2024-04-27 12:34:38'),
	(825, 3, 1, 'Авторизовал персонажа (IP: 188.234.51.19)', 'characterInit', '2024-04-27 12:38:17'),
	(826, 1, 2, 'Авторизовал персонажа (IP: 95.52.98.233)', 'characterInit', '2024-04-27 12:52:42'),
	(827, 11, 0, '-2300$ CASH | Покупка одежды tops. Variation #25. Texture #6', 'money', '2024-04-27 12:53:44'),
	(828, 1, 2, 'Деавторизовал персонажа', 'characterInit', '2024-04-27 12:54:27'),
	(829, 11, 0, '-160$ CASH | Покупка одежды shoes. Variation #15. Texture #0', 'money', '2024-04-27 12:55:08'),
	(830, 11, 0, 'Выкинул \'Обувь\' (#244)', 'inventory', '2024-04-27 12:55:19'),
	(831, 11, 0, 'Выкинул \'Верхняя одежда\' (#245)', 'inventory', '2024-04-27 12:55:19'),
	(832, 11, 0, '-100$ CASH | Покупка одежды ties. Variation #16. Texture #0', 'money', '2024-04-27 12:57:02'),
	(833, 11, 0, '-85$ CASH | Покупка одежды pants. Variation #23. Texture #6', 'money', '2024-04-27 12:58:31'),
	(834, 11, 0, 'Выкинул \'Брюки\' (#243)', 'inventory', '2024-04-27 12:58:37'),
	(835, 11, 0, 'Поднял \'Брюки\' (#243)', 'inventory', '2024-04-27 12:58:49'),
	(836, 11, 0, 'Выкинул \'Брюки\' (#243)', 'inventory', '2024-04-27 12:58:58'),
	(837, 11, 0, 'Поднял \'Брюки\' (#243)', 'inventory', '2024-04-27 12:59:02'),
	(838, 11, 0, 'Выкинул \'Брюки\' (#243)', 'inventory', '2024-04-27 12:59:08'),
	(839, 3, 1, '+1600$ BANK | Зарплата организации x1 Lifeinvader', 'money', '2024-04-27 13:00:18'),
	(840, 11, 0, '-12000000$ CASH | Покупка дома #221 у государства', 'money', '2024-04-27 13:01:33'),
	(841, 11, 0, '-34800000$ BANK | Оплата налогов за дом', 'money', '2024-04-27 13:02:13'),
	(842, 11, 0, '-300000$ CASH | Покупка в автосалоне т/с s13', 'money', '2024-04-27 13:04:22'),
	(843, 11, 0, '-100$ CASH | Смена цвета т/с s13 в LSC (#120 | #29)', 'money', '2024-04-27 13:06:56'),
	(844, 11, 0, 'Деавторизовал персонажа', 'characterInit', '2024-04-27 13:07:03'),
	(845, 3, 1, 'Деавторизовал персонажа', 'characterInit', '2024-04-27 13:07:03'),
	(846, 11, 1, 'Авторизовал персонажа (IP: 178.141.45.140)', 'characterInit', '2024-04-27 13:08:52'),
	(847, 11, 1, '-1000000$ CASH | Покупка в автосалоне т/с acursx', 'money', '2024-04-27 13:09:36'),
	(848, 11, 1, '-300000$ CASH | Покупка в автосалоне т/с s15', 'money', '2024-04-27 13:10:20'),
	(849, 11, 1, '-100000$ CASH | Покупка в автосалоне т/с bmwe39', 'money', '2024-04-27 13:10:42'),
	(850, 3, 0, 'Авторизовал персонажа (IP: 188.234.51.19)', 'characterInit', '2024-04-27 13:11:43'),
	(851, 11, 1, '-125$ CASH | Ремонт т/с s15 в LSC', 'money', '2024-04-27 13:15:43'),
	(852, 11, 1, '-100$ CASH | Покупка предмета #136 на каменоломне', 'money', '2024-04-27 13:25:44'),
	(853, 11, 1, 'Поднял \'Руда\' (#258)', 'inventory', '2024-04-27 13:26:25'),
	(854, 11, 1, 'Поднял \'Руда\' (#257)', 'inventory', '2024-04-27 13:26:27'),
	(855, 11, 1, 'Поднял \'Руда\' (#259)', 'inventory', '2024-04-27 13:26:29'),
	(856, 11, 1, '+30$ CASH | Продажа 3 ед. камня на каменоломне x1', 'money', '2024-04-27 13:26:47'),
	(857, 11, 1, 'Поднял \'Руда\' (#260)', 'inventory', '2024-04-27 13:29:21'),
	(858, 11, 1, 'Поднял \'Руда\' (#262)', 'inventory', '2024-04-27 13:29:26'),
	(859, 11, 1, 'Поднял \'Руда\' (#261)', 'inventory', '2024-04-27 13:29:31'),
	(860, 11, 1, '+30$ CASH | Продажа 3 ед. камня на каменоломне x1', 'money', '2024-04-27 13:29:44'),
	(861, 11, 1, 'Выкинул \'Кирка\' (#256)', 'inventory', '2024-04-27 13:29:49'),
	(862, 11, 1, 'Взял оружие Carbine Rifle со склада BCSD', 'faction', '2024-04-27 13:37:18'),
	(863, 3, 0, 'Положил \'Брюки\' (#38) | Среда: Faction #3', 'inventory', '2024-04-27 13:37:30'),
	(864, 3, 0, 'Положил \'Обувь\' (#15) | Среда: Faction #3', 'inventory', '2024-04-27 13:37:33'),
	(865, 3, 0, 'Положил \'Верхняя одежда\' (#233) | Среда: Faction #3', 'inventory', '2024-04-27 13:37:52'),
	(866, 3, 0, 'Взял оружие Фонарик со склада BCSD', 'faction', '2024-04-27 13:39:02'),
	(867, 3, 0, 'Взял оружие Полицейская дубинка со склада BCSD', 'faction', '2024-04-27 13:39:03'),
	(868, 3, 0, 'Взял оружие Stun Gun со склада BCSD', 'faction', '2024-04-27 13:39:03'),
	(869, 3, 0, 'Взял оружие Combat Pistol со склада BCSD', 'faction', '2024-04-27 13:39:04'),
	(870, 3, 0, 'Взял оружие Pump Shotgun со склада BCSD', 'faction', '2024-04-27 13:39:06'),
	(871, 3, 0, 'Забрал \'Брюки\' (#10000) | Среда: Faction #3', 'inventory', '2024-04-27 13:41:22'),
	(872, 3, 0, 'Забрал \'Верхняя одежда\' (#10002) | Среда: Faction #3', 'inventory', '2024-04-27 13:41:23'),
	(873, 3, 0, 'Забрал \'Обувь\' (#10001) | Среда: Faction #3', 'inventory', '2024-04-27 13:41:28'),
	(874, 3, 0, 'Положил \'Обувь\' (#291) | Среда: Faction #3', 'inventory', '2024-04-27 13:41:50'),
	(875, 3, 0, 'Положил \'Брюки\' (#289) | Среда: Faction #3', 'inventory', '2024-04-27 13:41:52'),
	(876, 3, 0, 'Забрал \'Брюки\' (#10004) | Среда: Faction #3', 'inventory', '2024-04-27 13:42:01'),
	(877, 3, 0, 'Забрал \'Обувь\' (#10003) | Среда: Faction #3', 'inventory', '2024-04-27 13:42:04'),
	(878, 11, 1, '-250$ CASH | Покупка лицензии carLicense', 'money', '2024-04-27 13:52:18'),
	(879, 11, 1, '-750$ CASH | Покупка лицензии passengerLicense', 'money', '2024-04-27 13:52:21'),
	(880, 11, 1, '-200$ CASH | Покупка лицензии bikeLicense', 'money', '2024-04-27 13:52:22'),
	(881, 11, 1, '-1500$ CASH | Покупка лицензии truckLicense', 'money', '2024-04-27 13:52:22'),
	(882, 11, 1, '-15000$ CASH | Покупка лицензии airLicense', 'money', '2024-04-27 13:52:23'),
	(883, 11, 1, '-3500$ CASH | Покупка лицензии boatLicense', 'money', '2024-04-27 13:52:24'),
	(884, 11, 1, '-150$ CASH | Покупка телефона', 'money', '2024-04-27 13:54:05'),
	(885, 11, 1, '-120$ CASH | Смена номера телефона на 999999', 'money', '2024-04-27 13:54:17'),
	(886, 3, 0, 'Положил \'Ключи авто\' (#50) | Среда: Faction #3', 'inventory', '2024-04-27 13:56:15'),
	(887, 3, 0, 'Положил \'Ключи авто\' (#40) | Среда: Faction #3', 'inventory', '2024-04-27 13:56:17'),
	(888, 3, 0, 'Положил \'Combat Pistol\' (#280) | Среда: Faction #3', 'inventory', '2024-04-27 13:56:19'),
	(889, 3, 0, 'Положил \'Ключи авто\' (#247) | Среда: Faction #3', 'inventory', '2024-04-27 13:56:21'),
	(890, 3, 0, 'Положил \'Ключи авто\' (#238) | Среда: Faction #3', 'inventory', '2024-04-27 13:56:23'),
	(891, 3, 0, 'Положил \'Ключи авто\' (#237) | Среда: Faction #3', 'inventory', '2024-04-27 13:56:26'),
	(892, 3, 0, 'Положил \'Ключи авто\' (#239) | Среда: Faction #3', 'inventory', '2024-04-27 13:56:29'),
	(893, 3, 0, 'Положил \'Ключи авто\' (#241) | Среда: Faction #3', 'inventory', '2024-04-27 13:56:30'),
	(894, 3, 0, 'Положил \'Патроны 9mm\' (#287) | Среда: Faction #3', 'inventory', '2024-04-27 13:56:32'),
	(895, 3, 0, 'Положил \'Патроны 9mm\' (#288) | Среда: Faction #3', 'inventory', '2024-04-27 13:56:34'),
	(896, 3, 0, 'Положил \'Гамбургер\' (#88) | Среда: Faction #3', 'inventory', '2024-04-27 13:56:36'),
	(897, 3, 0, 'Положил \'Наручники\' (#276) | Среда: Faction #3', 'inventory', '2024-04-27 13:56:37'),
	(898, 3, 0, 'Положил \'Патроны 5.56mm\' (#283) | Среда: Faction #3', 'inventory', '2024-04-27 13:56:42'),
	(899, 3, 0, 'Положил \'Сигареты\' (#45) | Среда: Faction #3', 'inventory', '2024-04-27 13:56:44'),
	(900, 3, 0, 'Положил \'Сигареты\' (#47) | Среда: Faction #3', 'inventory', '2024-04-27 13:56:46'),
	(901, 3, 0, 'Положил \'Ключи авто\' (#41) | Среда: Faction #3', 'inventory', '2024-04-27 13:56:48'),
	(902, 3, 0, 'Положил \'Бутылка воды\' (#20) | Среда: Faction #3', 'inventory', '2024-04-27 13:56:50'),
	(903, 3, 0, 'Положил \'Сигареты\' (#43) | Среда: Faction #3', 'inventory', '2024-04-27 13:56:52'),
	(904, 3, 0, 'Положил \'Часы\' (#51) | Среда: Faction #3', 'inventory', '2024-04-27 13:56:54'),
	(905, 3, 0, 'Положил \'Часы\' (#34) | Среда: Faction #3', 'inventory', '2024-04-27 13:56:56'),
	(906, 3, 0, 'Положил \'Часы\' (#35) | Среда: Faction #3', 'inventory', '2024-04-27 13:56:59'),
	(907, 3, 0, 'Положил \'Stun Gun\' (#279) | Среда: Faction #3', 'inventory', '2024-04-27 13:57:00'),
	(908, 3, 0, 'Положил \'Дрон\' (#274) | Среда: Faction #3', 'inventory', '2024-04-27 13:57:02'),
	(909, 3, 0, 'Положил \'Веревка\' (#44) | Среда: Faction #3', 'inventory', '2024-04-27 13:57:04'),
	(910, 3, 0, 'Положил \'Ключи авто\' (#49) | Среда: Faction #3', 'inventory', '2024-04-27 13:57:06'),
	(911, 3, 0, 'Положил \'Ключи авто\' (#42) | Среда: Faction #3', 'inventory', '2024-04-27 13:57:07'),
	(912, 3, 0, 'Положил \'Спички\' (#227) | Среда: Faction #3', 'inventory', '2024-04-27 13:57:09'),
	(913, 3, 0, 'Положил \'Сигареты\' (#46) | Среда: Faction #3', 'inventory', '2024-04-27 13:57:11'),
	(914, 3, 0, 'Положил \'Полицейская дубинка\' (#278) | Среда: Faction #3', 'inventory', '2024-04-27 13:57:12'),
	(915, 3, 0, 'Положил \'Фонарик\' (#277) | Среда: Faction #3', 'inventory', '2024-04-27 13:57:14'),
	(916, 3, 0, 'Положил \'Малая аптечка\' (#275) | Среда: Faction #3', 'inventory', '2024-04-27 13:57:15'),
	(917, 3, 0, 'Положил \'Патроны 7.62mm\' (#282) | Среда: Faction #3', 'inventory', '2024-04-27 13:57:17'),
	(918, 3, 0, 'Положил \'Патроны 5.56mm\' (#284) | Среда: Faction #3', 'inventory', '2024-04-27 13:57:18'),
	(919, 3, 0, 'Положил \'Брюки\' (#292) | Среда: Faction #3', 'inventory', '2024-04-27 13:57:21'),
	(920, 3, 0, 'Положил \'Обувь\' (#293) | Среда: Faction #3', 'inventory', '2024-04-27 13:57:23'),
	(921, 3, 0, 'Положил \'Верхняя одежда\' (#290) | Среда: Faction #3', 'inventory', '2024-04-27 13:57:24'),
	(922, 3, 0, 'Положил \'Pump Shotgun\' (#281) | Среда: Faction #3', 'inventory', '2024-04-27 13:57:25'),
	(923, 3, 0, 'Положил \'Сумка\' (#30) | Среда: Faction #3', 'inventory', '2024-04-27 13:57:27'),
	(924, 3, 0, 'Положил \'Бронежилет\' (#273) | Среда: Faction #3', 'inventory', '2024-04-27 13:57:49'),
	(925, 3, 0, '-69$ CASH | Вылечился медиком Michael Pearson', 'money', '2024-04-27 13:58:37'),
	(926, 11, 1, '+69$ CASH | Вылечил игрока Erick Jaison', 'money', '2024-04-27 13:58:37'),
	(927, 3, 0, '+1700$ BANK | Зарплата организации x1 EMS Hospital', 'money', '2024-04-27 14:00:01'),
	(928, 11, 1, '+1700$ BANK | Зарплата организации x1 EMS Hospital', 'money', '2024-04-27 14:00:01'),
	(929, 11, 1, '+50$ CASH | Реанимировал игрока Erick Jaison', 'money', '2024-04-27 14:00:12'),
	(930, 3, 0, '-90$ CASH | Вылечился медиком Michael Pearson', 'money', '2024-04-27 14:00:46'),
	(931, 11, 1, '+90$ CASH | Вылечил игрока Erick Jaison', 'money', '2024-04-27 14:00:46'),
	(932, 11, 1, 'Взял оружие Pump Shotgun со склада U.S. Army', 'faction', '2024-04-27 14:04:52'),
	(933, 11, 1, 'Выкинул \'Pump Shotgun\' (#304)', 'inventory', '2024-04-27 14:05:37'),
	(934, 11, 1, 'Поднял \'Pump Shotgun\' (#304)', 'inventory', '2024-04-27 14:05:42'),
	(935, 11, 1, 'Выкинул \'Pump Shotgun\' (#304)', 'inventory', '2024-04-27 14:06:15'),
	(936, 11, 1, '-1000$ CASH | Ограблен игроком Erick Jaison', 'money', '2024-04-27 14:07:52'),
	(937, 3, 0, '+1000$ CASH | Ограбил игрока Michael Pearson', 'money', '2024-04-27 14:07:52'),
	(938, 11, 1, 'Взял оружие Полицейская дубинка со склада U.S. Army', 'faction', '2024-04-27 14:09:06'),
	(939, 11, 1, 'Взял оружие Heavy Sniper со склада U.S. Army', 'faction', '2024-04-27 14:09:07'),
	(940, 3, 0, '-75$ CASH | Отправка объявления', 'money', '2024-04-27 14:17:33'),
	(941, 11, 1, '+22$ BANK | Принятие объявления', 'money', '2024-04-27 14:17:52'),
	(942, 11, 1, 'Положил \'Полицейская дубинка\' (#309) | Среда: Faction #11', 'inventory', '2024-04-27 14:20:01'),
	(943, 3, 0, 'Забрал \'Верхняя одежда\' (#10040) | Среда: Faction #3', 'inventory', '2024-04-27 14:20:43'),
	(944, 3, 0, 'Забрал \'Сумка\' (#10042) | Среда: Faction #3', 'inventory', '2024-04-27 14:20:49'),
	(945, 3, 0, 'Забрал \'Ключи авто\' (#10006) | Среда: Faction #3', 'inventory', '2024-04-27 14:20:52'),
	(946, 3, 0, 'Забрал \'Ключи авто\' (#10011) | Среда: Faction #3', 'inventory', '2024-04-27 14:20:55'),
	(947, 3, 0, 'Забрал \'Ключи авто\' (#10012) | Среда: Faction #3', 'inventory', '2024-04-27 14:20:56'),
	(948, 3, 0, 'Забрал \'Ключи авто\' (#10010) | Среда: Faction #3', 'inventory', '2024-04-27 14:20:59'),
	(949, 3, 0, 'Забрал \'Ключи авто\' (#10030) | Среда: Faction #3', 'inventory', '2024-04-27 14:21:01'),
	(950, 3, 0, 'Забрал \'Ключи авто\' (#10029) | Среда: Faction #3', 'inventory', '2024-04-27 14:21:03'),
	(951, 3, 0, 'Забрал \'Ключи авто\' (#10009) | Среда: Faction #3', 'inventory', '2024-04-27 14:21:05'),
	(952, 3, 0, 'Забрал \'Ключи авто\' (#10020) | Среда: Faction #3', 'inventory', '2024-04-27 14:21:07'),
	(953, 3, 0, 'Забрал \'Ключи авто\' (#10005) | Среда: Faction #3', 'inventory', '2024-04-27 14:21:09'),
	(954, 3, 0, 'Забрал \'Гамбургер\' (#10015) | Среда: Faction #3', 'inventory', '2024-04-27 14:21:12'),
	(955, 3, 0, 'Забрал \'Ключи авто\' (#10008) | Среда: Faction #3', 'inventory', '2024-04-27 14:21:15'),
	(956, 3, 0, 'Забрал \'Stun Gun\' (#10026) | Среда: Faction #3', 'inventory', '2024-04-27 14:21:18'),
	(957, 3, 0, 'Забрал \'Наручники\' (#10016) | Среда: Faction #3', 'inventory', '2024-04-27 14:21:22'),
	(958, 3, 0, '-4444$ CASH | Пополнение общака The Families', 'money', '2024-04-27 14:24:47'),
	(959, 3, 0, 'Взял оружие Compact Rifle со склада The Families', 'faction', '2024-04-27 14:26:09'),
	(960, 11, 1, '-50$ CASH | Покупка в 24/7 rope', 'money', '2024-04-27 14:36:49'),
	(961, 11, 1, '-70$ CASH | Покупка в 24/7 bag', 'money', '2024-04-27 14:36:50'),
	(962, 11, 1, '-80$ CASH | Покупка в 24/7 matches', 'money', '2024-04-27 14:36:51'),
	(963, 11, 1, '-1$ CASH | Передача денег на руки от игрока #11 игроку #3', 'money', '2024-04-27 14:40:52'),
	(964, 3, 0, '+1$ CASH | ', 'money', '2024-04-27 14:40:52'),
	(965, 11, 1, 'Выкинул \'Carbine Rifle\' (#263)', 'inventory', '2024-04-27 14:48:57'),
	(966, 11, 1, 'Выкинул \'Мешок\' (#340)', 'inventory', '2024-04-27 14:52:24'),
	(967, 11, 1, 'Выкинул \'Веревка\' (#339)', 'inventory', '2024-04-27 14:52:26'),
	(968, 11, 1, '+1050$ BANK | Зарплата организации x1 The Families', 'money', '2024-04-27 15:00:02'),
	(969, 3, 0, '+1050$ BANK | Зарплата организации x1 The Ballas Gang', 'money', '2024-04-27 15:00:02'),
	(970, 11, 1, 'Взял оружие Pump Shotgun со склада The Ballas Gang', 'faction', '2024-04-27 15:27:10'),
	(971, 11, 1, 'Выкинул \'Патроны 9mm\' (#321)', 'inventory', '2024-04-27 15:29:14'),
	(972, 11, 1, 'Выкинул \'Патроны 9mm\' (#270)', 'inventory', '2024-04-27 15:29:15'),
	(973, 3, 0, 'Выкинул \'Патроны 12mm\' (#343)', 'inventory', '2024-04-27 15:29:31'),
	(974, 11, 1, '-3200$ CASH | Покупка напитка в клубе с bizId #24', 'money', '2024-04-27 15:48:39'),
	(975, 3, 0, '-5040$ CASH | Покупка сигарет в клубе с bizId #24', 'money', '2024-04-27 15:48:49'),
	(976, 3, 0, '-3600$ CASH | Покупка закуски в клубе с bizId #24', 'money', '2024-04-27 15:48:53'),
	(977, 11, 1, 'Выкинул \'Коктейль\' (#352)', 'inventory', '2024-04-27 15:48:53'),
	(978, 3, 0, '-3080$ CASH | Покупка напитка в клубе с bizId #24', 'money', '2024-04-27 15:48:56'),
	(979, 3, 0, '-3200$ CASH | Покупка напитка в клубе с bizId #24', 'money', '2024-04-27 15:49:01'),
	(980, 3, 0, '-3280$ CASH | Покупка напитка в клубе с bizId #24', 'money', '2024-04-27 15:49:49'),
	(981, 3, 0, '-3360$ CASH | Покупка закуски в клубе с bizId #24', 'money', '2024-04-27 15:49:51'),
	(982, 3, 0, '-5040$ CASH | Покупка сигарет в клубе с bizId #24', 'money', '2024-04-27 15:49:55'),
	(983, 3, 0, '-3600$ CASH | Покупка закуски в клубе с bizId #24', 'money', '2024-04-27 15:49:57'),
	(984, 3, 0, '-3200$ CASH | Покупка напитка в клубе с bizId #24', 'money', '2024-04-27 15:49:59'),
	(985, 3, 0, '-2720$ CASH | Покупка закуски в клубе с bizId #24', 'money', '2024-04-27 15:50:01'),
	(986, 3, 0, '-5200$ CASH | Покупка закуски в клубе с bizId #24', 'money', '2024-04-27 15:50:04'),
	(987, 11, 1, 'Взял оружие Sawed-Off Shotgun со склада Китайская мафия', 'faction', '2024-04-27 15:52:37'),
	(988, 3, 0, '-3320$ CASH | Покупка напитка в клубе с bizId #24', 'money', '2024-04-27 15:53:25'),
	(989, 3, 0, '-5200$ CASH | Покупка закуски в клубе с bizId #24', 'money', '2024-04-27 15:53:27'),
	(990, 3, 0, '-5040$ CASH | Покупка сигарет в клубе с bizId #24', 'money', '2024-04-27 15:53:29'),
	(991, 3, 0, '-5040$ CASH | Покупка сигарет в клубе с bizId #24', 'money', '2024-04-27 15:53:30'),
	(992, 3, 0, '-5200$ CASH | Покупка закуски в клубе с bizId #24', 'money', '2024-04-27 15:53:34'),
	(993, 11, 1, 'Выкинул \'Pump Shotgun\' (#342)', 'inventory', '2024-04-27 15:54:44'),
	(994, 3, 0, '+1400$ BANK | Зарплата организации x1 Итальянская мафия', 'money', '2024-04-27 16:00:01'),
	(995, 11, 1, '+1400$ BANK | Зарплата организации x1 Итальянская мафия', 'money', '2024-04-27 16:00:01'),
	(996, 3, 0, '-100$ CASH | Покупка предмета #136 на каменоломне', 'money', '2024-04-27 16:04:12'),
	(997, 3, 0, '-100$ CASH | Покупка одежды #7 на каменоломне', 'money', '2024-04-27 16:04:15'),
	(998, 3, 0, '-100$ CASH | Покупка одежды #8 на каменоломне', 'money', '2024-04-27 16:04:15'),
	(999, 3, 0, '-100$ CASH | Покупка одежды #9 на каменоломне', 'money', '2024-04-27 16:04:16'),
	(1000, 11, 1, '-100$ CASH | Покупка предмета #136 на каменоломне', 'money', '2024-04-27 16:04:29'),
	(1001, 3, 0, 'Выкинул \'Брюки\' (#381)', 'inventory', '2024-04-27 16:04:31'),
	(1002, 3, 0, 'Выкинул \'Верхняя одежда\' (#380)', 'inventory', '2024-04-27 16:04:32'),
	(1003, 3, 0, 'Выкинул \'Верхняя одежда\' (#297)', 'inventory', '2024-04-27 16:04:33'),
	(1004, 11, 1, 'Поднял \'Руда\' (#384)', 'inventory', '2024-04-27 16:05:13'),
	(1005, 11, 1, 'Поднял \'Руда\' (#385)', 'inventory', '2024-04-27 16:05:15'),
	(1006, 11, 1, 'Поднял \'Руда\' (#386)', 'inventory', '2024-04-27 16:05:55'),
	(1007, 11, 1, 'Деавторизовал персонажа', 'characterInit', '2024-04-27 16:06:29'),
	(1008, 3, 0, 'Деавторизовал персонажа', 'characterInit', '2024-04-27 16:20:20'),
	(1009, 3, 0, 'Авторизовал персонажа (IP: 188.234.51.19)', 'characterInit', '2024-04-27 17:18:48'),
	(1010, 3, 0, 'Поднял \'Руда\' (#388)', 'inventory', '2024-04-27 17:19:46'),
	(1011, 3, 0, 'Поднял \'Руда\' (#387)', 'inventory', '2024-04-27 17:19:57'),
	(1012, 3, 0, 'Поднял \'Руда\' (#389)', 'inventory', '2024-04-27 17:20:31'),
	(1013, 3, 0, 'Поднял \'Руда\' (#390)', 'inventory', '2024-04-27 17:20:33'),
	(1014, 3, 0, 'Поднял \'Руда\' (#391)', 'inventory', '2024-04-27 17:30:19'),
	(1015, 3, 0, '+50$ CASH | Продажа 5 ед. камня на каменоломне x1', 'money', '2024-04-27 17:30:46'),
	(1016, 3, 0, '+700000$ BANK | Зарплата организации x500 Итальянская мафия', 'money', '2024-04-27 18:00:01'),
	(1017, 11, 1, 'Авторизовал персонажа (IP: 178.141.45.140)', 'characterInit', '2024-04-27 18:11:06'),
	(1018, 3, 0, 'Поднял \'Руда\' (#394)', 'inventory', '2024-04-27 18:13:46'),
	(1019, 3, 0, 'Поднял \'Руда\' (#392)', 'inventory', '2024-04-27 18:13:49'),
	(1020, 3, 0, 'Поднял \'Руда\' (#393)', 'inventory', '2024-04-27 18:13:53'),
	(1021, 11, 1, '+609$ CASH | Продажа 3 ед. камня на каменоломне x2', 'money', '2024-04-27 18:14:33'),
	(1022, 11, 1, 'Поднял \'Руда\' (#396)', 'inventory', '2024-04-27 18:18:10'),
	(1023, 3, 0, 'Поднял \'Руда\' (#397)', 'inventory', '2024-04-27 18:18:15'),
	(1024, 11, 1, '+212$ CASH | Продажа 1 ед. камня на каменоломне x2', 'money', '2024-04-27 18:18:18'),
	(1025, 3, 0, 'Поднял \'Руда\' (#395)', 'inventory', '2024-04-27 18:18:25'),
	(1026, 3, 0, 'Выкинул \'Кирка\' (#379)', 'inventory', '2024-04-27 18:18:37'),
	(1027, 3, 0, '+3000$ CASH | Продажа 5 ед. камня на каменоломне x2', 'money', '2024-04-27 18:20:17'),
	(1028, 3, 0, '-100$ CASH | Покупка предмета #136 на каменоломне', 'money', '2024-04-27 18:20:25'),
	(1029, 11, 1, 'Поднял \'Руда\' (#399)', 'inventory', '2024-04-27 18:20:36'),
	(1030, 11, 1, '+600$ CASH | Продажа 1 ед. камня на каменоломне x2', 'money', '2024-04-27 18:20:46'),
	(1031, 3, 0, 'Поднял \'Руда\' (#401)', 'inventory', '2024-04-27 18:21:02'),
	(1032, 11, 1, 'Поднял \'Руда\' (#400)', 'inventory', '2024-04-27 18:21:03'),
	(1033, 11, 1, '+600$ CASH | Продажа 1 ед. камня на каменоломне x2', 'money', '2024-04-27 18:21:34'),
	(1034, 3, 0, 'Поднял \'Руда\' (#402)', 'inventory', '2024-04-27 18:22:32'),
	(1035, 3, 0, 'Поднял \'Руда\' (#403)', 'inventory', '2024-04-27 18:22:42'),
	(1036, 3, 0, '+1800$ CASH | Продажа 3 ед. камня на каменоломне x2', 'money', '2024-04-27 18:23:38'),
	(1037, 11, 1, 'Выкинул \'Кирка\' (#383)', 'inventory', '2024-04-27 18:25:45'),
	(1038, 3, 0, 'Поднял \'Руда\' (#404)', 'inventory', '2024-04-27 18:25:46'),
	(1039, 11, 1, 'Поднял \'Кирка\' (#383)', 'inventory', '2024-04-27 18:25:48'),
	(1040, 11, 1, 'Выкинул \'Кирка\' (#383)', 'inventory', '2024-04-27 18:25:54'),
	(1041, 11, 1, '-100$ CASH | Покупка предмета #136 на каменоломне', 'money', '2024-04-27 18:26:00'),
	(1042, 3, 0, '+600$ CASH | Продажа 1 ед. камня на каменоломне x2', 'money', '2024-04-27 18:26:04'),
	(1043, 3, 0, 'Выкинул \'Кирка\' (#398)', 'inventory', '2024-04-27 18:27:02'),
	(1044, 3, 0, '-100$ CASH | Покупка предмета #136 на каменоломне', 'money', '2024-04-27 18:27:10'),
	(1045, 3, 0, 'Выкинул \'Кирка\' (#406)', 'inventory', '2024-04-27 18:29:44'),
	(1046, 3, 0, 'Поднял \'Кирка\' (#406)', 'inventory', '2024-04-27 18:29:45'),
	(1047, 3, 0, 'Выкинул \'Кирка\' (#406)', 'inventory', '2024-04-27 18:29:49'),
	(1048, 3, 0, '-100$ CASH | Покупка предмета #136 на каменоломне', 'money', '2024-04-27 18:30:43'),
	(1049, 3, 0, 'Поднял \'Руда\' (#411)', 'inventory', '2024-04-27 18:33:06'),
	(1050, 3, 0, 'Поднял \'Руда\' (#413)', 'inventory', '2024-04-27 18:33:12'),
	(1051, 3, 0, 'Выкинул \'Руда\' (#411)', 'inventory', '2024-04-27 18:33:27'),
	(1052, 11, 1, 'Поднял \'Руда\' (#411)', 'inventory', '2024-04-27 18:33:27'),
	(1053, 11, 1, '+600$ CASH | Продажа 1 ед. камня на каменоломне x2', 'money', '2024-04-27 18:33:54'),
	(1054, 3, 0, '+200$ CASH | Продажа 1 ед. камня на каменоломне x2', 'money', '2024-04-27 18:33:56'),
	(1055, 11, 1, 'Выкинул \'Кирка\' (#405)', 'inventory', '2024-04-27 18:35:58'),
	(1056, 11, 1, '-100$ CASH | Покупка предмета #136 на каменоломне', 'money', '2024-04-27 18:36:01'),
	(1057, 11, 1, 'Поднял \'Руда\' (#415)', 'inventory', '2024-04-27 18:38:02'),
	(1058, 11, 1, 'Поднял \'Руда\' (#417)', 'inventory', '2024-04-27 18:38:04'),
	(1059, 11, 1, 'Поднял \'Руда\' (#416)', 'inventory', '2024-04-27 18:38:07'),
	(1060, 3, 0, 'Поднял \'Руда\' (#418)', 'inventory', '2024-04-27 18:38:13'),
	(1061, 11, 1, '+3000$ CASH | Продажа 3 ед. камня на каменоломне x2', 'money', '2024-04-27 18:38:44'),
	(1062, 3, 0, 'Поднял \'Руда\' (#422)', 'inventory', '2024-04-27 18:38:45'),
	(1063, 3, 0, 'Поднял \'Руда\' (#423)', 'inventory', '2024-04-27 18:38:46'),
	(1064, 11, 1, 'Поднял \'Руда\' (#424)', 'inventory', '2024-04-27 18:39:00'),
	(1065, 11, 1, 'Поднял \'Руда\' (#419)', 'inventory', '2024-04-27 18:39:04'),
	(1066, 3, 0, 'Поднял \'Руда\' (#425)', 'inventory', '2024-04-27 18:39:13'),
	(1067, 11, 1, 'Поднял \'Руда\' (#421)', 'inventory', '2024-04-27 18:39:19'),
	(1068, 11, 1, 'Выкинул \'Дрон\' (#306)', 'inventory', '2024-04-27 18:39:45'),
	(1069, 3, 0, '+2013$ CASH | Продажа 4 ед. камня на каменоломне x2', 'money', '2024-04-27 18:39:47'),
	(1070, 11, 1, 'Поднял \'Руда\' (#420)', 'inventory', '2024-04-27 18:39:48'),
	(1071, 11, 1, '+4000$ CASH | Продажа 4 ед. камня на каменоломне x2', 'money', '2024-04-27 18:40:04'),
	(1072, 11, 1, 'Поднял \'Руда\' (#428)', 'inventory', '2024-04-27 18:44:26'),
	(1073, 11, 1, 'Поднял \'Руда\' (#427)', 'inventory', '2024-04-27 18:44:28'),
	(1074, 11, 1, 'Поднял \'Руда\' (#426)', 'inventory', '2024-04-27 18:44:39'),
	(1075, 11, 1, 'Поднял \'Руда\' (#429)', 'inventory', '2024-04-27 18:45:33'),
	(1076, 11, 1, 'Поднял \'Руда\' (#431)', 'inventory', '2024-04-27 18:45:34'),
	(1077, 11, 1, 'Поднял \'Руда\' (#430)', 'inventory', '2024-04-27 18:45:36'),
	(1078, 3, 0, 'Поднял \'Руда\' (#432)', 'inventory', '2024-04-27 18:46:07'),
	(1079, 3, 0, 'Поднял \'Руда\' (#433)', 'inventory', '2024-04-27 18:46:30'),
	(1080, 11, 1, '+3042$ CASH | Продажа 6 ед. камня на каменоломне x2', 'money', '2024-04-27 18:46:38'),
	(1081, 11, 1, 'Поднял \'Руда\' (#434)', 'inventory', '2024-04-27 18:47:10'),
	(1082, 3, 0, 'Поднял \'Руда\' (#435)', 'inventory', '2024-04-27 18:47:35'),
	(1083, 3, 0, 'Поднял \'Руда\' (#436)', 'inventory', '2024-04-27 18:47:37'),
	(1084, 3, 0, 'Поднял \'Руда\' (#437)', 'inventory', '2024-04-27 18:48:10'),
	(1085, 11, 1, 'Поднял \'Руда\' (#439)', 'inventory', '2024-04-27 18:50:13'),
	(1086, 11, 1, 'Поднял \'Руда\' (#438)', 'inventory', '2024-04-27 18:50:17'),
	(1087, 3, 0, 'Поднял \'Руда\' (#440)', 'inventory', '2024-04-27 18:50:37'),
	(1088, 3, 0, 'Поднял \'Руда\' (#441)', 'inventory', '2024-04-27 18:51:07'),
	(1089, 3, 0, 'Поднял \'Руда\' (#442)', 'inventory', '2024-04-27 18:51:09'),
	(1090, 3, 0, 'Выкинул \'Руда\' (#442)', 'inventory', '2024-04-27 18:52:15'),
	(1091, 3, 0, 'Поднял \'Руда\' (#442)', 'inventory', '2024-04-27 18:52:16'),
	(1092, 3, 0, 'Выкинул \'Руда\' (#442)', 'inventory', '2024-04-27 18:52:19'),
	(1093, 3, 0, '+2801$ CASH | Продажа 7 ед. камня на каменоломне x2', 'money', '2024-04-27 18:52:27'),
	(1094, 3, 0, 'Поднял \'Руда\' (#442)', 'inventory', '2024-04-27 18:52:35'),
	(1095, 3, 0, '+400$ CASH | Продажа 1 ед. камня на каменоломне x2', 'money', '2024-04-27 18:52:41'),
	(1096, 11, 1, 'Поднял \'Руда\' (#445)', 'inventory', '2024-04-27 18:53:13'),
	(1097, 11, 1, '+1600$ CASH | Продажа 4 ед. камня на каменоломне x2', 'money', '2024-04-27 18:53:48'),
	(1098, 11, 1, 'Поднял \'Руда\' (#448)', 'inventory', '2024-04-27 18:54:49'),
	(1099, 11, 1, 'Поднял \'Руда\' (#447)', 'inventory', '2024-04-27 18:54:51'),
	(1100, 3, 0, 'Поднял \'Руда\' (#450)', 'inventory', '2024-04-27 18:55:16'),
	(1101, 11, 1, 'Поднял \'Руда\' (#454)', 'inventory', '2024-04-27 18:55:49'),
	(1102, 11, 1, 'Поднял \'Руда\' (#452)', 'inventory', '2024-04-27 18:55:52'),
	(1103, 11, 1, 'Поднял \'Руда\' (#453)', 'inventory', '2024-04-27 18:55:57'),
	(1104, 3, 0, 'Поднял \'Руда\' (#451)', 'inventory', '2024-04-27 18:55:57'),
	(1105, 11, 1, '+2000$ CASH | Продажа 5 ед. камня на каменоломне x2', 'money', '2024-04-27 18:56:17'),
	(1106, 3, 0, '+800$ CASH | Продажа 2 ед. камня на каменоломне x2', 'money', '2024-04-27 18:58:00'),
	(1107, 3, 0, 'Выкинул \'Кирка\' (#410)', 'inventory', '2024-04-27 18:59:37'),
	(1108, 3, 0, '-100$ CASH | Покупка предмета #136 на каменоломне', 'money', '2024-04-27 18:59:46'),
	(1109, 3, 0, 'Поднял \'Руда\' (#456)', 'inventory', '2024-04-27 18:59:59'),
	(1110, 3, 0, '+700000$ BANK | Зарплата организации x500 Итальянская мафия', 'money', '2024-04-27 19:00:01'),
	(1111, 11, 1, '+700000$ BANK | Зарплата организации x500 Итальянская мафия', 'money', '2024-04-27 19:00:01'),
	(1112, 3, 0, '+300$ CASH | Продажа 1 ед. камня на каменоломне x2', 'money', '2024-04-27 19:00:51'),
	(1113, 11, 1, '-100$ CASH | Покупка предмета #136 на каменоломне', 'money', '2024-04-27 19:06:52'),
	(1114, 11, 1, 'Выкинул \'Кирка\' (#414)', 'inventory', '2024-04-27 19:06:55'),
	(1115, 3, 0, 'Поднял \'Руда\' (#460)', 'inventory', '2024-04-27 19:07:01'),
	(1116, 3, 0, '+225$ CASH | Продажа 1 ед. камня на каменоломне x1', 'money', '2024-04-27 19:07:14'),
	(1117, 11, 1, 'Поднял \'Руда\' (#465)', 'inventory', '2024-04-27 19:08:06'),
	(1118, 3, 0, 'Поднял \'Руда\' (#467)', 'inventory', '2024-04-27 19:08:29'),
	(1119, 3, 0, 'Поднял \'Руда\' (#466)', 'inventory', '2024-04-27 19:08:40'),
	(1120, 11, 1, 'Поднял \'Руда\' (#470)', 'inventory', '2024-04-27 19:08:46'),
	(1121, 11, 1, 'Поднял \'Руда\' (#459)', 'inventory', '2024-04-27 19:09:00'),
	(1122, 3, 0, '+450$ CASH | Продажа 2 ед. камня на каменоломне x1', 'money', '2024-04-27 19:09:13'),
	(1123, 11, 1, '+675$ CASH | Продажа 3 ед. камня на каменоломне x1', 'money', '2024-04-27 19:09:15'),
	(1124, 3, 0, 'Поднял \'Руда\' (#471)', 'inventory', '2024-04-27 19:11:58'),
	(1125, 3, 0, '+225$ CASH | Продажа 1 ед. камня на каменоломне x1', 'money', '2024-04-27 19:12:06'),
	(1126, 3, 0, 'Выкинул \'Кирка\' (#455)', 'inventory', '2024-04-27 19:12:33'),
	(1127, 11, 1, '-10$ CASH | Покупка в 24/7 chocolate', 'money', '2024-04-27 19:15:00'),
	(1128, 11, 1, '-20$ CASH | Покупка в 24/7 water', 'money', '2024-04-27 19:15:01'),
	(1129, 11, 1, '-10$ CASH | Покупка в 24/7 chocolate', 'money', '2024-04-27 19:15:02'),
	(1130, 11, 1, '-20$ CASH | Покупка в 24/7 water', 'money', '2024-04-27 19:15:02'),
	(1131, 11, 1, '-45$ CASH | Покупка нарко в притоне', 'money', '2024-04-27 19:17:06'),
	(1132, 11, 1, '-300$ CASH | Покупка нарко в притоне', 'money', '2024-04-27 19:17:19'),
	(1133, 3, 0, '-900$ CASH | Покупка нарко в притоне', 'money', '2024-04-27 19:17:24'),
	(1134, 11, 1, '-450$ CASH | Покупка нарко в притоне', 'money', '2024-04-27 19:17:34'),
	(1135, 3, 0, '-135$ CASH | Покупка нарко в притоне', 'money', '2024-04-27 19:18:07'),
	(1136, 11, 1, '-60$ CASH | Отправка объявления', 'money', '2024-04-27 19:21:23'),
	(1137, 11, 1, 'Выкинул \'Бронежилет\' (#307)', 'inventory', '2024-04-27 19:22:59'),
	(1138, 11, 1, 'Поднял \'Бронежилет\' (#307)', 'inventory', '2024-04-27 19:24:30'),
	(1139, 3, 0, '-7200$ CASH | Отправка объявления', 'money', '2024-04-27 19:25:22'),
	(1140, 11, 1, '-7200$ CASH | Отправка объявления', 'money', '2024-04-27 19:25:40'),
	(1141, 3, 0, '+30$ BANK | Принятие объявления', 'money', '2024-04-27 19:25:43'),
	(1142, 3, 0, '+100$ BANK | Принятие объявления', 'money', '2024-04-27 19:26:00'),
	(1143, 3, 0, '+100$ BANK | Принятие объявления', 'money', '2024-04-27 19:26:05'),
	(1144, 3, 0, '+800000$ BANK | Зарплата организации x500 Lifeinvader', 'money', '2024-04-27 19:26:48'),
	(1145, 11, 1, '+525000$ BANK | Зарплата организации x500 The Ballas Gang', 'money', '2024-04-27 19:26:48'),
	(1146, 11, 1, '-7200$ CASH | Отправка объявления', 'money', '2024-04-27 19:34:14'),
	(1147, 11, 1, '-100$ CASH | Покупка предмета #76 на лесопилке', 'money', '2024-04-27 19:45:39'),
	(1148, 11, 1, 'Выкинул \'Кирка\' (#457)', 'inventory', '2024-04-27 19:45:44'),
	(1149, 3, 0, '-100$ CASH | Покупка предмета #76 на лесопилке', 'money', '2024-04-27 19:45:58'),
	(1150, 3, 0, 'Поднял \'Дерево\' (#486)', 'inventory', '2024-04-27 19:48:36'),
	(1151, 3, 0, 'Поднял \'Дерево\' (#487)', 'inventory', '2024-04-27 19:48:38'),
	(1152, 3, 0, 'Поднял \'Дерево\' (#485)', 'inventory', '2024-04-27 19:48:41'),
	(1153, 11, 1, 'Поднял \'Дерево\' (#488)', 'inventory', '2024-04-27 19:48:53'),
	(1154, 3, 0, 'Поднял \'Дерево\' (#483)', 'inventory', '2024-04-27 19:48:53'),
	(1155, 11, 1, 'Поднял \'Дерево\' (#489)', 'inventory', '2024-04-27 19:48:55'),
	(1156, 11, 1, 'Поднял \'Дерево\' (#490)', 'inventory', '2024-04-27 19:48:56'),
	(1157, 11, 1, 'Поднял \'Дерево\' (#491)', 'inventory', '2024-04-27 19:48:59'),
	(1158, 3, 0, 'Поднял \'Дерево\' (#484)', 'inventory', '2024-04-27 19:49:03'),
	(1159, 3, 0, '+1125$ CASH | Продажа 5 ед. дерева на лесопилке x1', 'money', '2024-04-27 19:49:20'),
	(1160, 11, 1, '+900$ CASH | Продажа 4 ед. дерева на лесопилке x1', 'money', '2024-04-27 19:49:29'),
	(1161, 11, 1, 'Поднял \'Дерево\' (#494)', 'inventory', '2024-04-27 19:51:25'),
	(1162, 11, 1, 'Поднял \'Дерево\' (#493)', 'inventory', '2024-04-27 19:51:40'),
	(1163, 11, 1, 'Поднял \'Дерево\' (#495)', 'inventory', '2024-04-27 19:51:42'),
	(1164, 11, 1, 'Поднял \'Дерево\' (#496)', 'inventory', '2024-04-27 19:51:44'),
	(1165, 11, 1, 'Выкинул \'Экстази\' (#479)', 'inventory', '2024-04-27 19:51:56'),
	(1166, 11, 1, 'Выкинул \'Амфетамин\' (#477)', 'inventory', '2024-04-27 19:51:57'),
	(1167, 11, 1, 'Выкинул \'Наркотик\' (#476)', 'inventory', '2024-04-27 19:51:58'),
	(1168, 11, 1, 'Поднял \'Дерево\' (#497)', 'inventory', '2024-04-27 19:52:01'),
	(1169, 3, 0, 'Поднял \'Дерево\' (#498)', 'inventory', '2024-04-27 19:52:18'),
	(1170, 3, 0, 'Поднял \'Дерево\' (#499)', 'inventory', '2024-04-27 19:52:19'),
	(1171, NULL, NULL, '[info] Erick Jaison установил время на 12 ч.', 'terminal', '2024-04-27 19:52:31'),
	(1172, 3, 0, 'Поднял \'Дерево\' (#501)', 'inventory', '2024-04-27 19:52:35'),
	(1173, 11, 1, '+1250$ CASH | Продажа 5 ед. дерева на лесопилке x1', 'money', '2024-04-27 19:52:43'),
	(1174, 3, 0, 'Поднял \'Дерево\' (#500)', 'inventory', '2024-04-27 19:52:45'),
	(1175, 3, 0, 'Поднял \'Дерево\' (#502)', 'inventory', '2024-04-27 19:52:47'),
	(1176, NULL, NULL, '[info] Erick Jaison установил время на 23 ч.', 'terminal', '2024-04-27 19:52:56'),
	(1177, 3, 0, 'Выкинул \'Каменный топор\' (#482)', 'inventory', '2024-04-27 19:53:43'),
	(1178, 11, 1, 'Выкинул \'Каменный топор\' (#481)', 'inventory', '2024-04-27 19:54:06'),
	(1179, 11, 1, 'Поднял \'Каменный топор\' (#481)', 'inventory', '2024-04-27 19:54:07'),
	(1180, 11, 1, 'Выкинул \'Каменный топор\' (#481)', 'inventory', '2024-04-27 19:54:11'),
	(1181, 11, 1, '-100$ CASH | Покупка предмета #76 на лесопилке', 'money', '2024-04-27 19:54:14'),
	(1182, 11, 1, 'Поднял \'Дерево\' (#505)', 'inventory', '2024-04-27 19:54:51'),
	(1183, 11, 1, 'Поднял \'Дерево\' (#504)', 'inventory', '2024-04-27 19:54:58'),
	(1184, 11, 1, 'Поднял \'Дерево\' (#507)', 'inventory', '2024-04-27 19:55:02'),
	(1185, 11, 1, 'Поднял \'Дерево\' (#506)', 'inventory', '2024-04-27 19:55:04'),
	(1186, 11, 1, 'Поднял \'Дерево\' (#508)', 'inventory', '2024-04-27 19:55:07'),
	(1187, 11, 1, '+2250$ CASH | Продажа 5 ед. дерева на лесопилке x1', 'money', '2024-04-27 19:55:18'),
	(1188, 3, 0, '+2250$ CASH | Продажа 5 ед. дерева на лесопилке x1', 'money', '2024-04-27 19:55:22'),
	(1189, 3, 0, 'Выкинул \'Stun Gun\' (#335)', 'inventory', '2024-04-27 20:01:30'),
	(1190, 3, 0, 'Выкинул \'Compact Rifle\' (#337)', 'inventory', '2024-04-27 20:01:34'),
	(1191, 3, 0, 'Выкинул \'Наручники\' (#336)', 'inventory', '2024-04-27 20:01:45'),
	(1192, 3, 0, '+800000$ BANK | Зарплата организации x500 Lifeinvader', 'money', '2024-04-27 20:15:42'),
	(1193, 11, 1, '+1750000$ BANK | Зарплата организации x500 The Ballas Gang', 'money', '2024-04-27 20:15:42'),
	(1194, 11, 1, 'Выкинул \'Каменный топор\' (#503)', 'inventory', '2024-04-27 20:21:32'),
	(1195, 11, 1, 'Поднял \'Каменный топор\' (#503)', 'inventory', '2024-04-27 20:22:53'),
	(1196, 11, 1, 'Выкинул \'Каменный топор\' (#503)', 'inventory', '2024-04-27 20:22:56'),
	(1197, 11, 1, '-125$ CASH | Аренда грузовика для грузоперевозок', 'money', '2024-04-27 20:28:53'),
	(1198, 11, 1, '-600$ CASH | Взятие заказа бизнеса #30 на складе грузоперевозок', 'money', '2024-04-27 20:29:02'),
	(1199, 3, 0, 'Деавторизовал персонажа', 'characterInit', '2024-04-27 20:31:55'),
	(1200, 3, 0, 'Авторизовал персонажа (IP: 188.234.51.19)', 'characterInit', '2024-04-27 20:34:41'),
	(1201, 3, 0, '-125$ CASH | Аренда грузовика для грузоперевозок', 'money', '2024-04-27 20:37:02'),
	(1202, 3, 0, '-10000$ CASH | Покупка товара на складе грузоперевозок', 'money', '2024-04-27 20:38:05'),
	(1203, 3, 0, '+8000$ CASH | Списание товара на складе грузоперевозок', 'money', '2024-04-27 20:38:52'),
	(1204, 3, 0, '-10000$ CASH | Покупка товара на складе грузоперевозок', 'money', '2024-04-27 20:39:04'),
	(1205, 3, 0, '-1400000$ CASH | Покупка бизнеса #68 у государства', 'money', '2024-04-27 20:47:58'),
	(1206, 11, 1, '-1800000$ CASH | Покупка бизнеса #30 у государства', 'money', '2024-04-27 20:47:58'),
	(1207, 11, 1, '-522000$ BANK | Оплата налогов за бизнес', 'money', '2024-04-27 20:48:28'),
	(1208, 3, 0, '-200$ CASH | Ремонт т/с g63 amg  в LSC', 'money', '2024-04-27 20:50:12'),
	(1209, 3, 0, '-144000$ CASH | Покупка тюнинга т/с g63 amg  в LSC (type #11 | index #2)', 'money', '2024-04-27 20:50:17'),
	(1210, 3, 0, '-192000$ CASH | Покупка тюнинга т/с g63 amg  в LSC (type #11 | index #3)', 'money', '2024-04-27 20:50:17'),
	(1211, 3, 0, '-96000$ CASH | Покупка тюнинга т/с g63 amg  в LSC (type #12 | index #1)', 'money', '2024-04-27 20:50:21'),
	(1212, 3, 0, '-144000$ CASH | Покупка тюнинга т/с g63 amg  в LSC (type #12 | index #2)', 'money', '2024-04-27 20:50:21'),
	(1213, 3, 0, '-48000$ CASH | Покупка тюнинга т/с g63 amg  в LSC (type #13 | index #1)', 'money', '2024-04-27 20:50:24'),
	(1214, 3, 0, '-72000$ CASH | Покупка тюнинга т/с g63 amg  в LSC (type #13 | index #2)', 'money', '2024-04-27 20:50:24'),
	(1215, 3, 0, '-24000$ CASH | Покупка тюнинга т/с g63 amg  в LSC (type #15 | index #0)', 'money', '2024-04-27 20:50:29'),
	(1216, 3, 0, '-96000$ CASH | Покупка тюнинга т/с g63 amg  в LSC (type #15 | index #3)', 'money', '2024-04-27 20:50:31'),
	(1217, 3, 0, '-360000$ CASH | Покупка тюнинга т/с g63 amg  в LSC (type #16 | index #4)', 'money', '2024-04-27 20:50:34'),
	(1218, 3, 0, '-24000$ CASH | Покупка тюнинга т/с g63 amg  в LSC (type #55 | index #1)', 'money', '2024-04-27 20:50:37'),
	(1219, 3, 0, '-36000$ CASH | Покупка тюнинга т/с g63 amg  в LSC (type #55 | index #2)', 'money', '2024-04-27 20:50:37'),
	(1220, 3, 0, '-48000$ CASH | Покупка тюнинга т/с g63 amg  в LSC (type #62 | index #3)', 'money', '2024-04-27 20:50:44'),
	(1221, 3, 0, '-60000$ CASH | Покупка тюнинга т/с g63 amg  в LSC (type #62 | index #4)', 'money', '2024-04-27 20:50:44'),
	(1222, 3, 0, '-144000$ CASH | Покупка тюнинга т/с g63 amg  в LSC (type #100 | index #11)', 'money', '2024-04-27 20:50:50'),
	(1223, 3, 0, '-36000$ CASH | Покупка тюнинга т/с g63 amg  в LSC (type #0 | index #2)', 'money', '2024-04-27 20:50:55'),
	(1224, 3, 0, '-24000$ CASH | Покупка тюнинга т/с g63 amg  в LSC (type #1 | index #1)', 'money', '2024-04-27 20:50:58'),
	(1225, 3, 0, '-24000$ CASH | Покупка тюнинга т/с g63 amg  в LSC (type #7 | index #1)', 'money', '2024-04-27 20:51:00'),
	(1226, 3, 0, '-1020000$ CASH | Покупка тюнинга т/с g63 amg  в LSC (type #23 | index #84)', 'money', '2024-04-27 20:51:17'),
	(1227, 11, 1, '-125$ CASH | Ремонт т/с Acura SX в LSC', 'money', '2024-04-27 20:51:27'),
	(1228, 3, 0, '-24000$ CASH | Покупка тюнинга т/с g63 amg  в LSC (type #48 | index #1)', 'money', '2024-04-27 20:51:27'),
	(1229, 11, 1, '-100$ CASH | Смена цвета т/с Acura SX в LSC (#65 | #99)', 'money', '2024-04-27 20:51:46'),
	(1230, 11, 1, '-80000$ CASH | Покупка тюнинга т/с Acura SX в LSC (type #11 | index #3)', 'money', '2024-04-27 20:51:49'),
	(1231, 11, 1, '-60000$ CASH | Покупка тюнинга т/с Acura SX в LSC (type #12 | index #2)', 'money', '2024-04-27 20:51:51'),
	(1232, 11, 1, '-30000$ CASH | Покупка тюнинга т/с Acura SX в LSC (type #13 | index #2)', 'money', '2024-04-27 20:51:53'),
	(1233, 11, 1, '-40000$ CASH | Покупка тюнинга т/с Acura SX в LSC (type #15 | index #3)', 'money', '2024-04-27 20:51:57'),
	(1234, 11, 1, '-120000$ CASH | Покупка тюнинга т/с Acura SX в LSC (type #16 | index #3)', 'money', '2024-04-27 20:51:59'),
	(1235, 11, 1, '-150000$ CASH | Покупка тюнинга т/с Acura SX в LSC (type #16 | index #4)', 'money', '2024-04-27 20:52:00'),
	(1236, 3, 0, '-28000$ BANK | Оплата налогов за бизнес', 'money', '2024-04-27 20:52:06'),
	(1237, 11, 1, '-15000$ CASH | Покупка тюнинга т/с Acura SX в LSC (type #62 | index #2)', 'money', '2024-04-27 20:52:10'),
	(1238, 11, 1, '-25000$ CASH | Покупка тюнинга т/с Acura SX в LSC (type #62 | index #4)', 'money', '2024-04-27 20:52:11'),
	(1239, 11, 1, '-20000$ CASH | Покупка тюнинга т/с Acura SX в LSC (type #0 | index #3)', 'money', '2024-04-27 20:52:28'),
	(1240, 11, 1, '-10000$ CASH | Покупка тюнинга т/с Acura SX в LSC (type #1 | index #1)', 'money', '2024-04-27 20:52:45'),
	(1241, 11, 1, '-20000$ CASH | Покупка тюнинга т/с Acura SX в LSC (type #2 | index #3)', 'money', '2024-04-27 20:53:10'),
	(1242, 11, 1, '-15000$ CASH | Покупка тюнинга т/с Acura SX в LSC (type #3 | index #2)', 'money', '2024-04-27 20:53:19'),
	(1243, 11, 1, '-5000$ CASH | Покупка тюнинга т/с Acura SX в LSC (type #4 | index #0)', 'money', '2024-04-27 20:53:26'),
	(1244, 11, 1, '-5000$ CASH | Покупка тюнинга т/с Acura SX в LSC (type #7 | index #0)', 'money', '2024-04-27 20:53:37'),
	(1245, 11, 1, '-5000$ CASH | Покупка тюнинга т/с Acura SX в LSC (type #10 | index #0)', 'money', '2024-04-27 20:53:41'),
	(1246, 11, 1, '-440000$ CASH | Покупка тюнинга т/с Acura SX в LSC (type #23 | index #87)', 'money', '2024-04-27 20:54:05'),
	(1247, 11, 1, '-100$ CASH | Смена цвета т/с Acura SX в LSC (#62 | #154)', 'money', '2024-04-27 20:55:35'),
	(1248, 3, 0, '-125$ CASH | Аренда грузовика для грузоперевозок', 'money', '2024-04-27 20:59:13'),
	(1249, 11, 1, '+720$ BANK | Зарплата работ', 'money', '2024-04-27 21:00:01'),
	(1250, 3, 0, '-20000$ CASH | Взятие заказа бизнеса #68 на складе грузоперевозок', 'money', '2024-04-27 21:00:06'),
	(1251, 11, 1, '-125$ CASH | Аренда грузовика для грузоперевозок', 'money', '2024-04-27 21:00:44'),
	(1252, 11, 1, '-20000$ CASH | Взятие заказа бизнеса #30 на складе грузоперевозок', 'money', '2024-04-27 21:01:08'),
	(1253, 11, 1, '-20000$ CASH | Взятие заказа бизнеса #30 на складе грузоперевозок', 'money', '2024-04-27 21:04:37'),
	(1254, 3, 0, '-20000$ CASH | Взятие заказа бизнеса #68 на складе грузоперевозок', 'money', '2024-04-27 21:05:19'),
	(1255, 3, 0, '-125$ CASH | Аренда грузовика для грузоперевозок', 'money', '2024-04-27 21:08:34'),
	(1256, 11, 1, '-20040$ CASH | Взятие заказа бизнеса #68 на складе грузоперевозок', 'money', '2024-04-27 21:08:56'),
	(1257, 3, 0, '-20020$ CASH | Взятие заказа бизнеса #68 на складе грузоперевозок', 'money', '2024-04-27 21:11:05'),
	(1258, 11, 1, '-125$ CASH | Аренда грузовика для грузоперевозок', 'money', '2024-04-27 21:13:32'),
	(1259, 3, 0, '-26500$ BANK | Оплата налогов за дом', 'money', '2024-04-27 21:18:11'),
	(1260, 3, 0, '-56000$ BANK | Оплата налогов за бизнес', 'money', '2024-04-27 21:18:17'),
	(1261, 3, 0, '-10000$ CASH | Покупка товара на складе грузоперевозок', 'money', '2024-04-27 21:21:52'),
	(1262, 3, 0, '+8000$ CASH | Списание товара на складе грузоперевозок', 'money', '2024-04-27 21:21:55'),
	(1263, 3, 0, '+72023$ BANK | Зарплата работ', 'money', '2024-04-27 21:24:10'),
	(1264, 11, 1, '+72048$ BANK | Зарплата работ', 'money', '2024-04-27 21:24:10'),
	(1265, 3, 0, '-20040$ CASH | Взятие заказа бизнеса #68 на складе грузоперевозок', 'money', '2024-04-27 21:25:09'),
	(1266, 3, 0, '-125$ CASH | Аренда грузовика для грузоперевозок', 'money', '2024-04-27 21:30:29'),
	(1267, 3, 0, '-125$ CASH | Аренда грузовика для грузоперевозок', 'money', '2024-04-27 21:30:44'),
	(1268, 3, 0, '-125$ CASH | Аренда грузовика для грузоперевозок', 'money', '2024-04-27 21:31:40'),
	(1269, 11, 1, '-125$ CASH | Аренда грузовика для грузоперевозок', 'money', '2024-04-27 21:32:12'),
	(1270, 3, 0, '-125$ CASH | Аренда грузовика для грузоперевозок', 'money', '2024-04-27 21:32:25'),
	(1271, 11, 1, '-20060$ CASH | Взятие заказа бизнеса #68 на складе грузоперевозок', 'money', '2024-04-27 21:32:49'),
	(1272, 3, 0, '-125$ CASH | Аренда грузовика для грузоперевозок', 'money', '2024-04-27 21:33:32'),
	(1273, 3, 0, '-125$ CASH | Аренда грузовика для грузоперевозок', 'money', '2024-04-27 21:34:01'),
	(1274, 3, 0, '-20040$ CASH | Взятие заказа бизнеса #68 на складе грузоперевозок', 'money', '2024-04-27 21:34:12'),
	(1275, 11, 1, '-125$ CASH | Аренда грузовика для грузоперевозок', 'money', '2024-04-27 21:42:26'),
	(1276, 3, 0, '-125$ CASH | Аренда грузовика для грузоперевозок', 'money', '2024-04-27 21:43:22'),
	(1277, 3, 0, '-125$ CASH | Аренда грузовика для грузоперевозок', 'money', '2024-04-27 21:44:14'),
	(1278, 11, 1, 'Деавторизовал персонажа', 'characterInit', '2024-04-27 21:44:58'),
	(1279, 3, 0, '+24048$ BANK | Зарплата работ', 'money', '2024-04-27 21:46:17'),
	(1280, 3, 0, 'Деавторизовал персонажа', 'characterInit', '2024-04-27 21:46:55'),
	(1281, 3, 0, 'Авторизовал персонажа (IP: 188.234.51.19)', 'characterInit', '2024-04-28 16:36:00'),
	(1282, 3, 0, '-2222$ BANK | Снятие со счета', 'money', '2024-04-28 16:38:57'),
	(1283, 3, 0, '+2222$ CASH | Снятие со счета', 'money', '2024-04-28 16:38:57'),
	(1284, 3, 0, '-5555$ BANK | Пополнение кассы бизнеса', 'money', '2024-04-28 16:39:03'),
	(1285, 3, 0, '-11$ CASH | Пополнение счета', 'money', '2024-04-28 16:39:09'),
	(1286, 3, 0, '+11$ BANK | Пополнение счета', 'money', '2024-04-28 16:39:09'),
	(1287, 3, 0, '-33$ BANK | Перевод средств для #1', 'money', '2024-04-28 16:39:16'),
	(1288, 1, NULL, '+33$ BANK | Перевод средств от #3', 'money', '2024-04-28 16:39:16'),
	(1289, 3, 0, '-440$ CASH | Заправка т/с мерс (22 л.) на АЗС #3', 'money', '2024-04-28 16:40:20'),
	(1290, 3, 0, '-1425$ CASH | Покупка оружия Combat Pistol', 'money', '2024-04-28 16:41:18'),
	(1291, 3, 0, '-180$ CASH | Покупка боеприпасов с itemId #37 (12 шт.)', 'money', '2024-04-28 16:41:32'),
	(1292, 3, 0, '-480$ CASH | Покупка боеприпасов с itemId #37 (32 шт.)', 'money', '2024-04-28 16:41:36'),
	(1293, 3, 0, '-480$ CASH | Покупка боеприпасов с itemId #37 (32 шт.)', 'money', '2024-04-28 16:41:36'),
	(1294, 3, 0, '-480$ CASH | Покупка боеприпасов с itemId #37 (32 шт.)', 'money', '2024-04-28 16:41:36'),
	(1295, 3, 0, '-480$ CASH | Покупка боеприпасов с itemId #37 (32 шт.)', 'money', '2024-04-28 16:41:36'),
	(1296, 3, 0, '-480$ CASH | Покупка боеприпасов с itemId #37 (32 шт.)', 'money', '2024-04-28 16:41:37'),
	(1297, 3, 0, '-480$ CASH | Покупка боеприпасов с itemId #37 (32 шт.)', 'money', '2024-04-28 16:41:37'),
	(1298, 3, 0, '-1500$ CASH | Покупка бронежилета', 'money', '2024-04-28 16:41:42'),
	(1299, 3, 0, '-300000$ CASH | Покупка в автосалоне т/с s15', 'money', '2024-04-28 16:43:33'),
	(1300, 3, 0, '-200$ CASH | Ремонт т/с s15 в LSC', 'money', '2024-04-28 16:46:55'),
	(1301, 3, 0, '-160$ CASH | Смена цвета т/с s15 в LSC (#4 | #41)', 'money', '2024-04-28 16:47:19'),
	(1302, 3, 0, '-38400$ CASH | Покупка тюнинга т/с s15 в LSC (type #11 | index #3)', 'money', '2024-04-28 16:47:22'),
	(1303, 3, 0, '-28800$ CASH | Покупка тюнинга т/с s15 в LSC (type #12 | index #2)', 'money', '2024-04-28 16:47:24'),
	(1304, 3, 0, '-14400$ CASH | Покупка тюнинга т/с s15 в LSC (type #13 | index #2)', 'money', '2024-04-28 16:47:26'),
	(1305, 3, 0, '-9600$ CASH | Покупка тюнинга т/с s15 в LSC (type #15 | index #1)', 'money', '2024-04-28 16:47:42'),
	(1306, 3, 0, '-12000$ CASH | Покупка тюнинга т/с s15 в LSC (type #62 | index #4)', 'money', '2024-04-28 16:48:01'),
	(1307, 3, 0, '-4800$ CASH | Покупка тюнинга т/с s15 в LSC (type #1 | index #1)', 'money', '2024-04-28 16:48:48'),
	(1308, 3, 0, '-4800$ CASH | Покупка тюнинга т/с s15 в LSC (type #2 | index #1)', 'money', '2024-04-28 16:48:56'),
	(1309, 3, 0, '-4800$ CASH | Покупка тюнинга т/с s15 в LSC (type #3 | index #1)', 'money', '2024-04-28 16:49:29'),
	(1310, 3, 0, '-4800$ CASH | Покупка тюнинга т/с s15 в LSC (type #4 | index #1)', 'money', '2024-04-28 16:49:52'),
	(1311, 3, 0, '-2400$ CASH | Покупка тюнинга т/с s15 в LSC (type #6 | index #0)', 'money', '2024-04-28 16:49:59'),
	(1312, 3, 0, '-2400$ CASH | Покупка тюнинга т/с s15 в LSC (type #7 | index #0)', 'money', '2024-04-28 16:50:03'),
	(1313, 3, 0, '-345600$ CASH | Покупка тюнинга т/с s15 в LSC (type #23 | index #143)', 'money', '2024-04-28 16:51:20'),
	(1314, 3, 0, '-160$ CASH | Смена цвета т/с s15 в LSC (#5 | #41)', 'money', '2024-04-28 16:51:40'),
	(1315, 3, 0, '+850000$ BANK | Зарплата организации x500 EMS Hospital', 'money', '2024-04-28 17:00:35'),
	(1316, 3, 0, '+850000$ BANK | Зарплата организации x500 EMS Hospital', 'money', '2024-04-28 18:00:34'),
	(1317, 11, 1, 'Авторизовал персонажа (IP: 178.141.45.140)', 'characterInit', '2024-04-28 18:02:35'),
	(1318, 11, 1, '-1$ CASH | Передача денег на руки от игрока #11 игроку #3', 'money', '2024-04-28 18:03:30'),
	(1319, 3, 0, '+1$ CASH | ', 'money', '2024-04-28 18:03:30'),
	(1320, 3, 0, 'Деавторизовал персонажа', 'characterInit', '2024-04-28 18:11:02'),
	(1321, 11, 1, '-100000$ CASH | Покупка в автосалоне т/с bmwe46', 'money', '2024-04-28 18:15:23'),
	(1322, 11, 1, '-100$ CASH | Смена цвета т/с bmwe46 в LSC (#74 | #0)', 'money', '2024-04-28 18:19:18'),
	(1323, 11, 1, '-8000$ CASH | Покупка тюнинга т/с bmwe46 в LSC (type #11 | index #3)', 'money', '2024-04-28 18:19:21'),
	(1324, 11, 1, '-6000$ CASH | Покупка тюнинга т/с bmwe46 в LSC (type #12 | index #2)', 'money', '2024-04-28 18:19:24'),
	(1325, 11, 1, '-3000$ CASH | Покупка тюнинга т/с bmwe46 в LSC (type #13 | index #2)', 'money', '2024-04-28 18:19:25'),
	(1326, 11, 1, '-4000$ CASH | Покупка тюнинга т/с bmwe46 в LSC (type #15 | index #3)', 'money', '2024-04-28 18:19:28'),
	(1327, 11, 1, '-2500$ CASH | Покупка тюнинга т/с bmwe46 в LSC (type #62 | index #4)', 'money', '2024-04-28 18:19:39'),
	(1328, 11, 1, '-500$ CASH | Покупка тюнинга т/с bmwe46 в LSC (type #0 | index #0)', 'money', '2024-04-28 18:19:50'),
	(1329, 11, 1, '-500$ CASH | Покупка тюнинга т/с bmwe46 в LSC (type #6 | index #0)', 'money', '2024-04-28 18:20:14'),
	(1330, 11, 1, '-500$ CASH | Покупка тюнинга т/с bmwe46 в LSC (type #7 | index #0)', 'money', '2024-04-28 18:20:18'),
	(1331, 11, 1, '-40500$ CASH | Покупка тюнинга т/с bmwe46 в LSC (type #23 | index #80)', 'money', '2024-04-28 18:21:23'),
	(1332, 11, 1, '-100$ CASH | Смена цвета т/с bmwe46 в LSC (#71 | #0)', 'money', '2024-04-28 18:21:40'),
	(1333, 3, 0, 'Авторизовал персонажа (IP: 188.234.51.19)', 'characterInit', '2024-04-28 18:27:47'),
	(1334, 3, 0, '-3000 фишек (Прокрутка колеса)', 'casino', '2024-04-28 18:31:16'),
	(1335, 3, 0, '-90000$ CASH | Покупка фишек в казино', 'money', '2024-04-28 18:32:04'),
	(1336, 3, 0, '+30000 фишек (Покупка в казино)', 'casino', '2024-04-28 18:32:04'),
	(1337, 11, 1, '-9000$ CASH | Покупка фишек в казино', 'money', '2024-04-28 18:32:20'),
	(1338, 11, 1, '+3000 фишек (Покупка в казино)', 'casino', '2024-04-28 18:32:20'),
	(1339, 11, 1, '+10000 фишек (Выигрыш в колесе удачи)', 'casino', '2024-04-28 18:32:39'),
	(1340, 11, 1, '-3000 фишек (Прокрутка колеса)', 'casino', '2024-04-28 18:32:39'),
	(1341, 3, 0, '-1000 фишек (Ставка в игровом автомате)', 'casino', '2024-04-28 18:32:39'),
	(1342, 3, 0, '-1000 фишек (Ставка в игровом автомате)', 'casino', '2024-04-28 18:32:45'),
	(1343, 3, 0, '-10000 фишек (Ставка в игровом автомате)', 'casino', '2024-04-28 18:32:52'),
	(1344, 3, 0, '-10000 фишек (Ставка в игровом автомате)', 'casino', '2024-04-28 18:32:58'),
	(1345, 3, 0, '-1500000$ CASH | Покупка фишек в казино', 'money', '2024-04-28 18:33:15'),
	(1346, 3, 0, '+500000 фишек (Покупка в казино)', 'casino', '2024-04-28 18:33:15'),
	(1347, 11, 1, '-1000 фишек (Ставка в игровом автомате)', 'casino', '2024-04-28 18:33:38'),
	(1348, 3, 0, '-9000 фишек (Ставка в игровом автомате)', 'casino', '2024-04-28 18:34:00'),
	(1349, 3, 0, '-9000 фишек (Ставка в игровом автомате)', 'casino', '2024-04-28 18:34:06'),
	(1350, 3, 0, '-9000 фишек (Ставка в игровом автомате)', 'casino', '2024-04-28 18:34:12'),
	(1351, 3, 0, '-9000 фишек (Ставка в игровом автомате)', 'casino', '2024-04-28 18:34:18'),
	(1352, 3, 0, '-9000 фишек (Ставка в игровом автомате)', 'casino', '2024-04-28 18:34:24'),
	(1353, 3, 0, '-9000 фишек (Ставка в игровом автомате)', 'casino', '2024-04-28 18:34:30'),
	(1354, 3, 0, '-9000 фишек (Ставка в игровом автомате)', 'casino', '2024-04-28 18:34:36'),
	(1355, 3, 0, '-9000 фишек (Ставка в игровом автомате)', 'casino', '2024-04-28 18:34:42'),
	(1356, 3, 0, '-9000 фишек (Ставка в игровом автомате)', 'casino', '2024-04-28 18:34:48'),
	(1357, 3, 0, '-9000 фишек (Ставка в игровом автомате)', 'casino', '2024-04-28 18:34:54'),
	(1358, 3, 0, '-9000 фишек (Ставка в игровом автомате)', 'casino', '2024-04-28 18:35:00'),
	(1359, 11, 1, '-200 фишек (Ставка в рулетке)', 'casino', '2024-04-28 18:35:02'),
	(1360, 3, 0, '+0$ CASH | Возврат фишек со стола блекджэка', 'money', '2024-04-28 18:35:37'),
	(1361, 3, 0, '-50$ CASH | Покупка фишек в казино', 'money', '2024-04-28 18:36:18'),
	(1362, 3, 0, '+50$ CASH | Возврат фишек со стола блекджэка', 'money', '2024-04-28 18:36:19'),
	(1363, 3, 0, '+0$ CASH | Возврат фишек со стола блекджэка', 'money', '2024-04-28 18:36:38'),
	(1364, 11, 1, 'Деавторизовал персонажа', 'characterInit', '2024-04-28 18:40:00'),
	(1365, 3, 0, '-12$ CASH | Оплата штрафа от офицера #11', 'money', '2024-04-28 18:40:45'),
	(1366, 3, 0, '-200$ CASH | Ремонт т/с g63 amg  в LSC', 'money', '2024-04-28 18:44:31'),
	(1367, 3, 0, '-12000$ CASH | Покупка тюнинга т/с g63 amg  в LSC (type #55 | index #0)', 'money', '2024-04-28 18:44:58'),
	(1368, 3, 0, '-0$ CASH | Покупка тюнинга т/с g63 amg  в LSC (type #100 | index #-1)', 'money', '2024-04-28 18:45:07'),
	(1369, 3, 0, '-12000$ CASH | Покупка тюнинга т/с g63 amg  в LSC (type #0 | index #0)', 'money', '2024-04-28 18:45:10'),
	(1370, 3, 0, '-12000$ CASH | Покупка тюнинга т/с g63 amg  в LSC (type #1 | index #0)', 'money', '2024-04-28 18:45:48'),
	(1371, 3, 0, '-48000$ CASH | Покупка тюнинга т/с g63 amg  в LSC (type #7 | index #3)', 'money', '2024-04-28 18:46:01'),
	(1372, 3, 0, '-816000$ CASH | Покупка тюнинга т/с g63 amg  в LSC (type #23 | index #67)', 'money', '2024-04-28 18:46:10'),
	(1373, 3, 0, '-0$ CASH | Покупка тюнинга т/с g63 amg  в LSC (type #48 | index #-1)', 'money', '2024-04-28 18:46:13'),
	(1374, 3, 0, '-100$ CASH | Аренда трактора для уборки', 'money', '2024-04-28 18:54:05'),
	(1375, 3, 0, '+240$ BANK | Зарплата работ', 'money', '2024-04-28 19:00:34'),
	(1376, 3, 0, '+35$ BANK | Зарплата работ', 'money', '2024-04-28 19:01:50'),
	(1377, 3, 0, '-300$ CASH | Доставка т/с к дому', 'money', '2024-04-28 19:13:13'),
	(1378, 3, 0, '-7200$ CASH | Отправка объявления', 'money', '2024-04-28 19:20:22'),
	(1379, 3, 0, 'Деавторизовал персонажа', 'characterInit', '2024-04-28 19:25:27'),
	(1380, 12, 0, 'Авторизовал персонажа (IP: 91.236.80.195)', 'characterInit', '2024-05-02 08:14:52'),
	(1381, 12, 0, '-100$ CASH | Покупка одежды watches. Variation #5. Texture #0', 'money', '2024-05-02 08:30:38'),
	(1382, 12, 0, 'Деавторизовал персонажа', 'characterInit', '2024-05-02 08:31:41'),
	(1383, 3, 0, 'Авторизовал персонажа (IP: 94.180.179.200)', 'characterInit', '2024-05-02 12:25:35'),
	(1384, 3, 0, '-7000$ CASH | Аренда т/с bf400', 'money', '2024-05-02 12:37:29'),
	(1385, 3, 0, '+3000$ BANK | Зарплата организации x1 Government', 'money', '2024-05-02 13:00:19'),
	(1386, 12, 1, 'Авторизовал персонажа (IP: 91.236.80.195)', 'characterInit', '2024-05-02 13:17:48'),
	(1387, 12, 1, '-150$ CASH | Покупка телефона', 'money', '2024-05-02 13:20:44'),
	(1388, 12, 1, '-120$ CASH | Смена номера телефона на 222222', 'money', '2024-05-02 13:21:29'),
	(1389, 12, 1, '-20$ CASH | Покупка в 24/7 water', 'money', '2024-05-02 13:21:35'),
	(1390, 12, 1, '-20$ CASH | Покупка в 24/7 water', 'money', '2024-05-02 13:21:36'),
	(1391, 12, 1, '-20$ CASH | Покупка в 24/7 water', 'money', '2024-05-02 13:21:37'),
	(1392, 12, 1, '-10$ CASH | Покупка в 24/7 chocolate', 'money', '2024-05-02 13:21:37'),
	(1393, 12, 1, '-10$ CASH | Покупка в 24/7 chocolate', 'money', '2024-05-02 13:21:37'),
	(1394, 12, 1, '-10$ CASH | Покупка в 24/7 chocolate', 'money', '2024-05-02 13:21:38'),
	(1395, 12, 1, '-10$ CASH | Покупка в 24/7 chocolate', 'money', '2024-05-02 13:21:38'),
	(1396, 12, 1, '-10$ CASH | Покупка в 24/7 chocolate', 'money', '2024-05-02 13:21:38'),
	(1397, 12, 1, '-10$ CASH | Покупка в 24/7 chocolate', 'money', '2024-05-02 13:21:39'),
	(1398, 12, 1, '-10$ CASH | Покупка в 24/7 chocolate', 'money', '2024-05-02 13:21:40'),
	(1399, 12, 1, '-300$ CASH | Покупка в 24/7 healthPack', 'money', '2024-05-02 13:21:47'),
	(1400, 12, 1, '-300$ CASH | Покупка в 24/7 healthPack', 'money', '2024-05-02 13:21:49'),
	(1401, 12, 1, 'Деавторизовал персонажа', 'characterInit', '2024-05-02 13:31:21'),
	(1402, 12, 1, 'Авторизовал персонажа (IP: 91.236.80.195)', 'characterInit', '2024-05-02 13:34:24'),
	(1403, 3, 0, '+2000$ BANK | Зарплата организации x1 BCSD', 'money', '2024-05-02 14:00:19'),
	(1404, 12, 1, 'Деавторизовал персонажа', 'characterInit', '2024-05-02 14:21:10'),
	(1405, 3, 0, 'Деавторизовал персонажа', 'characterInit', '2024-05-02 14:21:11'),
	(1406, 3, 0, 'Авторизовал персонажа (IP: 94.180.179.200)', 'characterInit', '2024-05-02 14:26:50'),
	(1407, 12, 1, 'Авторизовал персонажа (IP: 91.236.80.195)', 'characterInit', '2024-05-02 14:27:24'),
	(1408, 12, 1, '+1000000$ CASH | Команда от админа #3', 'money', '2024-05-02 14:30:06'),
	(1409, 12, 1, '+1000000$ CASH | Команда от админа #3', 'money', '2024-05-02 14:32:15'),
	(1410, 12, 1, '-1000000$ CASH | Покупка в автосалоне т/с vision6', 'money', '2024-05-02 14:32:35'),
	(1411, 12, 1, '+1000000$ CASH | Команда от админа #3', 'money', '2024-05-02 14:33:08'),
	(1412, 12, 1, '+1000000$ CASH | Команда от админа #3', 'money', '2024-05-02 14:33:09'),
	(1413, 12, 1, '-0$ CASH | Взятие т/с vision6 с парковки', 'money', '2024-05-02 14:34:37'),
	(1414, 12, 1, '-60000$ CASH | Покупка дома #175 у государства', 'money', '2024-05-02 14:42:44'),
	(1415, 3, 0, '-200$ CASH | Ремонт т/с s15 в LSC', 'money', '2024-05-02 14:44:01'),
	(1416, 12, 1, '-5000$ CASH | Пополнение счета', 'money', '2024-05-02 14:46:05'),
	(1417, 12, 1, '+5000$ BANK | Пополнение счета', 'money', '2024-05-02 14:46:05'),
	(1418, 12, 1, '-600$ BANK | Покупка улучшения "holder" для дома #175', 'money', '2024-05-02 14:46:23'),
	(1419, 12, 1, '-1400000$ CASH | Покупка бизнеса #66 у государства', 'money', '2024-05-02 14:47:08'),
	(1420, 12, 1, '-75$ CASH | Оплата диагностики транспорта', 'money', '2024-05-02 14:50:43'),
	(1421, 3, 0, '+7$ BANK | Зарплата за диагностику транспорта', 'money', '2024-05-02 14:50:43'),
	(1422, 12, 1, '-2970$ CASH | Оплата ремонта транспорта', 'money', '2024-05-02 14:51:03'),
	(1423, 3, 0, '+297$ BANK | Зарплата за ремонт транспорта', 'money', '2024-05-02 14:51:04'),
	(1424, 3, 0, '-75$ CASH | Оплата диагностики транспорта', 'money', '2024-05-02 14:52:04'),
	(1425, 12, 1, '+7$ BANK | Зарплата за диагностику транспорта', 'money', '2024-05-02 14:52:04'),
	(1426, 3, 0, '-6660$ CASH | Оплата ремонта транспорта', 'money', '2024-05-02 14:52:23'),
	(1427, 12, 1, '+666$ BANK | Зарплата за ремонт транспорта', 'money', '2024-05-02 14:52:23'),
	(1428, 12, 1, '-100$ CASH | Покупка предмета #76 на лесопилке', 'money', '2024-05-02 15:08:56'),
	(1429, 12, 1, '-100$ CASH | Покупка одежды #7 на лесопилке', 'money', '2024-05-02 15:09:04'),
	(1430, 3, 0, '-100$ CASH | Покупка предмета #76 на лесопилке', 'money', '2024-05-02 15:09:04'),
	(1431, 12, 1, '-100$ CASH | Покупка одежды #8 на лесопилке', 'money', '2024-05-02 15:09:05'),
	(1432, 12, 1, '-100$ CASH | Покупка одежды #9 на лесопилке', 'money', '2024-05-02 15:09:06'),
	(1433, 3, 0, 'Поднял \'Дерево\' (#547)', 'inventory', '2024-05-02 15:10:55'),
	(1434, 12, 1, 'Поднял \'Дерево\' (#552)', 'inventory', '2024-05-02 15:10:57'),
	(1435, 3, 0, 'Поднял \'Дерево\' (#548)', 'inventory', '2024-05-02 15:10:57'),
	(1436, 12, 1, 'Поднял \'Дерево\' (#551)', 'inventory', '2024-05-02 15:10:59'),
	(1437, 3, 0, 'Поднял \'Дерево\' (#546)', 'inventory', '2024-05-02 15:11:00'),
	(1438, 12, 1, 'Поднял \'Дерево\' (#553)', 'inventory', '2024-05-02 15:11:02'),
	(1439, 3, 0, 'Поднял \'Дерево\' (#545)', 'inventory', '2024-05-02 15:11:02'),
	(1440, 12, 1, 'Поднял \'Дерево\' (#550)', 'inventory', '2024-05-02 15:11:04'),
	(1441, 12, 1, 'Поднял \'Дерево\' (#549)', 'inventory', '2024-05-02 15:11:07'),
	(1442, 3, 0, 'Выкинул \'Combat Pistol\' (#509)', 'inventory', '2024-05-02 15:11:19'),
	(1443, 3, 0, 'Поднял \'Дерево\' (#544)', 'inventory', '2024-05-02 15:11:24'),
	(1444, 12, 1, '+1375$ CASH | Продажа 5 ед. дерева на лесопилке x1', 'money', '2024-05-02 15:11:37'),
	(1445, 3, 0, '+1375$ CASH | Продажа 5 ед. дерева на лесопилке x1', 'money', '2024-05-02 15:11:38'),
	(1446, 3, 0, '-250$ CASH | Ремонт т/с g63 amg  в LSC', 'money', '2024-05-02 15:13:41'),
	(1447, 3, 0, '-200$ CASH | Смена цвета т/с g63 amg  в LSC (#28 | #0)', 'money', '2024-05-02 15:14:00'),
	(1448, 3, 0, 'Выкинул \'Каменный топор\' (#541)', 'inventory', '2024-05-02 15:18:09'),
	(1449, 3, 0, 'Поднял \'Каменный топор\' (#541)', 'inventory', '2024-05-02 15:18:10'),
	(1450, 3, 0, 'Выкинул \'Каменный топор\' (#541)', 'inventory', '2024-05-02 15:18:35'),
	(1451, 12, 1, '+150$ CASH | Зарплата на ферме #1 без владельца x1', 'money', '2024-05-02 15:19:41'),
	(1452, 3, 0, '+100$ CASH | Зарплата на ферме #1 без владельца x1', 'money', '2024-05-02 15:19:54'),
	(1453, 3, 0, '-80$ CASH | Покупка урожая на руки на ферме #1', 'money', '2024-05-02 15:22:08'),
	(1454, 12, 1, '+50$ CASH | Зарплата на ферме #1 без владельца x1', 'money', '2024-05-02 15:23:05'),
	(1455, 3, 0, '+0$ CASH | Зарплата на ферме #1 без владельца x1', 'money', '2024-05-02 15:24:24'),
	(1456, 3, 0, '-125$ CASH | Аренда грузовика для грузоперевозок', 'money', '2024-05-02 15:25:10'),
	(1457, 3, 0, '-1000$ CASH | Покупка товара на складе грузоперевозок', 'money', '2024-05-02 15:25:36'),
	(1458, 3, 0, '+800$ CASH | Списание товара на складе грузоперевозок', 'money', '2024-05-02 15:25:37'),
	(1459, 3, 0, '-1000$ CASH | Покупка товара на складе грузоперевозок', 'money', '2024-05-02 15:25:38'),
	(1460, 12, 1, '-100$ CASH | Покупка предмета #136 на каменоломне', 'money', '2024-05-02 15:26:29'),
	(1461, 12, 1, 'Поднял \'Руда\' (#556)', 'inventory', '2024-05-02 15:27:19'),
	(1462, 12, 1, '+225$ CASH | Продажа 1 ед. камня на каменоломне x1', 'money', '2024-05-02 15:27:32'),
	(1463, 3, 0, 'Деавторизовал персонажа', 'characterInit', '2024-05-02 15:28:35'),
	(1464, 12, 1, 'Деавторизовал персонажа', 'characterInit', '2024-05-02 15:31:37'),
	(1465, 3, 0, 'Авторизовал персонажа (IP: 94.180.179.200)', 'characterInit', '2024-05-02 15:50:18'),
	(1466, 12, 1, 'Авторизовал персонажа (IP: 91.236.80.195)', 'characterInit', '2024-05-02 15:51:07'),
	(1467, 3, 0, '-1666665$ CASH | Покупка фишек в казино', 'money', '2024-05-02 15:51:22'),
	(1468, 3, 0, '+555555 фишек (Покупка в казино)', 'casino', '2024-05-02 15:51:22'),
	(1469, 3, 0, '-5000 фишек (Прокрутка колеса)', 'casino', '2024-05-02 15:51:40'),
	(1470, 12, 1, 'Деавторизовал персонажа', 'characterInit', '2024-05-02 15:51:51'),
	(1471, 12, 1, 'Авторизовал персонажа (IP: 91.236.80.195)', 'characterInit', '2024-05-02 16:00:03'),
	(1472, NULL, NULL, '[info] Админ Erick Jaison выдал еду, воду Erick Jaison', 'terminal', '2024-05-02 16:00:28'),
	(1473, NULL, NULL, '[info] Erick Jaison установил для команды /blip уровень доступа 5', 'terminal', '2024-05-02 16:03:59'),
	(1474, NULL, NULL, '[info] Erick Jaison установил для команды /tempwear уровень доступа 5', 'terminal', '2024-05-02 16:04:25'),
	(1475, NULL, NULL, '[info] Erick Jaison установил для команды /modules уровень доступа 5', 'terminal', '2024-05-02 16:04:44'),
	(1476, 12, 1, '-100000$ CASH | Пополнение счета', 'money', '2024-05-02 16:05:34'),
	(1477, 12, 1, '+100000$ BANK | Пополнение счета', 'money', '2024-05-02 16:05:34'),
	(1478, 12, 1, '-90000$ BANK | Оплата налогов за дом', 'money', '2024-05-02 16:06:21'),
	(1479, NULL, NULL, '[info] Erick Jaison установил для команды /module уровень доступа 5', 'terminal', '2024-05-02 16:06:28'),
	(1480, 12, 1, '-134155$ CASH | Пополнение счета', 'money', '2024-05-02 16:06:40'),
	(1481, 12, 1, '+134155$ BANK | Пополнение счета', 'money', '2024-05-02 16:06:40'),
	(1482, NULL, NULL, '[info] Erick Jaison установил для команды /effect уровень доступа 5', 'terminal', '2024-05-02 16:06:43'),
	(1483, NULL, NULL, '[info] Erick Jaison установил для команды /sound уровень доступа 5', 'terminal', '2024-05-02 16:06:52'),
	(1484, 12, 1, '-140000$ BANK | Оплата налогов за бизнес', 'money', '2024-05-02 16:06:58'),
	(1485, NULL, NULL, '[info] Erick Jaison установил для команды /binshow уровень доступа 5', 'terminal', '2024-05-02 16:07:43'),
	(1486, NULL, NULL, '[info] Erick Jaison установил для команды /binhide уровень доступа 5', 'terminal', '2024-05-02 16:07:54'),
	(1487, 12, 1, '-125$ CASH | Ремонт т/с vision в LSC', 'money', '2024-05-02 16:09:46'),
	(1488, NULL, NULL, '[info] Erick Jaison установил для команды /fsetammo уровень доступа 5', 'terminal', '2024-05-02 16:09:47'),
	(1489, 12, 1, '-80000$ CASH | Покупка тюнинга т/с vision в LSC (type #11 | index #3)', 'money', '2024-05-02 16:10:05'),
	(1490, 12, 1, '-60000$ CASH | Покупка тюнинга т/с vision в LSC (type #12 | index #2)', 'money', '2024-05-02 16:10:09'),
	(1491, 12, 1, '-30000$ CASH | Покупка тюнинга т/с vision в LSC (type #13 | index #2)', 'money', '2024-05-02 16:10:12'),
	(1492, NULL, NULL, '[info] Erick Jaison установил для команды /changephone уровень доступа 5', 'terminal', '2024-05-02 16:10:13'),
	(1493, 12, 1, '-40000$ CASH | Покупка тюнинга т/с vision в LSC (type #15 | index #3)', 'money', '2024-05-02 16:10:15'),
	(1494, 12, 1, '-150000$ CASH | Покупка тюнинга т/с vision в LSC (type #16 | index #4)', 'money', '2024-05-02 16:10:21'),
	(1495, NULL, NULL, '[info] Erick Jaison установил для команды /worldshow уровень доступа 5', 'terminal', '2024-05-02 16:10:30'),
	(1496, 12, 1, '-5000$ CASH | Покупка тюнинга т/с vision в LSC (type #22 | index #0)', 'money', '2024-05-02 16:10:31'),
	(1497, 12, 1, '-125$ CASH | Ремонт т/с vision в LSC', 'money', '2024-05-02 16:11:03'),
	(1498, 12, 1, '-125$ CASH | Ремонт т/с vision в LSC', 'money', '2024-05-02 16:11:04'),
	(1499, 12, 1, '+5000000$ BANK | Команда от админа #3', 'money', '2024-05-02 16:14:46'),
	(1500, NULL, NULL, '[info] Erick Jaison установил для команды /drone уровень доступа 1', 'terminal', '2024-05-02 16:16:30'),
	(1501, NULL, NULL, '[info] Erick Jaison установил для команды /setfuel уровень доступа 1', 'terminal', '2024-05-02 16:17:58'),
	(1502, NULL, NULL, '[info] Erick Jaison установил для команды /thirst уровень доступа 1', 'terminal', '2024-05-02 16:18:07'),
	(1503, NULL, NULL, '[info] Erick Jaison установил для команды /setd уровень доступа 1', 'terminal', '2024-05-02 16:19:07'),
	(1504, NULL, NULL, '[info] Erick Jaison установил для команды /repair уровень доступа 1', 'terminal', '2024-05-02 16:20:57'),
	(1505, NULL, NULL, '[info] Erick Jaison установил для команды /sethp уровень доступа 1', 'terminal', '2024-05-02 16:22:15'),
	(1506, 12, 1, '-30000$ CASH | Покупка фишек в казино', 'money', '2024-05-02 16:26:13'),
	(1507, 12, 1, '+10000 фишек (Покупка в казино)', 'casino', '2024-05-02 16:26:13'),
	(1508, 12, 1, '-5000 фишек (Прокрутка колеса)', 'casino', '2024-05-02 16:26:32'),
	(1509, 12, 1, '+10000$ CASH | Продажа фишек в казино', 'money', '2024-05-02 16:27:16'),
	(1510, 12, 1, '-5000 фишек (Продажа в казино)', 'casino', '2024-05-02 16:27:16'),
	(1511, 12, 1, '-250$ CASH | Покупка лицензии carLicense', 'money', '2024-05-02 16:28:47'),
	(1512, 12, 1, '-750$ CASH | Покупка лицензии passengerLicense', 'money', '2024-05-02 16:28:49'),
	(1513, 12, 1, '-200$ CASH | Покупка лицензии bikeLicense', 'money', '2024-05-02 16:28:50'),
	(1514, 12, 1, '-1500$ CASH | Покупка лицензии truckLicense', 'money', '2024-05-02 16:28:51'),
	(1515, 12, 1, '-15000$ CASH | Покупка лицензии airLicense', 'money', '2024-05-02 16:28:51'),
	(1516, 12, 1, '-3500$ CASH | Покупка лицензии boatLicense', 'money', '2024-05-02 16:28:53'),
	(1517, 12, 1, '-280000$ CASH | Покупка в автосалоне т/с harley1', 'money', '2024-05-02 16:29:47'),
	(1518, 12, 1, '-300$ CASH | Доставка т/с к дому', 'money', '2024-05-02 16:30:17'),
	(1519, 12, 1, '-450000$ CASH | Покупка в автосалоне т/с mustang65', 'money', '2024-05-02 16:34:03'),
	(1520, 12, 1, '-125$ CASH | Ремонт т/с mustang в LSC', 'money', '2024-05-02 16:35:35'),
	(1521, 12, 1, '-36000$ CASH | Покупка тюнинга т/с mustang в LSC (type #11 | index #3)', 'money', '2024-05-02 16:35:40'),
	(1522, 12, 1, '-27000$ CASH | Покупка тюнинга т/с mustang в LSC (type #12 | index #2)', 'money', '2024-05-02 16:35:43'),
	(1523, 12, 1, '-13500$ CASH | Покупка тюнинга т/с mustang в LSC (type #13 | index #2)', 'money', '2024-05-02 16:35:45'),
	(1524, 12, 1, '-18000$ CASH | Покупка тюнинга т/с mustang в LSC (type #15 | index #3)', 'money', '2024-05-02 16:35:50'),
	(1525, 12, 1, '-67500$ CASH | Покупка тюнинга т/с mustang в LSC (type #16 | index #4)', 'money', '2024-05-02 16:35:54'),
	(1526, 3, 0, 'Деавторизовал персонажа', 'characterInit', '2024-05-02 16:46:25'),
	(1527, 3, 0, 'Авторизовал персонажа (IP: 94.180.179.200)', 'characterInit', '2024-05-02 16:48:51'),
	(1528, 12, 1, '-2000000$ BANK | Снятие со счета', 'money', '2024-05-02 16:49:09'),
	(1529, 12, 1, '+2000000$ CASH | Снятие со счета', 'money', '2024-05-02 16:49:09'),
	(1530, 12, 1, 'Выкинул \'Верхняя одежда\' (#523)', 'inventory', '2024-05-02 16:51:14'),
	(1531, 12, 1, 'Выкинул \'Брюки\' (#522)', 'inventory', '2024-05-02 16:51:15'),
	(1532, 12, 1, 'Выкинул \'Обувь\' (#524)', 'inventory', '2024-05-02 16:51:17'),
	(1533, 12, 1, 'Выкинул \'Головной убор\' (#558)', 'inventory', '2024-05-02 16:51:19'),
	(1534, 12, 1, 'Выкинул \'Часы\' (#525)', 'inventory', '2024-05-02 16:51:30'),
	(1535, 12, 1, 'Поднял \'Часы\' (#525)', 'inventory', '2024-05-02 16:51:31'),
	(1536, 12, 1, 'Выкинул \'Часы\' (#525)', 'inventory', '2024-05-02 16:51:36'),
	(1537, 12, 1, 'Поднял \'Часы\' (#525)', 'inventory', '2024-05-02 16:52:32'),
	(1538, 12, 1, 'Поднял \'Головной убор\' (#558)', 'inventory', '2024-05-02 16:52:33'),
	(1539, 12, 1, 'Поднял \'Обувь\' (#524)', 'inventory', '2024-05-02 16:52:37'),
	(1540, 12, 1, 'Поднял \'Верхняя одежда\' (#523)', 'inventory', '2024-05-02 16:52:44'),
	(1541, 12, 1, 'Поднял \'Брюки\' (#522)', 'inventory', '2024-05-02 16:52:50'),
	(1542, 12, 1, '+1700$ BANK | Зарплата организации x1 EMS Hospital', 'money', '2024-05-02 17:00:52'),
	(1543, 12, 1, '-500$ CASH | Вход в кинотеатр', 'money', '2024-05-02 17:07:14'),
	(1544, 12, 1, '-1500$ CASH | Покупка видео в кинотеатре', 'money', '2024-05-02 17:07:27'),
	(1545, 12, 1, '-500$ CASH | Вход в кинотеатр', 'money', '2024-05-02 17:08:14'),
	(1546, 12, 1, '-1500$ CASH | Покупка видео в кинотеатре', 'money', '2024-05-02 17:08:21'),
	(1547, 12, 1, '-1500$ CASH | Покупка видео в кинотеатре', 'money', '2024-05-02 17:08:54'),
	(1548, 12, 1, '-1500$ CASH | Покупка видео в кинотеатре', 'money', '2024-05-02 17:10:00'),
	(1549, 12, 1, '-1500$ CASH | Покупка видео в кинотеатре', 'money', '2024-05-02 17:11:59'),
	(1550, 12, 1, '-50$ CASH | Аренда автобуса', 'money', '2024-05-02 17:17:06'),
	(1551, 12, 1, '-20$ CASH | Покупка в 24/7 water', 'money', '2024-05-02 17:54:03'),
	(1552, 12, 1, '-20$ CASH | Покупка в 24/7 water', 'money', '2024-05-02 17:54:03'),
	(1553, 12, 1, '-20$ CASH | Покупка в 24/7 water', 'money', '2024-05-02 17:54:03'),
	(1554, 12, 1, '-20$ CASH | Покупка в 24/7 water', 'money', '2024-05-02 17:54:03'),
	(1555, 12, 1, '-20$ CASH | Покупка в 24/7 water', 'money', '2024-05-02 17:54:04'),
	(1556, 12, 1, '-20$ CASH | Покупка в 24/7 water', 'money', '2024-05-02 17:54:04'),
	(1557, 12, 1, '-20$ CASH | Покупка в 24/7 water', 'money', '2024-05-02 17:54:04'),
	(1558, 12, 1, '-20$ CASH | Покупка в 24/7 water', 'money', '2024-05-02 17:54:04'),
	(1559, 12, 1, '-20$ CASH | Покупка в 24/7 water', 'money', '2024-05-02 17:54:04'),
	(1560, 12, 1, '-10$ CASH | Покупка в 24/7 chocolate', 'money', '2024-05-02 17:54:05'),
	(1561, 12, 1, '-10$ CASH | Покупка в 24/7 chocolate', 'money', '2024-05-02 17:54:05'),
	(1562, 12, 1, '-10$ CASH | Покупка в 24/7 chocolate', 'money', '2024-05-02 17:54:05'),
	(1563, 12, 1, '-10$ CASH | Покупка в 24/7 chocolate', 'money', '2024-05-02 17:54:05'),
	(1564, 12, 1, '-10$ CASH | Покупка в 24/7 chocolate', 'money', '2024-05-02 17:54:05'),
	(1565, 12, 1, '-10$ CASH | Покупка в 24/7 chocolate', 'money', '2024-05-02 17:54:06'),
	(1566, 12, 1, '-200$ CASH | Аренда трактора для уборки', 'money', '2024-05-02 17:55:49'),
	(1567, 12, 1, '-300$ CASH | Доставка т/с к дому', 'money', '2024-05-02 17:59:11'),
	(1568, 12, 1, '-300$ CASH | Доставка т/с к дому', 'money', '2024-05-02 17:59:16'),
	(1569, 12, 1, '+335$ BANK | Зарплата работ', 'money', '2024-05-02 18:00:52'),
	(1570, 13, 2, 'Авторизовал персонажа (IP: 91.236.80.195)', 'characterInit', '2024-05-02 18:03:28'),
	(1571, 13, 2, 'Деавторизовал персонажа', 'characterInit', '2024-05-02 18:07:27'),
	(1572, 13, 2, 'Авторизовал персонажа (IP: 91.236.80.195)', 'characterInit', '2024-05-02 18:10:08'),
	(1573, 13, 2, '-200$ CASH | Смена прически на #16', 'money', '2024-05-02 18:17:10'),
	(1574, 13, 2, '+500$ CASH | ', 'money', '2024-05-02 18:20:29'),
	(1575, 12, 1, '-500$ CASH | Передача денег на руки от игрока #12 игроку #13', 'money', '2024-05-02 18:20:29'),
	(1576, 12, 1, '-500$ CASH | Передача денег на руки от игрока #12 игроку #13', 'money', '2024-05-02 18:20:33'),
	(1577, 13, 2, '+500$ CASH | ', 'money', '2024-05-02 18:20:33'),
	(1578, 12, 1, '-720$ CASH | Отправка объявления', 'money', '2024-05-02 18:24:28'),
	(1579, 12, 1, '+20$ BANK | Принятие объявления', 'money', '2024-05-02 18:24:40'),
	(1580, 12, 1, '-3000$ CASH | Покупка фишек в казино', 'money', '2024-05-02 18:29:16'),
	(1581, 12, 1, '+1000 фишек (Покупка в казино)', 'casino', '2024-05-02 18:29:16'),
	(1582, 12, 1, '-500$ CASH | Передача денег на руки от игрока #12 игроку #13', 'money', '2024-05-02 18:29:28'),
	(1583, 13, 2, '+500$ CASH | ', 'money', '2024-05-02 18:29:28'),
	(1584, 13, 2, '-3000$ CASH | Покупка фишек в казино', 'money', '2024-05-02 18:29:32'),
	(1585, 13, 2, '+1000 фишек (Покупка в казино)', 'casino', '2024-05-02 18:29:32'),
	(1586, 12, 1, '-500$ CASH | Передача денег на руки от игрока #12 игроку #13', 'money', '2024-05-02 18:29:33'),
	(1587, 13, 2, '+500$ CASH | ', 'money', '2024-05-02 18:29:33'),
	(1588, 12, 1, '-500 фишек (Ставка в игровом автомате)', 'casino', '2024-05-02 18:29:57'),
	(1589, 13, 2, '-500 фишек (Ставка в игровом автомате)', 'casino', '2024-05-02 18:29:57'),
	(1590, 12, 1, '-500 фишек (Ставка в игровом автомате)', 'casino', '2024-05-02 18:30:03'),
	(1591, 12, 1, '-30000$ CASH | Покупка фишек в казино', 'money', '2024-05-02 18:30:18'),
	(1592, 12, 1, '+10000 фишек (Покупка в казино)', 'casino', '2024-05-02 18:30:18'),
	(1593, 12, 1, '-50$ CASH | Покупка фишек в казино', 'money', '2024-05-02 18:30:44'),
	(1594, 13, 2, '-100 фишек (Ставка в рулетке)', 'casino', '2024-05-02 18:30:46'),
	(1595, 13, 2, '-100 фишек (Ставка в рулетке)', 'casino', '2024-05-02 18:31:10'),
	(1596, 13, 2, '-100 фишек (Ставка в рулетке)', 'casino', '2024-05-02 18:31:25'),
	(1597, 12, 1, '+100$ CASH | Блекджек. Выигрыш BJ', 'money', '2024-05-02 18:31:27'),
	(1598, 12, 1, '+0$ CASH | Возврат фишек со стола блекджэка', 'money', '2024-05-02 18:31:30'),
	(1599, 13, 2, '+500 фишек (Выигрыш в рулетке)', 'casino', '2024-05-02 18:32:03'),
	(1600, 12, 1, '-500 фишек (Ставка в рулетке)', 'casino', '2024-05-02 18:32:04'),
	(1601, 13, 2, '-800$ CASH | Покупка фишек в казино', 'money', '2024-05-02 18:32:32'),
	(1602, 12, 1, '-1000 фишек (Ставка в рулетке)', 'casino', '2024-05-02 18:32:36'),
	(1603, 12, 1, '-1000 фишек (Ставка в рулетке)', 'casino', '2024-05-02 18:32:47'),
	(1604, 12, 1, '-1000 фишек (Ставка в рулетке)', 'casino', '2024-05-02 18:32:51'),
	(1605, 12, 1, '-1000 фишек (Ставка в рулетке)', 'casino', '2024-05-02 18:32:53'),
	(1606, 12, 1, '-1000 фишек (Ставка в рулетке)', 'casino', '2024-05-02 18:33:08'),
	(1607, 13, 2, '+0$ CASH | Возврат фишек со стола блекджэка', 'money', '2024-05-02 18:33:37'),
	(1608, 13, 2, '+1400$ CASH | Продажа фишек в казино', 'money', '2024-05-02 18:34:24'),
	(1609, 13, 2, '-700 фишек (Продажа в казино)', 'casino', '2024-05-02 18:34:24'),
	(1610, 13, 2, '+100000$ BANK | Перевод средств от #12', 'money', '2024-05-02 18:34:35'),
	(1611, 12, 1, '-100000$ BANK | Перевод средств для #13', 'money', '2024-05-02 18:34:35'),
	(1612, 13, 2, '-1400$ CASH | Покупка фишек в казино', 'money', '2024-05-02 18:34:59'),
	(1613, 13, 2, '+1400$ CASH | Блекджек. Возврат ставки', 'money', '2024-05-02 18:35:36'),
	(1614, 13, 2, '-1400$ CASH | Покупка фишек в казино', 'money', '2024-05-02 18:35:47'),
	(1615, 13, 2, '+0$ CASH | Возврат фишек со стола блекджэка', 'money', '2024-05-02 18:36:36'),
	(1616, 12, 1, '-100000$ CASH | Покупка фишек в казино', 'money', '2024-05-02 18:36:44'),
	(1617, 12, 1, '+100000$ CASH | Блекджек. Возврат ставки', 'money', '2024-05-02 18:37:21'),
	(1618, 12, 1, '-100000$ CASH | Покупка фишек в казино', 'money', '2024-05-02 18:37:26'),
	(1619, 12, 1, '+100000$ CASH | Блекджек. Возврат ставки', 'money', '2024-05-02 18:38:09'),
	(1620, 12, 1, '-100000$ CASH | Покупка фишек в казино', 'money', '2024-05-02 18:38:15'),
	(1621, 12, 1, '+200000$ CASH | Блекджек. Выигрыш BJ', 'money', '2024-05-02 18:38:57'),
	(1622, 12, 1, '+0$ CASH | Возврат фишек со стола блекджэка', 'money', '2024-05-02 18:39:11'),
	(1623, 12, 1, '-50$ CASH | Аренда такси', 'money', '2024-05-02 18:40:50'),
	(1624, 13, 2, '-10000$ BANK | Снятие со счета', 'money', '2024-05-02 18:42:39'),
	(1625, 13, 2, '+10000$ CASH | Снятие со счета', 'money', '2024-05-02 18:42:39'),
	(1626, 13, 2, '-150$ CASH | Покупка телефона', 'money', '2024-05-02 18:42:53'),
	(1627, 13, 2, '-120$ CASH | Смена номера телефона на 100000', 'money', '2024-05-02 18:43:24'),
	(1628, 13, 2, '-1120$ CASH | Заправка т/с vision (56 л.) на АЗС #6', 'money', '2024-05-02 18:45:52'),
	(1629, 12, 1, 'Деавторизовал персонажа', 'characterInit', '2024-05-02 18:48:18'),
	(1630, 13, 2, 'Деавторизовал персонажа', 'characterInit', '2024-05-02 18:54:14'),
	(1631, 12, 1, 'Авторизовал персонажа (IP: 91.236.80.195)', 'characterInit', '2024-05-02 18:54:19'),
	(1632, 12, 1, '-150000$ BANK | Перевод средств для #13', 'money', '2024-05-02 18:55:33'),
	(1633, 13, NULL, '+150000$ BANK | Перевод средств от #12', 'money', '2024-05-02 18:55:33'),
	(1634, 12, 1, 'Деавторизовал персонажа', 'characterInit', '2024-05-02 18:58:22'),
	(1635, 3, 0, '-390$ CASH | Покупка напитка в баре', 'money', '2024-05-02 19:13:10'),
	(1636, 3, 0, '-3525$ CASH | Покупка оружия Micro SMG', 'money', '2024-05-02 19:16:39'),
	(1637, 3, 0, '-180$ CASH | Покупка боеприпасов с itemId #37 (12 шт.)', 'money', '2024-05-02 19:16:42'),
	(1638, 3, 0, '-180$ CASH | Покупка боеприпасов с itemId #37 (12 шт.)', 'money', '2024-05-02 19:16:42'),
	(1639, 3, 0, '-180$ CASH | Покупка боеприпасов с itemId #37 (12 шт.)', 'money', '2024-05-02 19:16:43'),
	(1640, 3, 0, '-180$ CASH | Покупка боеприпасов с itemId #37 (12 шт.)', 'money', '2024-05-02 19:16:43'),
	(1641, 3, 0, '-180$ CASH | Покупка боеприпасов с itemId #37 (12 шт.)', 'money', '2024-05-02 19:16:43'),
	(1642, 3, 0, 'Деавторизовал персонажа', 'characterInit', '2024-05-02 19:26:11'),
	(1643, 3, 0, 'Авторизовал персонажа (IP: 94.180.179.200)', 'characterInit', '2024-05-02 19:28:03'),
	(1644, 3, 0, '+3500$ BANK | Зарплата организации x1 The Families', 'money', '2024-05-02 20:00:51'),
	(1645, 3, 0, 'Авторизовал персонажа (IP: 94.180.179.200)', 'characterInit', '2024-05-02 20:08:02'),
	(1646, 3, 0, 'Деавторизовал персонажа', 'characterInit', '2024-05-02 20:30:35'),
	(1647, 3, 0, 'Авторизовал персонажа (IP: 94.180.179.200)', 'characterInit', '2024-05-03 09:40:39'),
	(1648, 3, 0, '+3500$ BANK | Зарплата организации x1 Marabunta Grande', 'money', '2024-05-03 10:00:26'),
	(1649, 3, 0, 'Деавторизовал персонажа', 'characterInit', '2024-05-03 10:16:32'),
	(1650, 3, 0, 'Авторизовал персонажа (IP: 94.180.179.200)', 'characterInit', '2024-05-03 10:21:09'),
	(1651, 3, 0, '+1800$ BANK | Зарплата организации x1 U.S. Army', 'money', '2024-05-03 10:36:49'),
	(1652, 3, 0, '+1800$ BANK | Зарплата организации x1 U.S. Army', 'money', '2024-05-03 10:57:25'),
	(1653, 3, 0, '-450$ CASH | Покупка боеприпасов с itemId #39 (30 шт.)', 'money', '2024-05-03 11:08:01'),
	(1654, 3, 0, 'Выкинул \'Micro SMG\' (#589)', 'inventory', '2024-05-03 11:08:21'),
	(1655, 3, 0, 'Поднял \'Micro SMG\' (#589)', 'inventory', '2024-05-03 11:08:21'),
	(1656, 3, 0, 'Выкинул \'Micro SMG\' (#589)', 'inventory', '2024-05-03 11:08:25'),
	(1657, 3, 0, 'Поднял \'Micro SMG\' (#589)', 'inventory', '2024-05-03 11:08:32'),
	(1658, 3, 0, 'Выкинул \'Micro SMG\' (#589)', 'inventory', '2024-05-03 11:08:38'),
	(1659, 3, 0, '-1425$ CASH | Покупка оружия Combat Pistol', 'money', '2024-05-03 11:08:41'),
	(1660, 3, 0, '-180$ CASH | Покупка боеприпасов с itemId #37 (12 шт.)', 'money', '2024-05-03 11:08:53'),
	(1661, 3, 0, '-180$ CASH | Покупка боеприпасов с itemId #37 (12 шт.)', 'money', '2024-05-03 11:08:53'),
	(1662, 3, 0, '-180$ CASH | Покупка боеприпасов с itemId #37 (12 шт.)', 'money', '2024-05-03 11:08:53'),
	(1663, 3, 0, '-180$ CASH | Покупка боеприпасов с itemId #37 (12 шт.)', 'money', '2024-05-03 11:08:53'),
	(1664, 3, 0, '-180$ CASH | Покупка боеприпасов с itemId #37 (12 шт.)', 'money', '2024-05-03 11:08:53'),
	(1665, 3, 0, '-180$ CASH | Покупка боеприпасов с itemId #37 (12 шт.)', 'money', '2024-05-03 11:08:54'),
	(1666, 3, 0, '-180$ CASH | Покупка боеприпасов с itemId #37 (12 шт.)', 'money', '2024-05-03 11:08:54'),
	(1667, 3, 0, '-180$ CASH | Покупка боеприпасов с itemId #37 (12 шт.)', 'money', '2024-05-03 11:08:54'),
	(1668, 3, 0, '-180$ CASH | Покупка боеприпасов с itemId #37 (12 шт.)', 'money', '2024-05-03 11:08:54'),
	(1669, 3, 0, '-180$ CASH | Покупка боеприпасов с itemId #37 (12 шт.)', 'money', '2024-05-03 11:08:54'),
	(1670, 3, 0, '-180$ CASH | Покупка боеприпасов с itemId #37 (12 шт.)', 'money', '2024-05-03 11:08:54'),
	(1671, 3, 0, '-180$ CASH | Покупка боеприпасов с itemId #37 (12 шт.)', 'money', '2024-05-03 11:08:55'),
	(1672, 3, 0, '-480$ CASH | Покупка боеприпасов с itemId #37 (32 шт.)', 'money', '2024-05-03 11:08:57'),
	(1673, 3, 0, '-480$ CASH | Покупка боеприпасов с itemId #37 (32 шт.)', 'money', '2024-05-03 11:08:57'),
	(1674, 3, 0, 'Выкинул \'Патроны 5.56mm\' (#346)', 'inventory', '2024-05-03 11:09:22'),
	(1675, 3, 0, 'Выкинул \'Патроны 5.56mm\' (#345)', 'inventory', '2024-05-03 11:09:22'),
	(1676, 3, 0, 'Выкинул \'Сигареты\' (#353)', 'inventory', '2024-05-03 11:09:24'),
	(1677, 3, 0, 'Выкинул \'Патроны 5.56mm\' (#347)', 'inventory', '2024-05-03 11:09:25'),
	(1678, 3, 0, 'Выкинул \'Обувь\' (#382)', 'inventory', '2024-05-03 11:09:26'),
	(1679, 3, 0, 'Выкинул \'Сигареты\' (#371)', 'inventory', '2024-05-03 11:09:27'),
	(1680, 3, 0, 'Выкинул \'Адреналин\' (#301)', 'inventory', '2024-05-03 11:09:28'),
	(1681, 3, 0, 'Выкинул \'Еда из клуба\' (#354)', 'inventory', '2024-05-03 11:09:29'),
	(1682, 3, 0, '-800000$ CASH | Покупка на авторынке т/с bmwg07 (ID 348 | PLATE TQA548)', 'money', '2024-05-03 11:14:22'),
	(1683, 3, 0, '-200$ CASH | Ремонт т/с bmwg07 в LSC', 'money', '2024-05-03 11:15:42'),
	(1684, 3, 0, '-200$ CASH | Ремонт т/с bmwg07 в LSC', 'money', '2024-05-03 11:16:00'),
	(1685, 3, 0, '-160$ CASH | Смена цвета т/с bmwg07 в LSC (#120 | #46)', 'money', '2024-05-03 11:16:42'),
	(1686, 3, 0, '-0$ CASH | Покупка тюнинга т/с bmwg07 в LSC (type #13 | index #-1)', 'money', '2024-05-03 11:16:46'),
	(1687, 3, 0, '-32000$ CASH | Покупка тюнинга т/с bmwg07 в LSC (type #13 | index #1)', 'money', '2024-05-03 11:16:47'),
	(1688, 3, 0, '-48000$ CASH | Покупка тюнинга т/с bmwg07 в LSC (type #13 | index #2)', 'money', '2024-05-03 11:16:48'),
	(1689, 3, 0, '-48000$ CASH | Покупка тюнинга т/с bmwg07 в LSC (type #15 | index #2)', 'money', '2024-05-03 11:17:00'),
	(1690, 3, 0, '-24000$ CASH | Покупка тюнинга т/с bmwg07 в LSC (type #55 | index #2)', 'money', '2024-05-03 11:17:04'),
	(1691, 3, 0, '-240000$ CASH | Покупка тюнинга т/с bmwg07 в LSC (type #16 | index #4)', 'money', '2024-05-03 11:17:06'),
	(1692, 3, 0, '-8000$ CASH | Покупка тюнинга т/с bmwg07 в LSC (type #55 | index #0)', 'money', '2024-05-03 11:17:16'),
	(1693, 3, 0, '-8000$ CASH | Покупка тюнинга т/с bmwg07 в LSC (type #22 | index #0)', 'money', '2024-05-03 11:17:20'),
	(1694, 3, 0, '-648000$ CASH | Покупка тюнинга т/с bmwg07 в LSC (type #23 | index #80)', 'money', '2024-05-03 11:18:00'),
	(1695, 3, 0, '-1008000$ CASH | Покупка тюнинга т/с bmwg07 в LSC (type #23 | index #125)', 'money', '2024-05-03 11:18:54'),
	(1696, 3, 0, '-300$ CASH | Доставка т/с к дому', 'money', '2024-05-03 11:21:18'),
	(1697, 3, 0, '-300$ CASH | Доставка т/с к дому', 'money', '2024-05-03 11:21:34'),
	(1698, 3, 0, '-300$ CASH | Доставка т/с к дому', 'money', '2024-05-03 11:21:59'),
	(1699, 3, 0, '-10500$ CASH | Купил удочку.', 'money', '2024-05-03 11:24:14'),
	(1700, 3, 0, 'Выкинул \'Тыква\' (#554)', 'inventory', '2024-05-03 11:24:24'),
	(1701, 3, 0, 'Выкинул \'Combat Pistol\' (#596)', 'inventory', '2024-05-03 11:24:26'),
	(1702, 3, 0, '+2313$ CASH | Продажа рыбы. bonusPay - x1', 'money', '2024-05-03 11:25:23'),
	(1703, 3, 0, 'Забрал \'Pump Shotgun\' (#10041) | Среда: Faction #3', 'inventory', '2024-05-03 11:59:19'),
	(1704, 3, 0, 'Выкинул \'Pump Shotgun\' (#616)', 'inventory', '2024-05-03 11:59:20'),
	(1705, 3, 0, 'Забрал \'Бронежилет\' (#10043) | Среда: Faction #3', 'inventory', '2024-05-03 11:59:24'),
	(1706, 3, 0, 'Выкинул \'Бронежилет\' (#617)', 'inventory', '2024-05-03 11:59:25'),
	(1707, 3, 0, 'Забрал \'Фонарик\' (#10034) | Среда: Faction #3', 'inventory', '2024-05-03 11:59:27'),
	(1708, 3, 0, 'Выкинул \'Фонарик\' (#618)', 'inventory', '2024-05-03 11:59:28'),
	(1709, 3, 0, 'Забрал \'Combat Pistol\' (#10007) | Среда: Faction #3', 'inventory', '2024-05-03 11:59:29'),
	(1710, 3, 0, 'Выкинул \'Combat Pistol\' (#619)', 'inventory', '2024-05-03 11:59:31'),
	(1711, 3, 0, 'Забрал \'Полицейская дубинка\' (#10033) | Среда: Faction #3', 'inventory', '2024-05-03 11:59:32'),
	(1712, 3, 0, 'Выкинул \'Полицейская дубинка\' (#620)', 'inventory', '2024-05-03 11:59:33'),
	(1713, 3, 0, 'Забрал \'Брюки\' (#10038) | Среда: Faction #3', 'inventory', '2024-05-03 11:59:35'),
	(1714, 3, 0, 'Выкинул \'Брюки\' (#621)', 'inventory', '2024-05-03 11:59:36'),
	(1715, 3, 0, 'Забрал \'Обувь\' (#10039) | Среда: Faction #3', 'inventory', '2024-05-03 11:59:38'),
	(1716, 3, 0, 'Выкинул \'Обувь\' (#622)', 'inventory', '2024-05-03 11:59:39'),
	(1717, 3, 0, 'Забрал \'Малая аптечка\' (#10035) | Среда: Faction #3', 'inventory', '2024-05-03 11:59:40'),
	(1718, 3, 0, 'Выкинул \'Малая аптечка\' (#623)', 'inventory', '2024-05-03 11:59:41'),
	(1719, 3, 0, 'Забрал \'Патроны 5.56mm\' (#10017) | Среда: Faction #3', 'inventory', '2024-05-03 11:59:43'),
	(1720, 3, 0, 'Выкинул \'Патроны 5.56mm\' (#624)', 'inventory', '2024-05-03 11:59:43'),
	(1721, 3, 0, 'Забрал \'Часы\' (#10023) | Среда: Faction #3', 'inventory', '2024-05-03 11:59:46'),
	(1722, 3, 0, 'Забрал \'Дрон\' (#10027) | Среда: Faction #3', 'inventory', '2024-05-03 11:59:51'),
	(1723, 3, 0, 'Выкинул \'Часы\' (#625)', 'inventory', '2024-05-03 11:59:51'),
	(1724, 3, 0, 'Выкинул \'Дрон\' (#626)', 'inventory', '2024-05-03 11:59:52'),
	(1725, 3, 0, 'Забрал \'Веревка\' (#10028) | Среда: Faction #3', 'inventory', '2024-05-03 11:59:54'),
	(1726, 3, 0, 'Забрал \'Часы\' (#10024) | Среда: Faction #3', 'inventory', '2024-05-03 11:59:57'),
	(1727, 3, 0, 'Выкинул \'Часы\' (#628)', 'inventory', '2024-05-03 11:59:58'),
	(1728, 3, 0, 'Забрал \'Часы\' (#10025) | Среда: Faction #3', 'inventory', '2024-05-03 11:59:59'),
	(1729, 3, 0, 'Выкинул \'Часы\' (#629)', 'inventory', '2024-05-03 12:00:00'),
	(1730, 3, 0, 'Забрал \'Сигареты\' (#10018) | Среда: Faction #3', 'inventory', '2024-05-03 12:00:03'),
	(1731, 3, 0, 'Выкинул \'Сигареты\' (#630)', 'inventory', '2024-05-03 12:00:05'),
	(1732, 3, 0, 'Забрал \'Патроны 9mm\' (#10013) | Среда: Faction #3', 'inventory', '2024-05-03 12:00:07'),
	(1733, 3, 0, 'Выкинул \'Патроны 9mm\' (#631)', 'inventory', '2024-05-03 12:00:08'),
	(1734, 3, 0, 'Выкинул \'Еда из клуба\' (#362)', 'inventory', '2024-05-03 12:00:10'),
	(1735, 3, 0, 'Выкинул \'Коктейль\' (#361)', 'inventory', '2024-05-03 12:00:12'),
	(1736, 3, 0, 'Выкинул \'Сигареты\' (#370)', 'inventory', '2024-05-03 12:00:13'),
	(1737, 3, 0, 'Выкинул \'Еда из клуба\' (#360)', 'inventory', '2024-05-03 12:00:15'),
	(1738, 3, 0, 'Выкинул \'Коктейль\' (#356)', 'inventory', '2024-05-03 12:00:17'),
	(1739, 3, 0, 'Выкинул \'Коктейль\' (#357)', 'inventory', '2024-05-03 12:00:18'),
	(1740, 3, 0, 'Выкинул \'ЛСД\' (#478)', 'inventory', '2024-05-03 12:00:20'),
	(1741, 3, 0, 'Выкинул \'Экстази\' (#480)', 'inventory', '2024-05-03 12:00:21'),
	(1742, 3, 0, 'Выкинул \'Патроны 12mm\' (#344)', 'inventory', '2024-05-03 12:00:22'),
	(1743, 3, 0, 'Выкинул \'Сигареты\' (#359)', 'inventory', '2024-05-03 12:00:23'),
	(1744, 3, 0, '+1700$ BANK | Зарплата организации x1 EMS Hospital', 'money', '2024-05-03 12:00:25'),
	(1745, 3, 0, 'Выкинул \'Удочка\' (#612)', 'inventory', '2024-05-03 12:00:25'),
	(1746, 3, 0, 'Выкинул \'Головной убор\' (#521)', 'inventory', '2024-05-03 12:00:27'),
	(1747, 3, 0, 'Выкинул \'Патроны 7.62mm\' (#595)', 'inventory', '2024-05-03 12:00:30'),
	(1748, 3, 0, 'Выкинул \'Веревка\' (#627)', 'inventory', '2024-05-03 12:00:30'),
	(1749, 3, 0, 'Положил \'Брюки\' (#296) | Среда: Faction #3', 'inventory', '2024-05-03 12:00:43'),
	(1750, 3, 0, 'Положил \'Верхняя одежда\' (#322) | Среда: Faction #3', 'inventory', '2024-05-03 12:00:47'),
	(1751, 3, 0, 'Положил \'Аксессуар\' (#299) | Среда: Faction #3', 'inventory', '2024-05-03 12:00:51'),
	(1752, 3, 0, 'Положил \'Бронежилет\' (#517) | Среда: Faction #3', 'inventory', '2024-05-03 12:00:54'),
	(1753, 3, 0, 'Положил \'Обувь\' (#298) | Среда: Faction #3', 'inventory', '2024-05-03 12:00:55'),
	(1754, 3, 0, 'Выкинул \'Сумка\' (#323)', 'inventory', '2024-05-03 12:01:20'),
	(1755, 3, 0, 'Поднял \'Сумка\' (#323)', 'inventory', '2024-05-03 12:01:31'),
	(1756, 3, 0, 'Забрал \'Бронежилет\' (#10048) | Среда: Faction #3', 'inventory', '2024-05-03 12:01:53'),
	(1757, 3, 0, 'Выкинул \'Бронежилет\' (#636)', 'inventory', '2024-05-03 12:01:54'),
	(1758, 3, 0, 'Забрал \'Брюки\' (#10045) | Среда: Faction #3', 'inventory', '2024-05-03 12:01:56'),
	(1759, 3, 0, 'Выкинул \'Брюки\' (#637)', 'inventory', '2024-05-03 12:01:57'),
	(1760, 3, 0, 'Забрал \'Аксессуар\' (#10047) | Среда: Faction #3', 'inventory', '2024-05-03 12:01:58'),
	(1761, 3, 0, 'Выкинул \'Аксессуар\' (#638)', 'inventory', '2024-05-03 12:01:59'),
	(1762, 3, 0, 'Забрал \'Обувь\' (#10049) | Среда: Faction #3', 'inventory', '2024-05-03 12:02:00'),
	(1763, 3, 0, 'Выкинул \'Обувь\' (#639)', 'inventory', '2024-05-03 12:02:01'),
	(1764, 3, 0, 'Забрал \'Верхняя одежда\' (#10046) | Среда: Faction #3', 'inventory', '2024-05-03 12:02:02'),
	(1765, 3, 0, 'Выкинул \'Верхняя одежда\' (#640)', 'inventory', '2024-05-03 12:02:03'),
	(1766, 3, 0, 'Забрал \'Патроны 9mm\' (#10014) | Среда: Faction #3', 'inventory', '2024-05-03 12:02:05'),
	(1767, 3, 0, 'Забрал \'Бутылка воды\' (#10021) | Среда: Faction #3', 'inventory', '2024-05-03 12:02:07'),
	(1768, 3, 0, 'Выкинул \'Бутылка воды\' (#642)', 'inventory', '2024-05-03 12:02:08'),
	(1769, 3, 0, 'Выкинул \'Патроны 9mm\' (#641)', 'inventory', '2024-05-03 12:02:10'),
	(1770, 3, 0, '-1000$ CASH | Респавн авто организации #5', 'money', '2024-05-03 12:04:09'),
	(1771, 3, 0, 'Выкинул \'Малая аптечка\' (#643)', 'inventory', '2024-05-03 12:11:40'),
	(1772, 3, 0, '+1600$ BANK | Зарплата организации x1 Lifeinvader', 'money', '2024-05-03 12:18:15'),
	(1773, 3, 0, '-7000$ CASH | Аренда т/с faggio2', 'money', '2024-05-03 12:24:42'),
	(1774, 3, 0, '-7000$ CASH | Аренда т/с bagger', 'money', '2024-05-03 12:26:00'),
	(1775, 3, 0, 'Авторизовал персонажа (IP: 94.180.179.200)', 'characterInit', '2024-05-03 12:40:26'),
	(1776, 3, 0, '-3000 фишек (Прокрутка колеса)', 'casino', '2024-05-03 12:41:10'),
	(1777, 3, 0, '+20000 фишек (Выигрыш в колесе удачи)', 'casino', '2024-05-03 12:41:10'),
	(1778, 3, 0, '+3000 фишек (Покупка в казино)', 'casino', '2024-05-03 12:41:29'),
	(1779, 3, 0, '-9000$ CASH | Покупка фишек в казино', 'money', '2024-05-03 12:41:29'),
	(1780, 3, 0, '-3000 фишек (Ставка в игровом автомате)', 'casino', '2024-05-03 12:42:23'),
	(1781, 3, 0, '-3000 фишек (Ставка в игровом автомате)', 'casino', '2024-05-03 12:42:30'),
	(1782, 3, 0, '-3000 фишек (Ставка в игровом автомате)', 'casino', '2024-05-03 12:42:35'),
	(1783, 3, 0, '-3000 фишек (Ставка в игровом автомате)', 'casino', '2024-05-03 12:42:41'),
	(1784, 3, 0, '-3000 фишек (Ставка в игровом автомате)', 'casino', '2024-05-03 12:42:48'),
	(1785, 3, 0, '-3000 фишек (Ставка в игровом автомате)', 'casino', '2024-05-03 12:42:54'),
	(1786, 3, 0, '-3000 фишек (Ставка в игровом автомате)', 'casino', '2024-05-03 12:43:00'),
	(1787, 3, 0, '-3000 фишек (Ставка в игровом автомате)', 'casino', '2024-05-03 12:43:07'),
	(1788, 3, 0, '-3000 фишек (Ставка в игровом автомате)', 'casino', '2024-05-03 12:43:13'),
	(1789, 3, 0, '-3000 фишек (Ставка в игровом автомате)', 'casino', '2024-05-03 12:43:19'),
	(1790, 3, 0, '-3000 фишек (Ставка в игровом автомате)', 'casino', '2024-05-03 12:43:25'),
	(1791, 3, 0, '-3000 фишек (Ставка в игровом автомате)', 'casino', '2024-05-03 12:43:32'),
	(1792, 3, 0, '-3000 фишек (Ставка в игровом автомате)', 'casino', '2024-05-03 12:43:38'),
	(1793, 3, 0, '-3000 фишек (Ставка в игровом автомате)', 'casino', '2024-05-03 12:43:43'),
	(1794, 3, 0, '-3000 фишек (Ставка в игровом автомате)', 'casino', '2024-05-03 12:43:49'),
	(1795, 3, 0, '-3000 фишек (Ставка в игровом автомате)', 'casino', '2024-05-03 12:43:56'),
	(1796, 3, 0, '-3000 фишек (Ставка в игровом автомате)', 'casino', '2024-05-03 12:44:02'),
	(1797, 3, 0, '-3000 фишек (Ставка в игровом автомате)', 'casino', '2024-05-03 12:44:08'),
	(1798, 3, 0, '-3000 фишек (Ставка в игровом автомате)', 'casino', '2024-05-03 12:44:14'),
	(1799, 3, 0, '-3000 фишек (Ставка в игровом автомате)', 'casino', '2024-05-03 12:44:20'),
	(1800, 3, 0, '-3000 фишек (Ставка в игровом автомате)', 'casino', '2024-05-03 12:44:26'),
	(1801, 3, 0, '-3000 фишек (Ставка в игровом автомате)', 'casino', '2024-05-03 12:44:31'),
	(1802, 3, 0, '-3000 фишек (Ставка в игровом автомате)', 'casino', '2024-05-03 12:44:38'),
	(1803, 3, 0, '-3000 фишек (Ставка в игровом автомате)', 'casino', '2024-05-03 12:44:44'),
	(1804, 3, 0, '-3000 фишек (Ставка в игровом автомате)', 'casino', '2024-05-03 12:44:51'),
	(1805, 3, 0, '-3000 фишек (Ставка в игровом автомате)', 'casino', '2024-05-03 12:44:57'),
	(1806, 3, 0, '-3000 фишек (Ставка в игровом автомате)', 'casino', '2024-05-03 12:45:03'),
	(1807, 3, 0, '-3000 фишек (Ставка в игровом автомате)', 'casino', '2024-05-03 12:45:09'),
	(1808, 3, 0, '-3000 фишек (Ставка в игровом автомате)', 'casino', '2024-05-03 12:45:16'),
	(1809, 3, 0, '-3000 фишек (Ставка в игровом автомате)', 'casino', '2024-05-03 12:45:22'),
	(1810, 3, 0, '-3000 фишек (Ставка в игровом автомате)', 'casino', '2024-05-03 12:45:28'),
	(1811, 3, 0, '-3000 фишек (Ставка в игровом автомате)', 'casino', '2024-05-03 12:45:34'),
	(1812, 3, 0, '-3000 фишек (Ставка в игровом автомате)', 'casino', '2024-05-03 12:45:40'),
	(1813, 3, 0, '-3000 фишек (Ставка в игровом автомате)', 'casino', '2024-05-03 12:45:47'),
	(1814, 3, 0, '-3000 фишек (Ставка в игровом автомате)', 'casino', '2024-05-03 12:45:53'),
	(1815, 3, 0, '-3000 фишек (Ставка в игровом автомате)', 'casino', '2024-05-03 12:45:59'),
	(1816, 3, 0, '-3000 фишек (Ставка в игровом автомате)', 'casino', '2024-05-03 12:46:06'),
	(1817, 3, 0, '-3000 фишек (Ставка в игровом автомате)', 'casino', '2024-05-03 12:46:28'),
	(1818, 3, 0, '-3000 фишек (Ставка в игровом автомате)', 'casino', '2024-05-03 12:52:07'),
	(1819, 3, 0, '-3000 фишек (Ставка в игровом автомате)', 'casino', '2024-05-03 12:52:13'),
	(1820, 3, 0, '-3000 фишек (Ставка в игровом автомате)', 'casino', '2024-05-03 12:52:19'),
	(1821, 3, 0, '-500$ CASH | Покупка фишек в казино', 'money', '2024-05-03 12:52:49'),
	(1822, 3, 0, '+0$ CASH | Возврат фишек со стола блекджэка', 'money', '2024-05-03 12:53:36'),
	(1823, 3, 0, '-1000 фишек (Ставка в рулетке)', 'casino', '2024-05-03 12:54:02'),
	(1824, 3, 0, '+0$ CASH | Возврат фишек со стола блекджэка', 'money', '2024-05-03 12:55:37'),
	(1825, 3, 0, '+0$ CASH | Возврат фишек со стола блекджэка', 'money', '2024-05-03 12:56:03'),
	(1826, 3, 0, '+0$ CASH | Возврат фишек со стола блекджэка', 'money', '2024-05-03 12:56:27'),
	(1827, 3, 0, '+144$ BANK | Зарплата организации x0.09 Lifeinvader', 'money', '2024-05-03 13:00:32'),
	(1828, 3, 0, 'Деавторизовал персонажа', 'characterInit', '2024-05-03 13:11:40'),
	(1829, 3, 0, 'Авторизовал персонажа (IP: 94.180.179.200)', 'characterInit', '2024-05-03 15:49:49'),
	(1830, 13, 1, 'Авторизовал персонажа (IP: 91.236.80.195)', 'characterInit', '2024-05-03 15:53:15'),
	(1831, 13, 1, 'Деавторизовал персонажа', 'characterInit', '2024-05-03 16:10:39'),
	(1832, 13, 1, 'Авторизовал персонажа (IP: 91.236.80.195)', 'characterInit', '2024-05-03 16:13:31'),
	(1833, 13, 1, '+500$ CASH | ', 'money', '2024-05-03 16:16:54'),
	(1834, 3, 0, '-500$ CASH | Передача денег на руки от игрока #3 игроку #13', 'money', '2024-05-03 16:16:54'),
	(1835, 13, 1, '-390$ CASH | Покупка напитка в баре', 'money', '2024-05-03 16:22:16'),
	(1836, 13, 1, '-400$ CASH | Покупка напитка в баре', 'money', '2024-05-03 16:22:46'),
	(1837, 3, 0, '-10$ CASH | Покупка в 24/7 chocolate', 'money', '2024-05-03 16:33:19'),
	(1838, 3, 0, '-10$ CASH | Покупка в 24/7 chocolate', 'money', '2024-05-03 16:33:19'),
	(1839, 3, 0, '-10$ CASH | Покупка в 24/7 chocolate', 'money', '2024-05-03 16:33:20'),
	(1840, 3, 0, '-10$ CASH | Покупка в 24/7 chocolate', 'money', '2024-05-03 16:33:20'),
	(1841, 3, 0, '-10$ CASH | Покупка в 24/7 chocolate', 'money', '2024-05-03 16:33:21'),
	(1842, 3, 0, '-10$ CASH | Покупка в 24/7 chocolate', 'money', '2024-05-03 16:33:21'),
	(1843, 13, 1, '-300$ CASH | Покупка в 24/7 duffleBag', 'money', '2024-05-03 16:34:14'),
	(1844, 13, 1, '-70$ CASH | Покупка в 24/7 bag', 'money', '2024-05-03 16:34:19'),
	(1845, 12, 2, 'Авторизовал персонажа (IP: 91.236.80.195)', 'characterInit', '2024-05-03 16:34:32'),
	(1846, 3, 0, '+5000$ CASH | Выполнение квеста Батончик для качка', 'money', '2024-05-03 16:36:37'),
	(1847, 12, 2, '-10$ CASH | Покупка в 24/7 chocolate', 'money', '2024-05-03 16:37:21'),
	(1848, 12, 2, '-10$ CASH | Покупка в 24/7 chocolate', 'money', '2024-05-03 16:37:21'),
	(1849, 12, 2, '-10$ CASH | Покупка в 24/7 chocolate', 'money', '2024-05-03 16:37:22'),
	(1850, 12, 2, '-10$ CASH | Покупка в 24/7 chocolate', 'money', '2024-05-03 16:37:22'),
	(1851, 12, 2, '-10$ CASH | Покупка в 24/7 chocolate', 'money', '2024-05-03 16:37:22'),
	(1852, 12, 2, '-10$ CASH | Покупка в 24/7 chocolate', 'money', '2024-05-03 16:37:23'),
	(1853, 13, 1, '-10$ CASH | Покупка в 24/7 chocolate', 'money', '2024-05-03 16:39:33'),
	(1854, 13, 1, '-10$ CASH | Покупка в 24/7 chocolate', 'money', '2024-05-03 16:39:35'),
	(1855, 13, 1, '-10$ CASH | Покупка в 24/7 chocolate', 'money', '2024-05-03 16:39:36'),
	(1856, 13, 1, '-10$ CASH | Покупка в 24/7 chocolate', 'money', '2024-05-03 16:39:36'),
	(1857, 13, 1, '-10$ CASH | Покупка в 24/7 chocolate', 'money', '2024-05-03 16:39:36'),
	(1858, 13, 1, '-10$ CASH | Покупка в 24/7 chocolate', 'money', '2024-05-03 16:39:37'),
	(1859, 12, 2, '+5000$ CASH | Выполнение квеста Батончик для качка', 'money', '2024-05-03 16:42:23'),
	(1860, 13, 1, '-200000$ BANK | Снятие со счета', 'money', '2024-05-03 16:45:29'),
	(1861, 13, 1, '+200000$ CASH | Снятие со счета', 'money', '2024-05-03 16:45:29'),
	(1862, 13, 1, '-55500$ CASH | Покупка дома #92 у государства', 'money', '2024-05-03 16:46:36'),
	(1863, 13, 1, '-16650$ BANK | Оплата налогов за дом', 'money', '2024-05-03 16:50:38'),
	(1864, 13, 1, '-22200$ BANK | Оплата налогов за дом', 'money', '2024-05-03 16:51:04'),
	(1865, 3, 0, '+19$ CASH | Выполнение квеста Хм..', 'money', '2024-05-03 16:59:29'),
	(1866, 13, 1, '+427$ BANK | Зарплата организации x0.09 Marabunta Grande', 'money', '2024-05-03 17:00:24'),
	(1867, 3, 0, '+144$ BANK | Зарплата организации x0.09 Lifeinvader', 'money', '2024-05-03 17:00:24'),
	(1868, 13, 1, '-1000$ CASH | Респавн авто организации #11', 'money', '2024-05-03 17:02:49'),
	(1869, 13, 1, '-300$ CASH | Покупка в 24/7 healthPack', 'money', '2024-05-03 17:07:08'),
	(1870, 13, 1, '-300$ CASH | Покупка в 24/7 healthPack', 'money', '2024-05-03 17:07:08'),
	(1871, 13, 1, '-300$ CASH | Покупка в 24/7 healthPack', 'money', '2024-05-03 17:07:09'),
	(1872, 13, 1, '-300$ CASH | Покупка в 24/7 healthPack', 'money', '2024-05-03 17:07:09'),
	(1873, 13, 1, '-20$ CASH | Покупка в 24/7 water', 'money', '2024-05-03 17:07:39'),
	(1874, 13, 1, '-20$ CASH | Покупка в 24/7 water', 'money', '2024-05-03 17:07:39'),
	(1875, 13, 1, '-20$ CASH | Покупка в 24/7 water', 'money', '2024-05-03 17:07:39'),
	(1876, 13, 1, '-10$ CASH | Покупка в 24/7 chocolate', 'money', '2024-05-03 17:07:42'),
	(1877, 13, 1, '-10$ CASH | Покупка в 24/7 chocolate', 'money', '2024-05-03 17:07:42'),
	(1878, 13, 1, '-10$ CASH | Покупка в 24/7 chocolate', 'money', '2024-05-03 17:07:43'),
	(1879, 13, 1, '-8300$ CASH | Покупка татуировки #58', 'money', '2024-05-03 17:10:35'),
	(1880, 13, 1, '-8150$ CASH | Покупка татуировки #294', 'money', '2024-05-03 17:10:54'),
	(1881, 13, 1, '-6350$ CASH | Покупка татуировки #162', 'money', '2024-05-03 17:11:02'),
	(1882, 13, 1, '-11985$ CASH | Покупка татуировки #4', 'money', '2024-05-03 17:11:11'),
	(1883, 3, 0, '-2000000$ CASH | Покупка фермы #1 у штата', 'money', '2024-05-03 17:18:37'),
	(1884, 13, 1, '-250$ CASH | Покупка лицензии carLicense', 'money', '2024-05-03 17:22:47'),
	(1885, 13, 1, '-750$ CASH | Покупка лицензии passengerLicense', 'money', '2024-05-03 17:22:49'),
	(1886, 13, 1, '-200$ CASH | Покупка лицензии bikeLicense', 'money', '2024-05-03 17:22:50'),
	(1887, 13, 1, '-1500$ CASH | Покупка лицензии truckLicense', 'money', '2024-05-03 17:22:50'),
	(1888, 13, 1, '-15000$ CASH | Покупка лицензии airLicense', 'money', '2024-05-03 17:22:51'),
	(1889, 13, 1, '-3500$ CASH | Покупка лицензии boatLicense', 'money', '2024-05-03 17:22:52'),
	(1890, 3, 0, '-50000$ CASH | Пополнение баланса фермы #1', 'money', '2024-05-03 17:23:15'),
	(1891, 3, 0, '-49998$ CASH | Пополнение баланса фермы #1', 'money', '2024-05-03 17:23:24'),
	(1892, 12, 2, '-111$ CASH | Покупка фермы #1 у игрока Erick Jaison', 'money', '2024-05-03 17:27:18'),
	(1893, 3, 0, '+111$ CASH | Продажа фермы #1 игроку Bryden Ingrosso', 'money', '2024-05-03 17:27:18'),
	(1894, 12, 2, '-50000$ CASH | Пополнение баланса фермы #1', 'money', '2024-05-03 17:29:39'),
	(1895, 13, 1, '-1$ CASH | Покупка фермы #1 у игрока Bryden Ingrosso', 'money', '2024-05-03 17:31:02'),
	(1896, 12, 2, '+1$ CASH | Продажа фермы #1 игроку Don Kurt', 'money', '2024-05-03 17:31:02'),
	(1897, 13, 1, '+2000000$ BANK | Команда от админа #3', 'money', '2024-05-03 17:31:35'),
	(1898, 12, 2, '+1414$ CASH | Зарплата на ферме #1 x1.01', 'money', '2024-05-03 17:35:04'),
	(1899, 13, 1, '+0$ CASH | Зарплата на ферме #1 x1.01', 'money', '2024-05-03 17:35:44'),
	(1900, 3, 0, 'Деавторизовал персонажа', 'characterInit', '2024-05-03 17:46:44'),
	(1901, 12, 2, 'Деавторизовал персонажа', 'characterInit', '2024-05-03 18:05:47'),
	(1902, 13, 1, '+9999$ CASH | Зарплата на ферме #1 x1.01', 'money', '2024-05-03 18:10:33'),
	(1903, 13, 1, '+101$ CASH | Зарплата на ферме #1 x1.01', 'money', '2024-05-03 18:11:24'),
	(1904, 13, 1, 'Деавторизовал персонажа', 'characterInit', '2024-05-03 18:13:53'),
	(1905, 3, NULL, '+840000$ BANK | Слет бизнеса #68', 'money', '2024-05-03 21:18:18'),
	(1906, 13, 0, 'Авторизовал персонажа (IP: 91.236.80.195)', 'characterInit', '2024-05-04 07:46:54'),
	(1907, 13, 0, '-10$ CASH | Покупка в 24/7 chocolate', 'money', '2024-05-04 07:50:32'),
	(1908, 13, 0, '-10$ CASH | Покупка в 24/7 chocolate', 'money', '2024-05-04 07:50:32'),
	(1909, 13, 0, '-10$ CASH | Покупка в 24/7 chocolate', 'money', '2024-05-04 07:50:32'),
	(1910, 13, 0, '-10$ CASH | Покупка в 24/7 chocolate', 'money', '2024-05-04 07:50:32'),
	(1911, 13, 0, '-10$ CASH | Покупка в 24/7 chocolate', 'money', '2024-05-04 07:50:33'),
	(1912, 13, 0, '-10$ CASH | Покупка в 24/7 chocolate', 'money', '2024-05-04 07:50:33'),
	(1913, 13, 0, '-10$ CASH | Покупка в 24/7 chocolate', 'money', '2024-05-04 07:50:33'),
	(1914, 13, 0, '-10$ CASH | Покупка в 24/7 chocolate', 'money', '2024-05-04 07:50:33'),
	(1915, 13, 0, '-10$ CASH | Покупка в 24/7 chocolate', 'money', '2024-05-04 07:50:33'),
	(1916, 13, 0, '-10$ CASH | Покупка в 24/7 chocolate', 'money', '2024-05-04 07:50:34'),
	(1917, 13, 0, '-10$ CASH | Покупка в 24/7 chocolate', 'money', '2024-05-04 07:50:34'),
	(1918, 13, 0, '-10$ CASH | Покупка в 24/7 chocolate', 'money', '2024-05-04 07:50:34'),
	(1919, 13, 0, '-10$ CASH | Покупка в 24/7 chocolate', 'money', '2024-05-04 07:50:34'),
	(1920, 13, 0, '-20$ CASH | Покупка в 24/7 water', 'money', '2024-05-04 07:50:35'),
	(1921, 13, 0, '-20$ CASH | Покупка в 24/7 water', 'money', '2024-05-04 07:50:35'),
	(1922, 13, 0, '-20$ CASH | Покупка в 24/7 water', 'money', '2024-05-04 07:50:35'),
	(1923, 13, 0, '-20$ CASH | Покупка в 24/7 water', 'money', '2024-05-04 07:50:36'),
	(1924, 13, 0, '-20$ CASH | Покупка в 24/7 water', 'money', '2024-05-04 07:50:36'),
	(1925, 13, 0, '-20$ CASH | Покупка в 24/7 water', 'money', '2024-05-04 07:50:36'),
	(1926, 13, 0, '-20$ CASH | Покупка в 24/7 water', 'money', '2024-05-04 07:50:36'),
	(1927, 13, 0, '-20$ CASH | Покупка в 24/7 water', 'money', '2024-05-04 07:50:36'),
	(1928, 13, 0, '-20$ CASH | Покупка в 24/7 water', 'money', '2024-05-04 07:50:36'),
	(1929, 13, 0, '-20$ CASH | Покупка в 24/7 water', 'money', '2024-05-04 07:50:37'),
	(1930, 13, 0, '-20$ CASH | Покупка в 24/7 water', 'money', '2024-05-04 07:50:37'),
	(1931, 13, 0, '-20$ CASH | Покупка в 24/7 water', 'money', '2024-05-04 07:50:37'),
	(1932, 13, 0, '-20$ CASH | Покупка в 24/7 water', 'money', '2024-05-04 07:50:37'),
	(1933, 13, 0, '-20$ CASH | Покупка в 24/7 water', 'money', '2024-05-04 07:50:37'),
	(1934, 13, 0, '-20$ CASH | Покупка в 24/7 water', 'money', '2024-05-04 07:50:38'),
	(1935, 13, 0, '-1000000$ BANK | Снятие со счета', 'money', '2024-05-04 07:57:58'),
	(1936, 13, 0, '+1000000$ CASH | Снятие со счета', 'money', '2024-05-04 07:57:58'),
	(1937, 13, 0, 'Деавторизовал персонажа', 'characterInit', '2024-05-04 08:09:47'),
	(1938, 13, 0, 'Авторизовал персонажа (IP: 91.236.80.195)', 'characterInit', '2024-05-04 08:15:27'),
	(1939, 13, 0, '-2000$ CASH | Аренда т/с emperor', 'money', '2024-05-04 08:25:52'),
	(1940, 11, 0, 'Авторизовал персонажа (IP: 178.141.253.220)', 'characterInit', '2024-05-04 12:25:56'),
	(1941, 13, 1, 'Авторизовал персонажа (IP: 91.236.80.195)', 'characterInit', '2024-05-04 12:52:16'),
	(1942, 11, 0, '+24072$ BANK | Зарплата работ', 'money', '2024-05-04 13:00:40'),
	(1943, 13, 1, '-2000$ BANK | Снятие со счета', 'money', '2024-05-04 13:04:57'),
	(1944, 13, 1, '+2000$ CASH | Снятие со счета', 'money', '2024-05-04 13:04:57'),
	(1945, 12, 0, 'Авторизовал персонажа (IP: 91.236.80.195)', 'characterInit', '2024-05-04 15:48:25'),
	(1946, 12, 0, 'Деавторизовал персонажа', 'characterInit', '2024-05-04 16:05:41'),
	(1947, 12, 0, 'Авторизовал персонажа (IP: 91.236.80.195)', 'characterInit', '2024-05-05 10:07:24'),
	(1948, 12, 0, 'Авторизовал персонажа (IP: 91.236.80.195)', 'characterInit', '2024-05-05 10:32:40'),
	(1949, 12, 0, 'Деавторизовал персонажа', 'characterInit', '2024-05-05 11:08:34'),
	(1950, 12, 0, 'Авторизовал персонажа (IP: 91.236.80.195)', 'characterInit', '2024-05-05 15:04:19'),
	(1951, 12, 0, 'Деавторизовал персонажа', 'characterInit', '2024-05-05 15:58:29'),
	(1952, 3, 0, 'Авторизовал персонажа (IP: 94.180.179.200)', 'characterInit', '2024-05-06 10:24:04'),
	(1953, 3, 0, '-3000 фишек (Прокрутка колеса)', 'casino', '2024-05-06 10:26:46'),
	(1954, 3, 0, '+50000$ CASH | Выигрыш в колесе удачи', 'money', '2024-05-06 10:26:46'),
	(1955, 3, 0, 'Деавторизовал персонажа', 'characterInit', '2024-05-06 10:35:38'),
	(1956, 3, 0, 'Авторизовал персонажа (IP: 94.180.179.200)', 'characterInit', '2024-05-06 14:32:15'),
	(1957, 3, 0, 'Авторизовал персонажа (IP: 94.180.179.200)', 'characterInit', '2024-05-06 14:43:10'),
	(1958, 3, 0, 'Авторизовал персонажа (IP: 94.180.179.200)', 'characterInit', '2024-05-06 14:57:42'),
	(1959, 3, 0, '-500$ CASH | Доставка т/с к дому', 'money', '2024-05-06 15:01:13'),
	(1960, 3, 0, '-3525$ CASH | Покупка оружия Micro SMG', 'money', '2024-05-06 15:12:37'),
	(1961, 3, 0, '-180$ CASH | Покупка боеприпасов с itemId #37 (12 шт.)', 'money', '2024-05-06 15:12:42'),
	(1962, 3, 0, '-180$ CASH | Покупка боеприпасов с itemId #37 (12 шт.)', 'money', '2024-05-06 15:12:42'),
	(1963, 3, 0, '-180$ CASH | Покупка боеприпасов с itemId #37 (12 шт.)', 'money', '2024-05-06 15:12:42'),
	(1964, 3, 0, '-180$ CASH | Покупка боеприпасов с itemId #37 (12 шт.)', 'money', '2024-05-06 15:12:43'),
	(1965, 3, 0, '-480$ CASH | Покупка боеприпасов с itemId #37 (32 шт.)', 'money', '2024-05-06 15:12:44'),
	(1966, 3, 0, '-480$ CASH | Покупка боеприпасов с itemId #37 (32 шт.)', 'money', '2024-05-06 15:12:44'),
	(1967, 3, 0, '-480$ CASH | Покупка боеприпасов с itemId #37 (32 шт.)', 'money', '2024-05-06 15:12:44'),
	(1968, 3, 0, '-480$ CASH | Покупка боеприпасов с itemId #37 (32 шт.)', 'money', '2024-05-06 15:12:45'),
	(1969, 3, 0, '-480$ CASH | Покупка боеприпасов с itemId #37 (32 шт.)', 'money', '2024-05-06 15:12:45'),
	(1970, 3, 0, '-480$ CASH | Покупка боеприпасов с itemId #37 (32 шт.)', 'money', '2024-05-06 15:12:45'),
	(1971, 3, 0, '-480$ CASH | Покупка боеприпасов с itemId #37 (32 шт.)', 'money', '2024-05-06 15:12:45'),
	(1972, 3, 0, '-480$ CASH | Покупка боеприпасов с itemId #37 (32 шт.)', 'money', '2024-05-06 15:12:45'),
	(1973, 3, 0, 'Авторизовал персонажа (IP: 94.180.179.200)', 'characterInit', '2024-05-06 15:15:53'),
	(1974, 3, 0, '-500$ CASH | Доставка т/с к дому', 'money', '2024-05-06 15:16:07'),
	(1975, 3, 0, '-1000000$ CASH | Покупка в автосалоне т/с gemera', 'money', '2024-05-06 15:16:52'),
	(1976, 3, 0, '-200$ CASH | Ремонт т/с gemera в LSC', 'money', '2024-05-06 15:18:05'),
	(1977, 3, 0, '-160$ CASH | Смена цвета т/с gemera в LSC (#115 | #47)', 'money', '2024-05-06 15:18:40'),
	(1978, 3, 0, '-128000$ CASH | Покупка тюнинга т/с gemera в LSC (type #11 | index #3)', 'money', '2024-05-06 15:18:43'),
	(1979, 3, 0, '-96000$ CASH | Покупка тюнинга т/с gemera в LSC (type #12 | index #2)', 'money', '2024-05-06 15:18:45'),
	(1980, 3, 0, '-48000$ CASH | Покупка тюнинга т/с gemera в LSC (type #13 | index #2)', 'money', '2024-05-06 15:18:47'),
	(1981, 3, 0, '-64000$ CASH | Покупка тюнинга т/с gemera в LSC (type #15 | index #3)', 'money', '2024-05-06 15:18:49'),
	(1982, 3, 0, '-48000$ CASH | Покупка тюнинга т/с gemera в LSC (type #15 | index #2)', 'money', '2024-05-06 15:18:51'),
	(1983, 3, 0, '-8000$ CASH | Покупка тюнинга т/с gemera в LSC (type #55 | index #0)', 'money', '2024-05-06 15:18:54'),
	(1984, 3, 0, '-8000$ CASH | Покупка тюнинга т/с gemera в LSC (type #62 | index #0)', 'money', '2024-05-06 15:19:09'),
	(1985, 3, 0, '-544000$ CASH | Покупка тюнинга т/с gemera в LSC (type #23 | index #67)', 'money', '2024-05-06 15:19:20'),
	(1986, 13, 1, 'Авторизовал персонажа (IP: 91.236.80.195)', 'characterInit', '2024-05-06 15:28:02'),
	(1987, 13, 1, '-1000000$ CASH | Покупка в автосалоне т/с chiron', 'money', '2024-05-06 15:31:11'),
	(1988, 13, 1, '-500$ CASH | Доставка т/с к дому', 'money', '2024-05-06 15:31:23'),
	(1989, 13, 1, 'Деавторизовал персонажа', 'characterInit', '2024-05-06 15:31:39'),
	(1990, 13, 1, 'Авторизовал персонажа (IP: 91.236.80.195)', 'characterInit', '2024-05-06 15:32:42'),
	(1991, 13, 1, '-125$ CASH | Ремонт т/с chiron в LSC', 'money', '2024-05-06 15:34:47'),
	(1992, 13, 1, '-80000$ CASH | Покупка тюнинга т/с chiron в LSC (type #11 | index #3)', 'money', '2024-05-06 15:34:52'),
	(1993, 13, 1, '-600000$ BANK | Снятие со счета', 'money', '2024-05-06 15:35:55'),
	(1994, 13, 1, '+600000$ CASH | Снятие со счета', 'money', '2024-05-06 15:35:56'),
	(1995, 13, 1, '-125$ CASH | Ремонт т/с chiron в LSC', 'money', '2024-05-06 15:36:25'),
	(1996, 13, 1, '-60000$ CASH | Покупка тюнинга т/с chiron в LSC (type #12 | index #2)', 'money', '2024-05-06 15:36:28'),
	(1997, 13, 1, '-30000$ CASH | Покупка тюнинга т/с chiron в LSC (type #13 | index #2)', 'money', '2024-05-06 15:36:31'),
	(1998, 13, 1, '-40000$ CASH | Покупка тюнинга т/с chiron в LSC (type #15 | index #3)', 'money', '2024-05-06 15:36:36'),
	(1999, 13, 1, '-15000$ CASH | Покупка тюнинга т/с chiron в LSC (type #55 | index #2)', 'money', '2024-05-06 15:36:41'),
	(2000, 13, 1, '-5000$ CASH | Покупка тюнинга т/с chiron в LSC (type #22 | index #0)', 'money', '2024-05-06 15:36:45'),
	(2001, 13, 1, '-20000$ CASH | Покупка тюнинга т/с chiron в LSC (type #100 | index #3)', 'money', '2024-05-06 15:36:52'),
	(2002, 13, 1, '-100$ CASH | Смена цвета т/с chiron в LSC (#34 | #17)', 'money', '2024-05-06 15:38:15'),
	(2003, 13, 1, '+0$ CASH | Зарплата на ферме #1 x1.01', 'money', '2024-05-06 15:42:22'),
	(2004, 13, 1, '-180$ CASH | Заправка т/с chiron (9 л.) на АЗС #15', 'money', '2024-05-06 15:43:25'),
	(2005, 13, 1, '-20$ CASH | Покупка в закусочной hamburger', 'money', '2024-05-06 15:49:13'),
	(2006, 13, 1, '-20$ CASH | Покупка в закусочной hamburger', 'money', '2024-05-06 15:49:13'),
	(2007, 13, 1, '-20$ CASH | Покупка в закусочной hamburger', 'money', '2024-05-06 15:49:14'),
	(2008, 13, 1, '-10$ CASH | Покупка в закусочной cola', 'money', '2024-05-06 15:49:16'),
	(2009, 13, 1, '-10$ CASH | Покупка в закусочной cola', 'money', '2024-05-06 15:49:17'),
	(2010, 13, 1, '-10$ CASH | Покупка в закусочной cola', 'money', '2024-05-06 15:49:17'),
	(2011, 13, 1, '-125$ CASH | Аренда грузовика для грузоперевозок', 'money', '2024-05-06 15:52:58'),
	(2012, 13, 1, '-2000$ CASH | Покупка товара на складе грузоперевозок', 'money', '2024-05-06 15:53:20'),
	(2013, 3, 0, '+162$ BANK | Зарплата организации x0.09 U.S. Army', 'money', '2024-05-06 16:00:00'),
	(2014, 3, 0, '-500$ CASH | Передача денег на руки от игрока #3 игроку #13', 'money', '2024-05-06 16:00:41'),
	(2015, 13, 1, '+500$ CASH | ', 'money', '2024-05-06 16:00:41'),
	(2016, 13, 1, '-9000$ CASH | Покупка фишек в казино', 'money', '2024-05-06 16:01:46'),
	(2017, 13, 1, '+3000 фишек (Покупка в казино)', 'casino', '2024-05-06 16:01:46'),
	(2018, 13, 1, '-3000 фишек (Прокрутка колеса)', 'casino', '2024-05-06 16:02:04'),
	(2019, 13, 1, '+9000 фишек (Покупка в казино)', 'casino', '2024-05-06 16:02:31'),
	(2020, 13, 1, '-27000$ CASH | Покупка фишек в казино', 'money', '2024-05-06 16:02:31'),
	(2021, 3, 0, '-1110 фишек (Ставка в игровом автомате)', 'casino', '2024-05-06 16:03:39'),
	(2022, 13, 1, 'Авторизовал персонажа (IP: 91.236.80.195)', 'characterInit', '2024-05-06 16:05:53'),
	(2023, 3, 0, 'Авторизовал персонажа (IP: 94.180.179.200)', 'characterInit', '2024-05-06 16:05:59'),
	(2024, 3, 0, '-10000 фишек (Ставка в игровом автомате)', 'casino', '2024-05-06 16:07:05'),
	(2025, 3, 0, '-10000 фишек (Ставка в игровом автомате)', 'casino', '2024-05-06 16:07:11'),
	(2026, 3, 0, '-10000 фишек (Ставка в игровом автомате)', 'casino', '2024-05-06 16:07:16'),
	(2027, 3, 0, '-10000 фишек (Ставка в игровом автомате)', 'casino', '2024-05-06 16:07:22'),
	(2028, 3, 0, '-10000 фишек (Ставка в игровом автомате)', 'casino', '2024-05-06 16:07:28'),
	(2029, 3, 0, '-10000 фишек (Ставка в игровом автомате)', 'casino', '2024-05-06 16:07:34'),
	(2030, 3, 0, '-10000 фишек (Ставка в игровом автомате)', 'casino', '2024-05-06 16:07:40'),
	(2031, 3, 0, '-10000 фишек (Ставка в игровом автомате)', 'casino', '2024-05-06 16:07:46'),
	(2032, 3, 0, '-10000 фишек (Ставка в игровом автомате)', 'casino', '2024-05-06 16:07:52'),
	(2033, 3, 0, '-10000 фишек (Ставка в игровом автомате)', 'casino', '2024-05-06 16:07:58'),
	(2034, 3, 0, '-10000 фишек (Ставка в игровом автомате)', 'casino', '2024-05-06 16:08:03'),
	(2035, 13, 1, '-1000 фишек (Ставка в игровом автомате)', 'casino', '2024-05-06 16:08:09'),
	(2036, 3, 0, '-10000 фишек (Ставка в игровом автомате)', 'casino', '2024-05-06 16:08:09'),
	(2037, 3, 0, '-10000 фишек (Ставка в игровом автомате)', 'casino', '2024-05-06 16:08:15'),
	(2038, 13, 1, '-1000 фишек (Ставка в игровом автомате)', 'casino', '2024-05-06 16:08:17'),
	(2039, 3, 0, '-10000 фишек (Ставка в игровом автомате)', 'casino', '2024-05-06 16:08:21'),
	(2040, 13, 1, '-1000 фишек (Ставка в игровом автомате)', 'casino', '2024-05-06 16:08:23'),
	(2041, 3, 0, '-10000 фишек (Ставка в игровом автомате)', 'casino', '2024-05-06 16:08:26'),
	(2042, 13, 1, '-1000 фишек (Ставка в игровом автомате)', 'casino', '2024-05-06 16:08:29'),
	(2043, 3, 0, '-10000 фишек (Ставка в игровом автомате)', 'casino', '2024-05-06 16:08:32'),
	(2044, 13, 1, '-1000 фишек (Ставка в игровом автомате)', 'casino', '2024-05-06 16:08:36'),
	(2045, 3, 0, '-10000 фишек (Ставка в игровом автомате)', 'casino', '2024-05-06 16:08:38'),
	(2046, 13, 1, '-1000 фишек (Ставка в игровом автомате)', 'casino', '2024-05-06 16:08:42'),
	(2047, 3, 0, '-10000 фишек (Ставка в игровом автомате)', 'casino', '2024-05-06 16:08:44'),
	(2048, 13, 1, '-1000 фишек (Ставка в игровом автомате)', 'casino', '2024-05-06 16:08:47'),
	(2049, 3, 0, '-10000 фишек (Ставка в игровом автомате)', 'casino', '2024-05-06 16:08:50'),
	(2050, 13, 1, '-1000 фишек (Ставка в игровом автомате)', 'casino', '2024-05-06 16:08:53'),
	(2051, 3, 0, '-10000 фишек (Ставка в игровом автомате)', 'casino', '2024-05-06 16:08:56'),
	(2052, 13, 1, '-1000 фишек (Ставка в игровом автомате)', 'casino', '2024-05-06 16:08:59'),
	(2053, 3, 0, '-10000 фишек (Ставка в игровом автомате)', 'casino', '2024-05-06 16:09:02'),
	(2054, 3, 0, '-10000 фишек (Ставка в игровом автомате)', 'casino', '2024-05-06 16:09:08'),
	(2055, 3, 0, '-10000 фишек (Ставка в игровом автомате)', 'casino', '2024-05-06 16:09:14'),
	(2056, 3, 0, '-10000 фишек (Ставка в игровом автомате)', 'casino', '2024-05-06 16:09:20'),
	(2057, 3, 0, '-10000 фишек (Ставка в игровом автомате)', 'casino', '2024-05-06 16:09:27'),
	(2058, 13, 1, '-60000$ CASH | Покупка фишек в казино', 'money', '2024-05-06 16:09:33'),
	(2059, 13, 1, '+20000 фишек (Покупка в казино)', 'casino', '2024-05-06 16:09:33'),
	(2060, 3, 0, '-10000 фишек (Ставка в игровом автомате)', 'casino', '2024-05-06 16:09:33'),
	(2061, 3, 0, '-10000 фишек (Ставка в игровом автомате)', 'casino', '2024-05-06 16:09:38'),
	(2062, 3, 0, '-10000 фишек (Ставка в игровом автомате)', 'casino', '2024-05-06 16:09:44'),
	(2063, 3, 0, '-10000 фишек (Ставка в игровом автомате)', 'casino', '2024-05-06 16:09:50'),
	(2064, 3, 0, '-10000 фишек (Ставка в игровом автомате)', 'casino', '2024-05-06 16:09:56'),
	(2065, 13, 1, '-10000 фишек (Ставка в игровом автомате)', 'casino', '2024-05-06 16:09:59'),
	(2066, 3, 0, '-1000 фишек (Ставка в игровом автомате)', 'casino', '2024-05-06 16:10:03'),
	(2067, 13, 1, '-10000 фишек (Ставка в игровом автомате)', 'casino', '2024-05-06 16:10:06'),
	(2068, 3, 0, '-1000 фишек (Ставка в игровом автомате)', 'casino', '2024-05-06 16:10:08'),
	(2069, 3, 0, '-1000 фишек (Ставка в игровом автомате)', 'casino', '2024-05-06 16:10:14'),
	(2070, 3, 0, '-1000 фишек (Ставка в игровом автомате)', 'casino', '2024-05-06 16:10:20'),
	(2071, 3, 0, '-1000 фишек (Ставка в игровом автомате)', 'casino', '2024-05-06 16:10:26'),
	(2072, 3, 0, '-1000 фишек (Ставка в игровом автомате)', 'casino', '2024-05-06 16:10:32'),
	(2073, 3, 0, '-1000 фишек (Ставка в игровом автомате)', 'casino', '2024-05-06 16:10:38'),
	(2074, 3, 0, '-1000 фишек (Ставка в игровом автомате)', 'casino', '2024-05-06 16:10:44'),
	(2075, 3, 0, '-1000 фишек (Ставка в игровом автомате)', 'casino', '2024-05-06 16:10:49'),
	(2076, 3, 0, '-6000 фишек (Ставка в игровом автомате)', 'casino', '2024-05-06 16:11:18'),
	(2077, 3, 0, '-6000 фишек (Ставка в игровом автомате)', 'casino', '2024-05-06 16:11:23'),
	(2078, 3, 0, '-6000 фишек (Ставка в игровом автомате)', 'casino', '2024-05-06 16:11:29'),
	(2079, 3, 0, '-6000 фишек (Ставка в игровом автомате)', 'casino', '2024-05-06 16:11:35'),
	(2080, 3, 0, '-6000 фишек (Ставка в игровом автомате)', 'casino', '2024-05-06 16:11:41'),
	(2081, 3, 0, '-6000 фишек (Ставка в игровом автомате)', 'casino', '2024-05-06 16:11:47'),
	(2082, 3, 0, '-6000 фишек (Ставка в игровом автомате)', 'casino', '2024-05-06 16:11:53'),
	(2083, 3, 0, '+48000 фишек (Выигрыш в автомате)', 'casino', '2024-05-06 16:11:59'),
	(2084, 3, 0, '-6000 фишек (Ставка в игровом автомате)', 'casino', '2024-05-06 16:11:59'),
	(2085, 3, 0, '-6000 фишек (Ставка в игровом автомате)', 'casino', '2024-05-06 16:12:11'),
	(2086, 3, 0, '-6000 фишек (Ставка в игровом автомате)', 'casino', '2024-05-06 16:12:18'),
	(2087, 3, 0, '-6000 фишек (Ставка в игровом автомате)', 'casino', '2024-05-06 16:12:24'),
	(2088, 3, 0, '-6000 фишек (Ставка в игровом автомате)', 'casino', '2024-05-06 16:12:30'),
	(2089, 3, 0, '-10000 фишек (Ставка в игровом автомате)', 'casino', '2024-05-06 16:12:36'),
	(2090, 3, 0, '-10000 фишек (Ставка в игровом автомате)', 'casino', '2024-05-06 16:12:42'),
	(2091, 3, 0, '-10000 фишек (Ставка в игровом автомате)', 'casino', '2024-05-06 16:12:47'),
	(2092, 3, 0, '-50$ CASH | Аренда такси', 'money', '2024-05-06 16:20:50'),
	(2093, 3, 0, '-360$ CASH | Отправка объявления', 'money', '2024-05-06 16:23:39'),
	(2094, 13, 1, '+0$ CASH | Зарплата на ферме #1 x1.01', 'money', '2024-05-06 16:25:38'),
	(2095, 3, 0, '-50$ CASH | Аренда автобуса', 'money', '2024-05-06 16:26:06'),
	(2096, 3, 0, '+272$ BANK | Зарплата работ', 'money', '2024-05-06 16:30:01'),
	(2097, 13, 1, '+0$ CASH | Зарплата на ферме #1 x1.01', 'money', '2024-05-06 16:37:38'),
	(2098, 3, 0, 'Выкинул \'Большая аптечка\' (#644)', 'inventory', '2024-05-06 16:39:53'),
	(2099, 3, 0, 'Выкинул \'Пластырь\' (#645)', 'inventory', '2024-05-06 16:39:54'),
	(2100, 3, 0, 'Выкинул \'Адреналин\' (#646)', 'inventory', '2024-05-06 16:39:57'),
	(2101, 13, 1, 'Поднял \'Пластырь\' (#645)', 'inventory', '2024-05-06 16:39:58'),
	(2102, 3, 0, '+304$ CASH | Сдача мусора на свалке x1.01', 'money', '2024-05-06 16:42:10'),
	(2103, 13, 1, '+0$ CASH | Зарплата на ферме #1 x1.01', 'money', '2024-05-06 16:42:16'),
	(2104, 13, 1, '+0$ CASH | Зарплата на ферме #1 x1.01', 'money', '2024-05-06 16:42:37'),
	(2105, 13, 1, '+0$ CASH | Зарплата на ферме #1 x1.01', 'money', '2024-05-06 16:42:59'),
	(2106, 3, 0, '-1000000$ CASH | Покупка в автосалоне т/с bmwg05', 'money', '2024-05-06 16:47:46'),
	(2107, 3, 0, '-200$ CASH | Ремонт т/с bmwg05 в LSC', 'money', '2024-05-06 16:48:51'),
	(2108, 3, 0, '-160$ CASH | Смена цвета т/с bmwg05 в LSC (#5 | #34)', 'money', '2024-05-06 16:49:19'),
	(2109, 3, 0, '-128000$ CASH | Покупка тюнинга т/с bmwg05 в LSC (type #11 | index #3)', 'money', '2024-05-06 16:49:23'),
	(2110, 3, 0, '-96000$ CASH | Покупка тюнинга т/с bmwg05 в LSC (type #12 | index #2)', 'money', '2024-05-06 16:49:24'),
	(2111, 3, 0, '-48000$ CASH | Покупка тюнинга т/с bmwg05 в LSC (type #13 | index #2)', 'money', '2024-05-06 16:49:26'),
	(2112, 3, 0, '-48000$ CASH | Покупка тюнинга т/с bmwg05 в LSC (type #15 | index #2)', 'money', '2024-05-06 16:49:31'),
	(2113, 3, 0, '-16000$ CASH | Покупка тюнинга т/с bmwg05 в LSC (type #55 | index #1)', 'money', '2024-05-06 16:49:35'),
	(2114, 3, 0, '-24000$ CASH | Покупка тюнинга т/с bmwg05 в LSC (type #55 | index #2)', 'money', '2024-05-06 16:49:37'),
	(2115, 3, 0, '-8000$ CASH | Покупка тюнинга т/с bmwg05 в LSC (type #22 | index #0)', 'money', '2024-05-06 16:49:39'),
	(2116, 3, 0, '-40000$ CASH | Покупка тюнинга т/с bmwg05 в LSC (type #62 | index #4)', 'money', '2024-05-06 16:49:44'),
	(2117, 3, 0, '-8000$ CASH | Покупка тюнинга т/с bmwg05 в LSC (type #0 | index #0)', 'money', '2024-05-06 16:49:50'),
	(2118, 13, 1, '-780$ CASH | Заправка т/с g63 amg  (39 л.) на АЗС #18', 'money', '2024-05-06 16:49:58'),
	(2119, 3, 0, '-8000$ CASH | Покупка тюнинга т/с bmwg05 в LSC (type #1 | index #0)', 'money', '2024-05-06 16:49:59'),
	(2120, 3, 0, '-16000$ CASH | Покупка тюнинга т/с bmwg05 в LSC (type #2 | index #1)', 'money', '2024-05-06 16:50:05'),
	(2121, 3, 0, '-8000$ CASH | Покупка тюнинга т/с bmwg05 в LSC (type #3 | index #0)', 'money', '2024-05-06 16:50:08'),
	(2122, 3, 0, '-648000$ CASH | Покупка тюнинга т/с bmwg05 в LSC (type #23 | index #80)', 'money', '2024-05-06 16:51:05'),
	(2123, 3, 0, '-100$ CASH | Покупка одежды watches. Variation #15. Texture #0', 'money', '2024-05-06 16:52:31'),
	(2124, 3, 0, '-40$ CASH | Покупка одежды pants. Variation #70. Texture #0', 'money', '2024-05-06 16:52:49'),
	(2125, 3, 0, 'Выкинул \'Брюки\' (#633)', 'inventory', '2024-05-06 16:53:15'),
	(2126, 3, 0, '-400000$ CASH | Покупка бизнеса #93 у государства', 'money', '2024-05-06 16:57:55'),
	(2127, 3, 0, '-117$ CASH | Покупка одежды shoes. Variation #8. Texture #0', 'money', '2024-05-06 17:00:22'),
	(2128, 13, 1, 'Деавторизовал персонажа', 'characterInit', '2024-05-06 17:02:07'),
	(2129, 3, 0, 'Деавторизовал персонажа', 'characterInit', '2024-05-06 17:17:10'),
	(2130, 3, 0, 'Авторизовал персонажа (IP: 94.180.179.200)', 'characterInit', '2024-05-07 09:01:47'),
	(2131, 3, 0, '+150$ CASH | Сдача мусора на свалке x1.5', 'money', '2024-05-07 09:21:09'),
	(2132, 3, 0, '+153$ BANK | Зарплата организации x0.09 EMS Hospital', 'money', '2024-05-07 09:22:47'),
	(2133, NULL, NULL, '[info] Erick Jaison установил для команды /tempwear уровень доступа 5', 'terminal', '2024-05-07 10:19:08'),
	(2134, 3, 0, 'Авторизовал персонажа (IP: 94.180.179.200)', 'characterInit', '2024-05-07 10:27:47'),
	(2135, 3, 0, '-5000 фишек (Прокрутка колеса)', 'casino', '2024-05-07 10:28:26'),
	(2136, 3, 0, '+30000$ CASH | Выигрыш в колесе удачи', 'money', '2024-05-07 10:28:27'),
	(2137, 3, 0, '-50$ CASH | Покупка фишек в казино', 'money', '2024-05-07 10:29:12'),
	(2138, 3, 0, 'Авторизовал персонажа (IP: 94.180.179.200)', 'characterInit', '2024-05-07 10:30:35'),
	(2139, 3, 0, '-50$ CASH | Покупка фишек в казино', 'money', '2024-05-07 10:31:09'),
	(2140, 3, 0, '+50$ CASH | Возврат фишек со стола блекджэка', 'money', '2024-05-07 10:31:10'),
	(2141, 3, 0, '-50$ CASH | Покупка фишек в казино', 'money', '2024-05-07 10:31:56'),
	(2142, 3, 0, '+50$ CASH | Возврат фишек со стола блекджэка', 'money', '2024-05-07 10:31:58'),
	(2143, 3, 0, 'Авторизовал персонажа (IP: 94.180.179.200)', 'characterInit', '2024-05-07 10:34:00'),
	(2144, 3, 0, '-50$ CASH | Покупка фишек в казино', 'money', '2024-05-07 10:34:47'),
	(2145, 3, 0, '+50$ CASH | Возврат фишек со стола блекджэка', 'money', '2024-05-07 10:34:49'),
	(2146, 3, 0, '-50$ CASH | Покупка фишек в казино', 'money', '2024-05-07 10:35:00'),
	(2147, 3, 0, '+50$ CASH | Возврат фишек со стола блекджэка', 'money', '2024-05-07 10:35:01'),
	(2148, 3, 0, '-50$ CASH | Покупка фишек в казино', 'money', '2024-05-07 10:35:16'),
	(2149, 3, 0, '+50$ CASH | Возврат фишек со стола блекджэка', 'money', '2024-05-07 10:35:17'),
	(2150, 3, 0, '-1000 фишек (Ставка в рулетке)', 'casino', '2024-05-07 10:35:27'),
	(2151, 3, 0, '-1000 фишек (Ставка в рулетке)', 'casino', '2024-05-07 10:35:36'),
	(2152, 3, 0, '-10000 фишек (Ставка в рулетке)', 'casino', '2024-05-07 10:35:46'),
	(2153, 3, 0, '-10000 фишек (Ставка в рулетке)', 'casino', '2024-05-07 10:35:46'),
	(2154, 3, 0, '+0$ CASH | Возврат фишек со стола блекджэка', 'money', '2024-05-07 10:37:05'),
	(2155, 3, 0, '+0$ CASH | Возврат фишек со стола блекджэка', 'money', '2024-05-07 10:37:18'),
	(2156, 3, 0, '+0$ CASH | Возврат фишек со стола блекджэка', 'money', '2024-05-07 10:37:31'),
	(2157, 3, 0, '-100 фишек (Ставка в рулетке)', 'casino', '2024-05-07 10:37:45'),
	(2158, 3, 0, '-100 фишек (Ставка в рулетке)', 'casino', '2024-05-07 10:37:51'),
	(2159, 3, 0, '-100$ CASH | Покупка предмета #76 на лесопилке', 'money', '2024-05-07 10:47:42'),
	(2160, 3, 0, 'Поднял \'Дерево\' (#738)', 'inventory', '2024-05-07 10:52:37'),
	(2161, 3, 0, 'Поднял \'Дерево\' (#739)', 'inventory', '2024-05-07 10:52:39'),
	(2162, 3, 0, 'Поднял \'Дерево\' (#740)', 'inventory', '2024-05-07 10:52:42'),
	(2163, 3, 0, 'Поднял \'Дерево\' (#741)', 'inventory', '2024-05-07 10:52:44'),
	(2164, 3, 0, '+1684$ CASH | Продажа 4 ед. дерева на лесопилке x1.5', 'money', '2024-05-07 10:52:53'),
	(2165, 3, 0, '+603$ CASH | Сдача мусора на свалке x1.5', 'money', '2024-05-07 10:55:49'),
	(2166, 3, 0, '+153$ BANK | Зарплата организации x0.09 EMS Hospital', 'money', '2024-05-07 10:56:26'),
	(2167, NULL, NULL, '[info] Erick Jaison установил для команды /tempwear уровень доступа 5', 'terminal', '2024-05-07 10:58:27'),
	(2168, NULL, NULL, '[info] Erick Jaison установил для команды /blip уровень доступа 7', 'terminal', '2024-05-07 10:58:44'),
	(2169, NULL, NULL, '[info] Erick Jaison установил для команды /sound уровень доступа 6', 'terminal', '2024-05-07 11:00:49'),
	(2170, NULL, NULL, '[info] Erick Jaison установил для команды /effect уровень доступа 6', 'terminal', '2024-05-07 11:01:01'),
	(2171, NULL, NULL, '[info] Erick Jaison установил для команды /binshow уровень доступа 5', 'terminal', '2024-05-07 11:01:32'),
	(2172, NULL, NULL, '[info] Erick Jaison установил для команды /binhide уровень доступа 5', 'terminal', '2024-05-07 11:01:47'),
	(2173, NULL, NULL, '[info] Erick Jaison установил для команды /fsetammo уровень доступа 6', 'terminal', '2024-05-07 11:04:08'),
	(2174, 3, 0, 'Деавторизовал персонажа', 'characterInit', '2024-05-07 11:04:37'),
	(2175, 3, 0, 'Авторизовал персонажа (IP: 94.180.179.200)', 'characterInit', '2024-05-07 11:08:39'),
	(2176, 3, 0, '+153$ BANK | Зарплата организации x0.09 EMS Hospital', 'money', '2024-05-07 12:00:51'),
	(2177, 3, 0, '-270$ CASH | Покупка нарко в притоне', 'money', '2024-05-07 12:08:14'),
	(2178, 7, 0, 'Авторизовал персонажа (IP: 94.180.179.200)', 'characterInit', '2024-05-07 13:04:35'),
	(2179, 7, 0, '-2222$ BANK | Снятие со счета', 'money', '2024-05-07 13:12:11'),
	(2180, 7, 0, '+2222$ CASH | Снятие со счета', 'money', '2024-05-07 13:12:11'),
	(2181, 7, 0, '-44444$ BANK | Снятие со счета', 'money', '2024-05-07 13:12:16'),
	(2182, 7, 0, '+44444$ CASH | Снятие со счета', 'money', '2024-05-07 13:12:16'),
	(2183, 7, 0, '-2000$ CASH | Аренда т/с faggio', 'money', '2024-05-07 13:14:16'),
	(2184, 7, 0, '-2000$ CASH | Аренда т/с baller', 'money', '2024-05-07 13:14:31'),
	(2185, 7, 0, '-2000$ CASH | Аренда т/с bagger', 'money', '2024-05-07 13:15:05'),
	(2186, 7, 0, '-100$ CASH | Покупка одежды ears. Variation #28. Texture #0', 'money', '2024-05-07 13:19:57'),
	(2187, 7, 0, '-100$ CASH | Покупка одежды watches. Variation #53. Texture #0', 'money', '2024-05-07 13:20:14'),
	(2188, 7, 0, '-100$ CASH | Покупка одежды ties. Variation #73. Texture #0', 'money', '2024-05-07 13:20:28'),
	(2189, 7, 0, '-100$ CASH | Покупка одежды tops. Variation #260. Texture #0', 'money', '2024-05-07 13:20:45'),
	(2190, 7, 0, '-40$ CASH | Покупка одежды pants. Variation #109. Texture #0', 'money', '2024-05-07 13:21:04'),
	(2191, 7, 0, 'Выкинул \'Брюки\' (#176)', 'inventory', '2024-05-07 13:22:15'),
	(2192, 7, 0, 'Выкинул \'Верхняя одежда\' (#178)', 'inventory', '2024-05-07 13:22:21'),
	(2193, 7, 0, '-500$ CASH | Вход в кинотеатр', 'money', '2024-05-07 13:23:01'),
	(2194, 7, 0, '-1500$ CASH | Покупка видео в кинотеатре', 'money', '2024-05-07 13:23:29'),
	(2195, 7, 0, '-1500$ CASH | Покупка видео в кинотеатре', 'money', '2024-05-07 13:23:37'),
	(2196, 7, 0, '-500$ CASH | Вход в кинотеатр', 'money', '2024-05-07 13:23:47'),
	(2197, 7, 0, 'Деавторизовал персонажа', 'characterInit', '2024-05-07 13:24:10'),
	(2198, 7, 0, 'Авторизовал персонажа (IP: 94.180.179.200)', 'characterInit', '2024-05-07 13:25:40'),
	(2199, 7, 0, '-2000$ CASH | Аренда т/с bagger', 'money', '2024-05-07 13:26:46'),
	(2200, 7, 0, '-500$ CASH | Вход в кинотеатр', 'money', '2024-05-07 13:27:22'),
	(2201, 7, 0, 'Деавторизовал персонажа', 'characterInit', '2024-05-07 13:27:39'),
	(2202, 3, 0, 'Авторизовал персонажа (IP: 94.180.179.200)', 'characterInit', '2024-05-07 13:29:20'),
	(2203, 3, 0, '-111$ BANK | Пополнение кассы бизнеса', 'money', '2024-05-07 13:47:44'),
	(2204, 3, 0, '+180$ BANK | Зарплата организации x0.09 BCSD', 'money', '2024-05-07 14:00:46'),
	(2205, 3, 0, '-1000$ CASH | Покупка маски (ID #121 | Texture #0)', 'money', '2024-05-07 14:01:07'),
	(2206, 3, 0, '+427$ BANK | Зарплата организации x0.09 The Families', 'money', '2024-05-07 15:00:46'),
	(2207, 3, 0, 'Деавторизовал персонажа', 'characterInit', '2024-05-07 15:48:54'),
	(2208, 3, NULL, '+240000$ BANK | Слет бизнеса #93', 'money', '2024-05-07 16:57:55'),
	(2209, 3, 0, 'Авторизовал персонажа (IP: 94.180.179.200)', 'characterInit', '2024-05-07 19:39:05'),
	(2210, 3, 0, '+427$ BANK | Зарплата организации x0.09 The Families', 'money', '2024-05-07 20:00:26'),
	(2211, 3, 0, 'Деавторизовал персонажа', 'characterInit', '2024-05-07 20:36:40'),
	(2212, 3, 0, 'Авторизовал персонажа (IP: 94.180.179.200)', 'characterInit', '2024-05-07 20:39:35'),
	(2213, 3, 0, 'Деавторизовал персонажа', 'characterInit', '2024-05-07 20:42:18'),
	(2214, 12, NULL, '+840000$ BANK | Слет бизнеса #66', 'money', '2024-05-08 16:06:58'),
	(2215, 3, NULL, '+31800$ BANK | Слет дома #174', 'money', '2024-05-09 21:18:11'),
	(2216, 3, NULL, '+2470000$ BANK | Слет автомобилей в гос после слета дома', 'money', '2024-05-09 21:18:11'),
	(2217, 3, 0, 'Авторизовал персонажа (IP: 94.180.179.200)', 'characterInit', '2024-05-10 12:39:03'),
	(2218, 3, 0, '-3760$ CASH | Взятие т/с speedo2 с парковки', 'money', '2024-05-10 12:41:15'),
	(2219, 3, 0, '-11000000$ CASH | Покупка дома #220 у государства', 'money', '2024-05-10 12:42:15'),
	(2220, 3, 0, '-31900000$ BANK | Оплата налогов за дом', 'money', '2024-05-10 12:43:15'),
	(2221, 3, 0, '-1450000$ CASH | Покупка в автосалоне т/с imorgon', 'money', '2024-05-10 12:47:46'),
	(2222, 3, 0, '-125$ CASH | Ремонт т/с imorgon в LSC', 'money', '2024-05-10 12:49:14'),
	(2223, 3, 0, '-100$ CASH | Смена цвета т/с imorgon в LSC (#130 | #0)', 'money', '2024-05-10 12:49:25'),
	(2224, 3, 0, '-116000$ CASH | Покупка тюнинга т/с imorgon в LSC (type #11 | index #3)', 'money', '2024-05-10 12:49:28'),
	(2225, 3, 0, '-87000$ CASH | Покупка тюнинга т/с imorgon в LSC (type #12 | index #2)', 'money', '2024-05-10 12:49:30'),
	(2226, 3, 0, '-43500$ CASH | Покупка тюнинга т/с imorgon в LSC (type #13 | index #2)', 'money', '2024-05-10 12:49:32'),
	(2227, 3, 0, '-43500$ CASH | Покупка тюнинга т/с imorgon в LSC (type #15 | index #2)', 'money', '2024-05-10 12:49:34'),
	(2228, 3, 0, '-7250$ CASH | Покупка тюнинга т/с imorgon в LSC (type #55 | index #0)', 'money', '2024-05-10 12:49:38'),
	(2229, 3, 0, '-7250$ CASH | Покупка тюнинга т/с imorgon в LSC (type #62 | index #0)', 'money', '2024-05-10 12:49:42'),
	(2230, 3, 0, '-7250$ CASH | Покупка тюнинга т/с imorgon в LSC (type #100 | index #0)', 'money', '2024-05-10 12:49:45'),
	(2231, 3, 0, '-79750$ CASH | Покупка тюнинга т/с imorgon в LSC (type #0 | index #10)', 'money', '2024-05-10 12:50:10'),
	(2232, 3, 0, '-101500$ CASH | Покупка тюнинга т/с imorgon в LSC (type #2 | index #13)', 'money', '2024-05-10 12:50:45'),
	(2233, 3, 0, '-14500$ CASH | Покупка тюнинга т/с imorgon в LSC (type #3 | index #1)', 'money', '2024-05-10 12:50:49'),
	(2234, 3, 0, '-36250$ CASH | Покупка тюнинга т/с imorgon в LSC (type #4 | index #4)', 'money', '2024-05-10 12:50:57'),
	(2235, 3, 0, '-174000$ CASH | Покупка тюнинга т/с imorgon в LSC (type #5 | index #23)', 'money', '2024-05-10 12:51:11'),
	(2236, 3, 0, '-14500$ CASH | Покупка тюнинга т/с imorgon в LSC (type #6 | index #1)', 'money', '2024-05-10 12:51:18'),
	(2237, 3, 0, '-43500$ CASH | Покупка тюнинга т/с imorgon в LSC (type #7 | index #5)', 'money', '2024-05-10 12:51:25'),
	(2238, 3, 0, '-79750$ CASH | Покупка тюнинга т/с imorgon в LSC (type #8 | index #10)', 'money', '2024-05-10 12:51:35'),
	(2239, 3, 0, '-7250$ CASH | Покупка тюнинга т/с imorgon в LSC (type #9 | index #0)', 'money', '2024-05-10 12:51:40'),
	(2240, 3, 0, '-7250$ CASH | Покупка тюнинга т/с imorgon в LSC (type #10 | index #0)', 'money', '2024-05-10 12:51:43'),
	(2241, 3, 0, '-616250$ CASH | Покупка тюнинга т/с imorgon в LSC (type #23 | index #84)', 'money', '2024-05-10 12:51:55'),
	(2242, 3, 0, '-72500$ CASH | Покупка тюнинга т/с imorgon в LSC (type #48 | index #9)', 'money', '2024-05-10 12:52:03'),
	(2243, 3, 0, '-555555$ BANK | Снятие со счета', 'money', '2024-05-10 12:54:07'),
	(2244, 3, 0, '+555555$ CASH | Снятие со счета', 'money', '2024-05-10 12:54:07'),
	(2245, 3, 0, '-1111111$ BANK | Снятие со счета', 'money', '2024-05-10 12:54:14'),
	(2246, 3, 0, '+1111111$ CASH | Снятие со счета', 'money', '2024-05-10 12:54:14'),
	(2247, 3, 0, '-1111111$ BANK | Снятие со счета', 'money', '2024-05-10 12:54:19'),
	(2248, 3, 0, '+1111111$ CASH | Снятие со счета', 'money', '2024-05-10 12:54:19'),
	(2249, 3, 0, '-11111111$ BANK | Снятие со счета', 'money', '2024-05-10 12:54:28'),
	(2250, 3, 0, '+11111111$ CASH | Снятие со счета', 'money', '2024-05-10 12:54:28'),
	(2251, 3, 0, '-1200000$ CASH | Покупка на авторынке т/с g63 amg  (ID 358 | PLATE IAV659)', 'money', '2024-05-10 12:55:41'),
	(2252, 3, 0, '+975000$ CASH | Продажа на авторынке т/с g63 amg  (ID 358 | PLATE IAV659)', 'money', '2024-05-10 12:56:17'),
	(2253, 3, 0, '-1200000$ CASH | Покупка на авторынке т/с g63 amg  (ID 358 | PLATE IAV659)', 'money', '2024-05-10 12:56:29'),
	(2254, 3, 0, '-125$ CASH | Ремонт т/с g63 amg  в LSC', 'money', '2024-05-10 12:57:36'),
	(2255, 3, 0, '-100$ CASH | Смена цвета т/с g63 amg  в LSC (#34 | #9)', 'money', '2024-05-10 12:57:55'),
	(2256, 3, 0, '-0$ CASH | Покупка тюнинга т/с g63 amg  в LSC (type #15 | index #-1)', 'money', '2024-05-10 12:58:06'),
	(2257, 3, 0, '-22500$ CASH | Покупка тюнинга т/с g63 amg  в LSC (type #55 | index #2)', 'money', '2024-05-10 12:58:13'),
	(2258, 3, 0, '-7500$ CASH | Покупка тюнинга т/с g63 amg  в LSC (type #62 | index #0)', 'money', '2024-05-10 12:58:17'),
	(2259, 3, 0, '-37500$ CASH | Покупка тюнинга т/с g63 amg  в LSC (type #1 | index #4)', 'money', '2024-05-10 12:58:59'),
	(2260, 3, 0, '-30000$ CASH | Покупка тюнинга т/с g63 amg  в LSC (type #1 | index #3)', 'money', '2024-05-10 12:59:00'),
	(2261, 3, 0, '-765000$ CASH | Покупка тюнинга т/с g63 amg  в LSC (type #23 | index #101)', 'money', '2024-05-10 12:59:50'),
	(2262, 3, 0, '+427$ BANK | Зарплата организации x0.09 The Families', 'money', '2024-05-10 13:00:46'),
	(2263, 3, 0, '-150$ CASH | Аренда автобуса', 'money', '2024-05-10 13:12:17'),
	(2264, 3, 0, '-1500$ CASH | Покупка бронежилета', 'money', '2024-05-10 13:14:20'),
	(2265, 3, 0, '-180$ CASH | Покупка боеприпасов с itemId #37 (12 шт.)', 'money', '2024-05-10 13:14:24'),
	(2266, 3, 0, '-180$ CASH | Покупка боеприпасов с itemId #37 (12 шт.)', 'money', '2024-05-10 13:14:24'),
	(2267, 3, 0, '-180$ CASH | Покупка боеприпасов с itemId #37 (12 шт.)', 'money', '2024-05-10 13:14:25'),
	(2268, 3, 0, '-180$ CASH | Покупка боеприпасов с itemId #37 (12 шт.)', 'money', '2024-05-10 13:14:25'),
	(2269, 3, 0, 'Выкинул \'Бронежилет\' (#745)', 'inventory', '2024-05-10 13:14:58'),
	(2270, 3, 0, 'Поднял \'Бронежилет\' (#745)', 'inventory', '2024-05-10 13:15:12'),
	(2271, 3, 0, 'Выкинул \'Бронежилет\' (#745)', 'inventory', '2024-05-10 13:15:15'),
	(2272, 3, 0, '-140$ CASH | Смена бороды на #10', 'money', '2024-05-10 13:19:31'),
	(2273, 3, 0, 'Авторизовал персонажа (IP: 94.180.179.200)', 'characterInit', '2024-05-10 14:00:16'),
	(2274, 3, 0, '+90$ BANK | Зарплата работ', 'money', '2024-05-10 14:00:37'),
	(2275, 3, 0, 'Авторизовал персонажа (IP: 94.180.179.200)', 'characterInit', '2024-05-10 14:26:16'),
	(2276, 3, 0, 'Авторизовал персонажа (IP: 94.180.179.200)', 'characterInit', '2024-05-10 14:41:06'),
	(2277, 3, 0, 'Авторизовал персонажа (IP: 94.180.179.200)', 'characterInit', '2024-05-10 15:01:16'),
	(2278, 3, 0, '-1000000$ CASH | Покупка в автосалоне т/с ae86', 'money', '2024-05-10 15:01:33'),
	(2279, 3, 0, '-125$ CASH | Ремонт т/с ae86 в LSC', 'money', '2024-05-10 15:02:51'),
	(2280, 3, 0, '-80000$ CASH | Покупка тюнинга т/с ae86 в LSC (type #11 | index #3)', 'money', '2024-05-10 15:02:57'),
	(2281, 3, 0, '-60000$ CASH | Покупка тюнинга т/с ae86 в LSC (type #12 | index #2)', 'money', '2024-05-10 15:02:58'),
	(2282, 3, 0, '-30000$ CASH | Покупка тюнинга т/с ae86 в LSC (type #13 | index #2)', 'money', '2024-05-10 15:03:00'),
	(2283, 3, 0, '-40000$ CASH | Покупка тюнинга т/с ae86 в LSC (type #15 | index #3)', 'money', '2024-05-10 15:03:02'),
	(2284, 3, 0, '-30000$ CASH | Покупка тюнинга т/с ae86 в LSC (type #16 | index #0)', 'money', '2024-05-10 15:03:06'),
	(2285, 3, 0, '-15000$ CASH | Покупка тюнинга т/с ae86 в LSC (type #55 | index #2)', 'money', '2024-05-10 15:03:09'),
	(2286, 3, 0, '-5000$ CASH | Покупка тюнинга т/с ae86 в LSC (type #22 | index #0)', 'money', '2024-05-10 15:03:10'),
	(2287, 3, 0, '-10000$ CASH | Покупка тюнинга т/с ae86 в LSC (type #62 | index #1)', 'money', '2024-05-10 15:03:12'),
	(2288, 3, 0, '-50000$ CASH | Покупка тюнинга т/с ae86 в LSC (type #100 | index #9)', 'money', '2024-05-10 15:03:19'),
	(2289, 3, 0, '-10000$ CASH | Покупка тюнинга т/с ae86 в LSC (type #0 | index #1)', 'money', '2024-05-10 15:03:27'),
	(2290, 3, 0, '-20000$ CASH | Покупка тюнинга т/с ae86 в LSC (type #1 | index #3)', 'money', '2024-05-10 15:03:34'),
	(2291, 3, 0, '-10000$ CASH | Покупка тюнинга т/с ae86 в LSC (type #2 | index #1)', 'money', '2024-05-10 15:03:44'),
	(2292, 3, 0, '-20000$ CASH | Покупка тюнинга т/с ae86 в LSC (type #3 | index #3)', 'money', '2024-05-10 15:03:51'),
	(2293, 3, 0, '-15000$ CASH | Покупка тюнинга т/с ae86 в LSC (type #4 | index #2)', 'money', '2024-05-10 15:03:57'),
	(2294, 3, 0, '-25000$ CASH | Покупка тюнинга т/с ae86 в LSC (type #6 | index #4)', 'money', '2024-05-10 15:04:30'),
	(2295, 3, 0, '-10000$ CASH | Покупка тюнинга т/с ae86 в LSC (type #10 | index #1)', 'money', '2024-05-10 15:04:38'),
	(2296, 3, 0, '-635000$ CASH | Покупка тюнинга т/с ae86 в LSC (type #23 | index #126)', 'money', '2024-05-10 15:05:24'),
	(2297, 3, 0, 'Авторизовал персонажа (IP: 94.180.179.200)', 'characterInit', '2024-05-10 15:12:55'),
	(2298, 3, 0, 'Авторизовал персонажа (IP: 94.180.179.200)', 'characterInit', '2024-05-10 15:51:44'),
	(2299, 3, 0, 'Авторизовал персонажа (IP: 94.180.179.200)', 'characterInit', '2024-05-10 16:03:45'),
	(2300, 3, 0, '-100000$ CASH | Покупка в автосалоне т/с bmwe28', 'money', '2024-05-10 16:04:09'),
	(2301, 3, 0, '-125$ CASH | Ремонт т/с bmwe28 в LSC', 'money', '2024-05-10 16:08:44'),
	(2302, 3, 0, '-6000$ CASH | Покупка тюнинга т/с bmwe28 в LSC (type #11 | index #2)', 'money', '2024-05-10 16:08:47'),
	(2303, 3, 0, '-8000$ CASH | Покупка тюнинга т/с bmwe28 в LSC (type #11 | index #3)', 'money', '2024-05-10 16:08:48'),
	(2304, 3, 0, '-6000$ CASH | Покупка тюнинга т/с bmwe28 в LSC (type #12 | index #2)', 'money', '2024-05-10 16:08:49'),
	(2305, 3, 0, '-3000$ CASH | Покупка тюнинга т/с bmwe28 в LSC (type #13 | index #2)', 'money', '2024-05-10 16:08:50'),
	(2306, 3, 0, '-3000$ CASH | Покупка тюнинга т/с bmwe28 в LSC (type #15 | index #2)', 'money', '2024-05-10 16:08:53'),
	(2307, 3, 0, '-6000$ CASH | Покупка тюнинга т/с bmwe28 в LSC (type #16 | index #1)', 'money', '2024-05-10 16:08:55'),
	(2308, 3, 0, '-1000$ CASH | Покупка тюнинга т/с bmwe28 в LSC (type #55 | index #1)', 'money', '2024-05-10 16:08:57'),
	(2309, 3, 0, '-500$ CASH | Покупка тюнинга т/с bmwe28 в LSC (type #22 | index #0)', 'money', '2024-05-10 16:08:58'),
	(2310, 3, 0, '-500$ CASH | Покупка тюнинга т/с bmwe28 в LSC (type #62 | index #0)', 'money', '2024-05-10 16:09:00'),
	(2311, 3, 0, '-500$ CASH | Покупка тюнинга т/с bmwe28 в LSC (type #1 | index #0)', 'money', '2024-05-10 16:09:08'),
	(2312, 3, 0, '-500$ CASH | Покупка тюнинга т/с bmwe28 в LSC (type #2 | index #0)', 'money', '2024-05-10 16:09:09'),
	(2313, 3, 0, '-500$ CASH | Покупка тюнинга т/с bmwe28 в LSC (type #3 | index #0)', 'money', '2024-05-10 16:09:11'),
	(2314, 3, 0, '-1000$ CASH | Покупка тюнинга т/с bmwe28 в LSC (type #4 | index #1)', 'money', '2024-05-10 16:09:21'),
	(2315, 3, 0, '-40000$ CASH | Покупка тюнинга т/с bmwe28 в LSC (type #23 | index #79)', 'money', '2024-05-10 16:09:48'),
	(2316, 3, 0, 'Авторизовал персонажа (IP: 94.180.179.200)', 'characterInit', '2024-05-10 16:18:29'),
	(2317, 3, 0, 'Авторизовал персонажа (IP: 94.180.179.200)', 'characterInit', '2024-05-10 16:49:01'),
	(2318, 3, 0, '-1550000$ CASH | Покупка в автосалоне т/с shotaro', 'money', '2024-05-10 16:52:07'),
	(2319, 3, 0, '-500$ CASH | Вход в кинотеатр', 'money', '2024-05-10 16:59:26'),
	(2320, 3, 0, '-1500$ CASH | Покупка видео в кинотеатре', 'money', '2024-05-10 16:59:57'),
	(2321, 3, 0, '-1500$ CASH | Покупка видео в кинотеатре', 'money', '2024-05-10 17:00:53'),
	(2322, 3, 0, '-1500$ CASH | Покупка видео в кинотеатре', 'money', '2024-05-10 17:01:25'),
	(2323, 3, 0, 'Деавторизовал персонажа', 'characterInit', '2024-05-10 17:03:13'),
	(2324, 3, 0, 'Авторизовал персонажа (IP: 94.180.179.200)', 'characterInit', '2024-05-10 17:04:27'),
	(2325, 3, 0, 'Деавторизовал персонажа', 'characterInit', '2024-05-10 17:16:44'),
	(2326, 3, 0, 'Авторизовал персонажа (IP: 94.180.179.200)', 'characterInit', '2024-05-10 17:21:48'),
	(2327, 3, 0, '-500$ CASH | Вход в кинотеатр', 'money', '2024-05-10 17:23:06'),
	(2328, 3, 0, '-500$ CASH | Вход в кинотеатр', 'money', '2024-05-10 17:23:17'),
	(2329, 3, 0, '-500$ CASH | Вход в кинотеатр', 'money', '2024-05-10 17:23:26'),
	(2330, 3, 0, '-1500$ CASH | Покупка видео в кинотеатре', 'money', '2024-05-10 17:23:38'),
	(2331, 3, 0, '-1500$ CASH | Покупка видео в кинотеатре', 'money', '2024-05-10 17:24:01'),
	(2332, 3, 0, '-1500$ CASH | Покупка видео в кинотеатре', 'money', '2024-05-10 17:24:22'),
	(2333, 3, 0, '-1000$ CASH | Респавн авто организации #6', 'money', '2024-05-10 17:41:20'),
	(2334, 3, 0, '-500$ CASH | Доставка т/с к дому', 'money', '2024-05-10 17:42:16'),
	(2335, 3, 0, '-500$ CASH | Доставка т/с к дому', 'money', '2024-05-10 17:42:22'),
	(2336, 3, 0, 'Положил \'Micro SMG\' (#710) | Среда: Vehicle #358', 'inventory', '2024-05-10 17:43:47'),
	(2337, 3, 0, 'Положил \'Маска\' (#752) | Среда: Vehicle #358', 'inventory', '2024-05-10 17:43:54'),
	(2338, 3, 0, 'Положил \'Обувь\' (#736) | Среда: Vehicle #358', 'inventory', '2024-05-10 17:43:57'),
	(2339, 3, 0, 'Забрал \'Обувь\' (#10003) | Среда: Vehicle #358', 'inventory', '2024-05-10 17:43:58'),
	(2340, 3, 0, 'Забрал \'Micro SMG\' (#10001) | Среда: Vehicle #358', 'inventory', '2024-05-10 17:44:01'),
	(2341, 3, 0, 'Забрал \'Маска\' (#10002) | Среда: Vehicle #358', 'inventory', '2024-05-10 17:44:03'),
	(2342, 3, 0, '+162$ BANK | Зарплата организации x0.09 U.S. Army', 'money', '2024-05-10 18:00:36'),
	(2343, 14, 1, 'Авторизовал персонажа (IP: 31.131.78.213)', 'characterInit', '2024-05-10 18:30:10'),
	(2344, 14, 1, '-250$ CASH | Покупка лицензии carLicense', 'money', '2024-05-10 18:34:48'),
	(2345, 14, 1, '-750$ CASH | Покупка лицензии passengerLicense', 'money', '2024-05-10 18:34:52'),
	(2346, 14, 1, '-150$ CASH | Аренда автобуса', 'money', '2024-05-10 18:42:22'),
	(2347, 14, 1, '-150$ CASH | Аренда автобуса', 'money', '2024-05-10 19:00:35'),
	(2348, 14, 1, '+1125$ BANK | Зарплата работ', 'money', '2024-05-10 19:00:36'),
	(2349, 14, 1, 'Деавторизовал персонажа', 'characterInit', '2024-05-10 19:02:49'),
	(2350, 3, 0, '-1000000$ CASH | Покупка в автосалоне т/с x6m18', 'money', '2024-05-10 19:43:07'),
	(2351, 3, 0, '-125$ CASH | Ремонт т/с x6m18 в LSC', 'money', '2024-05-10 19:44:28'),
	(2352, 3, 0, '-100$ CASH | Смена цвета т/с x6m18 в LSC (#6 | #144)', 'money', '2024-05-10 19:45:07'),
	(2353, 3, 0, '-80000$ CASH | Покупка тюнинга т/с x6m18 в LSC (type #11 | index #3)', 'money', '2024-05-10 19:45:10'),
	(2354, 3, 0, '-60000$ CASH | Покупка тюнинга т/с x6m18 в LSC (type #12 | index #2)', 'money', '2024-05-10 19:45:11'),
	(2355, 3, 0, '-30000$ CASH | Покупка тюнинга т/с x6m18 в LSC (type #13 | index #2)', 'money', '2024-05-10 19:45:13'),
	(2356, 3, 0, '-30000$ CASH | Покупка тюнинга т/с x6m18 в LSC (type #15 | index #2)', 'money', '2024-05-10 19:45:18'),
	(2357, 3, 0, '-5000$ CASH | Покупка тюнинга т/с x6m18 в LSC (type #55 | index #0)', 'money', '2024-05-10 19:45:23'),
	(2358, 3, 0, '-5000$ CASH | Покупка тюнинга т/с x6m18 в LSC (type #22 | index #0)', 'money', '2024-05-10 19:45:25'),
	(2359, 3, 0, '-5000$ CASH | Покупка тюнинга т/с x6m18 в LSC (type #62 | index #0)', 'money', '2024-05-10 19:45:26'),
	(2360, 3, 0, '-5000$ CASH | Покупка тюнинга т/с x6m18 в LSC (type #1 | index #0)', 'money', '2024-05-10 19:45:37'),
	(2361, 3, 0, '-5000$ CASH | Покупка тюнинга т/с x6m18 в LSC (type #3 | index #0)', 'money', '2024-05-10 19:45:39'),
	(2362, 3, 0, '-5000$ CASH | Покупка тюнинга т/с x6m18 в LSC (type #7 | index #0)', 'money', '2024-05-10 19:45:46'),
	(2363, 3, 0, '-340000$ CASH | Покупка тюнинга т/с x6m18 в LSC (type #23 | index #67)', 'money', '2024-05-10 19:46:02'),
	(2364, 3, 0, '+162$ BANK | Зарплата организации x0.09 U.S. Army', 'money', '2024-05-10 20:00:36'),
	(2365, 3, 0, 'Авторизовал персонажа (IP: 94.180.179.200)', 'characterInit', '2024-05-10 20:12:52'),
	(2366, 3, 0, 'Деавторизовал персонажа', 'characterInit', '2024-05-10 20:17:56'),
	(2367, 3, 0, 'Авторизовал персонажа (IP: 94.180.179.200)', 'characterInit', '2024-05-10 20:26:09'),
	(2368, 3, 0, '-7500$ CASH | Покупка тюнинга т/с g63 amg  в LSC (type #1 | index #0)', 'money', '2024-05-10 20:28:14'),
	(2369, 3, 0, '-7500$ CASH | Покупка тюнинга т/с g63 amg  в LSC (type #7 | index #0)', 'money', '2024-05-10 20:28:36'),
	(2370, 3, 0, '-125$ CASH | Ремонт т/с g63 amg  в LSC', 'money', '2024-05-10 20:29:08'),
	(2371, 3, 0, '-100$ CASH | Смена цвета т/с g63 amg  в LSC (#0 | #107)', 'money', '2024-05-10 20:29:44'),
	(2372, 3, 0, 'Деавторизовал персонажа', 'characterInit', '2024-05-10 20:32:20'),
	(2373, 14, 0, 'Авторизовал персонажа (IP: 31.131.78.213)', 'characterInit', '2024-05-11 06:30:02'),
	(2374, 14, 0, '-150$ CASH | Покупка телефона', 'money', '2024-05-11 06:39:55'),
	(2375, 14, 0, '-1125$ BANK | Снятие со счета', 'money', '2024-05-11 06:40:37'),
	(2376, 14, 0, '+1125$ CASH | Снятие со счета', 'money', '2024-05-11 06:40:37'),
	(2377, 14, 0, '-200$ CASH | Аренда трактора для уборки', 'money', '2024-05-11 06:46:13'),
	(2378, 14, 0, '+25800$ BANK | Зарплата работ', 'money', '2024-05-11 07:00:15'),
	(2379, 14, 0, '+15750$ BANK | Зарплата работ', 'money', '2024-05-11 07:08:47'),
	(2380, 14, 0, '-200$ CASH | Аренда трактора для уборки', 'money', '2024-05-11 07:09:09'),
	(2381, 14, 0, '+41250$ BANK | Зарплата работ', 'money', '2024-05-11 07:17:15'),
	(2382, 14, 0, '+41250$ BANK | Зарплата работ', 'money', '2024-05-11 07:25:56'),
	(2383, 14, 0, '+41250$ BANK | Зарплата работ', 'money', '2024-05-11 07:33:09'),
	(2384, 14, 0, '-780$ CASH | Заправка т/с tractor3 (39 л.) на АЗС #1', 'money', '2024-05-11 07:35:00'),
	(2385, 14, 0, '-20000$ BANK | Снятие со счета', 'money', '2024-05-11 07:35:21'),
	(2386, 14, 0, '+20000$ CASH | Снятие со счета', 'money', '2024-05-11 07:35:21'),
	(2387, 14, 0, '-20$ CASH | Покупка в 24/7 water', 'money', '2024-05-11 07:35:30'),
	(2388, 14, 0, '-10$ CASH | Покупка в 24/7 chocolate', 'money', '2024-05-11 07:35:31'),
	(2389, 14, 0, '-300$ CASH | Покупка в 24/7 duffleBag', 'money', '2024-05-11 07:35:39'),
	(2390, 14, 0, '-100$ CASH | Покупка в 24/7 canister', 'money', '2024-05-11 07:35:50'),
	(2391, 14, 0, '-1500$ CASH | Покупка лицензии truckLicense', 'money', '2024-05-11 07:38:31'),
	(2392, 14, 0, '-200$ CASH | Покупка лицензии bikeLicense', 'money', '2024-05-11 07:38:36'),
	(2393, 14, 0, '-125$ CASH | Аренда грузовика для грузоперевозок', 'money', '2024-05-11 07:49:51'),
	(2394, 14, 0, '-5000$ CASH | Покупка товара на складе грузоперевозок', 'money', '2024-05-11 07:50:48'),
	(2395, 14, 0, '-5000$ CASH | Покупка товара на складе грузоперевозок', 'money', '2024-05-11 07:50:53'),
	(2396, 14, 0, '-100$ CASH | Покупка предмета #76 на лесопилке', 'money', '2024-05-11 08:05:22'),
	(2397, 14, 0, '-100$ CASH | Покупка одежды #7 на лесопилке', 'money', '2024-05-11 08:05:25'),
	(2398, 14, 0, '-100$ CASH | Покупка одежды #8 на лесопилке', 'money', '2024-05-11 08:05:27'),
	(2399, 14, 0, '-100$ CASH | Покупка одежды #9 на лесопилке', 'money', '2024-05-11 08:05:27'),
	(2400, 14, 0, 'Поднял \'Дерево\' (#776)', 'inventory', '2024-05-11 08:08:22'),
	(2401, 14, 0, 'Поднял \'Дерево\' (#775)', 'inventory', '2024-05-11 08:08:25'),
	(2402, 14, 0, 'Поднял \'Дерево\' (#778)', 'inventory', '2024-05-11 08:08:29'),
	(2403, 14, 0, 'Поднял \'Дерево\' (#777)', 'inventory', '2024-05-11 08:08:31'),
	(2404, 14, 0, '+1650$ CASH | Продажа 4 ед. дерева на лесопилке x1.5', 'money', '2024-05-11 08:09:02'),
	(2405, 14, 0, '-200$ CASH | Аренда трактора для уборки', 'money', '2024-05-11 08:22:18'),
	(2406, 14, 0, '+41250$ BANK | Зарплата работ', 'money', '2024-05-11 08:29:42'),
	(2407, 14, 0, '+41250$ BANK | Зарплата работ', 'money', '2024-05-11 08:38:13'),
	(2408, 14, 0, 'Деавторизовал персонажа', 'characterInit', '2024-05-11 08:38:58'),
	(2409, 3, 0, 'Авторизовал персонажа (IP: 94.180.179.200)', 'characterInit', '2024-05-11 09:30:25'),
	(2410, 3, 0, 'Деавторизовал персонажа', 'characterInit', '2024-05-11 09:32:37'),
	(2411, 3, 0, 'Авторизовал персонажа (IP: 94.180.179.200)', 'characterInit', '2024-05-11 09:35:53'),
	(2412, 3, 0, '-7000$ CASH | Аренда т/с baller', 'money', '2024-05-11 09:38:17'),
	(2413, 3, 0, '-110000$ BANK | Покупка улучшения "holder" для дома #220', 'money', '2024-05-11 09:43:38'),
	(2414, 14, 0, 'Авторизовал персонажа (IP: 31.131.78.213)', 'characterInit', '2024-05-11 09:50:46'),
	(2415, 14, 0, 'Деавторизовал персонажа', 'characterInit', '2024-05-11 09:51:27'),
	(2416, 15, 1, 'Авторизовал персонажа (IP: 37.99.45.85)', 'characterInit', '2024-05-11 09:52:00'),
	(2417, 15, 1, 'Деавторизовал персонажа', 'characterInit', '2024-05-11 09:55:27'),
	(2418, 14, 0, 'Авторизовал персонажа (IP: 31.131.78.213)', 'characterInit', '2024-05-11 10:12:48'),
	(2419, 14, 0, '-200$ CASH | Аренда трактора для уборки', 'money', '2024-05-11 10:12:56'),
	(2420, 14, 0, '+41250$ BANK | Зарплата работ', 'money', '2024-05-11 10:20:13'),
	(2421, 14, 0, '+41250$ BANK | Зарплата работ', 'money', '2024-05-11 10:28:57'),
	(2422, 14, 0, '-100000$ BANK | Снятие со счета', 'money', '2024-05-11 10:36:41'),
	(2423, 14, 0, '+100000$ CASH | Снятие со счета', 'money', '2024-05-11 10:36:41'),
	(2424, 14, 0, '-56500$ CASH | Покупка дома #82 у государства', 'money', '2024-05-11 10:38:23'),
	(2425, 14, 0, '-200000$ BANK | Снятие со счета', 'money', '2024-05-11 10:40:20'),
	(2426, 14, 0, '+200000$ CASH | Снятие со счета', 'money', '2024-05-11 10:40:20'),
	(2427, 14, 0, '-5650$ BANK | Оплата налогов за дом', 'money', '2024-05-11 10:40:45'),
	(2428, 14, 0, '-250000$ CASH | Пополнение счета', 'money', '2024-05-11 10:41:04'),
	(2429, 14, 0, '+250000$ BANK | Пополнение счета', 'money', '2024-05-11 10:41:04'),
	(2430, 14, 0, '-33900$ BANK | Оплата налогов за дом', 'money', '2024-05-11 10:41:12'),
	(2431, 14, 0, '-124300$ BANK | Оплата налогов за дом', 'money', '2024-05-11 10:41:25'),
	(2432, 14, 0, '-20$ CASH | Покупка в 24/7 water', 'money', '2024-05-11 10:41:53'),
	(2433, 14, 0, '-20$ CASH | Покупка в 24/7 water', 'money', '2024-05-11 10:41:53'),
	(2434, 14, 0, '-10$ CASH | Покупка в 24/7 chocolate', 'money', '2024-05-11 10:41:57'),
	(2435, 14, 0, '-10$ CASH | Покупка в 24/7 chocolate', 'money', '2024-05-11 10:41:57'),
	(2436, 14, 0, '-10$ CASH | Покупка в 24/7 chocolate', 'money', '2024-05-11 10:41:57'),
	(2437, 14, 0, '-10$ CASH | Покупка в 24/7 chocolate', 'money', '2024-05-11 10:41:57'),
	(2438, 14, 0, '-10$ CASH | Покупка в 24/7 chocolate', 'money', '2024-05-11 10:41:57'),
	(2439, 14, 0, '-960$ CASH | Заправка т/с tractor3 (48 л.) на АЗС #1', 'money', '2024-05-11 10:43:12'),
	(2440, 14, 0, '-200$ CASH | Аренда трактора для уборки', 'money', '2024-05-11 10:44:59'),
	(2441, 14, 0, '+41250$ BANK | Зарплата работ', 'money', '2024-05-11 10:52:21'),
	(2442, 14, 0, '+41250$ BANK | Зарплата работ', 'money', '2024-05-11 10:59:39'),
	(2443, 14, 0, '+1500$ BANK | Зарплата работ', 'money', '2024-05-11 11:00:03'),
	(2444, 14, 0, '+39750$ BANK | Зарплата работ', 'money', '2024-05-11 11:06:57'),
	(2445, 14, 0, '-200000$ BANK | Снятие со счета', 'money', '2024-05-11 11:08:28'),
	(2446, 14, 0, '+200000$ CASH | Снятие со счета', 'money', '2024-05-11 11:08:28'),
	(2447, 14, 0, '-100000$ CASH | Покупка в автосалоне т/с bmwe39', 'money', '2024-05-11 11:11:43'),
	(2448, 14, 0, '-125$ CASH | Ремонт т/с bmwe39 в LSC', 'money', '2024-05-11 11:15:27'),
	(2449, 14, 0, '-8000$ CASH | Покупка тюнинга т/с bmwe39 в LSC (type #11 | index #3)', 'money', '2024-05-11 11:15:34'),
	(2450, 14, 0, '-6000$ CASH | Покупка тюнинга т/с bmwe39 в LSC (type #12 | index #2)', 'money', '2024-05-11 11:15:39'),
	(2451, 14, 0, '-3000$ CASH | Покупка тюнинга т/с bmwe39 в LSC (type #13 | index #2)', 'money', '2024-05-11 11:15:42'),
	(2452, 14, 0, '-4000$ CASH | Покупка тюнинга т/с bmwe39 в LSC (type #15 | index #3)', 'money', '2024-05-11 11:15:47'),
	(2453, 14, 0, '-12000$ CASH | Покупка тюнинга т/с bmwe39 в LSC (type #16 | index #3)', 'money', '2024-05-11 11:15:53'),
	(2454, 14, 0, '-1500$ CASH | Покупка тюнинга т/с bmwe39 в LSC (type #55 | index #2)', 'money', '2024-05-11 11:15:57'),
	(2455, 14, 0, '-500$ CASH | Покупка тюнинга т/с bmwe39 в LSC (type #22 | index #0)', 'money', '2024-05-11 11:16:00'),
	(2456, 14, 0, '-500$ CASH | Покупка тюнинга т/с bmwe39 в LSC (type #62 | index #0)', 'money', '2024-05-11 11:16:05'),
	(2457, 14, 0, '-500$ CASH | Покупка тюнинга т/с bmwe39 в LSC (type #0 | index #0)', 'money', '2024-05-11 11:16:10'),
	(2458, 14, 0, '-500$ CASH | Покупка тюнинга т/с bmwe39 в LSC (type #1 | index #0)', 'money', '2024-05-11 11:16:16'),
	(2459, 14, 0, '-33500$ CASH | Покупка тюнинга т/с bmwe39 в LSC (type #23 | index #66)', 'money', '2024-05-11 11:16:39'),
	(2460, 14, 0, '-565$ BANK | Покупка улучшения "holder" для дома #82', 'money', '2024-05-11 11:31:24'),
	(2461, 14, 0, '-340$ CASH | Заправка т/с bmwe39 (17 л.) на АЗС #17', 'money', '2024-05-11 11:43:02'),
	(2462, 14, 0, 'Выкинул \'Моющее средство\' (#799)', 'inventory', '2024-05-11 11:47:34'),
	(2463, 14, 0, 'Выкинул \'Жестянка\' (#796)', 'inventory', '2024-05-11 11:47:37'),
	(2464, 14, 0, 'Выкинул \'Моющее средство\' (#793)', 'inventory', '2024-05-11 11:47:38'),
	(2465, 14, 0, 'Выкинул \'Жестянка\' (#791)', 'inventory', '2024-05-11 11:47:39'),
	(2466, 14, 0, 'Выкинул \'Грязная вода\' (#794)', 'inventory', '2024-05-11 11:47:43'),
	(2467, 14, 0, 'Выкинул \'Грязная вода\' (#792)', 'inventory', '2024-05-11 11:47:44'),
	(2468, 14, 0, 'Выкинул \'Нерабочий аккамулятор\' (#795)', 'inventory', '2024-05-11 11:47:45'),
	(2469, 14, 0, 'Выкинул \'Грязная вода\' (#798)', 'inventory', '2024-05-11 11:47:47'),
	(2470, 14, 0, 'Выкинул \'Моющее средство\' (#797)', 'inventory', '2024-05-11 11:47:48'),
	(2471, 14, 0, 'Поднял \'Моющее средство\' (#797)', 'inventory', '2024-05-11 11:47:54'),
	(2472, 14, 0, 'Выкинул \'Моющее средство\' (#797)', 'inventory', '2024-05-11 11:48:07'),
	(2473, 14, 0, 'Деавторизовал персонажа', 'characterInit', '2024-05-11 11:56:11'),
	(2474, 14, 0, 'Авторизовал персонажа (IP: 31.131.78.213)', 'characterInit', '2024-05-11 12:27:32'),
	(2475, 14, 0, '-200$ CASH | Аренда трактора для уборки', 'money', '2024-05-11 12:29:03'),
	(2476, 14, 0, '+41250$ BANK | Зарплата работ', 'money', '2024-05-11 12:37:12'),
	(2477, 14, 0, '+41250$ BANK | Зарплата работ', 'money', '2024-05-11 12:44:31'),
	(2478, 14, 0, '+41250$ BANK | Зарплата работ', 'money', '2024-05-11 12:52:16'),
	(2479, 14, 0, '-20$ CASH | Покупка в закусочной hamburger', 'money', '2024-05-11 13:00:21'),
	(2480, 14, 0, '-20$ CASH | Покупка в закусочной hamburger', 'money', '2024-05-11 13:00:23'),
	(2481, 14, 0, '-20$ CASH | Покупка в закусочной hamburger', 'money', '2024-05-11 13:00:23'),
	(2482, 14, 0, '-10$ CASH | Покупка в закусочной cola', 'money', '2024-05-11 13:00:25'),
	(2483, 14, 0, '-10$ CASH | Покупка в закусочной chips', 'money', '2024-05-11 13:00:26'),
	(2484, 14, 0, '-15$ CASH | Покупка в закусочной pizza', 'money', '2024-05-11 13:00:26'),
	(2485, 14, 0, '-10$ CASH | Покупка в закусочной cola', 'money', '2024-05-11 13:00:27'),
	(2486, 14, 0, '-10$ CASH | Покупка в закусочной cola', 'money', '2024-05-11 13:00:28'),
	(2487, 14, 0, '-10$ CASH | Покупка в закусочной cola', 'money', '2024-05-11 13:00:28'),
	(2488, 14, 0, '-3000$ CASH | Покупка фишек в казино', 'money', '2024-05-11 13:02:58'),
	(2489, 14, 0, '+1000 фишек (Покупка в казино)', 'casino', '2024-05-11 13:02:58'),
	(2490, 14, 0, '-15000$ CASH | Покупка фишек в казино', 'money', '2024-05-11 13:03:37'),
	(2491, 14, 0, '+5000 фишек (Покупка в казино)', 'casino', '2024-05-11 13:03:37'),
	(2492, 14, 0, '-5000 фишек (Прокрутка колеса)', 'casino', '2024-05-11 13:03:58'),
	(2493, 14, 0, '+30000$ CASH | Выигрыш в колесе удачи', 'money', '2024-05-11 13:03:58'),
	(2494, 14, 0, '-15000$ CASH | Покупка фишек в казино', 'money', '2024-05-11 13:04:15'),
	(2495, 14, 0, '+5000 фишек (Покупка в казино)', 'casino', '2024-05-11 13:04:15'),
	(2496, 14, 0, '-2000 фишек (Ставка в игровом автомате)', 'casino', '2024-05-11 13:05:03'),
	(2497, 14, 0, '-2000 фишек (Ставка в игровом автомате)', 'casino', '2024-05-11 13:05:14'),
	(2498, 14, 0, '-2000 фишек (Ставка в игровом автомате)', 'casino', '2024-05-11 13:05:21'),
	(2499, 14, 0, '-250$ CASH | Покупка фишек в казино', 'money', '2024-05-11 13:05:52'),
	(2500, 14, 0, '+500$ CASH | Блекджек. Выигрыш BJ', 'money', '2024-05-11 13:06:41'),
	(2501, 3, 1, 'Авторизовал персонажа (IP: 94.180.179.200)', 'characterInit', '2024-05-11 13:06:45'),
	(2502, 14, 0, '+0$ CASH | Возврат фишек со стола блекджэка', 'money', '2024-05-11 13:06:48'),
	(2503, 3, 1, '-5000 фишек (Прокрутка колеса)', 'casino', '2024-05-11 13:08:33'),
	(2504, 3, 1, '+30000$ CASH | Выигрыш в колесе удачи', 'money', '2024-05-11 13:08:33'),
	(2505, 14, 0, '-630$ CASH | Покупка фишек в казино', 'money', '2024-05-11 13:08:39'),
	(2506, 3, 1, '-1666665$ CASH | Покупка фишек в казино', 'money', '2024-05-11 13:08:49'),
	(2507, 3, 1, '+555555 фишек (Покупка в казино)', 'casino', '2024-05-11 13:08:49'),
	(2508, 14, 0, '+0$ CASH | Возврат фишек со стола блекджэка', 'money', '2024-05-11 13:09:28'),
	(2509, 14, 0, 'Деавторизовал персонажа', 'characterInit', '2024-05-11 13:10:33'),
	(2510, 3, 1, '-1000000$ CASH | Покупка в автосалоне т/с acursx', 'money', '2024-05-11 13:25:15'),
	(2511, 3, 1, '-125$ CASH | Ремонт т/с Acura SX в LSC', 'money', '2024-05-11 13:26:47'),
	(2512, 3, 1, '-100$ CASH | Смена цвета т/с Acura SX в LSC (#111 | #111)', 'money', '2024-05-11 13:27:48'),
	(2513, 3, 1, '-80000$ CASH | Покупка тюнинга т/с Acura SX в LSC (type #11 | index #3)', 'money', '2024-05-11 13:27:51'),
	(2514, 3, 1, '-60000$ CASH | Покупка тюнинга т/с Acura SX в LSC (type #12 | index #2)', 'money', '2024-05-11 13:27:53'),
	(2515, 3, 1, '-30000$ CASH | Покупка тюнинга т/с Acura SX в LSC (type #13 | index #2)', 'money', '2024-05-11 13:27:55'),
	(2516, 3, 1, '-40000$ CASH | Покупка тюнинга т/с Acura SX в LSC (type #15 | index #3)', 'money', '2024-05-11 13:27:57'),
	(2517, 3, 1, '-15000$ CASH | Покупка тюнинга т/с Acura SX в LSC (type #55 | index #2)', 'money', '2024-05-11 13:28:04'),
	(2518, 3, 1, '-5000$ CASH | Покупка тюнинга т/с Acura SX в LSC (type #22 | index #0)', 'money', '2024-05-11 13:28:06'),
	(2519, 3, 1, '-25000$ CASH | Покупка тюнинга т/с Acura SX в LSC (type #62 | index #4)', 'money', '2024-05-11 13:28:12'),
	(2520, 3, 1, '-5000$ CASH | Покупка тюнинга т/с Acura SX в LSC (type #100 | index #0)', 'money', '2024-05-11 13:28:16'),
	(2521, 3, 1, '-50000$ CASH | Покупка тюнинга т/с Acura SX в LSC (type #100 | index #9)', 'money', '2024-05-11 13:28:21'),
	(2522, 3, 1, '-15000$ CASH | Покупка тюнинга т/с Acura SX в LSC (type #0 | index #2)', 'money', '2024-05-11 13:28:45'),
	(2523, 3, 1, '-5000$ CASH | Покупка тюнинга т/с Acura SX в LSC (type #1 | index #0)', 'money', '2024-05-11 13:28:59'),
	(2524, 3, 1, '-15000$ CASH | Покупка тюнинга т/с Acura SX в LSC (type #2 | index #2)', 'money', '2024-05-11 13:29:09'),
	(2525, 3, 1, '-20000$ CASH | Покупка тюнинга т/с Acura SX в LSC (type #3 | index #3)', 'money', '2024-05-11 13:29:21'),
	(2526, 3, 1, '-5000$ CASH | Покупка тюнинга т/с Acura SX в LSC (type #4 | index #0)', 'money', '2024-05-11 13:29:24'),
	(2527, 3, 1, '-15000$ CASH | Покупка тюнинга т/с Acura SX в LSC (type #7 | index #2)', 'money', '2024-05-11 13:29:31'),
	(2528, 3, 1, '-20000$ CASH | Покупка тюнинга т/с Acura SX в LSC (type #7 | index #3)', 'money', '2024-05-11 13:29:34'),
	(2529, 3, 1, '-5000$ CASH | Покупка тюнинга т/с Acura SX в LSC (type #10 | index #0)', 'money', '2024-05-11 13:29:39'),
	(2530, 3, 1, '-510000$ CASH | Покупка тюнинга т/с Acura SX в LSC (type #23 | index #101)', 'money', '2024-05-11 13:30:24'),
	(2531, 3, 1, '-500$ CASH | Доставка т/с к дому', 'money', '2024-05-11 13:33:23'),
	(2532, 3, 1, '-1000$ CASH | Респавн авто организации #3', 'money', '2024-05-11 13:34:33'),
	(2533, 3, 1, '+180$ BANK | Зарплата организации x0.09 BCSD', 'money', '2024-05-11 13:39:55'),
	(2534, 3, 1, '+1353$ CASH | Зарплата на ферме #1 x1.5', 'money', '2024-05-11 13:52:33'),
	(2535, 3, 1, 'Деавторизовал персонажа', 'characterInit', '2024-05-11 13:53:59'),
	(2536, 14, 0, 'Авторизовал персонажа (IP: 31.131.78.213)', 'characterInit', '2024-05-11 15:57:29'),
	(2537, 14, 0, 'Деавторизовал персонажа', 'characterInit', '2024-05-11 16:00:11'),
	(2538, 16, 0, 'Авторизовал персонажа (IP: 51.159.211.114)', 'characterInit', '2024-05-11 16:49:40'),
	(2539, 16, 0, 'Деавторизовал персонажа', 'characterInit', '2024-05-11 16:49:57'),
	(2540, 13, NULL, '+33300$ BANK | Слет дома #92', 'money', '2024-05-11 16:51:04'),
	(2541, 13, NULL, '+650000$ BANK | Слет автомобилей в гос после слета дома', 'money', '2024-05-11 16:51:04'),
	(2542, 3, 0, 'Авторизовал персонажа (IP: 94.180.179.200)', 'characterInit', '2024-05-11 18:12:08'),
	(2543, 3, 0, '-1000000$ CASH | Покупка в автосалоне т/с veneno', 'money', '2024-05-11 18:16:05'),
	(2544, 3, 0, '-125$ CASH | Ремонт т/с veneno в LSC', 'money', '2024-05-11 18:17:15'),
	(2545, 3, 0, '-100$ CASH | Смена цвета т/с veneno в LSC (#38 | #42)', 'money', '2024-05-11 18:17:28'),
	(2546, 3, 0, '-80000$ CASH | Покупка тюнинга т/с veneno в LSC (type #11 | index #3)', 'money', '2024-05-11 18:17:31'),
	(2547, 3, 0, '-60000$ CASH | Покупка тюнинга т/с veneno в LSC (type #12 | index #2)', 'money', '2024-05-11 18:17:33'),
	(2548, 3, 0, '-30000$ CASH | Покупка тюнинга т/с veneno в LSC (type #13 | index #2)', 'money', '2024-05-11 18:17:35'),
	(2549, 3, 0, '-40000$ CASH | Покупка тюнинга т/с veneno в LSC (type #15 | index #3)', 'money', '2024-05-11 18:17:38'),
	(2550, 3, 0, '-10000$ CASH | Покупка тюнинга т/с veneno в LSC (type #55 | index #1)', 'money', '2024-05-11 18:17:41'),
	(2551, 3, 0, '-5000$ CASH | Покупка тюнинга т/с veneno в LSC (type #22 | index #0)', 'money', '2024-05-11 18:17:43'),
	(2552, 3, 0, '-5000$ CASH | Покупка тюнинга т/с veneno в LSC (type #62 | index #0)', 'money', '2024-05-11 18:17:45'),
	(2553, 3, 0, '-35000$ CASH | Покупка тюнинга т/с veneno в LSC (type #100 | index #6)', 'money', '2024-05-11 18:17:49'),
	(2554, 3, 0, '-505000$ CASH | Покупка тюнинга т/с veneno в LSC (type #23 | index #100)', 'money', '2024-05-11 18:18:09'),
	(2555, 3, 0, '-800$ CASH | Покупка одежды tops. Variation #54. Texture #0', 'money', '2024-05-11 18:29:34'),
	(2556, 3, 0, '-9$ CASH | Покупка одежды pants. Variation #43. Texture #0', 'money', '2024-05-11 18:29:43'),
	(2557, 3, 0, '-390$ CASH | Покупка одежды shoes. Variation #68. Texture #0', 'money', '2024-05-11 18:29:57'),
	(2558, 3, 0, 'Выкинул \'Обувь\' (#634)', 'inventory', '2024-05-11 18:30:40'),
	(2559, 3, 0, '-100000$ CASH | Покупка фишек в казино', 'money', '2024-05-11 18:34:16'),
	(2560, 3, 0, '+200000$ CASH | Блекджек. Выигрыш BJ', 'money', '2024-05-11 18:34:58'),
	(2561, 3, 0, '-5000$ CASH | Покупка фишек в казино', 'money', '2024-05-11 18:35:08'),
	(2562, 3, 0, '-100000$ CASH | Покупка фишек в казино', 'money', '2024-05-11 18:37:06'),
	(2563, 3, 0, '+200000$ CASH | Блекджек. Выигрыш BJ', 'money', '2024-05-11 18:37:52'),
	(2564, 3, 0, '+0$ CASH | Возврат фишек со стола блекджэка', 'money', '2024-05-11 18:37:57'),
	(2565, 3, 0, '-25000$ CASH | Покупка фишек в казино', 'money', '2024-05-11 18:38:25'),
	(2566, 3, 0, '-25000$ CASH | Покупка фишек в казино', 'money', '2024-05-11 18:39:10'),
	(2567, 3, 0, '+62500$ CASH | Блекджек. Выигрыш BJ', 'money', '2024-05-11 18:39:44'),
	(2568, 3, 0, '+0$ CASH | Возврат фишек со стола блекджэка', 'money', '2024-05-11 18:39:53'),
	(2569, NULL, NULL, '[info] Erick Jaison изменил позицию объекта мира #1', 'terminal', '2024-05-11 18:41:39'),
	(2570, NULL, NULL, '[info] Erick Jaison изменил позицию объекта мира #1', 'terminal', '2024-05-11 18:43:49'),
	(2571, 14, 0, 'Авторизовал персонажа (IP: 31.131.78.213)', 'characterInit', '2024-05-12 05:26:28'),
	(2572, 14, 0, '-200$ CASH | Аренда трактора для уборки', 'money', '2024-05-12 05:28:25'),
	(2573, 14, 0, '+41250$ BANK | Зарплата работ', 'money', '2024-05-12 05:35:34'),
	(2574, 14, 0, '+41250$ BANK | Зарплата работ', 'money', '2024-05-12 05:43:46'),
	(2575, 14, 0, '-5650$ BANK | Оплата налогов за дом', 'money', '2024-05-12 05:46:18'),
	(2576, 14, 0, '-15000$ CASH | Покупка фишек в казино', 'money', '2024-05-12 05:46:51'),
	(2577, 14, 0, '+5000 фишек (Покупка в казино)', 'casino', '2024-05-12 05:46:51'),
	(2578, 14, 0, 'Деавторизовал персонажа', 'characterInit', '2024-05-12 05:47:16'),
	(2579, 3, 0, 'Авторизовал персонажа (IP: 94.180.179.200)', 'characterInit', '2024-05-12 09:49:49'),
	(2580, 3, 0, '+100000$ BANK | Команда от админа #3', 'money', '2024-05-12 09:51:51'),
	(2581, 3, 0, '+100000$ BANK | Команда от админа #3', 'money', '2024-05-12 09:51:53'),
	(2582, 3, 0, '+1000000$ BANK | Команда от админа #3', 'money', '2024-05-12 09:51:55'),
	(2583, 3, 0, '+1000000$ BANK | Команда от админа #3', 'money', '2024-05-12 09:51:57'),
	(2584, 3, 0, '+1000000$ BANK | Команда от админа #3', 'money', '2024-05-12 09:51:58'),
	(2585, 3, 0, '+1000000$ BANK | Команда от админа #3', 'money', '2024-05-12 09:51:58'),
	(2586, 3, 0, '+1000000$ BANK | Команда от админа #3', 'money', '2024-05-12 09:51:59'),
	(2587, 3, 0, '+10000000$ BANK | Команда от админа #3', 'money', '2024-05-12 09:52:01'),
	(2588, 3, 0, '-24444444$ BANK | Снятие со счета', 'money', '2024-05-12 09:52:25'),
	(2589, 3, 0, '+24444444$ CASH | Снятие со счета', 'money', '2024-05-12 09:52:25'),
	(2590, 3, 0, '-2000000$ CASH | Покупка в автосалоне т/с bnr34', 'money', '2024-05-12 09:52:40'),
	(2591, 3, 0, '-125$ CASH | Ремонт т/с bnr34 в LSC', 'money', '2024-05-12 09:53:55'),
	(2592, 3, 0, '-100$ CASH | Смена цвета т/с bnr34 в LSC (#96 | #12)', 'money', '2024-05-12 09:54:09'),
	(2593, 3, 0, '-160000$ CASH | Покупка тюнинга т/с bnr34 в LSC (type #11 | index #3)', 'money', '2024-05-12 09:54:11'),
	(2594, 3, 0, '-120000$ CASH | Покупка тюнинга т/с bnr34 в LSC (type #12 | index #2)', 'money', '2024-05-12 09:54:13'),
	(2595, 3, 0, '-40000$ CASH | Покупка тюнинга т/с bnr34 в LSC (type #13 | index #1)', 'money', '2024-05-12 09:54:15'),
	(2596, 3, 0, '-60000$ CASH | Покупка тюнинга т/с bnr34 в LSC (type #13 | index #2)', 'money', '2024-05-12 09:54:15'),
	(2597, 3, 0, '-80000$ CASH | Покупка тюнинга т/с bnr34 в LSC (type #15 | index #3)', 'money', '2024-05-12 09:54:19'),
	(2598, 3, 0, '-10000$ CASH | Покупка тюнинга т/с bnr34 в LSC (type #55 | index #0)', 'money', '2024-05-12 09:54:22'),
	(2599, 3, 0, '-10000$ CASH | Покупка тюнинга т/с bnr34 в LSC (type #22 | index #0)', 'money', '2024-05-12 09:54:26'),
	(2600, 3, 0, '-220000$ CASH | Покупка тюнинга т/с bnr34 в LSC (type #0 | index #21)', 'money', '2024-05-12 09:54:51'),
	(2601, 3, 0, '-10000$ CASH | Покупка тюнинга т/с bnr34 в LSC (type #1 | index #0)', 'money', '2024-05-12 09:55:34'),
	(2602, 3, 0, '-70000$ CASH | Покупка тюнинга т/с bnr34 в LSC (type #2 | index #6)', 'money', '2024-05-12 09:55:45'),
	(2603, 3, 0, '-100000$ CASH | Покупка тюнинга т/с bnr34 в LSC (type #3 | index #9)', 'money', '2024-05-12 09:55:52'),
	(2604, 3, 0, '-10000$ CASH | Покупка тюнинга т/с bnr34 в LSC (type #5 | index #0)', 'money', '2024-05-12 09:56:04'),
	(2605, 3, 0, '-20000$ CASH | Покупка тюнинга т/с bnr34 в LSC (type #6 | index #1)', 'money', '2024-05-12 09:56:12'),
	(2606, 3, 0, '-70000$ CASH | Покупка тюнинга т/с bnr34 в LSC (type #7 | index #6)', 'money', '2024-05-12 09:56:19'),
	(2607, 3, 0, '-20000$ CASH | Покупка тюнинга т/с bnr34 в LSC (type #8 | index #1)', 'money', '2024-05-12 09:56:29'),
	(2608, 3, 0, '-60000$ CASH | Покупка тюнинга т/с bnr34 в LSC (type #9 | index #5)', 'money', '2024-05-12 09:56:37'),
	(2609, 3, 0, '-880000$ CASH | Покупка тюнинга т/с bnr34 в LSC (type #23 | index #87)', 'money', '2024-05-12 09:56:53'),
	(2610, 3, 0, '-70000$ CASH | Покупка тюнинга т/с bnr34 в LSC (type #48 | index #6)', 'money', '2024-05-12 09:56:58'),
	(2611, 3, 0, 'Деавторизовал персонажа', 'characterInit', '2024-05-12 09:58:43'),
	(2612, 3, 0, 'Авторизовал персонажа (IP: 94.180.179.200)', 'characterInit', '2024-05-12 10:32:07'),
	(2613, 3, 0, 'Деавторизовал персонажа', 'characterInit', '2024-05-12 10:33:55'),
	(2614, 3, 0, 'Авторизовал персонажа (IP: 94.180.179.200)', 'characterInit', '2024-05-12 10:53:46'),
	(2615, 3, 0, '-125$ CASH | Ремонт т/с bnr34 в LSC', 'money', '2024-05-12 10:56:39'),
	(2616, 3, 0, 'Деавторизовал персонажа', 'characterInit', '2024-05-12 10:56:58'),
	(2617, 3, 0, 'Авторизовал персонажа (IP: 94.180.179.200)', 'characterInit', '2024-05-12 18:09:11'),
	(2618, 3, 0, '-620$ CASH | Заправка т/с g63 amg  (31 л.) на АЗС #24', 'money', '2024-05-12 18:14:51'),
	(2619, 3, 0, '-200$ CASH | Ремонт т/с g63 amg  в LSC', 'money', '2024-05-12 18:15:43'),
	(2620, 3, 0, '-160$ CASH | Смена цвета т/с g63 amg  в LSC (#4 | #150)', 'money', '2024-05-12 18:16:07'),
	(2621, 3, 0, '-96000$ CASH | Покупка тюнинга т/с g63 amg  в LSC (type #15 | index #3)', 'money', '2024-05-12 18:16:26'),
	(2622, 3, 0, '-12000$ CASH | Покупка тюнинга т/с g63 amg  в LSC (type #55 | index #0)', 'money', '2024-05-12 18:16:33'),
	(2623, 3, 0, '-60000$ CASH | Покупка тюнинга т/с g63 amg  в LSC (type #62 | index #4)', 'money', '2024-05-12 18:16:40'),
	(2624, 3, 0, '-108000$ CASH | Покупка тюнинга т/с g63 amg  в LSC (type #100 | index #8)', 'money', '2024-05-12 18:16:55'),
	(2625, 3, 0, '-48000$ CASH | Покупка тюнинга т/с g63 amg  в LSC (type #7 | index #3)', 'money', '2024-05-12 18:17:26'),
	(2626, 3, 0, 'Авторизовал персонажа (IP: 94.180.179.200)', 'characterInit', '2024-05-12 18:45:01'),
	(2627, 3, 0, 'Авторизовал персонажа (IP: 94.180.179.200)', 'characterInit', '2024-05-12 19:15:15'),
	(2628, 3, 0, 'Авторизовал персонажа (IP: 94.180.179.200)', 'characterInit', '2024-05-12 19:18:02'),
	(2629, 3, 0, 'Деавторизовал персонажа', 'characterInit', '2024-05-12 19:18:28'),
	(2630, 3, 0, 'Авторизовал персонажа (IP: 94.180.179.200)', 'characterInit', '2024-05-12 19:19:50'),
	(2631, 3, 0, 'Авторизовал персонажа (IP: 94.180.179.200)', 'characterInit', '2024-05-12 19:23:15'),
	(2632, 3, 0, 'Положил \'Верхняя одежда\' (#814) | Среда: Vehicle #435', 'inventory', '2024-05-12 19:25:42'),
	(2633, 3, 0, 'Положил \'Брюки\' (#815) | Среда: Vehicle #435', 'inventory', '2024-05-12 19:25:43'),
	(2634, 3, 0, 'Положил \'Аксессуар\' (#635) | Среда: Vehicle #435', 'inventory', '2024-05-12 19:25:46'),
	(2635, 3, 0, 'Положил \'Брюки\' (#735) | Среда: Vehicle #435', 'inventory', '2024-05-12 19:25:52'),
	(2636, 3, 0, 'Забрал \'Брюки\' (#10005) | Среда: Vehicle #435', 'inventory', '2024-05-12 19:26:01'),
	(2637, 3, 0, 'Забрал \'Верхняя одежда\' (#10004) | Среда: Vehicle #435', 'inventory', '2024-05-12 19:26:04'),
	(2638, 3, 0, 'Забрал \'Брюки\' (#10007) | Среда: Vehicle #435', 'inventory', '2024-05-12 19:26:06'),
	(2639, 3, 0, 'Забрал \'Аксессуар\' (#10006) | Среда: Vehicle #435', 'inventory', '2024-05-12 19:26:08'),
	(2640, 3, 0, 'Авторизовал персонажа (IP: 94.180.179.200)', 'characterInit', '2024-05-12 19:27:22'),
	(2641, 3, 0, '-125$ CASH | Аренда грузовика для грузоперевозок', 'money', '2024-05-12 19:31:49'),
	(2642, 3, 0, '-240000$ CASH | Покупка на авторынке т/с s15 (ID 366 | PLATE TTV162)', 'money', '2024-05-12 19:32:35'),
	(2643, 3, 0, '-800000$ CASH | Покупка на авторынке т/с gemera (ID 372 | PLATE XBZ990)', 'money', '2024-05-12 19:32:50'),
	(2644, 3, 0, '-800000$ CASH | Покупка на авторынке т/с chiron (ID 373 | PLATE WZQ267)', 'money', '2024-05-12 19:32:56'),
	(2645, 3, 0, '-800000$ CASH | Покупка на авторынке т/с bmwg05 (ID 374 | PLATE BVW346)', 'money', '2024-05-12 19:33:30'),
	(2646, 3, 0, '-125$ CASH | Ремонт т/с bmwg05 в LSC', 'money', '2024-05-12 19:39:30'),
	(2647, 3, 0, '-100$ CASH | Смена цвета т/с bmwg05 в LSC (#14 | #34)', 'money', '2024-05-12 19:39:41'),
	(2648, 3, 0, '-100$ CASH | Смена цвета т/с bmwg05 в LSC (#14 | #43)', 'money', '2024-05-12 19:39:51'),
	(2649, 3, 0, '-150000$ CASH | Покупка тюнинга т/с bmwg05 в LSC (type #16 | index #4)', 'money', '2024-05-12 19:40:02'),
	(2650, 3, 0, '-5000$ CASH | Покупка тюнинга т/с bmwg05 в LSC (type #55 | index #0)', 'money', '2024-05-12 19:40:04'),
	(2651, 3, 0, '-10000$ CASH | Покупка тюнинга т/с bmwg05 в LSC (type #1 | index #1)', 'money', '2024-05-12 19:40:18'),
	(2652, 3, 0, '-5000$ CASH | Покупка тюнинга т/с bmwg05 в LSC (type #2 | index #0)', 'money', '2024-05-12 19:40:26'),
	(2653, 3, 0, '-575000$ CASH | Покупка тюнинга т/с bmwg05 в LSC (type #23 | index #114)', 'money', '2024-05-12 19:40:53'),
	(2654, 3, 0, 'Деавторизовал персонажа', 'characterInit', '2024-05-12 19:54:24'),
	(2655, 3, 0, 'Авторизовал персонажа (IP: 94.180.179.200)', 'characterInit', '2024-05-12 20:22:39'),
	(2656, 3, 0, 'Деавторизовал персонажа', 'characterInit', '2024-05-12 20:26:39'),
	(2657, 3, 0, 'Авторизовал персонажа (IP: 94.180.179.200)', 'characterInit', '2024-05-13 21:18:07'),
	(2658, 3, 0, 'Авторизовал персонажа (IP: 94.180.179.200)', 'characterInit', '2024-05-14 20:02:22'),
	(2659, 3, 0, 'Авторизовал персонажа (IP: 94.180.179.200)', 'characterInit', '2024-05-14 20:06:20'),
	(2660, 3, 0, '-125$ CASH | Ремонт т/с chiron в LSC', 'money', '2024-05-14 20:15:46'),
	(2661, 3, 0, 'Деавторизовал персонажа', 'characterInit', '2024-05-14 20:34:53'),
	(2662, 3, 0, 'Авторизовал персонажа (IP: 94.180.179.200)', 'characterInit', '2024-05-14 20:38:16'),
	(2663, 3, 0, 'Деавторизовал персонажа', 'characterInit', '2024-05-14 20:39:11'),
	(2664, 3, 0, 'Авторизовал персонажа (IP: 94.180.179.200)', 'characterInit', '2024-05-14 20:43:46'),
	(2665, 3, 0, 'Деавторизовал персонажа', 'characterInit', '2024-05-14 20:52:18'),
	(2666, 13, 0, 'Авторизовал персонажа (IP: 91.236.80.195)', 'characterInit', '2024-05-15 15:33:02'),
	(2667, 13, 0, '-1000000$ BANK | Снятие со счета', 'money', '2024-05-15 15:36:52'),
	(2668, 13, 0, '+1000000$ CASH | Снятие со счета', 'money', '2024-05-15 15:36:52'),
	(2669, 13, 0, '-250000$ CASH | Покупка в автосалоне т/с zl1', 'money', '2024-05-15 15:38:52'),
	(2670, 13, 0, '-0$ CASH | Взятие т/с zl1 с парковки', 'money', '2024-05-15 15:42:53'),
	(2671, 13, 0, '-125$ CASH | Ремонт т/с zl в LSC', 'money', '2024-05-15 15:47:07'),
	(2672, 13, 0, '-20000$ CASH | Покупка тюнинга т/с zl в LSC (type #11 | index #3)', 'money', '2024-05-15 15:47:31'),
	(2673, 13, 0, '-15000$ CASH | Покупка тюнинга т/с zl в LSC (type #12 | index #2)', 'money', '2024-05-15 15:47:35'),
	(2674, 13, 0, '-7500$ CASH | Покупка тюнинга т/с zl в LSC (type #13 | index #2)', 'money', '2024-05-15 15:47:38'),
	(2675, 13, 0, '-10000$ CASH | Покупка тюнинга т/с zl в LSC (type #15 | index #3)', 'money', '2024-05-15 15:47:41'),
	(2676, 13, 0, '-37500$ CASH | Покупка тюнинга т/с zl в LSC (type #16 | index #4)', 'money', '2024-05-15 15:47:45'),
	(2677, 13, 0, '-3750$ CASH | Покупка тюнинга т/с zl в LSC (type #55 | index #2)', 'money', '2024-05-15 15:47:49'),
	(2678, 13, 0, '-1250$ CASH | Покупка тюнинга т/с zl в LSC (type #22 | index #0)', 'money', '2024-05-15 15:47:52'),
	(2679, 13, 0, '-1250$ CASH | Покупка тюнинга т/с zl в LSC (type #62 | index #0)', 'money', '2024-05-15 15:48:05'),
	(2680, 13, 0, '-3750$ CASH | Покупка тюнинга т/с zl в LSC (type #100 | index #2)', 'money', '2024-05-15 15:48:14'),
	(2681, 13, 0, '-1250$ CASH | Покупка тюнинга т/с zl в LSC (type #0 | index #0)', 'money', '2024-05-15 15:48:20'),
	(2682, 13, 0, '-10000$ CASH | Покупка тюнинга т/с zl в LSC (type #23 | index #7)', 'money', '2024-05-15 15:48:32'),
	(2683, 13, 0, '-65000$ CASH | Покупка тюнинга т/с zl в LSC (type #23 | index #51)', 'money', '2024-05-15 15:48:50'),
	(2684, 13, 0, 'Деавторизовал персонажа', 'characterInit', '2024-05-15 15:53:36'),
	(2685, 14, 0, 'Авторизовал персонажа (IP: 31.131.78.213)', 'characterInit', '2024-05-16 10:53:58'),
	(2686, 14, 0, '-22600$ BANK | Оплата налогов за дом', 'money', '2024-05-16 10:54:16'),
	(2687, 14, 0, '+20000 фишек (Выигрыш в колесе удачи)', 'casino', '2024-05-16 11:03:11'),
	(2688, 14, 0, '-5000 фишек (Прокрутка колеса)', 'casino', '2024-05-16 11:03:11'),
	(2689, 14, 0, '-220$ CASH | Аренда такси', 'money', '2024-05-16 11:04:59'),
	(2690, 14, 0, 'Деавторизовал персонажа', 'characterInit', '2024-05-16 11:09:28'),
	(2691, 12, NULL, '+36000$ BANK | Слет дома #175', 'money', '2024-05-18 16:06:21'),
	(2692, 12, NULL, '+1007500$ BANK | Слет автомобилей в гос после слета дома', 'money', '2024-05-18 16:06:22'),
	(2693, 3, 0, 'Авторизовал персонажа (IP: 94.180.179.200)', 'characterInit', '2024-05-20 10:01:12'),
	(2694, 3, 0, 'Выкинул \'Брюки\' (#818)', 'inventory', '2024-05-20 10:08:03'),
	(2695, 3, 0, 'Выкинул \'Верхняя одежда\' (#632)', 'inventory', '2024-05-20 10:08:06'),
	(2696, 3, 0, 'Выкинул \'Бронежилет\' (#827)', 'inventory', '2024-05-20 10:08:11'),
	(2697, 3, 0, 'Выкинул \'Наручники\' (#826)', 'inventory', '2024-05-20 10:08:31'),
	(2698, 3, 0, '-200$ CASH | Покупка предмета #136 на каменоломне', 'money', '2024-05-20 10:08:46'),
	(2699, 3, 0, 'Поднял \'Руда\' (#830)', 'inventory', '2024-05-20 10:09:32'),
	(2700, 3, 0, '+337$ CASH | Продажа 1 ед. камня на каменоломне x1.5', 'money', '2024-05-20 10:09:48'),
	(2701, 3, 0, 'Поднял \'Руда\' (#832)', 'inventory', '2024-05-20 10:19:14'),
	(2702, 3, 0, 'Деавторизовал персонажа', 'characterInit', '2024-05-20 10:19:34'),
	(2703, 3, 0, 'Авторизовал персонажа (IP: 94.180.179.200)', 'characterInit', '2024-05-20 14:13:23'),
	(2704, 3, 0, '-1450000$ CASH | Покупка в автосалоне т/с vectre', 'money', '2024-05-20 14:27:17'),
	(2705, 3, 0, '-125$ CASH | Ремонт т/с vectre в LSC', 'money', '2024-05-20 14:28:43'),
	(2706, 3, 0, '-100$ CASH | Смена цвета т/с vectre в LSC (#38 | #40)', 'money', '2024-05-20 14:28:51'),
	(2707, 3, 0, '-116000$ CASH | Покупка тюнинга т/с vectre в LSC (type #11 | index #3)', 'money', '2024-05-20 14:28:54'),
	(2708, 3, 0, '-87000$ CASH | Покупка тюнинга т/с vectre в LSC (type #12 | index #2)', 'money', '2024-05-20 14:28:56'),
	(2709, 3, 0, '-43500$ CASH | Покупка тюнинга т/с vectre в LSC (type #13 | index #2)', 'money', '2024-05-20 14:28:58'),
	(2710, 3, 0, '-58000$ CASH | Покупка тюнинга т/с vectre в LSC (type #15 | index #3)', 'money', '2024-05-20 14:29:01'),
	(2711, 3, 0, '-7250$ CASH | Покупка тюнинга т/с vectre в LSC (type #22 | index #0)', 'money', '2024-05-20 14:29:05'),
	(2712, 3, 0, '-7250$ CASH | Покупка тюнинга т/с vectre в LSC (type #62 | index #0)', 'money', '2024-05-20 14:29:08'),
	(2713, 3, 0, '-7250$ CASH | Покупка тюнинга т/с vectre в LSC (type #100 | index #0)', 'money', '2024-05-20 14:29:11'),
	(2714, 3, 0, '-130500$ CASH | Покупка тюнинга т/с vectre в LSC (type #0 | index #17)', 'money', '2024-05-20 14:29:22'),
	(2715, 3, 0, '-43500$ CASH | Покупка тюнинга т/с vectre в LSC (type #1 | index #5)', 'money', '2024-05-20 14:29:51'),
	(2716, 3, 0, '-7250$ CASH | Покупка тюнинга т/с vectre в LSC (type #2 | index #0)', 'money', '2024-05-20 14:30:11'),
	(2717, 3, 0, '-87000$ CASH | Покупка тюнинга т/с vectre в LSC (type #3 | index #11)', 'money', '2024-05-20 14:30:19'),
	(2718, 3, 0, '-29000$ CASH | Покупка тюнинга т/с vectre в LSC (type #4 | index #3)', 'money', '2024-05-20 14:30:26'),
	(2719, 3, 0, '-130500$ CASH | Покупка тюнинга т/с vectre в LSC (type #7 | index #17)', 'money', '2024-05-20 14:30:38'),
	(2720, 3, 0, '-21750$ CASH | Покупка тюнинга т/с vectre в LSC (type #8 | index #2)', 'money', '2024-05-20 14:30:42'),
	(2721, 3, 0, '-43500$ CASH | Покупка тюнинга т/с vectre в LSC (type #10 | index #5)', 'money', '2024-05-20 14:30:48'),
	(2722, 3, 0, '-630750$ CASH | Покупка тюнинга т/с vectre в LSC (type #23 | index #86)', 'money', '2024-05-20 14:30:59'),
	(2723, 3, 0, '-58000$ CASH | Покупка тюнинга т/с vectre в LSC (type #48 | index #7)', 'money', '2024-05-20 14:31:06'),
	(2724, 3, 0, '-180$ CASH | Покупка боеприпасов с itemId #37 (12 шт.)', 'money', '2024-05-20 14:34:02'),
	(2725, 3, 0, '-180$ CASH | Покупка боеприпасов с itemId #37 (12 шт.)', 'money', '2024-05-20 14:34:03'),
	(2726, 3, 0, '-180$ CASH | Покупка боеприпасов с itemId #37 (12 шт.)', 'money', '2024-05-20 14:34:03'),
	(2727, 3, 0, '-180$ CASH | Покупка боеприпасов с itemId #37 (12 шт.)', 'money', '2024-05-20 14:34:03'),
	(2728, 3, 0, '-3525$ CASH | Покупка оружия Micro SMG', 'money', '2024-05-20 14:34:07'),
	(2729, 3, 0, '-5000 фишек (Прокрутка колеса)', 'casino', '2024-05-20 14:36:40'),
	(2730, 3, 0, '+40000$ CASH | Выигрыш в колесе удачи', 'money', '2024-05-20 14:36:40'),
	(2731, 3, 0, '+0$ CASH | Возврат фишек со стола блекджэка', 'money', '2024-05-20 14:37:12'),
	(2732, 3, 0, '+0$ CASH | Возврат фишек со стола блекджэка', 'money', '2024-05-20 14:37:25'),
	(2733, 3, 0, '+0$ CASH | Возврат фишек со стола блекджэка', 'money', '2024-05-20 14:37:46'),
	(2734, 3, 0, '-1000 фишек (Ставка в рулетке)', 'casino', '2024-05-20 14:38:07'),
	(2735, 3, 0, '-7000 фишек (Ставка в рулетке)', 'casino', '2024-05-20 14:38:18'),
	(2736, 3, 0, '-10000 фишек (Ставка в рулетке)', 'casino', '2024-05-20 14:38:23'),
	(2737, 3, 0, '-10000 фишек (Ставка в рулетке)', 'casino', '2024-05-20 14:38:24'),
	(2738, 3, 0, '-10000 фишек (Ставка в рулетке)', 'casino', '2024-05-20 14:38:24'),
	(2739, 3, 0, '-10000 фишек (Ставка в рулетке)', 'casino', '2024-05-20 14:38:25'),
	(2740, 3, 0, '-10000 фишек (Ставка в рулетке)', 'casino', '2024-05-20 14:38:25'),
	(2741, 3, 0, '+102000 фишек (Выигрыш в рулетке)', 'casino', '2024-05-20 14:38:51'),
	(2742, 3, 0, 'Авторизовал персонажа (IP: 94.180.179.200)', 'characterInit', '2024-05-20 14:57:22'),
	(2743, 3, 0, 'Авторизовал персонажа (IP: 94.180.179.200)', 'characterInit', '2024-05-20 16:41:09'),
	(2744, 3, 0, 'Деавторизовал персонажа', 'characterInit', '2024-05-20 16:41:29'),
	(2745, 3, 0, 'Авторизовал персонажа (IP: 94.180.179.200)', 'characterInit', '2024-05-20 16:49:57'),
	(2746, 3, 0, 'Деавторизовал персонажа', 'characterInit', '2024-05-20 16:50:47'),
	(2747, 3, 0, 'Авторизовал персонажа (IP: 94.180.184.100)', 'characterInit', '2024-05-22 10:26:59'),
	(2748, 3, 0, 'Выкинул \'Micro SMG\' (#838)', 'inventory', '2024-05-22 10:27:31'),
	(2749, 3, 0, '-400000$ CASH | Покупка бизнеса #89 у государства', 'money', '2024-05-22 10:28:23'),
	(2750, 3, 0, '-500$ CASH | Покупка одежды watches. Variation #1. Texture #0', 'money', '2024-05-22 10:29:12'),
	(2751, 3, 0, '-500$ CASH | Покупка одежды watches. Variation #1. Texture #0', 'money', '2024-05-22 10:29:12'),
	(2752, 3, 0, '-500$ CASH | Покупка одежды watches. Variation #1. Texture #0', 'money', '2024-05-22 10:29:13'),
	(2753, 3, 0, '-500$ CASH | Покупка одежды watches. Variation #1. Texture #0', 'money', '2024-05-22 10:29:13'),
	(2754, 3, 0, '-500$ CASH | Покупка одежды watches. Variation #1. Texture #0', 'money', '2024-05-22 10:29:13'),
	(2755, 3, 0, '-500$ CASH | Покупка одежды watches. Variation #1. Texture #0', 'money', '2024-05-22 10:29:13'),
	(2756, 3, 0, '-500$ CASH | Покупка одежды watches. Variation #1. Texture #0', 'money', '2024-05-22 10:29:13'),
	(2757, 3, 0, '-500$ CASH | Покупка одежды watches. Variation #1. Texture #0', 'money', '2024-05-22 10:29:13'),
	(2758, 3, 0, '-500$ CASH | Покупка одежды watches. Variation #1. Texture #0', 'money', '2024-05-22 10:29:13'),
	(2759, 3, 0, '-500$ CASH | Покупка одежды watches. Variation #1. Texture #0', 'money', '2024-05-22 10:29:14'),
	(2760, 3, 0, '-500$ CASH | Покупка одежды watches. Variation #1. Texture #0', 'money', '2024-05-22 10:29:14'),
	(2761, 3, 0, '-500$ CASH | Покупка одежды watches. Variation #1. Texture #0', 'money', '2024-05-22 10:29:14'),
	(2762, 3, 0, '-500$ CASH | Покупка одежды watches. Variation #1. Texture #0', 'money', '2024-05-22 10:29:14'),
	(2763, 3, 0, '-500$ CASH | Покупка одежды watches. Variation #1. Texture #0', 'money', '2024-05-22 10:29:14'),
	(2764, 3, 0, '-500$ CASH | Покупка одежды watches. Variation #1. Texture #0', 'money', '2024-05-22 10:29:14'),
	(2765, 3, 0, '-500$ CASH | Покупка одежды watches. Variation #1. Texture #0', 'money', '2024-05-22 10:29:15'),
	(2766, 3, 0, '-500$ CASH | Покупка одежды watches. Variation #1. Texture #0', 'money', '2024-05-22 10:29:15'),
	(2767, 3, 0, '-500$ CASH | Покупка одежды watches. Variation #1. Texture #0', 'money', '2024-05-22 10:29:15'),
	(2768, 3, 0, '-500$ CASH | Покупка одежды watches. Variation #1. Texture #0', 'money', '2024-05-22 10:29:15'),
	(2769, 3, 0, '-500$ CASH | Покупка одежды watches. Variation #1. Texture #0', 'money', '2024-05-22 10:29:15'),
	(2770, 3, 0, '-500$ CASH | Покупка одежды watches. Variation #1. Texture #0', 'money', '2024-05-22 10:29:16'),
	(2771, 3, 0, '-500$ CASH | Покупка одежды watches. Variation #1. Texture #0', 'money', '2024-05-22 10:29:16'),
	(2772, 3, 0, '-500$ CASH | Покупка одежды watches. Variation #1. Texture #0', 'money', '2024-05-22 10:29:16'),
	(2773, 3, 0, '-500$ CASH | Покупка одежды watches. Variation #1. Texture #0', 'money', '2024-05-22 10:29:16'),
	(2774, 3, 0, '-500$ CASH | Покупка одежды watches. Variation #1. Texture #0', 'money', '2024-05-22 10:29:16'),
	(2775, 3, 0, '-500$ CASH | Покупка одежды watches. Variation #1. Texture #0', 'money', '2024-05-22 10:29:16'),
	(2776, 3, 0, '-500$ CASH | Покупка одежды watches. Variation #1. Texture #0', 'money', '2024-05-22 10:29:17'),
	(2777, 3, 0, '-500$ CASH | Покупка одежды watches. Variation #1. Texture #0', 'money', '2024-05-22 10:29:17'),
	(2778, 3, 0, '-500$ CASH | Покупка одежды watches. Variation #1. Texture #0', 'money', '2024-05-22 10:29:17'),
	(2779, 3, 0, '-500$ CASH | Покупка одежды watches. Variation #1. Texture #0', 'money', '2024-05-22 10:29:17'),
	(2780, 3, 0, '-500$ CASH | Покупка одежды watches. Variation #1. Texture #0', 'money', '2024-05-22 10:29:17'),
	(2781, 3, 0, '-500$ CASH | Покупка одежды watches. Variation #1. Texture #0', 'money', '2024-05-22 10:29:17'),
	(2782, 3, 0, '-500$ CASH | Покупка одежды watches. Variation #1. Texture #0', 'money', '2024-05-22 10:29:18'),
	(2783, 3, 0, '-500$ CASH | Покупка одежды watches. Variation #1. Texture #0', 'money', '2024-05-22 10:29:18'),
	(2784, 3, 0, '-500$ CASH | Покупка одежды watches. Variation #1. Texture #0', 'money', '2024-05-22 10:29:18'),
	(2785, 3, 0, '-500$ CASH | Покупка одежды watches. Variation #1. Texture #0', 'money', '2024-05-22 10:29:18'),
	(2786, 3, 0, '-500$ CASH | Покупка одежды watches. Variation #1. Texture #0', 'money', '2024-05-22 10:29:18'),
	(2787, 3, 0, 'Выкинул \'Часы\' (#839)', 'inventory', '2024-05-22 10:29:25'),
	(2788, 3, 0, 'Выкинул \'Часы\' (#840)', 'inventory', '2024-05-22 10:29:34'),
	(2789, 3, 0, 'Выкинул \'Часы\' (#842)', 'inventory', '2024-05-22 10:29:35'),
	(2790, 3, 0, 'Выкинул \'Часы\' (#843)', 'inventory', '2024-05-22 10:29:35'),
	(2791, 3, 0, 'Выкинул \'Часы\' (#844)', 'inventory', '2024-05-22 10:29:36'),
	(2792, 3, 0, 'Выкинул \'Часы\' (#845)', 'inventory', '2024-05-22 10:29:37'),
	(2793, 3, 0, 'Выкинул \'Часы\' (#846)', 'inventory', '2024-05-22 10:29:38'),
	(2794, 3, 0, 'Выкинул \'Часы\' (#847)', 'inventory', '2024-05-22 10:29:39'),
	(2795, 3, 0, 'Выкинул \'Часы\' (#854)', 'inventory', '2024-05-22 10:29:40'),
	(2796, 3, 0, 'Выкинул \'Часы\' (#853)', 'inventory', '2024-05-22 10:29:40'),
	(2797, 3, 0, 'Выкинул \'Часы\' (#852)', 'inventory', '2024-05-22 10:29:41'),
	(2798, 3, 0, 'Выкинул \'Часы\' (#851)', 'inventory', '2024-05-22 10:29:42'),
	(2799, 3, 0, 'Выкинул \'Часы\' (#850)', 'inventory', '2024-05-22 10:29:43'),
	(2800, 3, 0, 'Выкинул \'Часы\' (#849)', 'inventory', '2024-05-22 10:29:43'),
	(2801, 3, 0, 'Выкинул \'Часы\' (#841)', 'inventory', '2024-05-22 10:29:44'),
	(2802, 3, 0, 'Выкинул \'Руда\' (#832)', 'inventory', '2024-05-22 10:29:45'),
	(2803, 3, 0, 'Выкинул \'Часы\' (#848)', 'inventory', '2024-05-22 10:29:46'),
	(2804, 3, 0, 'Выкинул \'Часы\' (#860)', 'inventory', '2024-05-22 10:29:47'),
	(2805, 3, 0, 'Выкинул \'Часы\' (#868)', 'inventory', '2024-05-22 10:29:47'),
	(2806, 3, 0, 'Выкинул \'Часы\' (#867)', 'inventory', '2024-05-22 10:29:49'),
	(2807, 3, 0, 'Выкинул \'Часы\' (#873)', 'inventory', '2024-05-22 10:29:50'),
	(2808, 3, 0, 'Выкинул \'Часы\' (#874)', 'inventory', '2024-05-22 10:29:51'),
	(2809, 3, 0, 'Выкинул \'Часы\' (#875)', 'inventory', '2024-05-22 10:29:51'),
	(2810, 3, 0, 'Выкинул \'Часы\' (#872)', 'inventory', '2024-05-22 10:29:52'),
	(2811, 3, 0, 'Выкинул \'Часы\' (#871)', 'inventory', '2024-05-22 10:29:53'),
	(2812, 3, 0, 'Выкинул \'Часы\' (#869)', 'inventory', '2024-05-22 10:29:54'),
	(2813, 3, 0, 'Выкинул \'Часы\' (#870)', 'inventory', '2024-05-22 10:29:56'),
	(2814, 3, 0, 'Выкинул \'Часы\' (#864)', 'inventory', '2024-05-22 10:29:56'),
	(2815, 3, 0, 'Выкинул \'Часы\' (#863)', 'inventory', '2024-05-22 10:30:05'),
	(2816, 3, 0, 'Выкинул \'Часы\' (#862)', 'inventory', '2024-05-22 10:30:06'),
	(2817, 3, 0, 'Выкинул \'Часы\' (#855)', 'inventory', '2024-05-22 10:30:07'),
	(2818, 3, 0, 'Выкинул \'Часы\' (#856)', 'inventory', '2024-05-22 10:30:08'),
	(2819, 3, 0, 'Выкинул \'Часы\' (#858)', 'inventory', '2024-05-22 10:30:08'),
	(2820, 3, 0, 'Выкинул \'Часы\' (#859)', 'inventory', '2024-05-22 10:30:12'),
	(2821, 3, 0, 'Выкинул \'Часы\' (#866)', 'inventory', '2024-05-22 10:30:12'),
	(2822, 3, 0, 'Выкинул \'Часы\' (#865)', 'inventory', '2024-05-22 10:30:13'),
	(2823, 3, 0, 'Выкинул \'Часы\' (#857)', 'inventory', '2024-05-22 10:30:14'),
	(2824, 3, 0, 'Выкинул \'Часы\' (#861)', 'inventory', '2024-05-22 10:30:15'),
	(2825, 3, 0, '-4444444$ BANK | Снятие со счета', 'money', '2024-05-22 10:46:13'),
	(2826, 3, 0, '+4444444$ CASH | Снятие со счета', 'money', '2024-05-22 10:46:13'),
	(2827, 3, 0, 'Поднял \'Руда\' (#877)', 'inventory', '2024-05-22 10:57:27'),
	(2828, 3, 0, '+225$ CASH | Продажа 1 ед. камня на каменоломне x1', 'money', '2024-05-22 10:57:36'),
	(2829, 3, 0, '-150$ CASH | Покупка предмета #76 на лесопилке', 'money', '2024-05-22 10:58:04'),
	(2830, 3, 0, 'Поднял \'Дерево\' (#880)', 'inventory', '2024-05-22 10:59:55'),
	(2831, 3, 0, 'Поднял \'Дерево\' (#879)', 'inventory', '2024-05-22 11:00:11'),
	(2832, 3, 0, 'Поднял \'Дерево\' (#882)', 'inventory', '2024-05-22 11:00:16'),
	(2833, 3, 0, 'Поднял \'Дерево\' (#883)', 'inventory', '2024-05-22 11:00:23'),
	(2834, 3, 0, '+290$ BANK | Зарплата организации x0.1 LSPD', 'money', '2024-05-22 11:00:39'),
	(2835, 3, 0, '+408$ CASH | Продажа 4 ед. дерева на лесопилке x1', 'money', '2024-05-22 11:00:53'),
	(2836, 3, 0, '-2500$ CASH | Восстановление ключей от g63 amg  (#358)', 'money', '2024-05-22 11:02:22'),
	(2837, 3, 0, 'Авторизовал персонажа (IP: 94.180.184.100)', 'characterInit', '2024-05-22 11:53:19'),
	(2838, 3, 0, 'Авторизовал персонажа (IP: 94.180.184.100)', 'characterInit', '2024-05-22 11:56:44'),
	(2839, 3, 0, 'Авторизовал персонажа (IP: 94.180.184.100)', 'characterInit', '2024-05-22 12:04:06'),
	(2840, 3, 0, 'Авторизовал персонажа (IP: 94.180.184.100)', 'characterInit', '2024-05-22 12:08:38'),
	(2841, 3, 0, 'Авторизовал персонажа (IP: 94.180.184.100)', 'characterInit', '2024-05-22 12:15:10'),
	(2842, 3, 0, 'Авторизовал персонажа (IP: 94.180.184.100)', 'characterInit', '2024-05-22 12:19:25'),
	(2843, 3, 0, 'Авторизовал персонажа (IP: 94.180.184.100)', 'characterInit', '2024-05-22 12:23:01'),
	(2844, 3, 0, 'Деавторизовал персонажа', 'characterInit', '2024-05-22 12:26:52'),
	(2845, 3, 0, 'Авторизовал персонажа (IP: 94.180.184.100)', 'characterInit', '2024-05-22 16:49:13'),
	(2846, 3, 0, '-10000$ CASH | Покупка фишек в казино', 'money', '2024-05-22 16:59:03'),
	(2847, 3, 0, '+1000 фишек (Покупка в казино)', 'casino', '2024-05-22 16:59:03'),
	(2848, 3, 0, '+9000$ CASH | Продажа фишек в казино', 'money', '2024-05-22 16:59:16'),
	(2849, 3, 0, '-1000 фишек (Продажа в казино)', 'casino', '2024-05-22 16:59:16'),
	(2850, 3, 0, '-3000 фишек (Прокрутка колеса)', 'casino', '2024-05-22 16:59:38'),
	(2851, 3, 0, '+50000$ CASH | Выигрыш в колесе удачи', 'money', '2024-05-22 16:59:38'),
	(2852, 3, 0, '-100 фишек (Ставка в игровом автомате)', 'casino', '2024-05-22 17:00:40'),
	(2853, 3, 0, '-100 фишек (Ставка в игровом автомате)', 'casino', '2024-05-22 17:00:46'),
	(2854, 3, 0, '-100 фишек (Ставка в игровом автомате)', 'casino', '2024-05-22 17:00:52'),
	(2855, 3, 0, '-100 фишек (Ставка в игровом автомате)', 'casino', '2024-05-22 17:00:58'),
	(2856, 3, 0, '-100 фишек (Ставка в игровом автомате)', 'casino', '2024-05-22 17:01:04'),
	(2857, 3, 0, '-100 фишек (Ставка в игровом автомате)', 'casino', '2024-05-22 17:01:10'),
	(2858, 3, 0, '-100 фишек (Ставка в игровом автомате)', 'casino', '2024-05-22 17:01:16'),
	(2859, 3, 0, '-100 фишек (Ставка в игровом автомате)', 'casino', '2024-05-22 17:01:21'),
	(2860, 3, 0, '-100 фишек (Ставка в игровом автомате)', 'casino', '2024-05-22 17:01:27'),
	(2861, 3, 0, '-100 фишек (Ставка в игровом автомате)', 'casino', '2024-05-22 17:01:33'),
	(2862, 3, 0, '-100 фишек (Ставка в игровом автомате)', 'casino', '2024-05-22 17:01:39'),
	(2863, 3, 0, '-100 фишек (Ставка в игровом автомате)', 'casino', '2024-05-22 17:01:45'),
	(2864, 3, 0, '-100 фишек (Ставка в игровом автомате)', 'casino', '2024-05-22 17:03:06'),
	(2865, 3, 0, '+330$ CASH | Конвертация валюты за 11 CC', 'money', '2024-05-22 17:03:12'),
	(2866, 3, 0, '-11 CC | Конвертация валюты $330', 'donate', '2024-05-22 17:03:12'),
	(2867, 3, 0, '-1000000$ CASH | Покупка в автосалоне т/с mclaren20', 'money', '2024-05-22 17:08:25'),
	(2868, 3, 0, '-125$ CASH | Ремонт т/с mclaren в LSC', 'money', '2024-05-22 17:09:42'),
	(2869, 3, 0, '-100$ CASH | Смена цвета т/с mclaren в LSC (#91 | #37)', 'money', '2024-05-22 17:09:58'),
	(2870, 3, 0, '-80000$ CASH | Покупка тюнинга т/с mclaren в LSC (type #11 | index #3)', 'money', '2024-05-22 17:10:00'),
	(2871, 3, 0, '-60000$ CASH | Покупка тюнинга т/с mclaren в LSC (type #12 | index #2)', 'money', '2024-05-22 17:10:03'),
	(2872, 3, 0, '-30000$ CASH | Покупка тюнинга т/с mclaren в LSC (type #13 | index #2)', 'money', '2024-05-22 17:10:08'),
	(2873, 3, 0, '-40000$ CASH | Покупка тюнинга т/с mclaren в LSC (type #15 | index #3)', 'money', '2024-05-22 17:10:11'),
	(2874, 3, 0, '-5000$ CASH | Покупка тюнинга т/с mclaren в LSC (type #55 | index #0)', 'money', '2024-05-22 17:10:13'),
	(2875, 3, 0, '-5000$ CASH | Покупка тюнинга т/с mclaren в LSC (type #22 | index #0)', 'money', '2024-05-22 17:10:14'),
	(2876, 3, 0, '-5000$ CASH | Покупка тюнинга т/с mclaren в LSC (type #62 | index #0)', 'money', '2024-05-22 17:10:16'),
	(2877, 3, 0, '-5000$ CASH | Покупка тюнинга т/с mclaren в LSC (type #100 | index #0)', 'money', '2024-05-22 17:10:17'),
	(2878, 3, 0, '-620000$ CASH | Покупка тюнинга т/с mclaren в LSC (type #23 | index #123)', 'money', '2024-05-22 17:10:38'),
	(2879, 3, 0, '-15$ CASH | Покупка в 24/7 chocolate', 'money', '2024-05-22 17:12:28'),
	(2880, 3, 0, '-150$ CASH | Покупка в 24/7 canister', 'money', '2024-05-22 17:12:39'),
	(2881, 3, 0, '-260$ CASH | Заправка канистры на АЗС #54', 'money', '2024-05-22 17:12:56'),
	(2882, 3, 0, '-260$ CASH | Заправка канистры на АЗС #54', 'money', '2024-05-22 17:13:02'),
	(2883, 3, 0, 'Положил \'Канистра\' (#887) | Среда: Vehicle #440', 'inventory', '2024-05-22 17:13:49'),
	(2884, 3, 0, 'Деавторизовал персонажа', 'characterInit', '2024-05-22 17:16:21'),
	(2885, 3, NULL, '+240000$ BANK | Слет бизнеса #89', 'money', '2024-05-23 10:28:23'),
	(2886, 3, 0, 'Авторизовал персонажа (IP: 94.180.184.100)', 'characterInit', '2024-05-26 09:11:22'),
	(2887, 3, 0, '-125$ CASH | Ремонт т/с mclaren в LSC', 'money', '2024-05-26 09:14:01'),
	(2888, 3, 0, '-465000$ CASH | Покупка тюнинга т/с mclaren в LSC (type #23 | index #92)', 'money', '2024-05-26 09:14:32'),
	(2889, 3, 0, '-1450000$ CASH | Покупка в автосалоне т/с imorgon', 'money', '2024-05-26 09:34:03'),
	(2890, 3, 0, 'Деавторизовал персонажа', 'characterInit', '2024-05-26 09:34:53'),
	(2891, 1, 0, 'Авторизовал персонажа (IP: 95.52.96.88)', 'characterInit', '2024-05-27 11:34:36'),
	(2892, 1, 0, 'Авторизовал персонажа (IP: 95.52.96.88)', 'characterInit', '2024-05-27 12:36:17'),
	(2893, 1, 0, 'Деавторизовал персонажа', 'characterInit', '2024-05-27 12:38:02'),
	(2894, 11, NULL, '+7200000$ BANK | Слет дома #221', 'money', '2024-05-27 13:02:13'),
	(2895, 11, NULL, '+975000$ BANK | Слет автомобилей в гос после слета дома', 'money', '2024-05-27 13:02:14'),
	(2896, 17, 0, 'Авторизовал персонажа (IP: 95.24.36.215)', 'characterInit', '2024-05-27 15:54:02'),
	(2897, 17, 0, '-1000$ CASH | Покупка одежды tops. Variation #29. Texture #0', 'money', '2024-05-27 15:57:30'),
	(2898, 3, 1, 'Авторизовал персонажа (IP: 94.180.145.170)', 'characterInit', '2024-05-27 16:08:55'),
	(2899, 3, 1, 'Взял оружие Полицейская дубинка со склада LSPD', 'faction', '2024-05-27 16:10:41'),
	(2900, 3, 1, 'Взял оружие Stun Gun со склада LSPD', 'faction', '2024-05-27 16:10:41'),
	(2901, 3, 1, 'Взял оружие Combat Pistol со склада LSPD', 'faction', '2024-05-27 16:10:42'),
	(2902, 3, 1, 'Взял оружие Carbine Rifle со склада LSPD', 'faction', '2024-05-27 16:10:45'),
	(2903, 17, 0, 'Выкинул \'Верхняя одежда\' (#891)', 'inventory', '2024-05-27 16:11:06'),
	(2904, 3, 1, 'Деавторизовал персонажа', 'characterInit', '2024-05-27 16:11:24'),
	(2905, 3, 1, 'Авторизовал персонажа (IP: 94.180.145.170)', 'characterInit', '2024-05-27 16:17:16'),
	(2906, 3, 1, '-500$ CASH | Передача денег на руки от игрока #3 игроку #17', 'money', '2024-05-27 16:18:41'),
	(2907, 17, 0, '+500$ CASH | ', 'money', '2024-05-27 16:18:41'),
	(2908, 3, 1, '+2$ CASH | ', 'money', '2024-05-27 16:24:45'),
	(2909, 17, 0, '-2$ CASH | Передача денег на руки от игрока #17 игроку #3', 'money', '2024-05-27 16:24:45'),
	(2910, 17, 0, '+1500$ CASH | Арест игрока Erick Jaison в КПЗ', 'money', '2024-05-27 16:24:50'),
	(2911, 3, 1, 'Деавторизовал персонажа', 'characterInit', '2024-05-27 16:25:58'),
	(2912, 3, 1, 'Авторизовал персонажа (IP: 94.180.145.170)', 'characterInit', '2024-05-27 16:34:28'),
	(2913, 3, 1, 'Деавторизовал персонажа', 'characterInit', '2024-05-27 16:34:33'),
	(2914, 3, 1, 'Авторизовал персонажа (IP: 94.180.145.170)', 'characterInit', '2024-05-27 16:36:36'),
	(2915, 17, 0, 'Авторизовал персонажа (IP: 95.24.36.215)', 'characterInit', '2024-05-27 16:37:14'),
	(2916, 3, 1, 'Деавторизовал персонажа', 'characterInit', '2024-05-27 16:41:09'),
	(2917, 17, 0, 'Деавторизовал персонажа', 'characterInit', '2024-05-27 16:54:49'),
	(2918, 11, NULL, '+1080000$ BANK | Слет бизнеса #30', 'money', '2024-05-27 20:48:28'),
	(2919, 1, 0, 'Авторизовал персонажа (IP: 95.52.96.88)', 'characterInit', '2024-05-28 18:48:16'),
	(2920, 1, 0, 'Деавторизовал персонажа', 'characterInit', '2024-05-28 18:58:41'),
	(2921, 1, 0, 'Авторизовал персонажа (IP: 95.52.96.88)', 'characterInit', '2024-05-29 11:25:34'),
	(2922, 1, 0, 'Авторизовал персонажа (IP: 95.52.96.88)', 'characterInit', '2024-05-29 11:28:45'),
	(2923, 1, 0, '-38790$ CASH | Взятие т/с golf1 с парковки', 'money', '2024-05-29 11:31:21'),
	(2924, 1, 0, 'Авторизовал персонажа (IP: 95.52.96.88)', 'characterInit', '2024-05-29 11:44:15'),
	(2925, 1, 0, '+600$ BANK | Зарплата организации x0.1 Lifeinvader', 'money', '2024-05-29 12:00:05'),
	(2926, 1, 0, 'Авторизовал персонажа (IP: 95.52.96.88)', 'characterInit', '2024-05-29 14:42:46'),
	(2927, 1, 0, 'Авторизовал персонажа (IP: 95.52.96.88)', 'characterInit', '2024-05-29 17:58:54'),
	(2928, 1, 0, 'Авторизовал персонажа (IP: 95.52.96.88)', 'characterInit', '2024-05-29 18:14:22'),
	(2929, 1, 0, 'Деавторизовал персонажа', 'characterInit', '2024-05-29 18:17:15'),
	(2930, 3, 0, 'Авторизовал персонажа (IP: 94.180.145.170)', 'characterInit', '2024-05-29 20:23:13'),
	(2931, 3, 0, '-770000$ BANK | Оплата налогов за дом', 'money', '2024-05-29 20:29:24'),
	(2932, 1, NULL, '+11$ BANK | Перевод средств от #3', 'money', '2024-05-29 20:29:32'),
	(2933, 3, 0, '-11$ BANK | Перевод средств для #1', 'money', '2024-05-29 20:29:32'),
	(2934, 3, 0, '-222$ BANK | Перевод средств для #5', 'money', '2024-05-29 20:29:53'),
	(2935, 5, NULL, '+222$ BANK | Перевод средств от #3', 'money', '2024-05-29 20:29:53'),
	(2936, 3, 0, '-450$ CASH | Отправка объявления', 'money', '2024-05-29 20:30:01'),
	(2937, 3, 0, '-3000 фишек (Прокрутка колеса)', 'casino', '2024-05-29 20:32:06'),
	(2938, 3, 0, '+15000 фишек (Выигрыш в колесе удачи)', 'casino', '2024-05-29 20:32:06'),
	(2939, 3, 0, 'Выкинул \'Кирка\' (#829)', 'inventory', '2024-05-29 20:33:26'),
	(2940, 3, 0, '-125$ CASH | Ремонт т/с chiron в LSC', 'money', '2024-05-29 20:34:34'),
	(2941, 3, 0, '-125$ CASH | Ремонт т/с chiron в LSC', 'money', '2024-05-29 20:34:36'),
	(2942, 3, 0, 'Деавторизовал персонажа', 'characterInit', '2024-05-29 20:38:09'),
	(2943, 1, 0, 'Авторизовал персонажа (IP: 95.52.96.88)', 'characterInit', '2024-05-30 09:26:00'),
	(2944, 1, 0, 'Авторизовал персонажа (IP: 95.52.96.88)', 'characterInit', '2024-05-30 09:29:56'),
	(2945, 1, 0, 'Авторизовал персонажа (IP: 95.52.96.88)', 'characterInit', '2024-05-30 09:31:15'),
	(2946, 1, 0, 'Авторизовал персонажа (IP: 95.52.96.88)', 'characterInit', '2024-05-30 09:40:48'),
	(2947, 1, 0, 'Авторизовал персонажа (IP: 95.52.96.88)', 'characterInit', '2024-05-30 09:41:16'),
	(2948, 3, 1, 'Авторизовал персонажа (IP: 94.180.145.170)', 'characterInit', '2024-05-30 09:47:12'),
	(2949, 3, 1, 'Авторизовал персонажа (IP: 94.180.145.170)', 'characterInit', '2024-05-30 09:47:55'),
	(2950, 1, 0, 'Авторизовал персонажа (IP: 95.52.96.88)', 'characterInit', '2024-05-30 09:48:23'),
	(2951, 3, 1, 'Деавторизовал персонажа', 'characterInit', '2024-05-30 09:49:09'),
	(2952, 3, 1, 'Авторизовал персонажа (IP: 94.180.145.170)', 'characterInit', '2024-05-30 09:51:02'),
	(2953, 3, 1, 'Авторизовал персонажа (IP: 94.180.145.170)', 'characterInit', '2024-05-30 09:52:06'),
	(2954, 3, 1, 'Деавторизовал персонажа', 'characterInit', '2024-05-30 09:52:26'),
	(2955, 1, 0, 'Авторизовал персонажа (IP: 95.52.96.88)', 'characterInit', '2024-05-30 09:57:02'),
	(2956, 1, 0, 'Авторизовал персонажа (IP: 95.52.96.88)', 'characterInit', '2024-05-30 10:04:25'),
	(2957, 1, 0, '-990$ CASH | Взятие т/с golf1 с парковки', 'money', '2024-05-30 10:15:47'),
	(2958, 1, 0, '-125$ CASH | Ремонт т/с golf1 в LSC', 'money', '2024-05-30 10:17:47'),
	(2959, 3, 1, 'Авторизовал персонажа (IP: 94.180.145.170)', 'characterInit', '2024-05-30 10:21:29'),
	(2960, 3, 1, 'Деавторизовал персонажа', 'characterInit', '2024-05-30 10:21:53'),
	(2961, 3, 1, 'Авторизовал персонажа (IP: 94.180.145.170)', 'characterInit', '2024-05-30 10:22:58'),
	(2962, 3, 1, 'Авторизовал персонажа (IP: 94.180.145.170)', 'characterInit', '2024-05-30 10:43:28'),
	(2963, 3, 1, 'Деавторизовал персонажа', 'characterInit', '2024-05-30 10:44:45'),
	(2964, 3, 1, 'Авторизовал персонажа (IP: 94.180.145.170)', 'characterInit', '2024-05-30 10:51:46'),
	(2965, 3, 1, 'Деавторизовал персонажа', 'characterInit', '2024-05-30 10:52:26'),
	(2966, 1, 0, 'Авторизовал персонажа (IP: 95.52.96.88)', 'characterInit', '2024-05-30 10:54:05'),
	(2967, 1, 0, 'Авторизовал персонажа (IP: 95.52.96.88)', 'characterInit', '2024-05-30 11:49:09'),
	(2968, 1, 0, 'Авторизовал персонажа (IP: 95.52.96.88)', 'characterInit', '2024-05-30 11:50:49'),
	(2969, 1, 0, 'Авторизовал персонажа (IP: 95.52.96.88)', 'characterInit', '2024-05-30 11:59:11'),
	(2970, 1, 0, 'Авторизовал персонажа (IP: 95.52.96.88)', 'characterInit', '2024-05-30 12:01:14'),
	(2971, 1, 1, 'Авторизовал персонажа (IP: 95.52.96.88)', 'characterInit', '2024-05-30 12:04:35'),
	(2972, 1, 0, 'Авторизовал персонажа (IP: 95.52.96.88)', 'characterInit', '2024-05-30 12:11:09'),
	(2973, 1, 0, 'Авторизовал персонажа (IP: 95.52.96.88)', 'characterInit', '2024-05-30 12:15:04'),
	(2974, 1, 0, 'Авторизовал персонажа (IP: 95.52.96.88)', 'characterInit', '2024-05-30 12:27:28'),
	(2975, 1, 0, 'Авторизовал персонажа (IP: 95.52.96.88)', 'characterInit', '2024-05-30 12:30:37'),
	(2976, 1, 0, 'Авторизовал персонажа (IP: 95.52.96.88)', 'characterInit', '2024-05-30 12:40:27'),
	(2977, 1, 0, 'Авторизовал персонажа (IP: 95.52.96.88)', 'characterInit', '2024-05-30 14:10:10'),
	(2978, 1, 0, 'Авторизовал персонажа (IP: 95.52.96.88)', 'characterInit', '2024-05-30 14:22:07'),
	(2979, 1, 0, 'Авторизовал персонажа (IP: 95.52.96.88)', 'characterInit', '2024-05-30 14:40:17'),
	(2980, 1, 0, 'Авторизовал персонажа (IP: 95.52.96.88)', 'characterInit', '2024-05-30 15:09:20'),
	(2981, 1, 0, 'Авторизовал персонажа (IP: 95.52.96.88)', 'characterInit', '2024-05-30 15:12:13'),
	(2982, 1, 0, 'Деавторизовал персонажа', 'characterInit', '2024-05-30 15:22:12'),
	(2983, 3, 0, 'Авторизовал персонажа (IP: 94.180.145.170)', 'characterInit', '2024-05-30 19:22:23'),
	(2984, 3, 0, 'Деавторизовал персонажа', 'characterInit', '2024-05-30 19:58:47'),
	(2985, 3, 0, 'Авторизовал персонажа (IP: 94.180.145.170)', 'characterInit', '2024-05-31 06:30:59'),
	(2986, 3, 0, '-1000$ CASH | Респавн авто организации #1', 'money', '2024-05-31 06:32:29'),
	(2987, 3, 0, '+400$ BANK | Зарплата организации x0.1 Government', 'money', '2024-05-31 07:00:08'),
	(2988, 3, 0, 'Выкинул \'Брюки\' (#913)', 'inventory', '2024-05-31 07:08:27'),
	(2989, 3, 0, 'Выкинул \'Stun Gun\' (#899)', 'inventory', '2024-05-31 07:08:31'),
	(2990, 3, 0, 'Выкинул \'Полицейская дубинка\' (#898)', 'inventory', '2024-05-31 07:08:32'),
	(2991, 3, 0, 'Выкинул \'Дрон\' (#897)', 'inventory', '2024-05-31 07:08:33'),
	(2992, 3, 0, 'Выкинул \'Combat Pistol\' (#900)', 'inventory', '2024-05-31 07:08:35'),
	(2993, 3, 0, 'Выкинул \'Патроны 7.62mm\' (#906)', 'inventory', '2024-05-31 07:08:37'),
	(2994, 3, 0, 'Выкинул \'Патроны 12mm\' (#907)', 'inventory', '2024-05-31 07:08:38'),
	(2995, 3, 0, 'Выкинул \'Патроны 12mm\' (#908)', 'inventory', '2024-05-31 07:08:38'),
	(2996, 3, 0, 'Выкинул \'Патроны 7.62mm\' (#905)', 'inventory', '2024-05-31 07:08:39'),
	(2997, 3, 0, 'Выкинул \'Патроны 7.62mm\' (#903)', 'inventory', '2024-05-31 07:08:41'),
	(2998, 3, 0, 'Выкинул \'Патроны 7.62mm\' (#902)', 'inventory', '2024-05-31 07:08:42'),
	(2999, 3, 0, 'Выкинул \'Патроны 7.62mm\' (#904)', 'inventory', '2024-05-31 07:08:43'),
	(3000, 3, 0, 'Выкинул \'Патроны 5.56mm\' (#911)', 'inventory', '2024-05-31 07:08:44'),
	(3001, 3, 0, 'Выкинул \'Патроны 5.56mm\' (#910)', 'inventory', '2024-05-31 07:08:45'),
	(3002, 3, 0, 'Выкинул \'Патроны 5.56mm\' (#909)', 'inventory', '2024-05-31 07:08:46'),
	(3003, 3, 0, 'Выкинул \'Патроны 5.56mm\' (#912)', 'inventory', '2024-05-31 07:08:47'),
	(3004, 3, 0, 'Выкинул \'Малая аптечка\' (#896)', 'inventory', '2024-05-31 07:08:48'),
	(3005, 3, 0, 'Выкинул \'Наручники\' (#894)', 'inventory', '2024-05-31 07:08:50'),
	(3006, 3, 0, 'Выкинул \'Каменный топор\' (#878)', 'inventory', '2024-05-31 07:08:51'),
	(3007, 3, 0, 'Выкинул \'Наручники\' (#893)', 'inventory', '2024-05-31 07:08:55'),
	(3008, 3, 0, 'Выкинул \'Carbine Rifle\' (#901)', 'inventory', '2024-05-31 07:09:09'),
	(3009, 3, 0, 'Взял оружие Advanced Rifle со склада Government', 'faction', '2024-05-31 07:09:23'),
	(3010, 3, 0, 'Выкинул \'Патроны 7.62mm\' (#915)', 'inventory', '2024-05-31 07:09:43'),
	(3011, 3, 0, 'Поднял \'Дрон\' (#897)', 'inventory', '2024-05-31 07:09:44'),
	(3012, 3, 0, 'Выкинул \'Дрон\' (#897)', 'inventory', '2024-05-31 07:09:50'),
	(3013, 3, 0, '+390$ BANK | Зарплата организации x0.1 FIB', 'money', '2024-05-31 08:00:09'),
	(3014, 3, 0, 'Выкинул \'Advanced Rifle\' (#914)', 'inventory', '2024-05-31 08:01:55'),
	(3015, 3, 0, 'Забрал \'Сигареты\' (#10019) | Среда: Faction #3', 'inventory', '2024-05-31 08:20:52'),
	(3016, 3, 0, 'Забрал \'Сигареты\' (#10022) | Среда: Faction #3', 'inventory', '2024-05-31 08:20:54'),
	(3017, 3, 0, 'Забрал \'Патроны 7.62mm\' (#10036) | Среда: Faction #3', 'inventory', '2024-05-31 08:20:58'),
	(3018, 3, 0, 'Выкинул \'Патроны 7.62mm\' (#925)', 'inventory', '2024-05-31 08:20:59'),
	(3019, 3, 0, 'Забрал \'Патроны 5.56mm\' (#10037) | Среда: Faction #3', 'inventory', '2024-05-31 08:21:00'),
	(3020, 3, 0, 'Выкинул \'Патроны 5.56mm\' (#926)', 'inventory', '2024-05-31 08:21:01'),
	(3021, 3, 0, 'Забрал \'Сигареты\' (#10032) | Среда: Faction #3', 'inventory', '2024-05-31 08:21:02'),
	(3022, 3, 0, 'Выкинул \'Сигареты\' (#927)', 'inventory', '2024-05-31 08:21:03'),
	(3023, 3, 0, 'Выкинул \'Сигареты\' (#924)', 'inventory', '2024-05-31 08:21:04'),
	(3024, 3, 0, 'Выкинул \'Сигареты\' (#923)', 'inventory', '2024-05-31 08:21:05'),
	(3025, 3, 0, 'Забрал \'Спички\' (#10031) | Среда: Faction #3', 'inventory', '2024-05-31 08:21:06'),
	(3026, 3, 0, 'Выкинул \'Спички\' (#928)', 'inventory', '2024-05-31 08:21:14'),
	(3027, 3, 0, 'Деавторизовал персонажа', 'characterInit', '2024-05-31 08:58:25'),
	(3028, 3, 0, 'Авторизовал персонажа (IP: 94.180.145.170)', 'characterInit', '2024-05-31 09:21:24'),
	(3029, 3, 0, 'Деавторизовал персонажа', 'characterInit', '2024-05-31 09:24:27'),
	(3030, 3, 0, 'Авторизовал персонажа (IP: 94.180.145.170)', 'characterInit', '2024-05-31 13:52:04'),
	(3031, 3, 0, '+290$ BANK | Зарплата организации x0.1 LSPD', 'money', '2024-05-31 15:00:09'),
	(3032, 3, 0, 'Деавторизовал персонажа', 'characterInit', '2024-05-31 15:44:00'),
	(3033, 3, 0, 'Авторизовал персонажа (IP: 94.180.143.170)', 'characterInit', '2024-06-03 09:56:37'),
	(3034, 3, 0, '-390$ CASH | Покупка напитка в баре', 'money', '2024-06-03 09:58:55'),
	(3035, 3, 0, 'Деавторизовал персонажа', 'characterInit', '2024-06-03 10:03:08'),
	(3036, 3, 0, 'Авторизовал персонажа (IP: 94.180.143.170)', 'characterInit', '2024-06-03 10:04:38'),
	(3037, 3, 0, 'Деавторизовал персонажа', 'characterInit', '2024-06-03 10:05:04'),
	(3038, 3, 0, 'Авторизовал персонажа (IP: 94.180.143.170)', 'characterInit', '2024-06-03 10:52:28'),
	(3039, 3, 0, '-9000$ CASH | Купил удочку.', 'money', '2024-06-03 10:52:57'),
	(3040, 3, 0, '+2110$ CASH | Продажа рыбы. bonusPay - x1', 'money', '2024-06-03 10:54:36'),
	(3041, 3, 0, '-44$ CASH | Покупка в закусочной hamburger', 'money', '2024-06-03 10:56:07'),
	(3042, 3, 0, '-22$ CASH | Покупка в закусочной cola', 'money', '2024-06-03 10:56:10'),
	(3043, 3, 0, '-33$ CASH | Покупка в закусочной pizza', 'money', '2024-06-03 10:56:12'),
	(3044, 3, 0, '-100$ CASH | Вход в кинотеатр', 'money', '2024-06-03 11:17:08'),
	(3045, 3, 0, 'Деавторизовал персонажа', 'characterInit', '2024-06-03 11:17:35'),
	(3046, 3, 0, 'Авторизовал персонажа (IP: 94.180.143.170)', 'characterInit', '2024-06-07 18:59:19'),
	(3047, 3, 0, 'Деавторизовал персонажа', 'characterInit', '2024-06-07 19:11:36'),
	(3048, 1, 0, 'Авторизовал персонажа (IP: 95.52.96.88)', 'characterInit', '2024-06-11 11:13:40'),
	(3049, 1, 0, 'Деавторизовал персонажа', 'characterInit', '2024-06-11 11:15:57'),
	(3050, 1, 0, 'Авторизовал персонажа (IP: 95.52.96.88)', 'characterInit', '2024-06-11 11:16:58'),
	(3051, 1, 0, 'Деавторизовал персонажа', 'characterInit', '2024-06-11 11:21:15'),
	(3052, 1, 0, 'Авторизовал персонажа (IP: 95.52.96.88)', 'characterInit', '2024-06-11 11:22:22'),
	(3053, 1, 0, 'Деавторизовал персонажа', 'characterInit', '2024-06-11 11:24:03'),
	(3054, 1, 0, 'Авторизовал персонажа (IP: 95.52.96.88)', 'characterInit', '2024-06-11 11:48:00'),
	(3055, 1, 0, 'Деавторизовал персонажа', 'characterInit', '2024-06-11 11:49:05'),
	(3056, 1, 0, 'Авторизовал персонажа (IP: 95.52.96.88)', 'characterInit', '2024-06-11 11:50:09'),
	(3057, 1, 0, 'Деавторизовал персонажа', 'characterInit', '2024-06-11 11:50:23'),
	(3058, 1, 0, 'Авторизовал персонажа (IP: 95.52.96.88)', 'characterInit', '2024-06-11 11:58:08'),
	(3059, 1, 0, 'Авторизовал персонажа (IP: 95.52.96.88)', 'characterInit', '2024-06-11 12:00:43'),
	(3060, 1, 0, 'Авторизовал персонажа (IP: 95.52.96.88)', 'characterInit', '2024-06-11 12:06:50'),
	(3061, 1, 0, 'Авторизовал персонажа (IP: 95.52.96.88)', 'characterInit', '2024-06-11 12:10:19'),
	(3062, 18, 1, 'Авторизовал персонажа (IP: 94.253.27.132)', 'characterInit', '2024-06-11 12:17:23'),
	(3063, 1, 0, 'Авторизовал персонажа (IP: 95.52.96.88)', 'characterInit', '2024-06-11 12:23:42'),
	(3064, 18, 0, 'Авторизовал персонажа (IP: 94.253.27.132)', 'characterInit', '2024-06-11 12:28:56'),
	(3065, 1, 1, 'Авторизовал персонажа (IP: 95.52.96.88)', 'characterInit', '2024-06-11 12:29:40'),
	(3066, 1, 1, '-500$ CASH | Передача денег на руки от игрока #1 игроку #18', 'money', '2024-06-11 12:38:53'),
	(3067, 18, 0, '+500$ CASH | ', 'money', '2024-06-11 12:38:53'),
	(3068, 1, 1, '-180$ CASH | Отправка объявления', 'money', '2024-06-11 12:49:28'),
	(3069, 1, 1, '-500 фишек (Ставка в рулетке)', 'casino', '2024-06-11 12:52:27'),
	(3070, 1, 1, '-500 фишек (Ставка в рулетке)', 'casino', '2024-06-11 12:52:32'),
	(3071, 1, 1, '+290$ BANK | Зарплата организации x0.1 LSPD', 'money', '2024-06-11 13:00:47'),
	(3072, 18, 0, '+400$ BANK | Зарплата организации x0.1 Government', 'money', '2024-06-11 13:00:47'),
	(3073, 18, 0, 'Деавторизовал персонажа', 'characterInit', '2024-06-11 13:21:40'),
	(3074, 1, 1, 'Деавторизовал персонажа', 'characterInit', '2024-06-11 13:23:36'),
	(3075, 1, 0, 'Авторизовал персонажа (IP: 188.65.242.19)', 'characterInit', '2024-06-11 18:51:59'),
	(3076, 1, 0, 'Деавторизовал персонажа', 'characterInit', '2024-06-11 18:52:13'),
	(3077, 1, 0, 'Авторизовал персонажа (IP: 188.65.242.19)', 'characterInit', '2024-06-11 18:53:21'),
	(3078, 1, 0, 'Авторизовал персонажа (IP: 188.65.242.19)', 'characterInit', '2024-06-11 19:50:21'),
	(3079, 1, 0, 'Авторизовал персонажа (IP: 188.65.242.19)', 'characterInit', '2024-06-11 19:57:50'),
	(3080, 1, 0, '-13365$ CASH | Взятие т/с golf1 с парковки', 'money', '2024-06-11 19:58:07'),
	(3081, 1, 0, '-1000000$ CASH | Покупка дома #274 у государства', 'money', '2024-06-11 19:58:28'),
	(3082, 1, 0, '-300$ CASH | Доставка т/с к дому', 'money', '2024-06-11 19:58:50'),
	(3083, 1, 0, 'Авторизовал персонажа (IP: 188.65.242.19)', 'characterInit', '2024-06-11 20:04:03'),
	(3084, 1, 0, 'Авторизовал персонажа (IP: 188.65.242.19)', 'characterInit', '2024-06-11 20:13:16'),
	(3085, 1, 0, 'Деавторизовал персонажа', 'characterInit', '2024-06-11 20:21:16'),
	(3086, 18, 0, 'Авторизовал персонажа (IP: 94.253.27.132)', 'characterInit', '2024-06-11 21:30:08'),
	(3087, 18, 0, 'Деавторизовал персонажа', 'characterInit', '2024-06-11 21:41:17'),
	(3088, 18, 0, 'Авторизовал персонажа (IP: 94.253.27.132)', 'characterInit', '2024-06-12 08:54:48'),
	(3089, 18, 0, 'Деавторизовал персонажа', 'characterInit', '2024-06-12 09:18:25'),
	(3090, 1, 0, 'Авторизовал персонажа (IP: 188.65.242.19)', 'characterInit', '2024-06-12 10:00:08'),
	(3091, 1, 0, '-125$ CASH | Ремонт т/с golf1 в LSC', 'money', '2024-06-12 10:02:00'),
	(3092, 1, 0, 'Авторизовал персонажа (IP: 188.65.242.19)', 'characterInit', '2024-06-12 10:27:24'),
	(3093, 1, 0, '-100000$ CASH | Покупка в автосалоне т/с rs6', 'money', '2024-06-12 10:28:53'),
	(3094, 1, 0, '-300$ CASH | Доставка т/с к дому', 'money', '2024-06-12 10:29:02'),
	(3095, 1, 0, '-125$ CASH | Ремонт т/с Audi RS6 AVANT в LSC', 'money', '2024-06-12 10:30:23'),
	(3096, 1, 0, 'Авторизовал персонажа (IP: 188.65.242.19)', 'characterInit', '2024-06-12 11:04:31'),
	(3097, 1, 0, 'Авторизовал персонажа (IP: 188.65.242.19)', 'characterInit', '2024-06-12 11:12:59'),
	(3098, 1, 0, 'Авторизовал персонажа (IP: 188.65.242.19)', 'characterInit', '2024-06-12 11:27:21'),
	(3099, 1, 0, '-300$ CASH | Доставка т/с к дому', 'money', '2024-06-12 11:53:40'),
	(3100, 1, 0, '-125$ CASH | Ремонт т/с Audi RS6 AVANT в LSC', 'money', '2024-06-12 11:56:07'),
	(3101, 1, 0, '-2000$ CASH | Покупка тюнинга т/с Audi RS6 AVANT в LSC (type #23 | index #3)', 'money', '2024-06-12 11:56:25'),
	(3102, 1, 0, '+290$ BANK | Зарплата организации x0.1 LSPD', 'money', '2024-06-12 12:00:29'),
	(3103, 1, 0, 'Деавторизовал персонажа', 'characterInit', '2024-06-12 12:02:45'),
	(3104, 1, 0, 'Авторизовал персонажа (IP: 188.65.242.19)', 'characterInit', '2024-06-12 12:04:51'),
	(3105, 1, 0, 'Деавторизовал персонажа', 'characterInit', '2024-06-12 12:06:26'),
	(3106, 1, 0, 'Авторизовал персонажа (IP: 188.65.242.19)', 'characterInit', '2024-06-12 12:08:43'),
	(3107, 1, 0, 'Авторизовал персонажа (IP: 188.65.242.19)', 'characterInit', '2024-06-12 13:07:19'),
	(3108, 1, 0, '-125$ CASH | Ремонт т/с Audi RS6 AVANT в LSC', 'money', '2024-06-12 13:08:32'),
	(3109, 1, 0, 'Авторизовал персонажа (IP: 188.65.242.19)', 'characterInit', '2024-06-12 13:13:51'),
	(3110, 1, 0, 'Авторизовал персонажа (IP: 188.65.242.19)', 'characterInit', '2024-06-12 13:17:14'),
	(3111, 1, 0, '-0$ CASH | Покупка тюнинга т/с Audi RS6 AVANT в LSC (type #null | index #-1)', 'money', '2024-06-12 13:24:02'),
	(3112, 1, 0, 'Авторизовал персонажа (IP: 188.65.242.19)', 'characterInit', '2024-06-12 13:32:49'),
	(3113, 1, 0, 'Авторизовал персонажа (IP: 188.65.242.19)', 'characterInit', '2024-06-12 13:35:20'),
	(3114, 1, 0, '-125$ CASH | Ремонт т/с Audi RS6 AVANT в LSC', 'money', '2024-06-12 13:38:39'),
	(3115, 1, 0, '+290$ BANK | Зарплата организации x0.1 LSPD', 'money', '2024-06-12 14:00:20'),
	(3116, 18, 1, 'Авторизовал персонажа (IP: 94.253.27.132)', 'characterInit', '2024-06-12 14:27:33'),
	(3117, 18, 1, 'Деавторизовал персонажа', 'characterInit', '2024-06-12 14:29:07'),
	(3118, 18, 1, 'Авторизовал персонажа (IP: 94.253.27.132)', 'characterInit', '2024-06-12 14:35:57'),
	(3119, 18, 1, '-100$ CASH | Покупка одежды ears. Variation #12. Texture #0', 'money', '2024-06-12 14:38:40'),
	(3120, 18, 1, '-100$ CASH | Покупка одежды glasses. Variation #9. Texture #0', 'money', '2024-06-12 14:38:45'),
	(3121, 18, 1, '-100$ CASH | Покупка одежды watches. Variation #12. Texture #0', 'money', '2024-06-12 14:38:49'),
	(3122, 18, 1, '-100$ CASH | Покупка одежды hats. Variation #16. Texture #0', 'money', '2024-06-12 14:39:02'),
	(3123, 18, 1, '-200$ CASH | Покупка одежды tops. Variation #14. Texture #0', 'money', '2024-06-12 14:39:14'),
	(3124, 18, 1, '-85$ CASH | Покупка одежды pants. Variation #55. Texture #0', 'money', '2024-06-12 14:39:23'),
	(3125, 18, 1, '-3$ CASH | Покупка одежды shoes. Variation #6. Texture #0', 'money', '2024-06-12 14:39:27'),
	(3126, 18, 1, '-225$ CASH | Покупка телефона', 'money', '2024-06-12 14:40:53'),
	(3127, 18, 1, '-360$ CASH | Отправка объявления', 'money', '2024-06-12 14:41:34'),
	(3128, 18, 1, '+400$ BANK | Зарплата организации x0.1 U.S. Army', 'money', '2024-06-12 15:00:46'),
	(3129, 18, 1, '-54300$ CASH | Покупка дома #93 у государства', 'money', '2024-06-12 15:07:39'),
	(3130, 18, 1, '-450000$ CASH | Покупка в автосалоне т/с feltzer2', 'money', '2024-06-12 15:09:21'),
	(3131, 18, 1, '-450000$ CASH | Покупка в автосалоне т/с specter2', 'money', '2024-06-12 15:10:13'),
	(3132, 18, 1, '-10000000$ CASH | Покупка фишек в казино', 'money', '2024-06-12 15:13:08'),
	(3133, 18, 1, '+1000000 фишек (Покупка в казино)', 'casino', '2024-06-12 15:13:08'),
	(3134, 18, 1, '-3000 фишек (Прокрутка колеса)', 'casino', '2024-06-12 15:13:31'),
	(3135, 18, 1, '+40000$ CASH | Выигрыш в колесе удачи', 'money', '2024-06-12 15:13:31'),
	(3136, 18, 1, '-900 фишек (Ставка в рулетке)', 'casino', '2024-06-12 15:14:23'),
	(3137, 18, 1, '-900 фишек (Ставка в рулетке)', 'casino', '2024-06-12 15:14:27'),
	(3138, 18, 1, '-900 фишек (Ставка в рулетке)', 'casino', '2024-06-12 15:14:30'),
	(3139, 18, 1, '-900 фишек (Ставка в рулетке)', 'casino', '2024-06-12 15:14:32'),
	(3140, 18, 1, '-2200 фишек (Ставка в рулетке)', 'casino', '2024-06-12 15:14:43'),
	(3141, 18, 1, '-2200 фишек (Ставка в рулетке)', 'casino', '2024-06-12 15:14:46'),
	(3142, 18, 1, '-2200 фишек (Ставка в рулетке)', 'casino', '2024-06-12 15:14:48'),
	(3143, 18, 1, '-2200 фишек (Ставка в рулетке)', 'casino', '2024-06-12 15:14:50'),
	(3144, 18, 1, '-2200 фишек (Ставка в рулетке)', 'casino', '2024-06-12 15:15:48'),
	(3145, 18, 1, '-2200 фишек (Ставка в рулетке)', 'casino', '2024-06-12 15:15:52'),
	(3146, 18, 1, '-2200 фишек (Ставка в рулетке)', 'casino', '2024-06-12 15:15:54'),
	(3147, 18, 1, '-2200 фишек (Ставка в рулетке)', 'casino', '2024-06-12 15:15:56'),
	(3148, 18, 1, '-2200 фишек (Ставка в рулетке)', 'casino', '2024-06-12 15:16:02'),
	(3149, 1, 0, 'Авторизовал персонажа (IP: 188.65.242.7)', 'characterInit', '2024-06-12 15:16:48'),
	(3150, 1, 0, '-125$ CASH | Ремонт т/с Audi RS6 AVANT в LSC', 'money', '2024-06-12 15:17:46'),
	(3151, 1, 0, 'Авторизовал персонажа (IP: 188.65.242.7)', 'characterInit', '2024-06-12 15:20:53'),
	(3152, 18, 1, 'Авторизовал персонажа (IP: 94.253.27.132)', 'characterInit', '2024-06-12 15:21:00'),
	(3153, 1, 0, '-125$ CASH | Ремонт т/с Audi RS6 AVANT в LSC', 'money', '2024-06-12 15:21:48'),
	(3154, 1, 0, '-0$ CASH | Покупка тюнинга т/с Audi RS6 AVANT в LSC (type #null | index #-1)', 'money', '2024-06-12 15:22:55'),
	(3155, 18, 1, '-543$ BANK | Покупка улучшения "holder" для дома #93', 'money', '2024-06-12 15:24:29'),
	(3156, 1, 0, 'Авторизовал персонажа (IP: 188.65.242.7)', 'characterInit', '2024-06-12 15:31:21'),
	(3157, 1, 0, 'Авторизовал персонажа (IP: 188.65.242.7)', 'characterInit', '2024-06-12 15:32:56'),
	(3158, 18, 1, 'Авторизовал персонажа (IP: 94.253.27.132)', 'characterInit', '2024-06-12 15:33:03'),
	(3159, 1, 0, '-125$ CASH | Ремонт т/с Audi RS6 AVANT в LSC', 'money', '2024-06-12 15:33:47'),
	(3160, 1, 0, '-0$ CASH | Покупка тюнинга т/с Audi RS6 AVANT в LSC (type #23 | index #-1)', 'money', '2024-06-12 15:34:01'),
	(3161, 1, 0, '-0$ CASH | Покупка тюнинга т/с Audi RS6 AVANT в LSC (type #23 | index #-1)', 'money', '2024-06-12 15:35:03'),
	(3162, 1, 0, 'Авторизовал персонажа (IP: 188.65.242.7)', 'characterInit', '2024-06-12 15:38:26'),
	(3163, 18, 1, 'Авторизовал персонажа (IP: 94.253.27.132)', 'characterInit', '2024-06-12 15:39:10'),
	(3164, 1, 0, 'Авторизовал персонажа (IP: 188.65.242.7)', 'characterInit', '2024-06-12 15:41:46'),
	(3165, 1, 0, 'Авторизовал персонажа (IP: 188.65.242.7)', 'characterInit', '2024-06-12 15:44:24'),
	(3166, 1, 0, '-125$ CASH | Ремонт т/с Audi RS6 AVANT в LSC', 'money', '2024-06-12 15:45:23'),
	(3167, 1, 0, '-0$ CASH | Покупка тюнинга т/с Audi RS6 AVANT в LSC (type #23 | index #-1)', 'money', '2024-06-12 15:45:32'),
	(3168, 1, 0, '-500$ CASH | Покупка тюнинга т/с Audi RS6 AVANT в LSC (type #23 | index #0)', 'money', '2024-06-12 15:45:36'),
	(3169, 1, 0, 'Авторизовал персонажа (IP: 188.65.242.7)', 'characterInit', '2024-06-12 15:51:33'),
	(3170, 1, 0, 'Авторизовал персонажа (IP: 188.65.242.7)', 'characterInit', '2024-06-12 15:54:38'),
	(3171, 1, 0, 'Авторизовал персонажа (IP: 188.65.242.7)', 'characterInit', '2024-06-12 15:59:48'),
	(3172, 1, 0, 'Авторизовал персонажа (IP: 188.65.242.7)', 'characterInit', '2024-06-12 16:04:23'),
	(3173, 1, 0, 'Авторизовал персонажа (IP: 188.65.242.7)', 'characterInit', '2024-06-12 16:07:54'),
	(3174, 1, 0, '-125$ CASH | Ремонт т/с Audi RS6 AVANT в LSC', 'money', '2024-06-12 16:08:56'),
	(3175, 1, 0, '-3000$ CASH | Покупка тюнинга т/с Audi RS6 AVANT в LSC (type #23 | index #5)', 'money', '2024-06-12 16:10:22'),
	(3176, 1, 0, '-2500$ CASH | Покупка тюнинга т/с Audi RS6 AVANT в LSC (type #23 | index #4)', 'money', '2024-06-12 16:11:16'),
	(3177, 1, 0, '-1500$ CASH | Покупка тюнинга т/с Audi RS6 AVANT в LSC (type #23 | index #2)', 'money', '2024-06-12 16:13:10'),
	(3178, 1, 0, '-0$ CASH | Покупка тюнинга т/с Audi RS6 AVANT в LSC (type #23 | index #-1)', 'money', '2024-06-12 16:13:14'),
	(3179, 1, 0, '-500$ CASH | Покупка тюнинга т/с Audi RS6 AVANT в LSC (type #23 | index #0)', 'money', '2024-06-12 16:13:16'),
	(3180, 1, 0, '-2500$ CASH | Покупка тюнинга т/с Audi RS6 AVANT в LSC (type #23 | index #4)', 'money', '2024-06-12 16:13:18'),
	(3181, 1, 0, '-1000$ CASH | Покупка тюнинга т/с Audi RS6 AVANT в LSC (type #23 | index #1)', 'money', '2024-06-12 16:13:25'),
	(3182, 1, 0, '-0$ CASH | Покупка тюнинга т/с Audi RS6 AVANT в LSC (type #23 | index #-1)', 'money', '2024-06-12 16:13:28'),
	(3183, 1, 0, '+10000000$ BANK | Команда от админа #1', 'money', '2024-06-12 16:16:09'),
	(3184, 1, 0, '-100000000$ BANK | Снятие со счета', 'money', '2024-06-12 16:16:30'),
	(3185, 1, 0, '+100000000$ CASH | Снятие со счета', 'money', '2024-06-12 16:16:30'),
	(3186, 1, 0, '-1500$ CASH | Покупка тюнинга т/с Audi RS6 AVANT в LSC (type #23 | index #2)', 'money', '2024-06-12 16:16:51'),
	(3187, 1, 0, 'Авторизовал персонажа (IP: 188.65.242.7)', 'characterInit', '2024-06-12 16:28:44'),
	(3188, 1, 0, '-125$ CASH | Ремонт т/с Audi RS6 AVANT в LSC', 'money', '2024-06-12 16:29:33'),
	(3189, 1, 0, 'Авторизовал персонажа (IP: 188.65.242.7)', 'characterInit', '2024-06-12 16:31:16'),
	(3190, 1, 0, 'Авторизовал персонажа (IP: 188.65.242.7)', 'characterInit', '2024-06-12 16:41:36'),
	(3191, 1, 0, 'Авторизовал персонажа (IP: 188.65.242.7)', 'characterInit', '2024-06-12 16:46:14'),
	(3192, 1, 0, '-500$ CASH | Покупка тюнинга т/с Audi RS6 AVANT в LSC (type #null | index #0)', 'money', '2024-06-12 16:47:07'),
	(3193, 1, 0, '-500$ CASH | Покупка тюнинга т/с Audi RS6 AVANT в LSC (type #null | index #0)', 'money', '2024-06-12 16:47:19'),
	(3194, 1, 0, 'Авторизовал персонажа (IP: 188.65.242.7)', 'characterInit', '2024-06-12 16:49:08'),
	(3195, 1, 0, '-500$ CASH | Покупка тюнинга т/с Audi RS6 AVANT в LSC (type #23 | index #0)', 'money', '2024-06-12 16:50:03'),
	(3196, 1, 0, '-1500$ CASH | Покупка тюнинга т/с Audi RS6 AVANT в LSC (type #23 | index #2)', 'money', '2024-06-12 16:50:05'),
	(3197, 1, 0, '-2000$ CASH | Покупка тюнинга т/с Audi RS6 AVANT в LSC (type #23 | index #3)', 'money', '2024-06-12 16:50:07'),
	(3198, 1, 0, '-0$ CASH | Покупка тюнинга т/с Audi RS6 AVANT в LSC (type #23 | index #-1)', 'money', '2024-06-12 16:50:13'),
	(3199, 1, 0, '-500$ CASH | Покупка тюнинга т/с Audi RS6 AVANT в LSC (type #4 | index #0)', 'money', '2024-06-12 16:50:26'),
	(3200, 1, 0, '-500$ CASH | Покупка тюнинга т/с Audi RS6 AVANT в LSC (type #3 | index #0)', 'money', '2024-06-12 16:50:29'),
	(3201, 1, 0, '-500$ CASH | Покупка тюнинга т/с Audi RS6 AVANT в LSC (type #2 | index #0)', 'money', '2024-06-12 16:50:33'),
	(3202, 1, 0, '-500$ CASH | Покупка тюнинга т/с Audi RS6 AVANT в LSC (type #1 | index #0)', 'money', '2024-06-12 16:50:36'),
	(3203, 1, 0, '-500$ CASH | Покупка тюнинга т/с Audi RS6 AVANT в LSC (type #0 | index #0)', 'money', '2024-06-12 16:50:40'),
	(3204, 1, 0, '-500$ CASH | Покупка тюнинга т/с Audi RS6 AVANT в LSC (type #100 | index #0)', 'money', '2024-06-12 16:50:42'),
	(3205, 1, 0, '-500$ CASH | Покупка тюнинга т/с Audi RS6 AVANT в LSC (type #22 | index #0)', 'money', '2024-06-12 16:50:45'),
	(3206, 1, 0, '-15000$ CASH | Покупка тюнинга т/с Audi RS6 AVANT в LSC (type #16 | index #4)', 'money', '2024-06-12 16:50:47'),
	(3207, 1, 0, '-3000$ CASH | Покупка тюнинга т/с Audi RS6 AVANT в LSC (type #15 | index #2)', 'money', '2024-06-12 16:50:50'),
	(3208, 1, 0, '-2000$ CASH | Покупка тюнинга т/с Audi RS6 AVANT в LSC (type #13 | index #1)', 'money', '2024-06-12 16:50:52'),
	(3209, 1, 0, '-6000$ CASH | Покупка тюнинга т/с Audi RS6 AVANT в LSC (type #12 | index #2)', 'money', '2024-06-12 16:50:54'),
	(3210, 1, 0, '-6000$ CASH | Покупка тюнинга т/с Audi RS6 AVANT в LSC (type #11 | index #2)', 'money', '2024-06-12 16:50:56'),
	(3211, 1, 0, '-125$ CASH | Ремонт т/с Audi RS6 AVANT в LSC', 'money', '2024-06-12 16:51:33'),
	(3212, 1, 0, '-1000$ CASH | Покупка тюнинга т/с Audi RS6 AVANT в LSC (type #55 | index #1)', 'money', '2024-06-12 16:51:38'),
	(3213, 1, 0, 'Авторизовал персонажа (IP: 188.65.242.7)', 'characterInit', '2024-06-12 19:11:29'),
	(3214, 1, 0, 'Авторизовал персонажа (IP: 188.65.242.7)', 'characterInit', '2024-06-12 19:30:01'),
	(3215, 1, 0, 'Деавторизовал персонажа', 'characterInit', '2024-06-12 19:30:45'),
	(3216, 1, 0, 'Авторизовал персонажа (IP: 188.65.242.7)', 'characterInit', '2024-06-12 19:36:22'),
	(3217, 1, 0, 'Деавторизовал персонажа', 'characterInit', '2024-06-12 19:39:01'),
	(3218, 1, NULL, '+600000$ BANK | Слет дома #274', 'money', '2024-06-12 19:58:29'),
	(3219, 1, NULL, '+162500$ BANK | Слет автомобилей в гос после слета дома', 'money', '2024-06-12 19:58:29'),
	(3220, 1, 0, 'Авторизовал персонажа (IP: 188.65.242.7)', 'characterInit', '2024-06-12 20:35:57'),
	(3221, 1, 0, '-1000000$ CASH | Покупка дома #259 у государства', 'money', '2024-06-12 20:36:15'),
	(3222, 1, 0, 'Авторизовал персонажа (IP: 188.65.242.7)', 'characterInit', '2024-06-12 20:43:01'),
	(3223, 1, 0, '+600000$ BANK | Продажа дома #259 государству', 'money', '2024-06-12 20:43:16'),
	(3224, 1, 0, '-2000000$ CASH | Покупка дома #264 у государства', 'money', '2024-06-12 20:43:38'),
	(3225, 1, 0, '-420000$ BANK | Оплата налогов за дом', 'money', '2024-06-12 20:47:38'),
	(3226, 1, 0, 'Деавторизовал персонажа', 'characterInit', '2024-06-12 20:48:24'),
	(3227, 18, NULL, '+32580$ BANK | Слет дома #93', 'money', '2024-06-13 15:07:39'),
	(3228, 18, NULL, '+585000$ BANK | Слет автомобилей в гос после слета дома', 'money', '2024-06-13 15:07:39'),
	(3229, 1, 0, 'Авторизовал персонажа (IP: 188.65.242.82)', 'characterInit', '2024-06-13 17:35:12'),
	(3230, 1, 0, 'Авторизовал персонажа (IP: 188.65.242.82)', 'characterInit', '2024-06-13 18:00:53'),
	(3231, 1, 0, 'Деавторизовал персонажа', 'characterInit', '2024-06-13 18:36:23'),
	(3232, 1, 0, 'Авторизовал персонажа (IP: 188.65.242.82)', 'characterInit', '2024-06-13 18:48:57'),
	(3233, 1, 0, 'Авторизовал персонажа (IP: 188.65.242.82)', 'characterInit', '2024-06-13 19:14:26'),
	(3234, 1, 0, 'Авторизовал персонажа (IP: 188.65.242.82)', 'characterInit', '2024-06-13 19:44:14'),
	(3235, 1, 0, 'Авторизовал персонажа (IP: 188.65.242.82)', 'characterInit', '2024-06-13 19:44:59'),
	(3236, 1, 0, 'Деавторизовал персонажа', 'characterInit', '2024-06-13 19:45:22'),
	(3237, 1, 0, 'Авторизовал персонажа (IP: 188.65.242.82)', 'characterInit', '2024-06-13 20:15:07'),
	(3238, 1, 0, 'Авторизовал персонажа (IP: 188.65.242.82)', 'characterInit', '2024-06-13 20:28:32'),
	(3239, 1, 0, '-100000$ CASH | Покупка в автосалоне т/с zeekr001', 'money', '2024-06-13 20:29:00'),
	(3240, 1, 0, '-125$ CASH | Ремонт т/с ZEEKR001 в LSC', 'money', '2024-06-13 20:30:13'),
	(3241, 1, 0, '-8000$ CASH | Покупка тюнинга т/с ZEEKR001 в LSC (type #11 | index #3)', 'money', '2024-06-13 20:30:16'),
	(3242, 1, 0, '-6000$ CASH | Покупка тюнинга т/с ZEEKR001 в LSC (type #12 | index #2)', 'money', '2024-06-13 20:30:19'),
	(3243, 1, 0, '-3000$ CASH | Покупка тюнинга т/с ZEEKR001 в LSC (type #13 | index #2)', 'money', '2024-06-13 20:30:20'),
	(3244, 1, 0, '-4000$ CASH | Покупка тюнинга т/с ZEEKR001 в LSC (type #15 | index #3)', 'money', '2024-06-13 20:30:22'),
	(3245, 1, 0, '-15000$ CASH | Покупка тюнинга т/с ZEEKR001 в LSC (type #16 | index #4)', 'money', '2024-06-13 20:30:25'),
	(3246, 1, 0, '-1500$ CASH | Покупка тюнинга т/с ZEEKR001 в LSC (type #55 | index #2)', 'money', '2024-06-13 20:30:48'),
	(3247, 1, 0, '-500$ CASH | Покупка тюнинга т/с ZEEKR001 в LSC (type #22 | index #0)', 'money', '2024-06-13 20:30:51'),
	(3248, 1, 0, '-500$ CASH | Покупка тюнинга т/с ZEEKR001 в LSC (type #62 | index #0)', 'money', '2024-06-13 20:30:55'),
	(3249, 1, 0, '-500$ CASH | Покупка тюнинга т/с ZEEKR001 в LSC (type #100 | index #0)', 'money', '2024-06-13 20:30:58'),
	(3250, 1, 0, 'Авторизовал персонажа (IP: 188.65.242.82)', 'characterInit', '2024-06-13 20:37:13'),
	(3251, 1, 0, '-125$ CASH | Ремонт т/с ZEEKR001 в LSC', 'money', '2024-06-13 20:38:09'),
	(3252, 1, 0, '-80000$ CASH | Покупка на авторынке т/с Audi RS6 AVANT (ID 596 | PLATE WHL282)', 'money', '2024-06-13 20:38:49'),
	(3253, 1, 0, '-125$ CASH | Ремонт т/с Audi RS6 AVANT в LSC', 'money', '2024-06-13 20:40:24'),
	(3254, 1, 0, '+300$ BANK | Зарплата организации x0.1 BCSD', 'money', '2024-06-13 21:00:27'),
	(3255, 1, 0, 'Деавторизовал персонажа', 'characterInit', '2024-06-13 21:13:08'),
	(3256, 1, 0, 'Авторизовал персонажа (IP: 188.65.242.82)', 'characterInit', '2024-06-13 21:17:48'),
	(3257, 1, 0, '-125$ CASH | Ремонт т/с Audi RS6 AVANT в LSC', 'money', '2024-06-13 21:18:48'),
	(3258, 1, 0, '-125$ CASH | Ремонт т/с Audi RS6 AVANT в LSC', 'money', '2024-06-13 21:21:02'),
	(3259, 1, 0, 'Авторизовал персонажа (IP: 188.65.242.82)', 'characterInit', '2024-06-13 21:24:09'),
	(3260, 1, 0, '-125$ CASH | Ремонт т/с Audi RS6 AVANT в LSC', 'money', '2024-06-13 21:25:04'),
	(3261, 1, 0, 'Авторизовал персонажа (IP: 188.65.242.82)', 'characterInit', '2024-06-13 21:29:53'),
	(3262, 1, 0, '-125$ CASH | Ремонт т/с Audi RS6 AVANT в LSC', 'money', '2024-06-13 21:30:54'),
	(3263, 1, 0, '-1000$ CASH | Покупка тюнинга т/с Audi RS6 AVANT в LSC (type #55 | index #1)', 'money', '2024-06-13 21:30:58'),
	(3264, 1, 0, '-500$ CASH | Покупка тюнинга т/с Audi RS6 AVANT в LSC (type #55 | index #0)', 'money', '2024-06-13 21:31:28'),
	(3265, 1, 0, '-500$ CASH | Покупка тюнинга т/с Audi RS6 AVANT в LSC (type #55 | index #0)', 'money', '2024-06-13 21:31:29'),
	(3266, 1, 0, 'Авторизовал персонажа (IP: 188.65.242.82)', 'characterInit', '2024-06-13 21:48:39'),
	(3267, 1, 0, '-125$ CASH | Ремонт т/с Audi RS6 AVANT в LSC', 'money', '2024-06-13 21:50:04'),
	(3268, 1, 0, '-1000$ CASH | Покупка тюнинга т/с Audi RS6 AVANT в LSC (type #55 | index #1)', 'money', '2024-06-13 21:50:14'),
	(3269, 1, 0, '-500$ CASH | Покупка тюнинга т/с Audi RS6 AVANT в LSC (type #55 | index #0)', 'money', '2024-06-13 21:51:12'),
	(3270, 1, 0, '-1000$ CASH | Покупка тюнинга т/с Audi RS6 AVANT в LSC (type #55 | index #1)', 'money', '2024-06-13 21:51:13'),
	(3271, 1, 0, 'Авторизовал персонажа (IP: 188.65.242.82)', 'characterInit', '2024-06-13 21:54:12'),
	(3272, 1, 0, '-125$ CASH | Ремонт т/с Audi RS6 AVANT в LSC', 'money', '2024-06-13 21:55:02'),
	(3273, 1, 0, '-0$ CASH | Покупка тюнинга т/с Audi RS6 AVANT в LSC (type #55 | index #-1)', 'money', '2024-06-13 21:55:08'),
	(3274, 1, 0, '-500$ CASH | Покупка тюнинга т/с Audi RS6 AVANT в LSC (type #55 | index #0)', 'money', '2024-06-13 21:55:10'),
	(3275, 1, 0, 'Авторизовал персонажа (IP: 188.65.242.82)', 'characterInit', '2024-06-13 21:59:35'),
	(3276, 1, 0, 'Авторизовал персонажа (IP: 188.65.242.82)', 'characterInit', '2024-06-13 22:03:09'),
	(3277, 1, 0, '-0$ CASH | Покупка тюнинга т/с Audi RS6 AVANT в LSC (type #55 | index #-1)', 'money', '2024-06-13 22:04:10'),
	(3278, 1, 0, 'Авторизовал персонажа (IP: 188.65.242.82)', 'characterInit', '2024-06-13 22:05:41'),
	(3279, 1, 0, '-1500$ CASH | Покупка тюнинга т/с Audi RS6 AVANT в LSC (type #55 | index #2)', 'money', '2024-06-13 22:06:41'),
	(3280, 1, 0, '-1000$ CASH | Покупка тюнинга т/с Audi RS6 AVANT в LSC (type #55 | index #1)', 'money', '2024-06-13 22:07:26'),
	(3281, 1, 0, 'Авторизовал персонажа (IP: 188.65.242.82)', 'characterInit', '2024-06-13 22:14:25'),
	(3282, 1, 0, '-125$ CASH | Ремонт т/с Audi RS6 AVANT в LSC', 'money', '2024-06-13 22:15:14'),
	(3283, 1, 0, '-1500$ CASH | Покупка тюнинга т/с Audi RS6 AVANT в LSC (type #55 | index #2)', 'money', '2024-06-13 22:15:40'),
	(3284, 1, 0, '-1000$ CASH | Покупка тюнинга т/с Audi RS6 AVANT в LSC (type #55 | index #1)', 'money', '2024-06-13 22:15:55'),
	(3285, 1, 0, '-1500$ CASH | Покупка тюнинга т/с Audi RS6 AVANT в LSC (type #55 | index #2)', 'money', '2024-06-13 22:15:56'),
	(3286, 1, 0, 'Авторизовал персонажа (IP: 188.65.242.82)', 'characterInit', '2024-06-13 22:22:39'),
	(3287, 1, 0, '-125$ CASH | Ремонт т/с Audi RS6 AVANT в LSC', 'money', '2024-06-13 22:23:32'),
	(3288, 1, 0, '-1500$ CASH | Покупка тюнинга т/с Audi RS6 AVANT в LSC (type #55 | index #2)', 'money', '2024-06-13 22:23:46'),
	(3289, 1, 0, '-1000$ CASH | Покупка тюнинга т/с Audi RS6 AVANT в LSC (type #55 | index #1)', 'money', '2024-06-13 22:23:47'),
	(3290, 1, 0, '-1000$ CASH | Покупка тюнинга т/с Audi RS6 AVANT в LSC (type #55 | index #1)', 'money', '2024-06-13 22:23:58'),
	(3291, 1, 0, '-1000$ CASH | Покупка тюнинга т/с Audi RS6 AVANT в LSC (type #55 | index #1)', 'money', '2024-06-13 22:24:00'),
	(3292, 1, 0, '-1000$ CASH | Покупка тюнинга т/с Audi RS6 AVANT в LSC (type #55 | index #1)', 'money', '2024-06-13 22:24:01'),
	(3293, 1, 0, '-1000$ CASH | Покупка тюнинга т/с Audi RS6 AVANT в LSC (type #55 | index #1)', 'money', '2024-06-13 22:24:05'),
	(3294, 1, 0, '-2000$ CASH | Покупка тюнинга т/с Audi RS6 AVANT в LSC (type #55 | index #3)', 'money', '2024-06-13 22:24:29'),
	(3295, 1, 0, '-500$ CASH | Покупка тюнинга т/с Audi RS6 AVANT в LSC (type #55 | index #0)', 'money', '2024-06-13 22:24:31'),
	(3296, 1, 0, '-1500$ CASH | Покупка тюнинга т/с Audi RS6 AVANT в LSC (type #55 | index #2)', 'money', '2024-06-13 22:24:33'),
	(3297, 1, 0, '-1500$ CASH | Покупка тюнинга т/с Audi RS6 AVANT в LSC (type #55 | index #2)', 'money', '2024-06-13 22:24:37'),
	(3298, 1, 0, '-500$ CASH | Покупка тюнинга т/с Audi RS6 AVANT в LSC (type #55 | index #0)', 'money', '2024-06-13 22:24:41'),
	(3299, 1, 0, '-500$ CASH | Покупка тюнинга т/с Audi RS6 AVANT в LSC (type #55 | index #0)', 'money', '2024-06-13 22:24:46'),
	(3300, 1, 0, '-1500$ CASH | Покупка тюнинга т/с Audi RS6 AVANT в LSC (type #55 | index #2)', 'money', '2024-06-13 22:24:48'),
	(3301, 1, 0, '-1500$ CASH | Покупка тюнинга т/с Audi RS6 AVANT в LSC (type #55 | index #2)', 'money', '2024-06-13 22:24:55'),
	(3302, 1, 0, '-500$ CASH | Покупка тюнинга т/с Audi RS6 AVANT в LSC (type #55 | index #0)', 'money', '2024-06-13 22:24:57'),
	(3303, 1, 0, '-500$ CASH | Покупка тюнинга т/с Audi RS6 AVANT в LSC (type #55 | index #0)', 'money', '2024-06-13 22:25:00'),
	(3304, 1, 0, '-1500$ CASH | Покупка тюнинга т/с Audi RS6 AVANT в LSC (type #55 | index #2)', 'money', '2024-06-13 22:25:02'),
	(3305, 1, 0, '-1500$ CASH | Покупка тюнинга т/с Audi RS6 AVANT в LSC (type #55 | index #2)', 'money', '2024-06-13 22:25:04'),
	(3306, 1, 0, '-1000$ CASH | Покупка тюнинга т/с Audi RS6 AVANT в LSC (type #55 | index #1)', 'money', '2024-06-13 22:25:30'),
	(3307, 1, 0, '-1000$ CASH | Покупка тюнинга т/с Audi RS6 AVANT в LSC (type #55 | index #1)', 'money', '2024-06-13 22:25:38'),
	(3308, 1, 0, '-1000$ CASH | Покупка тюнинга т/с Audi RS6 AVANT в LSC (type #55 | index #1)', 'money', '2024-06-13 22:25:56'),
	(3309, 1, 0, '-1000$ CASH | Покупка тюнинга т/с Audi RS6 AVANT в LSC (type #55 | index #1)', 'money', '2024-06-13 22:25:57'),
	(3310, 1, 0, '-1000$ CASH | Покупка тюнинга т/с Audi RS6 AVANT в LSC (type #55 | index #1)', 'money', '2024-06-13 22:25:57'),
	(3311, 1, 0, '-1000$ CASH | Покупка тюнинга т/с Audi RS6 AVANT в LSC (type #55 | index #1)', 'money', '2024-06-13 22:25:58'),
	(3312, 1, 0, '-1000$ CASH | Покупка тюнинга т/с Audi RS6 AVANT в LSC (type #55 | index #1)', 'money', '2024-06-13 22:25:58'),
	(3313, 1, 0, '-1000$ CASH | Покупка тюнинга т/с Audi RS6 AVANT в LSC (type #55 | index #1)', 'money', '2024-06-13 22:25:59'),
	(3314, 1, 0, '-1000$ CASH | Покупка тюнинга т/с Audi RS6 AVANT в LSC (type #55 | index #1)', 'money', '2024-06-13 22:25:59'),
	(3315, 1, 0, '-1000$ CASH | Покупка тюнинга т/с Audi RS6 AVANT в LSC (type #55 | index #1)', 'money', '2024-06-13 22:25:59'),
	(3316, 1, 0, '-1000$ CASH | Покупка тюнинга т/с Audi RS6 AVANT в LSC (type #55 | index #1)', 'money', '2024-06-13 22:26:00'),
	(3317, 1, 0, '-1000$ CASH | Покупка тюнинга т/с Audi RS6 AVANT в LSC (type #55 | index #1)', 'money', '2024-06-13 22:26:00'),
	(3318, 1, 0, '-1000$ CASH | Покупка тюнинга т/с Audi RS6 AVANT в LSC (type #55 | index #1)', 'money', '2024-06-13 22:26:00'),
	(3319, 1, 0, '-1000$ CASH | Покупка тюнинга т/с Audi RS6 AVANT в LSC (type #55 | index #1)', 'money', '2024-06-13 22:26:01'),
	(3320, 1, 0, '-1000$ CASH | Покупка тюнинга т/с Audi RS6 AVANT в LSC (type #55 | index #1)', 'money', '2024-06-13 22:26:01'),
	(3321, 1, 0, '-1000$ CASH | Покупка тюнинга т/с Audi RS6 AVANT в LSC (type #55 | index #1)', 'money', '2024-06-13 22:26:01'),
	(3322, 1, 0, '-1000$ CASH | Покупка тюнинга т/с Audi RS6 AVANT в LSC (type #55 | index #1)', 'money', '2024-06-13 22:26:02'),
	(3323, 1, 0, '-1000$ CASH | Покупка тюнинга т/с Audi RS6 AVANT в LSC (type #55 | index #1)', 'money', '2024-06-13 22:26:02'),
	(3324, 1, 0, '-1000$ CASH | Покупка тюнинга т/с Audi RS6 AVANT в LSC (type #55 | index #1)', 'money', '2024-06-13 22:26:02'),
	(3325, 1, 0, 'Авторизовал персонажа (IP: 188.65.242.82)', 'characterInit', '2024-06-13 22:30:54'),
	(3326, 1, 0, '-125$ CASH | Ремонт т/с Audi RS6 AVANT в LSC', 'money', '2024-06-13 22:31:47'),
	(3327, 1, 0, '-1000$ CASH | Покупка тюнинга т/с Audi RS6 AVANT в LSC (type #55 | index #1)', 'money', '2024-06-13 22:31:56'),
	(3328, 1, 0, '-1000$ CASH | Покупка тюнинга т/с Audi RS6 AVANT в LSC (type #55 | index #1)', 'money', '2024-06-13 22:31:57'),
	(3329, 1, 0, '-1000$ CASH | Покупка тюнинга т/с Audi RS6 AVANT в LSC (type #55 | index #1)', 'money', '2024-06-13 22:31:59'),
	(3330, 1, 0, '-1500$ CASH | Покупка тюнинга т/с Audi RS6 AVANT в LSC (type #55 | index #2)', 'money', '2024-06-13 22:32:01'),
	(3331, 1, 0, '-2000$ CASH | Покупка тюнинга т/с Audi RS6 AVANT в LSC (type #55 | index #3)', 'money', '2024-06-13 22:32:02'),
	(3332, 1, 0, '-500$ CASH | Покупка тюнинга т/с Audi RS6 AVANT в LSC (type #55 | index #0)', 'money', '2024-06-13 22:32:03'),
	(3333, 1, 0, '-1500$ CASH | Покупка тюнинга т/с Audi RS6 AVANT в LSC (type #55 | index #2)', 'money', '2024-06-13 22:32:05'),
	(3334, 1, 0, '-500$ CASH | Покупка тюнинга т/с Audi RS6 AVANT в LSC (type #55 | index #0)', 'money', '2024-06-13 22:32:09'),
	(3335, 1, 0, '-1500$ CASH | Покупка тюнинга т/с Audi RS6 AVANT в LSC (type #55 | index #2)', 'money', '2024-06-13 22:32:10'),
	(3336, 1, 0, '-1500$ CASH | Покупка тюнинга т/с Audi RS6 AVANT в LSC (type #55 | index #2)', 'money', '2024-06-13 22:32:11'),
	(3337, 1, 0, '-2000$ CASH | Покупка тюнинга т/с Audi RS6 AVANT в LSC (type #55 | index #3)', 'money', '2024-06-13 22:32:12'),
	(3338, 1, 0, '-500$ CASH | Покупка тюнинга т/с Audi RS6 AVANT в LSC (type #55 | index #0)', 'money', '2024-06-13 22:32:13'),
	(3339, 1, 0, '-500$ CASH | Покупка тюнинга т/с Audi RS6 AVANT в LSC (type #55 | index #0)', 'money', '2024-06-13 22:32:13'),
	(3340, 1, 0, '-500$ CASH | Покупка тюнинга т/с Audi RS6 AVANT в LSC (type #55 | index #0)', 'money', '2024-06-13 22:32:14'),
	(3341, 1, 0, '-500$ CASH | Покупка тюнинга т/с Audi RS6 AVANT в LSC (type #55 | index #0)', 'money', '2024-06-13 22:32:18'),
	(3342, 1, 0, '-1000$ CASH | Покупка тюнинга т/с Audi RS6 AVANT в LSC (type #55 | index #1)', 'money', '2024-06-13 22:32:22'),
	(3343, 1, 0, '-500$ CASH | Покупка тюнинга т/с Audi RS6 AVANT в LSC (type #55 | index #0)', 'money', '2024-06-13 22:32:25'),
	(3344, 1, 0, '-500$ CASH | Покупка тюнинга т/с Audi RS6 AVANT в LSC (type #55 | index #0)', 'money', '2024-06-13 22:32:26'),
	(3345, 1, 0, '-500$ CASH | Покупка тюнинга т/с Audi RS6 AVANT в LSC (type #55 | index #0)', 'money', '2024-06-13 22:32:27'),
	(3346, 1, 0, '-500$ CASH | Покупка тюнинга т/с Audi RS6 AVANT в LSC (type #55 | index #0)', 'money', '2024-06-13 22:32:29'),
	(3347, 1, 0, '-500$ CASH | Покупка тюнинга т/с Audi RS6 AVANT в LSC (type #55 | index #0)', 'money', '2024-06-13 22:32:29'),
	(3348, 1, 0, 'Авторизовал персонажа (IP: 188.65.242.82)', 'characterInit', '2024-06-13 22:34:58'),
	(3349, 1, 0, '-125$ CASH | Ремонт т/с Audi RS6 AVANT в LSC', 'money', '2024-06-13 22:35:57'),
	(3350, 1, 0, '-1000$ CASH | Покупка тюнинга т/с Audi RS6 AVANT в LSC (type #55 | index #1)', 'money', '2024-06-13 22:36:06'),
	(3351, 1, 0, '-1000$ CASH | Покупка тюнинга т/с Audi RS6 AVANT в LSC (type #55 | index #1)', 'money', '2024-06-13 22:36:07'),
	(3352, 1, 0, '-1500$ CASH | Покупка тюнинга т/с Audi RS6 AVANT в LSC (type #55 | index #2)', 'money', '2024-06-13 22:36:08'),
	(3353, 1, 0, '-1500$ CASH | Покупка тюнинга т/с Audi RS6 AVANT в LSC (type #55 | index #2)', 'money', '2024-06-13 22:36:09'),
	(3354, 1, 0, '-1500$ CASH | Покупка тюнинга т/с Audi RS6 AVANT в LSC (type #55 | index #2)', 'money', '2024-06-13 22:36:09'),
	(3355, 1, 0, '-2000$ CASH | Покупка тюнинга т/с Audi RS6 AVANT в LSC (type #55 | index #3)', 'money', '2024-06-13 22:36:10'),
	(3356, 1, 0, '-500$ CASH | Покупка тюнинга т/с Audi RS6 AVANT в LSC (type #55 | index #0)', 'money', '2024-06-13 22:36:11'),
	(3357, 1, 0, '-1500$ CASH | Покупка тюнинга т/с Audi RS6 AVANT в LSC (type #55 | index #2)', 'money', '2024-06-13 22:36:32'),
	(3358, 1, 0, '-1500$ CASH | Покупка тюнинга т/с Audi RS6 AVANT в LSC (type #55 | index #2)', 'money', '2024-06-13 22:36:33'),
	(3359, 1, 0, '-1500$ CASH | Покупка тюнинга т/с Audi RS6 AVANT в LSC (type #55 | index #2)', 'money', '2024-06-13 22:36:33'),
	(3360, 1, 0, '-1500$ CASH | Покупка тюнинга т/с Audi RS6 AVANT в LSC (type #55 | index #2)', 'money', '2024-06-13 22:36:34'),
	(3361, 1, 0, '-1500$ CASH | Покупка тюнинга т/с Audi RS6 AVANT в LSC (type #55 | index #2)', 'money', '2024-06-13 22:36:35'),
	(3362, 1, 0, '-1500$ CASH | Покупка тюнинга т/с Audi RS6 AVANT в LSC (type #55 | index #2)', 'money', '2024-06-13 22:36:37'),
	(3363, 1, 0, '-1500$ CASH | Покупка тюнинга т/с Audi RS6 AVANT в LSC (type #55 | index #2)', 'money', '2024-06-13 22:36:39'),
	(3364, 1, 0, '-2000$ CASH | Покупка тюнинга т/с Audi RS6 AVANT в LSC (type #55 | index #3)', 'money', '2024-06-13 22:36:43'),
	(3365, 1, 0, '-500$ CASH | Покупка тюнинга т/с Audi RS6 AVANT в LSC (type #55 | index #0)', 'money', '2024-06-13 22:36:44'),
	(3366, 1, 0, '-1500$ CASH | Покупка тюнинга т/с Audi RS6 AVANT в LSC (type #55 | index #2)', 'money', '2024-06-13 22:36:45'),
	(3367, 1, 0, '-2000$ CASH | Покупка тюнинга т/с Audi RS6 AVANT в LSC (type #55 | index #3)', 'money', '2024-06-13 22:36:46'),
	(3368, 1, 0, '-500$ CASH | Покупка тюнинга т/с Audi RS6 AVANT в LSC (type #55 | index #0)', 'money', '2024-06-13 22:36:47'),
	(3369, 1, 0, 'Авторизовал персонажа (IP: 188.65.242.82)', 'characterInit', '2024-06-13 22:39:41'),
	(3370, 1, 0, '-125$ CASH | Ремонт т/с Audi RS6 AVANT в LSC', 'money', '2024-06-13 22:40:36'),
	(3371, 1, 0, '-2000$ CASH | Покупка тюнинга т/с Audi RS6 AVANT в LSC (type #55 | index #3)', 'money', '2024-06-13 22:40:42'),
	(3372, 1, 0, '-1500$ CASH | Покупка тюнинга т/с Audi RS6 AVANT в LSC (type #55 | index #2)', 'money', '2024-06-13 22:40:47'),
	(3373, 1, 0, '-1000$ CASH | Покупка тюнинга т/с Audi RS6 AVANT в LSC (type #55 | index #1)', 'money', '2024-06-13 22:40:51'),
	(3374, 1, 0, '-1000$ CASH | Покупка тюнинга т/с Audi RS6 AVANT в LSC (type #55 | index #1)', 'money', '2024-06-13 22:40:55'),
	(3375, 1, 0, '-1000$ CASH | Покупка тюнинга т/с Audi RS6 AVANT в LSC (type #55 | index #1)', 'money', '2024-06-13 22:40:55'),
	(3376, 1, 0, '-1000$ CASH | Покупка тюнинга т/с Audi RS6 AVANT в LSC (type #55 | index #1)', 'money', '2024-06-13 22:40:55'),
	(3377, 1, 0, '-1000$ CASH | Покупка тюнинга т/с Audi RS6 AVANT в LSC (type #55 | index #1)', 'money', '2024-06-13 22:40:56'),
	(3378, 1, 0, '-1000$ CASH | Покупка тюнинга т/с Audi RS6 AVANT в LSC (type #55 | index #1)', 'money', '2024-06-13 22:40:56'),
	(3379, 1, 0, '-1000$ CASH | Покупка тюнинга т/с Audi RS6 AVANT в LSC (type #55 | index #1)', 'money', '2024-06-13 22:40:56'),
	(3380, 1, 0, '-1000$ CASH | Покупка тюнинга т/с Audi RS6 AVANT в LSC (type #55 | index #1)', 'money', '2024-06-13 22:40:56'),
	(3381, 1, 0, '-1000$ CASH | Покупка тюнинга т/с Audi RS6 AVANT в LSC (type #55 | index #1)', 'money', '2024-06-13 22:40:57'),
	(3382, 1, 0, '-1500$ CASH | Покупка тюнинга т/с Audi RS6 AVANT в LSC (type #55 | index #2)', 'money', '2024-06-13 22:41:02'),
	(3383, 1, 0, 'Авторизовал персонажа (IP: 188.65.242.82)', 'characterInit', '2024-06-13 22:47:32'),
	(3384, 1, 0, '-125$ CASH | Ремонт т/с Audi RS6 AVANT в LSC', 'money', '2024-06-13 22:48:48'),
	(3385, 1, 0, '-500$ CASH | Покупка тюнинга т/с Audi RS6 AVANT в LSC (type #55 | index #0)', 'money', '2024-06-13 22:48:51'),
	(3386, 1, 0, '-1500$ CASH | Покупка тюнинга т/с Audi RS6 AVANT в LSC (type #55 | index #2)', 'money', '2024-06-13 22:48:57'),
	(3387, 1, 0, '-1500$ CASH | Покупка тюнинга т/с Audi RS6 AVANT в LSC (type #55 | index #2)', 'money', '2024-06-13 22:48:59'),
	(3388, 1, 0, '-2000$ CASH | Покупка тюнинга т/с Audi RS6 AVANT в LSC (type #55 | index #3)', 'money', '2024-06-13 22:48:59'),
	(3389, 1, 0, '-2000$ CASH | Покупка тюнинга т/с Audi RS6 AVANT в LSC (type #55 | index #3)', 'money', '2024-06-13 22:49:01'),
	(3390, 1, 0, '-12000$ CASH | Покупка тюнинга т/с Audi RS6 AVANT в LSC (type #16 | index #3)', 'money', '2024-06-13 22:50:03'),
	(3391, 1, 0, '-15000$ CASH | Покупка тюнинга т/с Audi RS6 AVANT в LSC (type #16 | index #4)', 'money', '2024-06-13 22:50:04'),
	(3392, 1, 0, '-0$ CASH | Покупка тюнинга т/с Audi RS6 AVANT в LSC (type #23 | index #-1)', 'money', '2024-06-13 22:50:14'),
	(3393, 1, 0, '-0$ CASH | Покупка тюнинга т/с Audi RS6 AVANT в LSC (type #23 | index #-1)', 'money', '2024-06-13 22:50:22'),
	(3394, 1, 0, '-0$ CASH | Покупка тюнинга т/с Audi RS6 AVANT в LSC (type #4 | index #-1)', 'money', '2024-06-13 22:50:28'),
	(3395, 1, 0, '-500$ CASH | Покупка тюнинга т/с Audi RS6 AVANT в LSC (type #4 | index #0)', 'money', '2024-06-13 22:50:31'),
	(3396, 1, 0, '-0$ CASH | Покупка тюнинга т/с Audi RS6 AVANT в LSC (type #23 | index #-1)', 'money', '2024-06-13 22:50:32'),
	(3397, 1, 0, '-500$ CASH | Покупка тюнинга т/с Audi RS6 AVANT в LSC (type #55 | index #0)', 'money', '2024-06-13 22:51:32'),
	(3398, 1, 0, '-500$ CASH | Покупка тюнинга т/с Audi RS6 AVANT в LSC (type #55 | index #0)', 'money', '2024-06-13 22:51:44'),
	(3399, 18, 1, 'Авторизовал персонажа (IP: 94.253.27.132)', 'characterInit', '2024-06-13 22:53:15'),
	(3400, 18, 1, 'Деавторизовал персонажа', 'characterInit', '2024-06-13 22:58:39'),
	(3401, 18, 0, 'Авторизовал персонажа (IP: 94.253.27.132)', 'characterInit', '2024-06-13 23:08:45'),
	(3402, 1, 1, 'Авторизовал персонажа (IP: 188.65.242.82)', 'characterInit', '2024-06-13 23:11:45'),
	(3403, 1, 1, '-125$ CASH | Ремонт т/с Audi RS6 AVANT в LSC', 'money', '2024-06-13 23:12:37'),
	(3404, 18, 0, 'Деавторизовал персонажа', 'characterInit', '2024-06-13 23:13:16'),
	(3405, 1, 0, 'Авторизовал персонажа (IP: 188.65.242.82)', 'characterInit', '2024-06-13 23:14:32'),
	(3406, 1, 0, '-125$ CASH | Ремонт т/с Audi RS6 AVANT в LSC', 'money', '2024-06-13 23:15:17'),
	(3407, 1, 0, '-1000$ CASH | Покупка тюнинга т/с Audi RS6 AVANT в LSC (type #55 | index #1)', 'money', '2024-06-13 23:15:22'),
	(3408, 1, 0, '-1000$ CASH | Покупка тюнинга т/с Audi RS6 AVANT в LSC (type #55 | index #1)', 'money', '2024-06-13 23:15:26'),
	(3409, 1, 0, '-1000$ CASH | Покупка тюнинга т/с Audi RS6 AVANT в LSC (type #55 | index #1)', 'money', '2024-06-13 23:15:27'),
	(3410, 1, 0, '-1000$ CASH | Покупка тюнинга т/с Audi RS6 AVANT в LSC (type #55 | index #1)', 'money', '2024-06-13 23:15:28'),
	(3411, 1, 0, '-1000$ CASH | Покупка тюнинга т/с Audi RS6 AVANT в LSC (type #55 | index #1)', 'money', '2024-06-13 23:15:28'),
	(3412, 1, 0, '-2000$ CASH | Покупка тюнинга т/с Audi RS6 AVANT в LSC (type #55 | index #3)', 'money', '2024-06-13 23:15:30'),
	(3413, 1, 0, '-2000$ CASH | Покупка тюнинга т/с Audi RS6 AVANT в LSC (type #55 | index #3)', 'money', '2024-06-13 23:15:33'),
	(3414, 1, 0, '-500$ CASH | Покупка тюнинга т/с Audi RS6 AVANT в LSC (type #55 | index #0)', 'money', '2024-06-13 23:15:34'),
	(3415, 1, 0, '-500$ CASH | Покупка тюнинга т/с Audi RS6 AVANT в LSC (type #55 | index #0)', 'money', '2024-06-13 23:15:36'),
	(3416, 1, 0, '-500$ CASH | Покупка тюнинга т/с Audi RS6 AVANT в LSC (type #55 | index #0)', 'money', '2024-06-13 23:15:36'),
	(3417, 1, 0, '-500$ CASH | Покупка тюнинга т/с Audi RS6 AVANT в LSC (type #55 | index #0)', 'money', '2024-06-13 23:16:06'),
	(3418, 1, 0, '-500$ CASH | Покупка тюнинга т/с Audi RS6 AVANT в LSC (type #55 | index #0)', 'money', '2024-06-13 23:16:08'),
	(3419, 1, 0, '-500$ CASH | Покупка тюнинга т/с Audi RS6 AVANT в LSC (type #55 | index #0)', 'money', '2024-06-13 23:16:09'),
	(3420, 1, 0, '-500$ CASH | Покупка тюнинга т/с Audi RS6 AVANT в LSC (type #55 | index #0)', 'money', '2024-06-13 23:16:10'),
	(3421, 1, 0, '-1500$ CASH | Покупка тюнинга т/с Audi RS6 AVANT в LSC (type #55 | index #2)', 'money', '2024-06-13 23:16:11'),
	(3422, 1, 0, '-2000$ CASH | Покупка тюнинга т/с Audi RS6 AVANT в LSC (type #55 | index #3)', 'money', '2024-06-13 23:16:12'),
	(3423, 1, 0, '-2000$ CASH | Покупка тюнинга т/с Audi RS6 AVANT в LSC (type #55 | index #3)', 'money', '2024-06-13 23:16:12'),
	(3424, 1, 0, '-2000$ CASH | Покупка тюнинга т/с Audi RS6 AVANT в LSC (type #55 | index #3)', 'money', '2024-06-13 23:16:13'),
	(3425, 1, 0, '-2000$ CASH | Покупка тюнинга т/с Audi RS6 AVANT в LSC (type #55 | index #3)', 'money', '2024-06-13 23:16:14'),
	(3426, 1, 0, '-2000$ CASH | Покупка тюнинга т/с Audi RS6 AVANT в LSC (type #55 | index #3)', 'money', '2024-06-13 23:16:14'),
	(3427, 1, 0, '-2000$ CASH | Покупка тюнинга т/с Audi RS6 AVANT в LSC (type #55 | index #3)', 'money', '2024-06-13 23:16:15'),
	(3428, 1, 0, '-2000$ CASH | Покупка тюнинга т/с Audi RS6 AVANT в LSC (type #55 | index #3)', 'money', '2024-06-13 23:16:15'),
	(3429, 1, 0, '-2000$ CASH | Покупка тюнинга т/с Audi RS6 AVANT в LSC (type #55 | index #3)', 'money', '2024-06-13 23:16:16'),
	(3430, 1, 0, '-2000$ CASH | Покупка тюнинга т/с Audi RS6 AVANT в LSC (type #55 | index #3)', 'money', '2024-06-13 23:16:17'),
	(3431, 1, 0, '-2000$ CASH | Покупка тюнинга т/с Audi RS6 AVANT в LSC (type #55 | index #3)', 'money', '2024-06-13 23:16:20'),
	(3432, 1, 0, '-2000$ CASH | Покупка тюнинга т/с Audi RS6 AVANT в LSC (type #55 | index #3)', 'money', '2024-06-13 23:16:35'),
	(3433, 1, 0, '-2000$ CASH | Покупка тюнинга т/с Audi RS6 AVANT в LSC (type #55 | index #3)', 'money', '2024-06-13 23:16:36'),
	(3434, 1, 0, '-2000$ CASH | Покупка тюнинга т/с Audi RS6 AVANT в LSC (type #55 | index #3)', 'money', '2024-06-13 23:16:37'),
	(3435, 1, 0, '-2000$ CASH | Покупка тюнинга т/с Audi RS6 AVANT в LSC (type #55 | index #3)', 'money', '2024-06-13 23:16:38'),
	(3436, 1, 0, '-2000$ CASH | Покупка тюнинга т/с Audi RS6 AVANT в LSC (type #55 | index #3)', 'money', '2024-06-13 23:16:39'),
	(3437, 1, 0, '-1500$ CASH | Покупка тюнинга т/с Audi RS6 AVANT в LSC (type #55 | index #2)', 'money', '2024-06-13 23:16:41'),
	(3438, 1, 0, '-1000$ CASH | Покупка тюнинга т/с Audi RS6 AVANT в LSC (type #55 | index #1)', 'money', '2024-06-13 23:16:45'),
	(3439, 1, 0, '-1000$ CASH | Покупка тюнинга т/с Audi RS6 AVANT в LSC (type #55 | index #1)', 'money', '2024-06-13 23:16:46'),
	(3440, 1, 0, '-1500$ CASH | Покупка тюнинга т/с Audi RS6 AVANT в LSC (type #55 | index #2)', 'money', '2024-06-13 23:16:47'),
	(3441, 1, 0, '-2000$ CASH | Покупка тюнинга т/с Audi RS6 AVANT в LSC (type #55 | index #3)', 'money', '2024-06-13 23:16:48'),
	(3442, 1, 0, '-500$ CASH | Покупка тюнинга т/с Audi RS6 AVANT в LSC (type #55 | index #0)', 'money', '2024-06-13 23:16:49'),
	(3443, 1, 0, '-1500$ CASH | Покупка тюнинга т/с Audi RS6 AVANT в LSC (type #55 | index #2)', 'money', '2024-06-13 23:16:50'),
	(3444, 1, 0, '-2000$ CASH | Покупка тюнинга т/с Audi RS6 AVANT в LSC (type #55 | index #3)', 'money', '2024-06-13 23:16:55'),
	(3445, 1, 0, '-500$ CASH | Покупка тюнинга т/с Audi RS6 AVANT в LSC (type #55 | index #0)', 'money', '2024-06-13 23:16:56'),
	(3446, 1, 0, '-2000$ CASH | Покупка тюнинга т/с Audi RS6 AVANT в LSC (type #55 | index #3)', 'money', '2024-06-13 23:17:02'),
	(3447, 1, 0, '-1500$ CASH | Покупка тюнинга т/с Audi RS6 AVANT в LSC (type #55 | index #2)', 'money', '2024-06-13 23:17:04'),
	(3448, 1, 0, '-2000$ CASH | Покупка тюнинга т/с Audi RS6 AVANT в LSC (type #55 | index #3)', 'money', '2024-06-13 23:17:07'),
	(3449, 1, 0, '-1500$ CASH | Покупка тюнинга т/с Audi RS6 AVANT в LSC (type #55 | index #2)', 'money', '2024-06-13 23:17:08'),
	(3450, 1, 0, '-1000$ CASH | Покупка тюнинга т/с Audi RS6 AVANT в LSC (type #55 | index #1)', 'money', '2024-06-13 23:17:13'),
	(3451, 1, 0, '-1000$ CASH | Покупка тюнинга т/с Audi RS6 AVANT в LSC (type #55 | index #1)', 'money', '2024-06-13 23:17:15'),
	(3452, 1, 0, '-1000$ CASH | Покупка тюнинга т/с Audi RS6 AVANT в LSC (type #55 | index #1)', 'money', '2024-06-13 23:17:16'),
	(3453, 1, 0, '-2000$ CASH | Покупка тюнинга т/с Audi RS6 AVANT в LSC (type #55 | index #3)', 'money', '2024-06-13 23:17:17'),
	(3454, 1, 0, '-2000$ CASH | Покупка тюнинга т/с Audi RS6 AVANT в LSC (type #55 | index #3)', 'money', '2024-06-13 23:17:18'),
	(3455, 1, 0, '-2000$ CASH | Покупка тюнинга т/с Audi RS6 AVANT в LSC (type #55 | index #3)', 'money', '2024-06-13 23:17:19'),
	(3456, 1, 0, '-2000$ CASH | Покупка тюнинга т/с Audi RS6 AVANT в LSC (type #55 | index #3)', 'money', '2024-06-13 23:17:20'),
	(3457, 1, 0, '-2000$ CASH | Покупка тюнинга т/с Audi RS6 AVANT в LSC (type #55 | index #3)', 'money', '2024-06-13 23:17:20'),
	(3458, 1, 0, '-1000$ CASH | Покупка тюнинга т/с Audi RS6 AVANT в LSC (type #55 | index #1)', 'money', '2024-06-13 23:17:24'),
	(3459, 18, 0, 'Авторизовал персонажа (IP: 94.253.27.132)', 'characterInit', '2024-06-14 15:40:55'),
	(3460, 18, 0, 'Авторизовал персонажа (IP: 94.253.27.132)', 'characterInit', '2024-06-14 16:01:05'),
	(3461, 18, 0, 'Деавторизовал персонажа', 'characterInit', '2024-06-14 16:14:10'),
	(3462, 18, 0, 'Авторизовал персонажа (IP: 94.253.27.132)', 'characterInit', '2024-06-14 16:31:32'),
	(3463, 18, 0, '+400$ BANK | Зарплата организации x0.1 U.S. Army', 'money', '2024-06-14 17:00:29'),
	(3464, 18, 0, 'Деавторизовал персонажа', 'characterInit', '2024-06-14 17:06:21'),
	(3465, 18, 0, 'Авторизовал персонажа (IP: 94.253.27.132)', 'characterInit', '2024-06-14 17:22:21'),
	(3466, 18, 0, 'Деавторизовал персонажа', 'characterInit', '2024-06-14 17:30:34'),
	(3467, 18, 0, 'Авторизовал персонажа (IP: 94.253.27.132)', 'characterInit', '2024-06-14 18:04:56'),
	(3468, 18, 0, '+10000000$ BANK | Команда от админа #18', 'money', '2024-06-14 18:08:50'),
	(3469, 18, 0, '+10000000$ BANK | Команда от админа #18', 'money', '2024-06-14 18:08:54'),
	(3470, 18, 0, '+10000000$ BANK | Команда от админа #18', 'money', '2024-06-14 18:08:55'),
	(3471, 18, 0, '+10000000$ BANK | Команда от админа #18', 'money', '2024-06-14 18:08:56'),
	(3472, 18, 0, '+10000000$ BANK | Команда от админа #18', 'money', '2024-06-14 18:08:56'),
	(3473, 18, 0, '+10000000$ BANK | Команда от админа #18', 'money', '2024-06-14 18:08:56'),
	(3474, 18, 0, '+10000000$ BANK | Команда от админа #18', 'money', '2024-06-14 18:08:57'),
	(3475, 18, 0, '+10000000$ BANK | Команда от админа #18', 'money', '2024-06-14 18:08:57'),
	(3476, 18, 0, '+10000000$ BANK | Команда от админа #18', 'money', '2024-06-14 18:08:57'),
	(3477, 18, 0, '+10000000$ BANK | Команда от админа #18', 'money', '2024-06-14 18:08:58'),
	(3478, 18, 0, '+10000000$ BANK | Команда от админа #18', 'money', '2024-06-14 18:09:03'),
	(3479, 18, 0, '+10000000$ BANK | Команда от админа #18', 'money', '2024-06-14 18:09:04'),
	(3480, 18, 0, '+10000000$ BANK | Команда от админа #18', 'money', '2024-06-14 18:09:06'),
	(3481, 18, 0, '+10000000$ BANK | Команда от админа #18', 'money', '2024-06-14 18:09:07'),
	(3482, 18, 0, '+10000000$ BANK | Команда от админа #18', 'money', '2024-06-14 18:09:07'),
	(3483, 18, 0, '+10000000$ BANK | Команда от админа #18', 'money', '2024-06-14 18:09:08'),
	(3484, 18, 0, '+10000000$ BANK | Команда от админа #18', 'money', '2024-06-14 18:09:09'),
	(3485, 18, 0, '+10000000$ BANK | Команда от админа #18', 'money', '2024-06-14 18:09:09'),
	(3486, 18, 0, '+10000000$ BANK | Команда от админа #18', 'money', '2024-06-14 18:09:10'),
	(3487, 18, 0, '+10000000$ BANK | Команда от админа #18', 'money', '2024-06-14 18:09:11'),
	(3488, 18, 0, '+10000000$ BANK | Команда от админа #18', 'money', '2024-06-14 18:09:11'),
	(3489, 18, 0, '+10000000$ BANK | Команда от админа #18', 'money', '2024-06-14 18:09:12'),
	(3490, 18, 0, '+10000000$ BANK | Команда от админа #18', 'money', '2024-06-14 18:09:13'),
	(3491, 18, 0, '+100000000$ BANK | Команда от админа #18', 'money', '2024-06-14 18:09:16'),
	(3492, 18, 0, '+100000000$ BANK | Команда от админа #18', 'money', '2024-06-14 18:09:16'),
	(3493, 18, 0, '+100000000$ BANK | Команда от админа #18', 'money', '2024-06-14 18:09:17'),
	(3494, 18, 0, '+100000000$ BANK | Команда от админа #18', 'money', '2024-06-14 18:09:17'),
	(3495, 18, 0, '+100000000$ BANK | Команда от админа #18', 'money', '2024-06-14 18:09:18'),
	(3496, 18, 0, '-50000$ CASH | Покупка в автосалоне т/с eli', 'money', '2024-06-14 18:09:23'),
	(3497, 18, 0, '-56200$ CASH | Покупка дома #85 у государства', 'money', '2024-06-14 18:10:21'),
	(3498, 18, 0, '-0$ CASH | Взятие т/с eli с парковки', 'money', '2024-06-14 18:11:05'),
	(3499, 18, 0, '-4000000$ BANK | Снятие со счета', 'money', '2024-06-14 18:14:38'),
	(3500, 18, 0, '+4000000$ CASH | Снятие со счета', 'money', '2024-06-14 18:14:38'),
	(3501, 18, 0, '-400000000$ BANK | Снятие со счета', 'money', '2024-06-14 18:14:48'),
	(3502, 18, 0, '+400000000$ CASH | Снятие со счета', 'money', '2024-06-14 18:14:48'),
	(3503, 18, 0, '-9200000$ CASH | Покупка в автосалоне т/с rmodbacalar', 'money', '2024-06-14 18:25:37'),
	(3504, 18, 0, '-125$ CASH | Ремонт т/с Batley bliar в LSC', 'money', '2024-06-14 18:30:10'),
	(3505, 18, 0, '-736000$ CASH | Покупка тюнинга т/с Batley bliar в LSC (type #11 | index #3)', 'money', '2024-06-14 18:30:15'),
	(3506, 18, 0, '-552000$ CASH | Покупка тюнинга т/с Batley bliar в LSC (type #12 | index #2)', 'money', '2024-06-14 18:30:17'),
	(3507, 18, 0, '-276000$ CASH | Покупка тюнинга т/с Batley bliar в LSC (type #13 | index #2)', 'money', '2024-06-14 18:30:19'),
	(3508, 18, 0, '-368000$ CASH | Покупка тюнинга т/с Batley bliar в LSC (type #15 | index #3)', 'money', '2024-06-14 18:30:25'),
	(3509, 18, 0, '-92000$ CASH | Покупка тюнинга т/с Batley bliar в LSC (type #55 | index #1)', 'money', '2024-06-14 18:30:32'),
	(3510, 18, 0, '-46000$ CASH | Покупка тюнинга т/с Batley bliar в LSC (type #22 | index #0)', 'money', '2024-06-14 18:30:38'),
	(3511, 18, 0, '-92000$ CASH | Покупка тюнинга т/с Batley bliar в LSC (type #62 | index #1)', 'money', '2024-06-14 18:30:54'),
	(3512, 18, 0, '-92000$ CASH | Покупка тюнинга т/с Batley bliar в LSC (type #100 | index #1)', 'money', '2024-06-14 18:31:00'),
	(3513, 1, 1, 'Авторизовал персонажа (IP: 188.65.242.106)', 'characterInit', '2024-06-14 18:31:07'),
	(3514, 18, 0, '-0$ CASH | Покупка тюнинга т/с Batley bliar в LSC (type #100 | index #-1)', 'money', '2024-06-14 18:31:15'),
	(3515, 18, 0, '-125$ CASH | Ремонт т/с Batley bliar в LSC', 'money', '2024-06-14 18:31:42'),
	(3516, 18, 0, '-322000$ CASH | Покупка тюнинга т/с Batley bliar в LSC (type #23 | index #6)', 'money', '2024-06-14 18:31:49'),
	(3517, 18, 0, '-138000$ CASH | Покупка тюнинга т/с Batley bliar в LSC (type #23 | index #2)', 'money', '2024-06-14 18:32:03'),
	(3518, 18, 0, '-92000$ CASH | Покупка тюнинга т/с Batley bliar в LSC (type #23 | index #1)', 'money', '2024-06-14 18:32:04'),
	(3519, 18, 0, '-46000$ CASH | Покупка тюнинга т/с Batley bliar в LSC (type #23 | index #0)', 'money', '2024-06-14 18:32:04'),
	(3520, 18, 0, '-230000$ CASH | Покупка тюнинга т/с Batley bliar в LSC (type #23 | index #4)', 'money', '2024-06-14 18:32:06'),
	(3521, 18, 0, '-276000$ CASH | Покупка тюнинга т/с Batley bliar в LSC (type #23 | index #5)', 'money', '2024-06-14 18:32:07'),
	(3522, 18, 0, '-368000$ CASH | Покупка тюнинга т/с Batley bliar в LSC (type #23 | index #7)', 'money', '2024-06-14 18:32:09'),
	(3523, 18, 0, '-414000$ CASH | Покупка тюнинга т/с Batley bliar в LSC (type #23 | index #8)', 'money', '2024-06-14 18:32:09'),
	(3524, 18, 0, '-414000$ CASH | Покупка тюнинга т/с Batley bliar в LSC (type #23 | index #8)', 'money', '2024-06-14 18:32:14'),
	(3525, 18, 0, '-368000$ CASH | Покупка тюнинга т/с Batley bliar в LSC (type #23 | index #7)', 'money', '2024-06-14 18:32:15'),
	(3526, 18, 0, '-0$ CASH | Покупка тюнинга т/с Batley bliar в LSC (type #23 | index #-1)', 'money', '2024-06-14 18:32:17'),
	(3527, 1, 1, '-1000$ CASH | Покупка тюнинга т/с Audi RS6 AVANT в LSC (type #55 | index #1)', 'money', '2024-06-14 18:32:24'),
	(3528, 18, 0, '-125$ CASH | Ремонт т/с Batley bliar в LSC', 'money', '2024-06-14 18:32:32'),
	(3529, 1, 1, '-2000$ CASH | Покупка тюнинга т/с Audi RS6 AVANT в LSC (type #55 | index #3)', 'money', '2024-06-14 18:32:33'),
	(3530, 18, 0, '-92000$ CASH | Покупка тюнинга т/с Batley bliar в LSC (type #55 | index #1)', 'money', '2024-06-14 18:32:36'),
	(3531, 1, 1, '-1000$ CASH | Покупка тюнинга т/с Audi RS6 AVANT в LSC (type #55 | index #1)', 'money', '2024-06-14 18:32:38'),
	(3532, 1, 1, '-2000$ CASH | Покупка тюнинга т/с Audi RS6 AVANT в LSC (type #55 | index #3)', 'money', '2024-06-14 18:32:39'),
	(3533, 1, 1, '-500$ CASH | Покупка тюнинга т/с Audi RS6 AVANT в LSC (type #55 | index #0)', 'money', '2024-06-14 18:32:40'),
	(3534, 1, 1, '-1500$ CASH | Покупка тюнинга т/с Audi RS6 AVANT в LSC (type #55 | index #2)', 'money', '2024-06-14 18:32:41'),
	(3535, 18, 0, '-92000$ CASH | Покупка тюнинга т/с Batley bliar в LSC (type #55 | index #1)', 'money', '2024-06-14 18:32:42'),
	(3536, 1, 1, '-1500$ CASH | Покупка тюнинга т/с Audi RS6 AVANT в LSC (type #55 | index #2)', 'money', '2024-06-14 18:32:43'),
	(3537, 18, 0, '-92000$ CASH | Покупка тюнинга т/с Batley bliar в LSC (type #55 | index #1)', 'money', '2024-06-14 18:32:43'),
	(3538, 18, 0, '-125$ CASH | Ремонт т/с Batley bliar в LSC', 'money', '2024-06-14 18:33:16'),
	(3539, 1, 1, '-1000$ CASH | Покупка тюнинга т/с Audi RS6 AVANT в LSC (type #55 | index #1)', 'money', '2024-06-14 18:33:24'),
	(3540, 18, 0, 'Деавторизовал персонажа', 'characterInit', '2024-06-14 18:37:14'),
	(3541, 1, 0, 'Авторизовал персонажа (IP: 188.65.242.106)', 'characterInit', '2024-06-14 18:39:41'),
	(3542, 1, 0, '-1500$ CASH | Покупка тюнинга т/с Audi RS6 AVANT в LSC (type #55 | index #2)', 'money', '2024-06-14 18:40:28'),
	(3543, 1, 0, '-1500$ CASH | Покупка тюнинга т/с Audi RS6 AVANT в LSC (type #55 | index #2)', 'money', '2024-06-14 18:40:32'),
	(3544, 1, 0, '-2000$ CASH | Покупка тюнинга т/с Audi RS6 AVANT в LSC (type #55 | index #3)', 'money', '2024-06-14 18:40:33'),
	(3545, 1, 0, '-500$ CASH | Покупка тюнинга т/с Audi RS6 AVANT в LSC (type #55 | index #0)', 'money', '2024-06-14 18:40:35'),
	(3546, 1, 0, '-1000$ CASH | Покупка тюнинга т/с Audi RS6 AVANT в LSC (type #55 | index #1)', 'money', '2024-06-14 18:40:49'),
	(3547, 1, 0, '-1500$ CASH | Покупка тюнинга т/с Audi RS6 AVANT в LSC (type #55 | index #2)', 'money', '2024-06-14 18:40:54'),
	(3548, 1, 0, '-2000$ CASH | Покупка тюнинга т/с Audi RS6 AVANT в LSC (type #55 | index #3)', 'money', '2024-06-14 18:40:58'),
	(3549, 1, 0, '-500$ CASH | Покупка тюнинга т/с Audi RS6 AVANT в LSC (type #55 | index #0)', 'money', '2024-06-14 18:41:01'),
	(3550, 1, 0, '-1000$ CASH | Покупка тюнинга т/с Audi RS6 AVANT в LSC (type #55 | index #1)', 'money', '2024-06-14 18:41:03'),
	(3551, 1, 0, '-1500$ CASH | Покупка тюнинга т/с Audi RS6 AVANT в LSC (type #55 | index #2)', 'money', '2024-06-14 18:41:05'),
	(3552, 1, 0, '-2000$ CASH | Покупка тюнинга т/с Audi RS6 AVANT в LSC (type #55 | index #3)', 'money', '2024-06-14 18:41:07'),
	(3553, 1, 0, '-1000$ CASH | Покупка тюнинга т/с Audi RS6 AVANT в LSC (type #55 | index #1)', 'money', '2024-06-14 18:42:17'),
	(3554, 1, 0, '-1500$ CASH | Покупка тюнинга т/с Audi RS6 AVANT в LSC (type #55 | index #2)', 'money', '2024-06-14 18:42:21'),
	(3555, 1, 0, '-2000$ CASH | Покупка тюнинга т/с Audi RS6 AVANT в LSC (type #55 | index #3)', 'money', '2024-06-14 18:42:27'),
	(3556, 1, 0, '-1000$ CASH | Покупка тюнинга т/с Audi RS6 AVANT в LSC (type #55 | index #1)', 'money', '2024-06-14 18:42:31'),
	(3557, 1, 0, '-125$ CASH | Ремонт т/с Audi RS6 AVANT в LSC', 'money', '2024-06-14 18:42:42'),
	(3558, 1, 0, '-8000$ CASH | Покупка тюнинга т/с Audi RS6 AVANT в LSC (type #11 | index #3)', 'money', '2024-06-14 18:42:45'),
	(3559, 1, 0, '-3000$ CASH | Покупка тюнинга т/с Audi RS6 AVANT в LSC (type #13 | index #2)', 'money', '2024-06-14 18:42:49'),
	(3560, 1, 0, '-4000$ CASH | Покупка тюнинга т/с Audi RS6 AVANT в LSC (type #15 | index #3)', 'money', '2024-06-14 18:42:51'),
	(3561, 1, 0, '-500$ CASH | Покупка тюнинга т/с Audi RS6 AVANT в LSC (type #62 | index #0)', 'money', '2024-06-14 18:43:00'),
	(3562, 1, 0, 'Авторизовал персонажа (IP: 188.65.242.106)', 'characterInit', '2024-06-14 18:47:30'),
	(3563, 1, 0, '-2000$ CASH | Покупка тюнинга т/с Audi RS6 AVANT в LSC (type #55 | index #3)', 'money', '2024-06-14 18:49:06'),
	(3564, 1, 0, '-1500$ CASH | Покупка тюнинга т/с Audi RS6 AVANT в LSC (type #55 | index #2)', 'money', '2024-06-14 18:49:07'),
	(3565, 1, 0, '-1000$ CASH | Покупка тюнинга т/с Audi RS6 AVANT в LSC (type #55 | index #1)', 'money', '2024-06-14 18:49:09'),
	(3566, 1, 0, '-500$ CASH | Покупка тюнинга т/с Audi RS6 AVANT в LSC (type #55 | index #0)', 'money', '2024-06-14 18:49:12'),
	(3567, 1, 0, '-2000$ CASH | Покупка тюнинга т/с Audi RS6 AVANT в LSC (type #55 | index #3)', 'money', '2024-06-14 18:49:14'),
	(3568, 1, 0, '-1000$ CASH | Покупка тюнинга т/с Audi RS6 AVANT в LSC (type #55 | index #1)', 'money', '2024-06-14 18:49:32'),
	(3569, 1, 0, '-1500$ CASH | Покупка тюнинга т/с Audi RS6 AVANT в LSC (type #55 | index #2)', 'money', '2024-06-14 18:49:45'),
	(3570, 1, 0, '-2000$ CASH | Покупка тюнинга т/с Audi RS6 AVANT в LSC (type #55 | index #3)', 'money', '2024-06-14 18:49:59'),
	(3571, 1, 0, '-4000$ CASH | Покупка тюнинга т/с Audi RS6 AVANT в LSC (type #23 | index #7)', 'money', '2024-06-14 19:04:30'),
	(3572, 1, 0, '-125$ CASH | Ремонт т/с Audi RS6 AVANT в LSC', 'money', '2024-06-14 19:04:52'),
	(3573, 1, 0, '-1000$ CASH | Покупка тюнинга т/с Audi RS6 AVANT в LSC (type #55 | index #1)', 'money', '2024-06-14 19:04:56'),
	(3574, 1, 0, '-125$ CASH | Ремонт т/с Audi RS6 AVANT в LSC', 'money', '2024-06-14 19:05:59'),
	(3575, 1, 0, 'Авторизовал персонажа (IP: 188.65.242.106)', 'characterInit', '2024-06-14 21:00:55'),
	(3576, 1, 0, 'Деавторизовал персонажа', 'characterInit', '2024-06-14 21:02:59'),
	(3577, 18, 0, 'Авторизовал персонажа (IP: 94.253.27.132)', 'characterInit', '2024-06-14 21:13:22'),
	(3578, 18, 0, 'Деавторизовал персонажа', 'characterInit', '2024-06-14 21:22:17'),
	(3579, 14, NULL, '+33900$ BANK | Слет дома #82', 'money', '2024-06-15 10:54:16'),
	(3580, 14, NULL, '+65000$ BANK | Слет автомобилей в гос после слета дома', 'money', '2024-06-15 10:54:16'),
	(3581, 1, 0, 'Авторизовал персонажа (IP: 188.65.242.106)', 'characterInit', '2024-06-15 12:34:13'),
	(3582, 1, 0, 'Авторизовал персонажа (IP: 188.65.242.106)', 'characterInit', '2024-06-15 12:38:51'),
	(3583, 1, 0, 'Авторизовал персонажа (IP: 188.65.242.106)', 'characterInit', '2024-06-15 12:41:07'),
	(3584, 1, 0, 'Авторизовал персонажа (IP: 188.65.242.106)', 'characterInit', '2024-06-15 12:46:34'),
	(3585, 1, 0, '-125$ CASH | Ремонт т/с Obi S6 в LSC', 'money', '2024-06-15 12:47:18'),
	(3586, 1, 0, '-34500$ CASH | Покупка тюнинга т/с Obi S6 в LSC (type #23 | index #0)', 'money', '2024-06-15 12:47:41'),
	(3587, 1, 0, '-103500$ CASH | Покупка тюнинга т/с Obi S6 в LSC (type #55 | index #2)', 'money', '2024-06-15 12:47:57'),
	(3588, 1, 0, '-34500$ CASH | Покупка тюнинга т/с Obi S6 в LSC (type #7 | index #0)', 'money', '2024-06-15 12:50:09'),
	(3589, 1, 0, 'Авторизовал персонажа (IP: 188.65.242.106)', 'characterInit', '2024-06-15 12:57:57'),
	(3590, 1, 0, 'Авторизовал персонажа (IP: 188.65.242.106)', 'characterInit', '2024-06-15 13:03:59'),
	(3591, 1, 0, 'Авторизовал персонажа (IP: 188.65.242.106)', 'characterInit', '2024-06-15 13:06:14'),
	(3592, 1, 0, 'Авторизовал персонажа (IP: 188.65.242.106)', 'characterInit', '2024-06-15 13:49:53'),
	(3593, 1, 0, '-125$ CASH | Ремонт т/с Zupar001 в LSC', 'money', '2024-06-15 13:51:29'),
	(3594, 1, 0, 'Авторизовал персонажа (IP: 188.65.242.106)', 'characterInit', '2024-06-15 14:45:14'),
	(3595, 1, 0, '-125$ CASH | Ремонт т/с Zupar001 в LSC', 'money', '2024-06-15 14:45:55'),
	(3596, 1, 0, 'Авторизовал персонажа (IP: 188.65.242.106)', 'characterInit', '2024-06-15 14:50:04'),
	(3597, 1, 0, '-125$ CASH | Ремонт т/с Zupar001 в LSC', 'money', '2024-06-15 14:50:53'),
	(3598, 1, 0, 'Авторизовал персонажа (IP: 188.65.242.106)', 'characterInit', '2024-06-15 14:55:20'),
	(3599, 1, 0, '-125$ CASH | Ремонт т/с Zupar001 в LSC', 'money', '2024-06-15 14:56:09'),
	(3600, 1, 0, '-0$ CASH | Покупка тюнинга т/с Zupar001 в LSC (type #23 | index #-1)', 'money', '2024-06-15 14:56:14'),
	(3601, 1, 0, 'Авторизовал персонажа (IP: 188.65.242.106)', 'characterInit', '2024-06-15 15:00:09'),
	(3602, 1, 0, '-125$ CASH | Ремонт т/с Zupar001 в LSC', 'money', '2024-06-15 15:01:13'),
	(3603, 1, 0, '-0$ CASH | Покупка тюнинга т/с Zupar001 в LSC (type #23 | index #-1)', 'money', '2024-06-15 15:03:33'),
	(3604, 1, 0, '-125$ CASH | Ремонт т/с Zupar001 в LSC', 'money', '2024-06-15 15:04:03'),
	(3605, 1, 0, 'Авторизовал персонажа (IP: 188.65.242.106)', 'characterInit', '2024-06-15 15:09:54'),
	(3606, 1, 0, '-125$ CASH | Ремонт т/с Zupar001 в LSC', 'money', '2024-06-15 15:10:53'),
	(3607, 1, 0, 'Авторизовал персонажа (IP: 188.65.242.106)', 'characterInit', '2024-06-15 15:55:10'),
	(3608, 1, 0, '-125$ CASH | Ремонт т/с Zupar001 в LSC', 'money', '2024-06-15 15:56:03'),
	(3609, 1, 0, 'Авторизовал персонажа (IP: 188.65.242.106)', 'characterInit', '2024-06-15 16:03:01'),
	(3610, 1, 0, '-125$ CASH | Ремонт т/с Zupar001 в LSC', 'money', '2024-06-15 16:04:23'),
	(3611, 1, 0, 'Авторизовал персонажа (IP: 188.65.242.106)', 'characterInit', '2024-06-15 16:09:26'),
	(3612, 1, 0, '-125$ CASH | Ремонт т/с Zupar001 в LSC', 'money', '2024-06-15 16:10:09'),
	(3613, 1, 0, 'Авторизовал персонажа (IP: 188.65.242.106)', 'characterInit', '2024-06-15 17:21:18'),
	(3614, 1, 0, '-125$ CASH | Ремонт т/с Zupar001 в LSC', 'money', '2024-06-15 17:22:13'),
	(3615, 1, 0, 'Авторизовал персонажа (IP: 188.65.242.106)', 'characterInit', '2024-06-15 17:36:02'),
	(3616, 1, 0, '-125$ CASH | Ремонт т/с Zupar001 в LSC', 'money', '2024-06-15 17:36:45'),
	(3617, 1, 0, 'Авторизовал персонажа (IP: 188.65.242.106)', 'characterInit', '2024-06-15 17:43:34'),
	(3618, 1, 0, '-125$ CASH | Ремонт т/с Zupar001 в LSC', 'money', '2024-06-15 17:44:17'),
	(3619, 1, 0, 'Авторизовал персонажа (IP: 188.65.242.106)', 'characterInit', '2024-06-15 17:50:25'),
	(3620, 1, 0, '-125$ CASH | Ремонт т/с Zupar001 в LSC', 'money', '2024-06-15 17:51:16'),
	(3621, 1, 0, 'Авторизовал персонажа (IP: 188.65.242.106)', 'characterInit', '2024-06-15 18:00:02'),
	(3622, 1, 0, '-125$ CASH | Ремонт т/с Zupar001 в LSC', 'money', '2024-06-15 18:00:43'),
	(3623, 18, NULL, '+33720$ BANK | Слет дома #85', 'money', '2024-06-15 18:10:21'),
	(3624, 18, NULL, '+6045000$ BANK | Слет автомобилей в гос после слета дома', 'money', '2024-06-15 18:10:22'),
	(3625, 1, 0, 'Авторизовал персонажа (IP: 188.65.242.106)', 'characterInit', '2024-06-15 18:12:18'),
	(3626, 1, 0, '-125$ CASH | Ремонт т/с Zupar001 в LSC', 'money', '2024-06-15 18:13:10'),
	(3627, 1, 0, 'Деавторизовал персонажа', 'characterInit', '2024-06-15 18:25:33'),
	(3628, 1, 0, 'Авторизовал персонажа (IP: 188.65.242.106)', 'characterInit', '2024-06-15 18:27:31'),
	(3629, 1, 0, '-125$ CASH | Ремонт т/с Zupar001 в LSC', 'money', '2024-06-15 18:28:52'),
	(3630, 1, 0, 'Авторизовал персонажа (IP: 188.65.242.106)', 'characterInit', '2024-06-15 18:48:31'),
	(3631, 1, 0, '-125$ CASH | Ремонт т/с Zupar001 в LSC', 'money', '2024-06-15 18:49:13'),
	(3632, 1, 0, 'Авторизовал персонажа (IP: 188.65.242.106)', 'characterInit', '2024-06-15 18:58:52'),
	(3633, 1, 0, '-125$ CASH | Ремонт т/с Zupar001 в LSC', 'money', '2024-06-15 18:59:58'),
	(3634, 1, 0, 'Авторизовал персонажа (IP: 188.65.242.106)', 'characterInit', '2024-06-15 19:05:35'),
	(3635, 1, 0, '-125$ CASH | Ремонт т/с Zupar001 в LSC', 'money', '2024-06-15 19:06:21'),
	(3636, 1, 0, 'Авторизовал персонажа (IP: 188.65.242.106)', 'characterInit', '2024-06-15 19:12:04'),
	(3637, 1, 0, '-125$ CASH | Ремонт т/с Zupar001 в LSC', 'money', '2024-06-15 19:12:57'),
	(3638, 18, 1, 'Авторизовал персонажа (IP: 94.253.27.132)', 'characterInit', '2024-06-15 19:15:30'),
	(3639, 1, 1, 'Авторизовал персонажа (IP: 188.65.242.106)', 'characterInit', '2024-06-15 19:16:42'),
	(3640, 18, 0, 'Авторизовал персонажа (IP: 94.253.27.132)', 'characterInit', '2024-06-15 19:17:01'),
	(3641, 1, 1, '-125$ CASH | Ремонт т/с Zupar001 в LSC', 'money', '2024-06-15 19:17:19'),
	(3642, 18, 0, '-3000 фишек (Прокрутка колеса)', 'casino', '2024-06-15 19:23:46'),
	(3643, 18, 0, '-400 фишек (Ставка в рулетке)', 'casino', '2024-06-15 19:25:08'),
	(3644, 18, 0, 'Деавторизовал персонажа', 'characterInit', '2024-06-15 19:26:06'),
	(3645, 1, 0, 'Авторизовал персонажа (IP: 188.65.242.106)', 'characterInit', '2024-06-15 19:27:35'),
	(3646, 1, 0, '-125$ CASH | Ремонт т/с Zupar001 в LSC', 'money', '2024-06-15 19:28:16'),
	(3647, 1, 0, 'Авторизовал персонажа (IP: 188.65.242.106)', 'characterInit', '2024-06-15 20:20:32'),
	(3648, 1, 0, '-125$ CASH | Ремонт т/с Zupar001 в LSC', 'money', '2024-06-15 20:21:11'),
	(3649, 1, 0, 'Авторизовал персонажа (IP: 188.65.242.106)', 'characterInit', '2024-06-15 20:30:05'),
	(3650, 1, 0, '-125$ CASH | Ремонт т/с Zupar001 в LSC', 'money', '2024-06-15 20:30:41'),
	(3651, 1, 0, 'Авторизовал персонажа (IP: 188.65.242.106)', 'characterInit', '2024-06-15 20:47:29'),
	(3652, 1, 0, '-125$ CASH | Ремонт т/с Zupar001 в LSC', 'money', '2024-06-15 20:48:14'),
	(3653, 18, 1, 'Авторизовал персонажа (IP: 94.253.27.132)', 'characterInit', '2024-06-15 21:04:58'),
	(3654, 18, 1, 'Деавторизовал персонажа', 'characterInit', '2024-06-15 21:13:15'),
	(3655, 1, 0, 'Авторизовал персонажа (IP: 188.65.242.106)', 'characterInit', '2024-06-15 21:14:46'),
	(3656, 1, 0, '-125$ CASH | Ремонт т/с Zupar001 в LSC', 'money', '2024-06-15 21:15:29'),
	(3657, 1, 0, 'Авторизовал персонажа (IP: 188.65.242.106)', 'characterInit', '2024-06-15 21:25:44'),
	(3658, 1, 0, '-125$ CASH | Ремонт т/с Zupar001 в LSC', 'money', '2024-06-15 21:26:23'),
	(3659, 1, 0, 'Авторизовал персонажа (IP: 188.65.242.106)', 'characterInit', '2024-06-15 21:32:28'),
	(3660, 1, 0, '-125$ CASH | Ремонт т/с Zupar001 в LSC', 'money', '2024-06-15 21:33:15'),
	(3661, 1, 0, 'Авторизовал персонажа (IP: 188.65.242.106)', 'characterInit', '2024-06-15 21:37:18'),
	(3662, 1, 0, '-125$ CASH | Ремонт т/с Zupar001 в LSC', 'money', '2024-06-15 21:37:52'),
	(3663, 1, 0, '-0$ CASH | Покупка тюнинга т/с Zupar001 в LSC (type #23 | index #-1)', 'money', '2024-06-15 21:38:45'),
	(3664, 1, 0, 'Авторизовал персонажа (IP: 188.65.242.106)', 'characterInit', '2024-06-15 21:44:41'),
	(3665, 1, 0, '-125$ CASH | Ремонт т/с Zupar001 в LSC', 'money', '2024-06-15 21:45:20'),
	(3666, 1, 0, 'Авторизовал персонажа (IP: 188.65.242.106)', 'characterInit', '2024-06-15 21:46:34'),
	(3667, 1, 0, '-125$ CASH | Ремонт т/с Zupar001 в LSC', 'money', '2024-06-15 21:47:28'),
	(3668, 1, 0, 'Авторизовал персонажа (IP: 188.65.242.106)', 'characterInit', '2024-06-15 21:55:22'),
	(3669, 1, 0, '-125$ CASH | Ремонт т/с Zupar001 в LSC', 'money', '2024-06-15 21:56:04'),
	(3670, 1, 0, '-3259550$ CASH | Покупка тюнинга т/с Zupar001 в LSC (type #23 | index #66)', 'money', '2024-06-15 21:56:36'),
	(3671, 1, 0, 'Авторизовал персонажа (IP: 188.65.242.106)', 'characterInit', '2024-06-15 22:18:06'),
	(3672, 1, 0, '-125$ CASH | Ремонт т/с Zupar001 в LSC', 'money', '2024-06-15 22:18:48'),
	(3673, 1, 0, 'Авторизовал персонажа (IP: 188.65.242.106)', 'characterInit', '2024-06-15 22:20:42'),
	(3674, 1, 0, '-125$ CASH | Ремонт т/с Zupar001 в LSC', 'money', '2024-06-15 22:22:17'),
	(3675, 1, 0, '-125$ CASH | Ремонт т/с Zupar001 в LSC', 'money', '2024-06-15 22:27:50'),
	(3676, 1, 0, 'Авторизовал персонажа (IP: 188.65.242.106)', 'characterInit', '2024-06-15 22:37:17'),
	(3677, 1, 0, '-125$ CASH | Ремонт т/с Zupar001 в LSC', 'money', '2024-06-15 22:38:02'),
	(3678, 18, 1, 'Авторизовал персонажа (IP: 94.253.27.132)', 'characterInit', '2024-06-15 22:44:28'),
	(3679, 18, 1, '-500000$ CASH | Покупка дома #286 у государства', 'money', '2024-06-15 22:44:51'),
	(3680, 18, 1, '-14000000$ CASH | Покупка в автосалоне т/с gemera', 'money', '2024-06-15 22:47:10'),
	(3681, 18, 1, '-600000$ BANK | Оплата налогов за дом', 'money', '2024-06-15 22:47:44'),
	(3682, 18, 1, '-150000$ BANK | Оплата налогов за дом', 'money', '2024-06-15 22:47:51'),
	(3683, 18, 1, '-125$ CASH | Ремонт т/с Genera в LSC', 'money', '2024-06-15 22:49:03'),
	(3684, 18, 1, '-100$ CASH | Смена цвета т/с Genera в LSC (#49 | #67)', 'money', '2024-06-15 22:49:08'),
	(3685, 18, 1, '-1120000$ CASH | Покупка тюнинга т/с Genera в LSC (type #11 | index #3)', 'money', '2024-06-15 22:49:13'),
	(3686, 18, 1, '-420000$ CASH | Покупка тюнинга т/с Genera в LSC (type #13 | index #2)', 'money', '2024-06-15 22:49:17'),
	(3687, 18, 1, '-125$ CASH | Ремонт т/с Genera в LSC', 'money', '2024-06-15 22:49:38'),
	(3688, 18, 1, '-70000$ CASH | Покупка тюнинга т/с Genera в LSC (type #22 | index #0)', 'money', '2024-06-15 22:50:23'),
	(3689, 18, 1, '-100 CC | Покупка кейса #1', 'donate', '2024-06-15 22:54:16'),
	(3690, 18, 1, '+5 CC | Продажа приза из кейса #7', 'donate', '2024-06-15 22:54:24'),
	(3691, 18, 1, '-100 CC | Покупка кейса #1', 'donate', '2024-06-15 22:54:25'),
	(3692, 18, 1, '+10 CC | Продажа приза из кейса #4', 'donate', '2024-06-15 22:54:32'),
	(3693, 18, 1, '-100 CC | Покупка кейса #1', 'donate', '2024-06-15 22:54:34'),
	(3694, 18, 1, '+20 CC | Продажа приза из кейса #5', 'donate', '2024-06-15 22:54:42'),
	(3695, 18, 1, '-100 CC | Покупка кейса #1', 'donate', '2024-06-15 22:54:43'),
	(3696, 18, 1, '+5 CC | Продажа приза из кейса #7', 'donate', '2024-06-15 22:54:49'),
	(3697, 18, 1, '-500 CC | Покупка кейса #2', 'donate', '2024-06-15 22:54:55'),
	(3698, 18, 1, '+100 CC | Продажа приза из кейса #11', 'donate', '2024-06-15 22:55:03'),
	(3699, 18, 1, '-3920000$ CASH | Покупка тюнинга т/с Genera в LSC (type #23 | index #55)', 'money', '2024-06-15 22:56:44'),
	(3700, 18, 1, '-3990000$ CASH | Покупка тюнинга т/с Genera в LSC (type #23 | index #56)', 'money', '2024-06-15 22:56:45'),
	(3701, 18, 1, '-4130000$ CASH | Покупка тюнинга т/с Genera в LSC (type #23 | index #58)', 'money', '2024-06-15 22:56:46'),
	(3702, 18, 1, '-4690000$ CASH | Покупка тюнинга т/с Genera в LSC (type #23 | index #66)', 'money', '2024-06-15 22:56:48'),
	(3703, 18, 1, '-4760000$ CASH | Покупка тюнинга т/с Genera в LSC (type #23 | index #67)', 'money', '2024-06-15 22:56:49'),
	(3704, 18, 1, '-3780000$ CASH | Покупка тюнинга т/с Genera в LSC (type #23 | index #53)', 'money', '2024-06-15 22:57:18'),
	(3705, 18, 1, '-3850000$ CASH | Покупка тюнинга т/с Genera в LSC (type #23 | index #54)', 'money', '2024-06-15 22:57:19'),
	(3706, 18, 1, '-3920000$ CASH | Покупка тюнинга т/с Genera в LSC (type #23 | index #55)', 'money', '2024-06-15 22:57:19'),
	(3707, 18, 1, '-3990000$ CASH | Покупка тюнинга т/с Genera в LSC (type #23 | index #56)', 'money', '2024-06-15 22:57:20'),
	(3708, 18, 1, '-4130000$ CASH | Покупка тюнинга т/с Genera в LSC (type #23 | index #58)', 'money', '2024-06-15 22:57:21'),
	(3709, 18, 1, '-4270000$ CASH | Покупка тюнинга т/с Genera в LSC (type #23 | index #60)', 'money', '2024-06-15 22:57:22'),
	(3710, 18, 1, '+400$ BANK | Зарплата организации x0.1 U.S. Army', 'money', '2024-06-15 23:00:33'),
	(3711, 18, 1, '-140000$ CASH | Покупка тюнинга т/с Genera в LSC (type #55 | index #1)', 'money', '2024-06-15 23:01:16'),
	(3712, 18, 1, '-12880000$ CASH | Покупка тюнинга т/с Genera в LSC (type #23 | index #183)', 'money', '2024-06-15 23:01:48'),
	(3713, 18, 1, '-11970000$ CASH | Покупка тюнинга т/с Genera в LSC (type #23 | index #170)', 'money', '2024-06-15 23:01:57'),
	(3714, 1, 0, 'Авторизовал персонажа (IP: 188.65.242.106)', 'characterInit', '2024-06-15 23:02:03'),
	(3715, 1, 0, 'Деавторизовал персонажа', 'characterInit', '2024-06-15 23:02:29'),
	(3716, 18, 1, '-125$ CASH | Ремонт т/с Genera в LSC', 'money', '2024-06-15 23:02:43'),
	(3717, 18, 1, '-125$ CASH | Ремонт т/с Genera в LSC', 'money', '2024-06-15 23:02:49'),
	(3718, 18, 1, '-125$ CASH | Ремонт т/с Genera в LSC', 'money', '2024-06-15 23:02:49'),
	(3719, 18, 1, '-125$ CASH | Ремонт т/с Genera в LSC', 'money', '2024-06-15 23:02:50'),
	(3720, 18, 1, '-125$ CASH | Ремонт т/с Genera в LSC', 'money', '2024-06-15 23:02:50'),
	(3721, 18, 1, '-125$ CASH | Ремонт т/с Genera в LSC', 'money', '2024-06-15 23:02:50'),
	(3722, 18, 1, '-100$ CASH | Смена цвета т/с Genera в LSC (#91 | #67)', 'money', '2024-06-15 23:03:00'),
	(3723, 18, 1, '-12880000$ CASH | Покупка тюнинга т/с Genera в LSC (type #23 | index #183)', 'money', '2024-06-15 23:03:36'),
	(3724, 18, 1, '-70000$ CASH | Покупка тюнинга т/с Genera в LSC (type #10 | index #0)', 'money', '2024-06-15 23:03:56'),
	(3725, 18, 1, '-0$ CASH | Покупка тюнинга т/с Genera в LSC (type #10 | index #-1)', 'money', '2024-06-15 23:03:59'),
	(3726, 18, 1, '-70000$ CASH | Покупка тюнинга т/с Genera в LSC (type #10 | index #0)', 'money', '2024-06-15 23:03:59'),
	(3727, 18, 1, '-560000$ CASH | Покупка тюнинга т/с Genera в LSC (type #15 | index #3)', 'money', '2024-06-15 23:05:22'),
	(3728, 18, 1, 'Деавторизовал персонажа', 'characterInit', '2024-06-15 23:17:22'),
	(3729, 1, 0, 'Авторизовал персонажа (IP: 188.65.242.106)', 'characterInit', '2024-06-15 23:27:26'),
	(3730, 1, 0, 'Авторизовал персонажа (IP: 188.65.242.106)', 'characterInit', '2024-06-15 23:34:27'),
	(3731, 1, 0, '-97300$ CASH | Покупка тюнинга т/с Zupar001 в LSC (type #100 | index #1)', 'money', '2024-06-15 23:38:43'),
	(3732, 1, 0, '-5838$ CASH | Покупка тюнинга т/с Zupar001 в LSC (type #23 | index #5)', 'money', '2024-06-15 23:38:49'),
	(3733, 1, 0, '-57407$ CASH | Покупка тюнинга т/с Zupar001 в LSC (type #23 | index #58)', 'money', '2024-06-15 23:38:56'),
	(3734, 1, 0, '-58380$ CASH | Покупка тюнинга т/с Zupar001 в LSC (type #23 | index #59)', 'money', '2024-06-15 23:39:05'),
	(3735, 1, 0, '-48650$ CASH | Покупка тюнинга т/с Zupar001 в LSC (type #100 | index #0)', 'money', '2024-06-15 23:49:08'),
	(3736, 1, 0, '-97300$ CASH | Покупка тюнинга т/с Zupar001 в LSC (type #100 | index #1)', 'money', '2024-06-15 23:49:20'),
	(3737, 1, 0, '-97300$ CASH | Покупка тюнинга т/с Zupar001 в LSC (type #55 | index #1)', 'money', '2024-06-15 23:49:25'),
	(3738, 1, 0, '-145950$ CASH | Покупка тюнинга т/с Zupar001 в LSC (type #55 | index #2)', 'money', '2024-06-15 23:49:31'),
	(3739, 1, 0, '-340550$ CASH | Покупка тюнинга т/с Zupar001 в LSC (type #100 | index #6)', 'money', '2024-06-15 23:49:41'),
	(3740, 1, 0, '-291900$ CASH | Покупка тюнинга т/с Zupar001 в LSC (type #100 | index #5)', 'money', '2024-06-15 23:49:50'),
	(3741, 1, 0, '-97300$ CASH | Покупка тюнинга т/с Zupar001 в LSC (type #55 | index #1)', 'money', '2024-06-15 23:49:59'),
	(3742, 1, 0, '-48650$ CASH | Покупка тюнинга т/с Zupar001 в LSC (type #100 | index #0)', 'money', '2024-06-15 23:51:45'),
	(3743, 1, 0, '-145950$ CASH | Покупка тюнинга т/с Zupar001 в LSC (type #55 | index #2)', 'money', '2024-06-15 23:51:58'),
	(3744, 1, 0, '-97300$ CASH | Покупка тюнинга т/с Zupar001 в LSC (type #100 | index #1)', 'money', '2024-06-15 23:52:09'),
	(3745, 1, 0, '-125$ CASH | Ремонт т/с Zupar001 в LSC', 'money', '2024-06-15 23:52:28'),
	(3746, 1, 0, '-145950$ CASH | Покупка тюнинга т/с Zupar001 в LSC (type #100 | index #2)', 'money', '2024-06-15 23:52:33'),
	(3747, 1, 0, '-48650$ CASH | Покупка тюнинга т/с Zupar001 в LSC (type #100 | index #0)', 'money', '2024-06-15 23:53:28'),
	(3748, 1, 0, '-97300$ CASH | Покупка тюнинга т/с Zupar001 в LSC (type #55 | index #1)', 'money', '2024-06-15 23:53:41'),
	(3749, 1, 0, '-145950$ CASH | Покупка тюнинга т/с Zupar001 в LSC (type #55 | index #2)', 'money', '2024-06-15 23:53:49'),
	(3750, 1, 0, '-97300$ CASH | Покупка тюнинга т/с Zupar001 в LSC (type #100 | index #1)', 'money', '2024-06-15 23:55:53'),
	(3751, 1, 0, '+300$ BANK | Зарплата организации x0.1 BCSD', 'money', '2024-06-16 00:00:51'),
	(3752, 1, 0, 'Авторизовал персонажа (IP: 188.65.242.106)', 'characterInit', '2024-06-16 00:10:21'),
	(3753, 1, 0, '-125$ CASH | Ремонт т/с Zupar001 в LSC', 'money', '2024-06-16 00:11:00'),
	(3754, 1, 0, '-48650$ CASH | Покупка тюнинга т/с Zupar001 в LSC (type #100 | index #0)', 'money', '2024-06-16 00:11:08'),
	(3755, 1, 0, '-97300$ CASH | Покупка тюнинга т/с Zupar001 в LSC (type #null | index #1)', 'money', '2024-06-16 00:11:47'),
	(3756, 1, 0, 'Авторизовал персонажа (IP: 188.65.242.106)', 'characterInit', '2024-06-16 00:15:13'),
	(3757, 1, 0, '-125$ CASH | Ремонт т/с Zupar001 в LSC', 'money', '2024-06-16 00:15:51'),
	(3758, 1, 0, '-97300$ CASH | Покупка тюнинга т/с Zupar001 в LSC (type #100 | index #1)', 'money', '2024-06-16 00:15:58'),
	(3759, 1, 0, '-194600$ CASH | Покупка тюнинга т/с Zupar001 в LSC (type #-1 | index #3)', 'money', '2024-06-16 00:16:01'),
	(3760, 1, 0, '-23352$ CASH | Покупка тюнинга т/с Zupar001 в LSC (type #23 | index #23)', 'money', '2024-06-16 00:16:09'),
	(3761, 1, 0, '-23352$ CASH | Покупка тюнинга т/с Zupar001 в LSC (type #23 | index #23)', 'money', '2024-06-16 00:16:12'),
	(3762, 1, 0, '-194600$ CASH | Покупка тюнинга т/с Zupar001 в LSC (type #100 | index #3)', 'money', '2024-06-16 00:16:21'),
	(3763, 1, 0, '-145950$ CASH | Покупка тюнинга т/с Zupar001 в LSC (type #-1 | index #2)', 'money', '2024-06-16 00:16:42'),
	(3764, 1, 0, '-0$ CASH | Покупка тюнинга т/с Zupar001 в LSC (type #22 | index #-1)', 'money', '2024-06-16 00:16:54'),
	(3765, 1, 0, '-48650$ CASH | Покупка тюнинга т/с Zupar001 в LSC (type #-1 | index #0)', 'money', '2024-06-16 00:16:56'),
	(3766, 1, 0, 'Авторизовал персонажа (IP: 188.65.242.106)', 'characterInit', '2024-06-16 00:21:14'),
	(3767, 1, 0, '-125$ CASH | Ремонт т/с Zupar001 в LSC', 'money', '2024-06-16 00:22:00'),
	(3768, 1, 0, '-145950$ CASH | Покупка тюнинга т/с Zupar001 в LSC (type #-1 | index #2)', 'money', '2024-06-16 00:22:08'),
	(3769, 1, 0, 'Авторизовал персонажа (IP: 188.65.242.106)', 'characterInit', '2024-06-16 09:14:15'),
	(3770, 1, 0, '-125$ CASH | Ремонт т/с Zupar001 в LSC', 'money', '2024-06-16 09:15:19'),
	(3771, 1, 0, '-23352$ CASH | Покупка тюнинга т/с Zupar001 в LSC (type #23 | index #23)', 'money', '2024-06-16 09:15:26'),
	(3772, 1, 0, '-23352$ CASH | Покупка тюнинга т/с Zupar001 в LSC (type #23 | index #23)', 'money', '2024-06-16 09:16:48'),
	(3773, 1, 0, '-23352$ CASH | Покупка тюнинга т/с Zupar001 в LSC (type #23 | index #23)', 'money', '2024-06-16 09:17:01'),
	(3774, 1, 0, '-23352$ CASH | Покупка тюнинга т/с Zupar001 в LSC (type #23 | index #23)', 'money', '2024-06-16 09:17:02'),
	(3775, 1, 0, '-23352$ CASH | Покупка тюнинга т/с Zupar001 в LSC (type #23 | index #23)', 'money', '2024-06-16 09:17:02'),
	(3776, 1, 0, '-23352$ CASH | Покупка тюнинга т/с Zupar001 в LSC (type #23 | index #23)', 'money', '2024-06-16 09:17:09'),
	(3777, 1, 0, '-23352$ CASH | Покупка тюнинга т/с Zupar001 в LSC (type #23 | index #23)', 'money', '2024-06-16 09:17:11'),
	(3778, 1, 0, '-23352$ CASH | Покупка тюнинга т/с Zupar001 в LSC (type #23 | index #23)', 'money', '2024-06-16 09:17:16'),
	(3779, 1, 0, '-23352$ CASH | Покупка тюнинга т/с Zupar001 в LSC (type #23 | index #23)', 'money', '2024-06-16 09:17:52'),
	(3780, 1, 0, '-23352$ CASH | Покупка тюнинга т/с Zupar001 в LSC (type #23 | index #23)', 'money', '2024-06-16 09:19:35'),
	(3781, 1, 0, 'Авторизовал персонажа (IP: 188.65.242.106)', 'characterInit', '2024-06-16 09:27:35'),
	(3782, 1, 0, '-125$ CASH | Ремонт т/с Zupar001 в LSC', 'money', '2024-06-16 09:28:12'),
	(3783, 1, 0, '-0$ CASH | Покупка тюнинга т/с Zupar001 в LSC (type #23 | index #23)', 'money', '2024-06-16 09:28:17'),
	(3784, 1, 0, '-0$ CASH | Покупка тюнинга т/с Zupar001 в LSC (type #23 | index #23)', 'money', '2024-06-16 09:28:22'),
	(3785, 1, 0, '-0$ CASH | Покупка тюнинга т/с Zupar001 в LSC (type #23 | index #23)', 'money', '2024-06-16 09:28:24'),
	(3786, 1, 0, '-0$ CASH | Покупка тюнинга т/с Zupar001 в LSC (type #23 | index #23)', 'money', '2024-06-16 09:28:25'),
	(3787, 1, 0, '-0$ CASH | Покупка тюнинга т/с Zupar001 в LSC (type #23 | index #23)', 'money', '2024-06-16 09:28:28'),
	(3788, 1, 0, '-0$ CASH | Покупка тюнинга т/с Zupar001 в LSC (type #23 | index #23)', 'money', '2024-06-16 09:28:29'),
	(3789, 1, 0, '-0$ CASH | Покупка тюнинга т/с Zupar001 в LSC (type #23 | index #23)', 'money', '2024-06-16 09:28:31'),
	(3790, 1, 0, '-0$ CASH | Покупка тюнинга т/с Zupar001 в LSC (type #23 | index #23)', 'money', '2024-06-16 09:28:35'),
	(3791, 1, 0, '-0$ CASH | Покупка тюнинга т/с Zupar001 в LSC (type #23 | index #23)', 'money', '2024-06-16 09:28:36'),
	(3792, 1, 0, '-0$ CASH | Покупка тюнинга т/с Zupar001 в LSC (type #23 | index #23)', 'money', '2024-06-16 09:28:36'),
	(3793, 1, 0, '-0$ CASH | Покупка тюнинга т/с Zupar001 в LSC (type #23 | index #23)', 'money', '2024-06-16 09:28:37'),
	(3794, 1, 0, '-0$ CASH | Покупка тюнинга т/с Zupar001 в LSC (type #23 | index #23)', 'money', '2024-06-16 09:28:38'),
	(3795, 1, 0, '-0$ CASH | Покупка тюнинга т/с Zupar001 в LSC (type #23 | index #23)', 'money', '2024-06-16 09:28:39'),
	(3796, 1, 0, '-0$ CASH | Покупка тюнинга т/с Zupar001 в LSC (type #23 | index #23)', 'money', '2024-06-16 09:28:40'),
	(3797, 1, 0, 'Авторизовал персонажа (IP: 188.65.242.106)', 'characterInit', '2024-06-16 09:29:59'),
	(3798, 1, 0, '-125$ CASH | Ремонт т/с Zupar001 в LSC', 'money', '2024-06-16 09:30:42'),
	(3799, 1, 0, '-23352$ CASH | Покупка тюнинга т/с Zupar001 в LSC (type #23 | index #23)', 'money', '2024-06-16 09:30:47'),
	(3800, 1, 0, '-23352$ CASH | Покупка тюнинга т/с Zupar001 в LSC (type #23 | index #23)', 'money', '2024-06-16 09:31:56'),
	(3801, 1, 0, '-23352$ CASH | Покупка тюнинга т/с Zupar001 в LSC (type #23 | index #23)', 'money', '2024-06-16 09:34:00'),
	(3802, 1, 0, 'Авторизовал персонажа (IP: 188.65.242.106)', 'characterInit', '2024-06-16 09:34:52'),
	(3803, 1, 0, '-125$ CASH | Ремонт т/с Zupar001 в LSC', 'money', '2024-06-16 09:35:32'),
	(3804, 1, 0, '-52542$ CASH | Покупка тюнинга т/с Zupar001 в LSC (type #23 | index #53)', 'money', '2024-06-16 09:35:49'),
	(3805, 1, 0, '-53515$ CASH | Покупка тюнинга т/с Zupar001 в LSC (type #23 | index #54)', 'money', '2024-06-16 09:36:25'),
	(3806, 1, 0, '-48650$ CASH | Покупка тюнинга т/с Zupar001 в LSC (type #100 | index #0)', 'money', '2024-06-16 09:36:38'),
	(3807, 1, 0, '-97300$ CASH | Покупка тюнинга т/с Zupar001 в LSC (type #55 | index #1)', 'money', '2024-06-16 09:36:45'),
	(3808, 1, 0, '-59353$ CASH | Покупка тюнинга т/с Zupar001 в LSC (type #23 | index #60)', 'money', '2024-06-16 09:36:59'),
	(3809, 1, 0, '-64218$ CASH | Покупка тюнинга т/с Zupar001 в LSC (type #23 | index #65)', 'money', '2024-06-16 09:37:02'),
	(3810, 1, 0, '-17514$ CASH | Покупка тюнинга т/с Zupar001 в LSC (type #23 | index #17)', 'money', '2024-06-16 09:37:15'),
	(3811, 1, 0, '-16541$ CASH | Покупка тюнинга т/с Zupar001 в LSC (type #23 | index #16)', 'money', '2024-06-16 09:37:23'),
	(3812, 1, 0, '-18487$ CASH | Покупка тюнинга т/с Zupar001 в LSC (type #23 | index #18)', 'money', '2024-06-16 09:37:55'),
	(3813, 1, 0, '-18487$ CASH | Покупка тюнинга т/с Zupar001 в LSC (type #23 | index #18)', 'money', '2024-06-16 09:38:08'),
	(3814, 1, 0, '-19460$ CASH | Покупка тюнинга т/с Zupar001 в LSC (type #23 | index #19)', 'money', '2024-06-16 09:38:48'),
	(3815, 1, 0, '-20433$ CASH | Покупка тюнинга т/с Zupar001 в LSC (type #23 | index #20)', 'money', '2024-06-16 09:39:20'),
	(3816, 1, 0, '-125$ CASH | Ремонт т/с Zupar001 в LSC', 'money', '2024-06-16 09:42:12'),
	(3817, 1, 0, '-18487$ CASH | Покупка тюнинга т/с Zupar001 в LSC (type #23 | index #18)', 'money', '2024-06-16 09:42:16'),
	(3818, 1, 0, '-19460$ CASH | Покупка тюнинга т/с Zupar001 в LSC (type #23 | index #19)', 'money', '2024-06-16 09:42:17'),
	(3819, 1, 0, '-20433$ CASH | Покупка тюнинга т/с Zupar001 в LSC (type #23 | index #20)', 'money', '2024-06-16 09:42:18'),
	(3820, 1, 0, '-39893$ CASH | Покупка тюнинга т/с Zupar001 в LSC (type #23 | index #40)', 'money', '2024-06-16 09:42:22'),
	(3821, 1, 0, '-51569$ CASH | Покупка тюнинга т/с Zupar001 в LSC (type #23 | index #52)', 'money', '2024-06-16 09:42:27'),
	(3822, 1, 0, '-52542$ CASH | Покупка тюнинга т/с Zupar001 в LSC (type #23 | index #53)', 'money', '2024-06-16 09:42:28'),
	(3823, 1, 0, '-973$ CASH | Покупка тюнинга т/с Zupar001 в LSC (type #23 | index #0)', 'money', '2024-06-16 09:42:31'),
	(3824, 1, 0, '-13622$ CASH | Покупка тюнинга т/с Zupar001 в LSC (type #23 | index #13)', 'money', '2024-06-16 09:42:34'),
	(3825, 1, 0, '-17514$ CASH | Покупка тюнинга т/с Zupar001 в LSC (type #23 | index #17)', 'money', '2024-06-16 09:42:35'),
	(3826, 1, 0, '-19460$ CASH | Покупка тюнинга т/с Zupar001 в LSC (type #23 | index #19)', 'money', '2024-06-16 09:42:39'),
	(3827, 1, 0, '-19460$ CASH | Покупка тюнинга т/с Zupar001 в LSC (type #23 | index #19)', 'money', '2024-06-16 09:43:54'),
	(3828, 1, 0, '-194600$ CASH | Покупка тюнинга т/с Zupar001 в LSC (type #55 | index #3)', 'money', '2024-06-16 09:45:32'),
	(3829, 1, 0, 'Авторизовал персонажа (IP: 188.65.242.106)', 'characterInit', '2024-06-16 09:54:38'),
	(3830, 1, 0, '-125$ CASH | Ремонт т/с Zupar001 в LSC', 'money', '2024-06-16 09:55:33'),
	(3831, 1, 0, '-18487$ CASH | Покупка тюнинга т/с Zupar001 в LSC (type #23 | index #18)', 'money', '2024-06-16 09:55:39'),
	(3832, 1, 0, '-51569$ CASH | Покупка тюнинга т/с Zupar001 в LSC (type #23 | index #52)', 'money', '2024-06-16 09:55:45'),
	(3833, 1, 0, '-17514$ CASH | Покупка тюнинга т/с Zupar001 в LSC (type #23 | index #17)', 'money', '2024-06-16 09:55:49'),
	(3834, 1, 0, '-18487$ CASH | Покупка тюнинга т/с Zupar001 в LSC (type #23 | index #18)', 'money', '2024-06-16 09:55:52'),
	(3835, 1, 0, '-17514$ CASH | Покупка тюнинга т/с Zupar001 в LSC (type #23 | index #17)', 'money', '2024-06-16 09:55:56'),
	(3836, 1, 0, '-17514$ CASH | Покупка тюнинга т/с Zupar001 в LSC (type #23 | index #17)', 'money', '2024-06-16 09:56:07'),
	(3837, 1, 0, '-30163$ CASH | Покупка тюнинга т/с Zupar001 в LSC (type #23 | index #30)', 'money', '2024-06-16 09:56:12'),
	(3838, 18, 0, 'Авторизовал персонажа (IP: 94.253.27.132)', 'characterInit', '2024-06-16 10:05:58'),
	(3839, 18, 1, 'Авторизовал персонажа (IP: 94.253.27.132)', 'characterInit', '2024-06-16 12:32:54'),
	(3840, 18, 1, '+400$ BANK | Зарплата организации x0.1 U.S. Army', 'money', '2024-06-16 13:01:00'),
	(3841, 18, 1, 'Авторизовал персонажа (IP: 94.253.27.132)', 'characterInit', '2024-06-16 13:27:38'),
	(3842, 18, 1, '-11800000$ CASH | Покупка в автосалоне т/с cullinan', 'money', '2024-06-16 13:31:46'),
	(3843, 18, 1, 'Деавторизовал персонажа', 'characterInit', '2024-06-16 13:36:20'),
	(3844, 1, 0, 'Авторизовал персонажа (IP: 188.65.242.106)', 'characterInit', '2024-06-16 13:51:41'),
	(3845, 1, 0, '-125$ CASH | Ремонт т/с Zupar001 в LSC', 'money', '2024-06-16 13:52:30'),
	(3846, 1, 0, '-97300$ CASH | Покупка тюнинга т/с Zupar001 в LSC (type #100 | index #1)', 'money', '2024-06-16 13:54:59'),
	(3847, 1, 0, '-145950$ CASH | Покупка тюнинга т/с Zupar001 в LSC (type #100 | index #2)', 'money', '2024-06-16 13:55:04'),
	(3848, 1, 0, '-97300$ CASH | Покупка тюнинга т/с Zupar001 в LSC (type #55 | index #1)', 'money', '2024-06-16 13:55:17'),
	(3849, 1, 0, '-1946$ CASH | Покупка тюнинга т/с Zupar001 в LSC (type #23 | index #1)', 'money', '2024-06-16 13:57:14'),
	(3850, 1, 0, '-1946$ CASH | Покупка тюнинга т/с Zupar001 в LSC (type #23 | index #1)', 'money', '2024-06-16 13:57:18'),
	(3851, 1, 0, '-17514$ CASH | Покупка тюнинга т/с Zupar001 в LSC (type #23 | index #17)', 'money', '2024-06-16 13:58:36'),
	(3852, 1, 0, '-48650$ CASH | Покупка тюнинга т/с Zupar001 в LSC (type #22 | index #0)', 'money', '2024-06-16 14:00:47'),
	(3853, 1, 0, '-0$ CASH | Покупка тюнинга т/с Zupar001 в LSC (type #22 | index #-1)', 'money', '2024-06-16 14:00:51'),
	(3854, 1, 0, '-48650$ CASH | Покупка тюнинга т/с Zupar001 в LSC (type #22 | index #0)', 'money', '2024-06-16 14:00:52'),
	(3855, 1, 0, '-0$ CASH | Покупка тюнинга т/с Zupar001 в LSC (type #22 | index #-1)', 'money', '2024-06-16 14:01:13'),
	(3856, 1, 0, '-48650$ CASH | Покупка тюнинга т/с Zupar001 в LSC (type #22 | index #0)', 'money', '2024-06-16 14:01:13'),
	(3857, 1, 0, '-1167600$ CASH | Покупка тюнинга т/с Zupar001 в LSC (type #16 | index #3)', 'money', '2024-06-16 14:01:18'),
	(3858, 1, 0, '-1459500$ CASH | Покупка тюнинга т/с Zupar001 в LSC (type #16 | index #4)', 'money', '2024-06-16 14:01:21'),
	(3859, 1, 0, '-973$ CASH | Покупка тюнинга т/с Zupar001 в LSC (type #23 | index #0)', 'money', '2024-06-16 15:39:32'),
	(3860, 1, 0, '-18487$ CASH | Покупка тюнинга т/с Zupar001 в LSC (type #23 | index #18)', 'money', '2024-06-16 15:39:35'),
	(3861, 1, 0, '-23352$ CASH | Покупка тюнинга т/с Zupar001 в LSC (type #23 | index #23)', 'money', '2024-06-16 15:40:24'),
	(3862, 1, 0, '-973$ CASH | Покупка тюнинга т/с Zupar001 в LSC (type #23 | index #0)', 'money', '2024-06-16 15:40:27'),
	(3863, 1, 0, '-17514$ CASH | Покупка тюнинга т/с Zupar001 в LSC (type #23 | index #17)', 'money', '2024-06-16 15:40:30'),
	(3864, 1, 0, 'Авторизовал персонажа (IP: 188.65.242.106)', 'characterInit', '2024-06-16 15:57:54'),
	(3865, 1, 0, '-125$ CASH | Ремонт т/с Zupar001 в LSC', 'money', '2024-06-16 15:58:33'),
	(3866, 1, 0, 'Авторизовал персонажа (IP: 188.65.242.106)', 'characterInit', '2024-06-16 16:02:23'),
	(3867, 1, 0, '-125$ CASH | Ремонт т/с Zupar001 в LSC', 'money', '2024-06-16 16:03:05'),
	(3868, 1, 0, '-31136$ CASH | Покупка тюнинга т/с Zupar001 в LSC (type #23 | index #31)', 'money', '2024-06-16 16:03:08'),
	(3869, 1, 0, '-973$ CASH | Покупка тюнинга т/с Zupar001 в LSC (type #23 | index #0)', 'money', '2024-06-16 16:03:12'),
	(3870, 1, 0, '-18487$ CASH | Покупка тюнинга т/с Zupar001 в LSC (type #23 | index #18)', 'money', '2024-06-16 16:03:13'),
	(3871, 1, 0, '-17514$ CASH | Покупка тюнинга т/с Zupar001 в LSC (type #23 | index #17)', 'money', '2024-06-16 16:03:17'),
	(3872, 1, 0, '-973$ CASH | Покупка тюнинга т/с Zupar001 в LSC (type #23 | index #0)', 'money', '2024-06-16 16:04:05'),
	(3873, 1, 0, '-7784$ CASH | Покупка тюнинга т/с Zupar001 в LSC (type #23 | index #7)', 'money', '2024-06-16 16:04:23'),
	(3874, 1, 0, '-125$ CASH | Ремонт т/с Zupar001 в LSC', 'money', '2024-06-16 16:04:51'),
	(3875, 1, 0, '-973$ CASH | Покупка тюнинга т/с Zupar001 в LSC (type #23 | index #0)', 'money', '2024-06-16 16:05:45'),
	(3876, 1, 0, 'Авторизовал персонажа (IP: 188.65.242.106)', 'characterInit', '2024-06-16 16:08:34'),
	(3877, 1, 0, '-125$ CASH | Ремонт т/с Zupar001 в LSC', 'money', '2024-06-16 16:09:18'),
	(3878, 1, 0, '-18487$ CASH | Покупка тюнинга т/с Zupar001 в LSC (type #23 | index #18)', 'money', '2024-06-16 16:09:24'),
	(3879, 1, 0, '-20433$ CASH | Покупка тюнинга т/с Zupar001 в LSC (type #23 | index #20)', 'money', '2024-06-16 16:09:30'),
	(3880, 1, 0, '-0$ CASH | Покупка тюнинга т/с Zupar001 в LSC (type #23 | index #-1)', 'money', '2024-06-16 16:09:54'),
	(3881, 1, 0, '-973$ CASH | Покупка тюнинга т/с Zupar001 в LSC (type #23 | index #0)', 'money', '2024-06-16 16:12:05'),
	(3882, 1, 0, '-1946$ CASH | Покупка тюнинга т/с Zupar001 в LSC (type #23 | index #1)', 'money', '2024-06-16 16:12:06'),
	(3883, 1, 0, '-18487$ CASH | Покупка тюнинга т/с Zupar001 в LSC (type #23 | index #18)', 'money', '2024-06-16 16:12:07'),
	(3884, 1, 0, '-19460$ CASH | Покупка тюнинга т/с Zupar001 в LSC (type #23 | index #19)', 'money', '2024-06-16 16:12:08'),
	(3885, 1, 0, '-18487$ CASH | Покупка тюнинга т/с Zupar001 в LSC (type #23 | index #18)', 'money', '2024-06-16 16:12:09'),
	(3886, 1, 0, '-973$ CASH | Покупка тюнинга т/с Zupar001 в LSC (type #23 | index #0)', 'money', '2024-06-16 16:12:11'),
	(3887, 1, 0, '-1946$ CASH | Покупка тюнинга т/с Zupar001 в LSC (type #23 | index #1)', 'money', '2024-06-16 16:12:13'),
	(3888, 1, 0, '-0$ CASH | Покупка тюнинга т/с Zupar001 в LSC (type #23 | index #-1)', 'money', '2024-06-16 16:12:48'),
	(3889, 1, 0, 'Авторизовал персонажа (IP: 188.65.242.106)', 'characterInit', '2024-06-16 16:25:20'),
	(3890, 1, 0, '-125$ CASH | Ремонт т/с Zupar001 в LSC', 'money', '2024-06-16 16:26:02'),
	(3891, 1, 0, '-0$ CASH | Покупка тюнинга т/с Zupar001 в LSC (type #23 | index #-1)', 'money', '2024-06-16 16:26:07'),
	(3892, 1, 0, '-0$ CASH | Покупка тюнинга т/с Zupar001 в LSC (type #23 | index #-1)', 'money', '2024-06-16 16:26:08'),
	(3893, 1, 0, '-0$ CASH | Покупка тюнинга т/с Zupar001 в LSC (type #23 | index #-1)', 'money', '2024-06-16 16:26:09'),
	(3894, 1, 0, '-973$ CASH | Покупка тюнинга т/с Zupar001 в LSC (type #23 | index #0)', 'money', '2024-06-16 16:26:10'),
	(3895, 1, 0, 'Авторизовал персонажа (IP: 188.65.242.106)', 'characterInit', '2024-06-16 16:32:01'),
	(3896, 1, 0, '-125$ CASH | Ремонт т/с Zupar001 в LSC', 'money', '2024-06-16 16:33:00'),
	(3897, 1, 0, '-0$ CASH | Покупка тюнинга т/с Zupar001 в LSC (type #23 | index #-1)', 'money', '2024-06-16 16:33:03'),
	(3898, 1, 0, '-0$ CASH | Покупка тюнинга т/с Zupar001 в LSC (type #23 | index #-1)', 'money', '2024-06-16 16:33:04'),
	(3899, 1, 0, '-0$ CASH | Покупка тюнинга т/с Zupar001 в LSC (type #23 | index #-1)', 'money', '2024-06-16 16:33:05'),
	(3900, 1, 0, '-0$ CASH | Покупка тюнинга т/с Zupar001 в LSC (type #23 | index #-1)', 'money', '2024-06-16 16:33:05'),
	(3901, 1, 0, '-973$ CASH | Покупка тюнинга т/с Zupar001 в LSC (type #23 | index #0)', 'money', '2024-06-16 16:33:06'),
	(3902, 1, 0, 'Авторизовал персонажа (IP: 188.65.242.106)', 'characterInit', '2024-06-16 16:45:34'),
	(3903, 1, 0, '-125$ CASH | Ремонт т/с Zupar001 в LSC', 'money', '2024-06-16 16:46:15'),
	(3904, 1, 0, '-0$ CASH | Покупка тюнинга т/с Zupar001 в LSC (type #23 | index #-1)', 'money', '2024-06-16 16:46:18'),
	(3905, 1, 0, '-0$ CASH | Покупка тюнинга т/с Zupar001 в LSC (type #23 | index #-1)', 'money', '2024-06-16 16:46:18'),
	(3906, 1, 0, '-0$ CASH | Покупка тюнинга т/с Zupar001 в LSC (type #23 | index #-1)', 'money', '2024-06-16 16:46:19'),
	(3907, 1, 0, '-973$ CASH | Покупка тюнинга т/с Zupar001 в LSC (type #23 | index #0)', 'money', '2024-06-16 16:46:20'),
	(3908, 1, 0, 'Авторизовал персонажа (IP: 188.65.242.66)', 'characterInit', '2024-06-16 19:23:33'),
	(3909, 1, 0, '-125$ CASH | Ремонт т/с Zupar001 в LSC', 'money', '2024-06-16 19:24:25'),
	(3910, 1, 0, '-0$ CASH | Покупка тюнинга т/с Zupar001 в LSC (type #23 | index #-1)', 'money', '2024-06-16 19:24:29'),
	(3911, 1, 0, '-0$ CASH | Покупка тюнинга т/с Zupar001 в LSC (type #23 | index #-1)', 'money', '2024-06-16 19:24:29'),
	(3912, 1, 0, '-0$ CASH | Покупка тюнинга т/с Zupar001 в LSC (type #23 | index #-1)', 'money', '2024-06-16 19:24:30'),
	(3913, 1, 0, '-0$ CASH | Покупка тюнинга т/с Zupar001 в LSC (type #23 | index #-1)', 'money', '2024-06-16 19:24:30'),
	(3914, 1, 0, '-0$ CASH | Покупка тюнинга т/с Zupar001 в LSC (type #23 | index #-1)', 'money', '2024-06-16 19:24:31'),
	(3915, 1, 0, '-0$ CASH | Покупка тюнинга т/с Zupar001 в LSC (type #23 | index #-1)', 'money', '2024-06-16 19:24:31'),
	(3916, 1, 0, '-0$ CASH | Покупка тюнинга т/с Zupar001 в LSC (type #23 | index #-1)', 'money', '2024-06-16 19:24:31'),
	(3917, 1, 0, '-973$ CASH | Покупка тюнинга т/с Zupar001 в LSC (type #23 | index #0)', 'money', '2024-06-16 19:24:31'),
	(3918, 1, 0, 'Авторизовал персонажа (IP: 188.65.242.66)', 'characterInit', '2024-06-16 19:28:57'),
	(3919, 1, 0, '-125$ CASH | Ремонт т/с Zupar001 в LSC', 'money', '2024-06-16 19:29:42'),
	(3920, 1, 0, '-0$ CASH | Покупка тюнинга т/с Zupar001 в LSC (type #23 | index #-1)', 'money', '2024-06-16 19:29:46'),
	(3921, 1, 0, '-0$ CASH | Покупка тюнинга т/с Zupar001 в LSC (type #23 | index #-1)', 'money', '2024-06-16 19:29:46'),
	(3922, 1, 0, '-973$ CASH | Покупка тюнинга т/с Zupar001 в LSC (type #23 | index #0)', 'money', '2024-06-16 19:29:47'),
	(3923, 1, 0, '-1946$ CASH | Покупка тюнинга т/с Zupar001 в LSC (type #23 | index #1)', 'money', '2024-06-16 19:29:51'),
	(3924, 1, 0, '-2919$ CASH | Покупка тюнинга т/с Zupar001 в LSC (type #23 | index #2)', 'money', '2024-06-16 19:29:52'),
	(3925, 1, 0, '-3892$ CASH | Покупка тюнинга т/с Zupar001 в LSC (type #23 | index #3)', 'money', '2024-06-16 19:29:54'),
	(3926, 1, 0, '-31136$ CASH | Покупка тюнинга т/с Zupar001 в LSC (type #23 | index #31)', 'money', '2024-06-16 19:29:56'),
	(3927, 1, 0, '-32109$ CASH | Покупка тюнинга т/с Zupar001 в LSC (type #23 | index #32)', 'money', '2024-06-16 19:30:09'),
	(3928, 1, 0, '-51569$ CASH | Покупка тюнинга т/с Zupar001 в LSC (type #23 | index #52)', 'money', '2024-06-16 19:30:15'),
	(3929, 1, 0, '-99246$ CASH | Покупка тюнинга т/с Zupar001 в LSC (type #23 | index #101)', 'money', '2024-06-16 19:30:33'),
	(3930, 1, 0, 'Авторизовал персонажа (IP: 188.65.242.66)', 'characterInit', '2024-06-16 19:46:59'),
	(3931, 1, 0, 'Авторизовал персонажа (IP: 188.65.242.66)', 'characterInit', '2024-06-16 19:59:28'),
	(3932, 1, 0, 'Авторизовал персонажа (IP: 188.65.242.66)', 'characterInit', '2024-06-16 20:03:44'),
	(3933, 1, 0, 'Авторизовал персонажа (IP: 188.65.242.66)', 'characterInit', '2024-06-16 20:15:49'),
	(3934, 1, 0, 'Авторизовал персонажа (IP: 188.65.242.66)', 'characterInit', '2024-06-16 20:17:55'),
	(3935, 1, 0, 'Авторизовал персонажа (IP: 188.65.242.66)', 'characterInit', '2024-06-16 20:20:30'),
	(3936, 1, 0, 'Авторизовал персонажа (IP: 188.65.242.66)', 'characterInit', '2024-06-16 20:23:10'),
	(3937, 1, 0, '-125$ CASH | Ремонт т/с Zupar001 в LSC', 'money', '2024-06-16 20:26:11'),
	(3938, 3, NULL, '+6600000$ BANK | Слет дома #220', 'money', '2024-06-16 20:29:24'),
	(3939, 3, NULL, '+9620000$ BANK | Слет автомобилей в гос после слета дома', 'money', '2024-06-16 20:29:25'),
	(3940, 1, 0, '+300$ BANK | Зарплата организации x0.1 BCSD', 'money', '2024-06-16 21:00:26'),
	(3941, 1, 0, '+50000$ CASH | Забрал приз из кейса', 'money', '2024-06-16 21:12:57'),
	(3942, 1, 0, 'Авторизовал персонажа (IP: 188.65.242.82)', 'characterInit', '2024-06-17 10:42:13'),
	(3943, 1, 0, '-125$ CASH | Ремонт т/с Zupar001 в LSC', 'money', '2024-06-17 10:43:16'),
	(3944, 1, 0, 'Авторизовал персонажа (IP: 188.65.242.82)', 'characterInit', '2024-06-17 11:05:59'),
	(3945, 1, 0, '-125$ CASH | Ремонт т/с Zupar001 в LSC', 'money', '2024-06-17 11:06:44'),
	(3946, 1, 0, 'Авторизовал персонажа (IP: 188.65.242.82)', 'characterInit', '2024-06-17 11:17:39'),
	(3947, 1, 0, '-125$ CASH | Ремонт т/с Zupar001 в LSC', 'money', '2024-06-17 11:18:17'),
	(3948, 1, 0, 'Авторизовал персонажа (IP: 188.65.242.82)', 'characterInit', '2024-06-17 11:24:31'),
	(3949, 1, 0, '-125$ CASH | Ремонт т/с Zupar001 в LSC', 'money', '2024-06-17 11:25:13'),
	(3950, 1, 0, 'Авторизовал персонажа (IP: 188.65.242.82)', 'characterInit', '2024-06-17 13:29:59'),
	(3951, 1, 0, 'Деавторизовал персонажа', 'characterInit', '2024-06-17 13:31:06'),
	(3952, 1, 0, 'Авторизовал персонажа (IP: 188.65.242.82)', 'characterInit', '2024-06-17 13:40:33'),
	(3953, 1, 0, '-125$ CASH | Ремонт т/с Zupar001 в LSC', 'money', '2024-06-17 13:41:23'),
	(3954, 1, 0, 'Авторизовал персонажа (IP: 188.65.242.82)', 'characterInit', '2024-06-17 13:45:31'),
	(3955, 1, 0, 'Авторизовал персонажа (IP: 188.65.242.82)', 'characterInit', '2024-06-17 13:48:28'),
	(3956, 1, 0, '-125$ CASH | Ремонт т/с Zupar001 в LSC', 'money', '2024-06-17 13:49:15'),
	(3957, 1, 0, 'Авторизовал персонажа (IP: 188.65.242.82)', 'characterInit', '2024-06-17 13:54:27'),
	(3958, 18, 1, 'Авторизовал персонажа (IP: 95.183.122.242)', 'characterInit', '2024-06-17 13:54:57'),
	(3959, 18, 1, 'Деавторизовал персонажа', 'characterInit', '2024-06-17 13:56:53'),
	(3960, 1, 0, 'Авторизовал персонажа (IP: 188.65.242.82)', 'characterInit', '2024-06-17 13:57:51'),
	(3961, 1, 0, '-125$ CASH | Ремонт т/с Zupar001 в LSC', 'money', '2024-06-17 13:58:48'),
	(3962, 1, 0, '-125$ CASH | Ремонт т/с Zupar001 в LSC', 'money', '2024-06-17 14:18:59'),
	(3963, 1, 0, '-300$ CASH | Доставка т/с к дому', 'money', '2024-06-17 14:19:27'),
	(3964, 1, 0, '-125$ CASH | Ремонт т/с Zupar001 в LSC', 'money', '2024-06-17 14:20:42'),
	(3965, 1, 0, '+300$ BANK | Зарплата организации x0.1 BCSD', 'money', '2024-06-17 16:00:11'),
	(3966, 1, 0, 'Авторизовал персонажа (IP: 188.65.242.82)', 'characterInit', '2024-06-17 18:06:02'),
	(3967, 1, 0, '-125$ CASH | Ремонт т/с Zupar001 в LSC', 'money', '2024-06-17 18:07:27'),
	(3968, 1, 0, 'Авторизовал персонажа (IP: 188.65.242.82)', 'characterInit', '2024-06-17 18:16:51'),
	(3969, 1, 0, '-125$ CASH | Ремонт т/с Zupar001 в LSC', 'money', '2024-06-17 18:17:31'),
	(3970, 1, 0, 'Авторизовал персонажа (IP: 188.65.242.82)', 'characterInit', '2024-06-17 18:24:36'),
	(3971, 1, 0, '-125$ CASH | Ремонт т/с Zupar001 в LSC', 'money', '2024-06-17 18:25:17'),
	(3972, 1, 0, 'Авторизовал персонажа (IP: 188.65.242.82)', 'characterInit', '2024-06-17 18:36:52'),
	(3973, 1, 0, '-125$ CASH | Ремонт т/с Zupar001 в LSC', 'money', '2024-06-17 18:38:29'),
	(3974, 18, 0, 'Авторизовал персонажа (IP: 95.183.122.242)', 'characterInit', '2024-06-17 20:03:33'),
	(3975, 18, 0, '-450$ CASH | Покупка в 24/7 duffleBag', 'money', '2024-06-17 20:17:29'),
	(3976, 18, 0, '-770$ CASH | Покупка одежды tops. Variation #106. Texture #0', 'money', '2024-06-17 20:46:57'),
	(3977, 18, 0, '-6$ CASH | Покупка одежды pants. Variation #3. Texture #0', 'money', '2024-06-17 20:47:02'),
	(3978, 18, 0, 'Выкинул \'Верхняя одежда\' (#937)', 'inventory', '2024-06-17 20:47:22'),
	(3979, 18, 0, '-400000$ CASH | Покупка бизнеса #85 у государства', 'money', '2024-06-17 20:47:45'),
	(3980, 18, 0, '-1000$ CASH | Покупка маски (ID #87 | Texture #0)', 'money', '2024-06-17 20:49:33'),
	(3981, 18, 0, 'Выкинул \'Маска\' (#954)', 'inventory', '2024-06-17 20:49:51'),
	(3982, 18, 0, 'Выкинул \'Головной убор\' (#944)', 'inventory', '2024-06-17 20:50:03'),
	(3983, 18, 0, '-4500$ CASH | Покупка одежды tops. Variation #75. Texture #2', 'money', '2024-06-17 20:52:03'),
	(3984, 18, 0, 'Выкинул \'Верхняя одежда\' (#961)', 'inventory', '2024-06-17 20:52:12'),
	(3985, 18, 0, 'Поднял \'Верхняя одежда\' (#961)', 'inventory', '2024-06-17 20:52:16'),
	(3986, 18, 0, 'Деавторизовал персонажа', 'characterInit', '2024-06-17 21:00:01'),
	(3987, 18, NULL, '+240000$ BANK | Слет бизнеса #85', 'money', '2024-06-18 20:47:45'),
	(3988, 18, 0, 'Авторизовал персонажа (IP: 95.183.122.242)', 'characterInit', '2024-06-18 22:36:44'),
	(3989, 18, 0, 'Деавторизовал персонажа', 'characterInit', '2024-06-18 22:41:55'),
	(3990, 18, 0, 'Авторизовал персонажа (IP: 95.183.122.242)', 'characterInit', '2024-06-18 22:53:44'),
	(3991, 18, 0, 'Деавторизовал персонажа', 'characterInit', '2024-06-18 22:57:52'),
	(3992, 1, 0, 'Авторизовал персонажа (IP: 188.65.242.98)', 'characterInit', '2024-06-19 12:09:03'),
	(3993, 1, 0, '-125$ CASH | Ремонт т/с Zupar001 в LSC', 'money', '2024-06-19 12:10:14'),
	(3994, 1, 0, 'Авторизовал персонажа (IP: 188.65.242.98)', 'characterInit', '2024-06-19 12:12:17'),
	(3995, 1, 0, '-125$ CASH | Ремонт т/с Zupar001 в LSC', 'money', '2024-06-19 12:13:05'),
	(3996, 1, 0, '-5000$ CASH | ', 'money', '2024-06-19 12:13:11'),
	(3997, 1, 0, 'Авторизовал персонажа (IP: 188.65.242.98)', 'characterInit', '2024-06-19 12:14:04'),
	(3998, 1, 0, '-125$ CASH | Ремонт т/с Zupar001 в LSC', 'money', '2024-06-19 12:15:33'),
	(3999, 1, 0, '-5000$ CASH | ', 'money', '2024-06-19 12:15:57'),
	(4000, 1, 0, 'Авторизовал персонажа (IP: 188.65.242.98)', 'characterInit', '2024-06-19 12:29:49'),
	(4001, 1, 0, '-125$ CASH | Ремонт т/с Zupar001 в LSC', 'money', '2024-06-19 12:30:29'),
	(4002, 1, 0, 'Авторизовал персонажа (IP: 188.65.242.98)', 'characterInit', '2024-06-19 12:49:13'),
	(4003, 1, 0, '-125$ CASH | Ремонт т/с Zupar001 в LSC', 'money', '2024-06-19 12:49:49'),
	(4004, 1, 0, '-5000$ CASH | ', 'money', '2024-06-19 12:50:08'),
	(4005, 1, 0, 'Авторизовал персонажа (IP: 188.65.243.43)', 'characterInit', '2024-06-19 12:59:41'),
	(4006, 1, 0, '-125$ CASH | Ремонт т/с Zupar001 в LSC', 'money', '2024-06-19 13:00:52'),
	(4007, 1, 0, '-5000$ CASH | ', 'money', '2024-06-19 13:01:00'),
	(4008, 1, 0, '-5000$ CASH | ', 'money', '2024-06-19 13:01:15'),
	(4009, 1, 0, '-5000$ CASH | ', 'money', '2024-06-19 13:01:32'),
	(4010, 1, 0, '-5000$ CASH | ', 'money', '2024-06-19 13:02:51'),
	(4011, 1, 0, 'Деавторизовал персонажа', 'characterInit', '2024-06-19 13:09:54'),
	(4012, 1, 0, 'Авторизовал персонажа (IP: 188.65.243.43)', 'characterInit', '2024-06-19 13:56:39'),
	(4013, 1, 0, '-125$ CASH | Ремонт т/с Zupar001 в LSC', 'money', '2024-06-19 13:57:24'),
	(4014, 1, 0, '-5000$ CASH | ', 'money', '2024-06-19 13:57:35'),
	(4015, 1, 0, '-5000$ CASH | ', 'money', '2024-06-19 13:58:35'),
	(4016, 1, 0, '-5000$ CASH | ', 'money', '2024-06-19 13:59:00'),
	(4017, 1, 0, '-5000$ CASH | ', 'money', '2024-06-19 13:59:20'),
	(4018, 1, 0, 'Авторизовал персонажа (IP: 188.65.243.43)', 'characterInit', '2024-06-19 14:01:27'),
	(4019, 1, 0, '-125$ CASH | Ремонт т/с Zupar001 в LSC', 'money', '2024-06-19 14:02:11'),
	(4020, 1, 0, '-5000$ CASH | ', 'money', '2024-06-19 14:02:15'),
	(4021, 1, 0, '-5000$ CASH | ', 'money', '2024-06-19 14:02:45'),
	(4022, 1, 0, 'Авторизовал персонажа (IP: 188.65.243.43)', 'characterInit', '2024-06-19 14:06:33'),
	(4023, 1, 0, '-125$ CASH | Ремонт т/с Zupar001 в LSC', 'money', '2024-06-19 14:07:47'),
	(4024, 1, 0, '-5000$ CASH | ', 'money', '2024-06-19 14:07:51'),
	(4025, 1, 0, '-5000$ CASH | ', 'money', '2024-06-19 14:08:14'),
	(4026, 1, 0, 'Авторизовал персонажа (IP: 188.65.243.43)', 'characterInit', '2024-06-19 14:11:31'),
	(4027, 1, 0, '-125$ CASH | Ремонт т/с Obi S6 в LSC', 'money', '2024-06-19 14:12:14'),
	(4028, 1, 0, '-5000$ CASH | ', 'money', '2024-06-19 14:12:18'),
	(4029, 1, 0, 'Авторизовал персонажа (IP: 188.65.243.43)', 'characterInit', '2024-06-19 14:16:16'),
	(4030, 1, 0, '-125$ CASH | Ремонт т/с Obi S6 в LSC', 'money', '2024-06-19 14:16:56'),
	(4031, 1, 0, '-5000$ CASH | ', 'money', '2024-06-19 14:17:00'),
	(4032, 1, 0, '-5000$ CASH | ', 'money', '2024-06-19 14:26:09'),
	(4033, 1, 0, '-5000$ CASH | ', 'money', '2024-06-19 14:26:25'),
	(4034, 1, 0, 'Авторизовал персонажа (IP: 188.65.243.43)', 'characterInit', '2024-06-19 14:28:44'),
	(4035, 1, 0, '-125$ CASH | Ремонт т/с Obi S6 в LSC', 'money', '2024-06-19 14:29:31'),
	(4036, 1, 0, '-5000$ CASH | ', 'money', '2024-06-19 14:29:38'),
	(4037, 1, 0, '-5000$ CASH | ', 'money', '2024-06-19 14:34:22'),
	(4038, 1, 0, 'Авторизовал персонажа (IP: 188.65.243.43)', 'characterInit', '2024-06-19 14:37:54'),
	(4039, 1, 0, '-125$ CASH | Ремонт т/с Zupar001 в LSC', 'money', '2024-06-19 14:38:50'),
	(4040, 1, 0, '-5000$ CASH | ', 'money', '2024-06-19 14:38:55'),
	(4041, 1, 0, '-5000$ CASH | ', 'money', '2024-06-19 14:39:06'),
	(4042, 18, 1, 'Авторизовал персонажа (IP: 95.183.122.242)', 'characterInit', '2024-06-19 14:40:34'),
	(4043, 18, 1, 'Деавторизовал персонажа', 'characterInit', '2024-06-19 14:42:01'),
	(4044, 18, 1, 'Авторизовал персонажа (IP: 95.183.122.242)', 'characterInit', '2024-06-19 14:47:40'),
	(4045, 18, 1, 'Деавторизовал персонажа', 'characterInit', '2024-06-19 14:50:32'),
	(4046, 1, 0, 'Авторизовал персонажа (IP: 188.65.243.43)', 'characterInit', '2024-06-19 14:55:24'),
	(4047, 1, 0, '-125$ CASH | Ремонт т/с Zupar001 в LSC', 'money', '2024-06-19 14:56:21'),
	(4048, 1, 0, '-5000$ CASH | ', 'money', '2024-06-19 14:56:26'),
	(4049, 1, 0, '-5000$ CASH | ', 'money', '2024-06-19 14:58:45'),
	(4050, 1, 0, 'Авторизовал персонажа (IP: 188.65.243.43)', 'characterInit', '2024-06-19 15:00:43'),
	(4051, 1, 0, '-125$ CASH | Ремонт т/с Zupar001 в LSC', 'money', '2024-06-19 15:01:23'),
	(4052, 1, 0, '-5000$ CASH | ', 'money', '2024-06-19 15:01:30'),
	(4053, 1, 0, 'Авторизовал персонажа (IP: 188.65.243.43)', 'characterInit', '2024-06-19 15:08:43'),
	(4054, 1, 0, '-125$ CASH | Ремонт т/с Zupar001 в LSC', 'money', '2024-06-19 15:09:20'),
	(4055, 1, 0, '-5000$ CASH | ', 'money', '2024-06-19 15:09:25'),
	(4056, 1, 0, 'Деавторизовал персонажа', 'characterInit', '2024-06-19 15:09:58'),
	(4057, 1, 0, 'Авторизовал персонажа (IP: 188.65.243.43)', 'characterInit', '2024-06-19 15:16:29'),
	(4058, 1, 0, '-125$ CASH | Ремонт т/с Zupar001 в LSC', 'money', '2024-06-19 15:17:05'),
	(4059, 1, 0, '-5000$ CASH | ', 'money', '2024-06-19 15:17:11'),
	(4060, 1, 0, '-5000$ CASH | ', 'money', '2024-06-19 15:17:30'),
	(4061, 1, 0, '-5000$ CASH | ', 'money', '2024-06-19 15:17:48'),
	(4062, 1, 0, '-5000$ CASH | ', 'money', '2024-06-19 15:18:02'),
	(4063, 1, 0, 'Авторизовал персонажа (IP: 188.65.243.43)', 'characterInit', '2024-06-19 15:19:44'),
	(4064, 1, 0, '-125$ CASH | Ремонт т/с Zupar001 в LSC', 'money', '2024-06-19 15:20:27'),
	(4065, 1, 0, '-5000$ CASH | ', 'money', '2024-06-19 15:20:34'),
	(4066, 1, 0, '-5000$ CASH | ', 'money', '2024-06-19 15:21:45'),
	(4067, 1, 0, '-5000$ CASH | ', 'money', '2024-06-19 15:22:29'),
	(4068, 1, 0, 'Авторизовал персонажа (IP: 188.65.243.43)', 'characterInit', '2024-06-19 15:27:32'),
	(4069, 1, 0, '-125$ CASH | Ремонт т/с Zupar001 в LSC', 'money', '2024-06-19 15:28:22'),
	(4070, 1, 0, '-5000$ CASH | ', 'money', '2024-06-19 15:28:26'),
	(4071, 1, 0, '-5000$ CASH | ', 'money', '2024-06-19 15:28:39'),
	(4072, 1, 0, '-5000$ CASH | ', 'money', '2024-06-19 15:29:05'),
	(4073, 1, 0, 'Деавторизовал персонажа', 'characterInit', '2024-06-19 15:46:08'),
	(4074, 18, 0, 'Авторизовал персонажа (IP: 95.183.122.242)', 'characterInit', '2024-06-19 16:33:08'),
	(4075, 18, 0, 'Взял оружие Bullpup Shotgun со склада Government', 'faction', '2024-06-19 16:43:11'),
	(4076, 18, 0, 'Деавторизовал персонажа', 'characterInit', '2024-06-19 16:46:09'),
	(4077, 1, 0, 'Авторизовал персонажа (IP: 188.65.243.43)', 'characterInit', '2024-06-19 18:38:07'),
	(4078, 1, 0, 'Деавторизовал персонажа', 'characterInit', '2024-06-19 18:38:55'),
	(4079, 1, 0, 'Авторизовал персонажа (IP: 188.65.243.43)', 'characterInit', '2024-06-19 19:02:09'),
	(4080, 1, 0, 'Авторизовал персонажа (IP: 188.65.243.43)', 'characterInit', '2024-06-19 19:05:54'),
	(4081, 1, 0, '-125$ CASH | Ремонт т/с Zupar001 в LSC', 'money', '2024-06-19 19:06:32'),
	(4082, 1, 0, '-5000$ CASH | ', 'money', '2024-06-19 19:12:14'),
	(4083, 1, 0, '-5000$ CASH | ', 'money', '2024-06-19 19:12:23'),
	(4084, 1, 0, 'Авторизовал персонажа (IP: 188.65.243.43)', 'characterInit', '2024-06-19 19:45:12'),
	(4085, 1, 0, 'Авторизовал персонажа (IP: 188.65.243.43)', 'characterInit', '2024-06-19 20:00:16'),
	(4086, 1, 0, '-125$ CASH | Ремонт т/с Zupar001 в LSC', 'money', '2024-06-19 20:02:39'),
	(4087, 1, 0, '-5000$ CASH | ', 'money', '2024-06-19 20:02:51'),
	(4088, 1, 0, '-5000$ CASH | ', 'money', '2024-06-19 20:02:55'),
	(4089, 1, 0, 'Авторизовал персонажа (IP: 188.65.243.43)', 'characterInit', '2024-06-19 20:04:40'),
	(4090, 1, 0, 'Деавторизовал персонажа', 'characterInit', '2024-06-19 20:09:08'),
	(4091, 1, 0, 'Авторизовал персонажа (IP: 188.65.243.43)', 'characterInit', '2024-06-19 20:34:08'),
	(4092, 1, 0, 'Авторизовал персонажа (IP: 188.65.243.43)', 'characterInit', '2024-06-19 21:08:30'),
	(4093, 1, 0, '-125$ CASH | Ремонт т/с Zupar001 в LSC', 'money', '2024-06-19 21:09:55'),
	(4094, 1, 0, 'Авторизовал персонажа (IP: 188.65.243.43)', 'characterInit', '2024-06-19 21:14:11'),
	(4095, 1, 0, '-125$ CASH | Ремонт т/с Zupar001 в LSC', 'money', '2024-06-19 21:14:57'),
	(4096, 1, 0, 'Авторизовал персонажа (IP: 188.65.243.51)', 'characterInit', '2024-06-20 14:02:46'),
	(4097, 1, 0, '-125$ CASH | Ремонт т/с Zupar001 в LSC', 'money', '2024-06-20 14:03:39'),
	(4098, 1, 0, '-5000$ CASH | ', 'money', '2024-06-20 14:03:58'),
	(4099, 1, 0, 'Деавторизовал персонажа', 'characterInit', '2024-06-20 14:30:27'),
	(4100, 1, 0, 'Авторизовал персонажа (IP: 188.65.243.51)', 'characterInit', '2024-06-20 14:47:50'),
	(4101, 1, 0, '-125$ CASH | Ремонт т/с Zupar001 в LSC', 'money', '2024-06-20 14:48:37'),
	(4102, 1, 0, 'Деавторизовал персонажа', 'characterInit', '2024-06-20 14:49:55'),
	(4103, 18, 0, 'Авторизовал персонажа (IP: 95.183.122.242)', 'characterInit', '2024-06-20 15:38:16'),
	(4104, 18, 0, '+400$ BANK | Зарплата организации x0.1 Government', 'money', '2024-06-20 16:00:22'),
	(4105, 18, 0, '-2200000$ CASH | Покупка в автосалоне т/с gsx1000', 'money', '2024-06-20 16:09:56'),
	(4106, 18, 0, '-125$ CASH | Ремонт т/с Gidra 1000 в LSC', 'money', '2024-06-20 16:12:21'),
	(4107, 18, 0, 'Деавторизовал персонажа', 'characterInit', '2024-06-20 16:12:42'),
	(4108, 18, 0, 'Авторизовал персонажа (IP: 95.183.122.242)', 'characterInit', '2024-06-20 19:07:16'),
	(4109, 18, 0, 'Деавторизовал персонажа', 'characterInit', '2024-06-20 19:31:11'),
	(4110, 18, 0, 'Авторизовал персонажа (IP: 95.183.122.242)', 'characterInit', '2024-06-20 19:37:08'),
	(4111, 18, 0, '+400$ BANK | Зарплата организации x0.1 Government', 'money', '2024-06-20 20:00:50'),
	(4112, 18, 0, 'Авторизовал персонажа (IP: 95.183.122.242)', 'characterInit', '2024-06-20 20:08:11'),
	(4113, 18, 0, 'Деавторизовал персонажа', 'characterInit', '2024-06-20 20:17:20'),
	(4114, 18, 0, 'Авторизовал персонажа (IP: 95.183.122.242)', 'characterInit', '2024-06-21 21:17:11'),
	(4115, 18, 0, 'Деавторизовал персонажа', 'characterInit', '2024-06-21 21:19:20'),
	(4116, 18, 0, 'Авторизовал персонажа (IP: 95.183.122.242)', 'characterInit', '2024-06-21 21:26:59'),
	(4117, 18, 0, 'Деавторизовал персонажа', 'characterInit', '2024-06-21 21:53:50'),
	(4118, 18, 0, 'Авторизовал персонажа (IP: 95.183.122.242)', 'characterInit', '2024-06-23 18:55:53'),
	(4119, 18, 0, 'Деавторизовал персонажа', 'characterInit', '2024-06-23 19:27:46'),
	(4120, 1, 0, 'Авторизовал персонажа (IP: 188.65.242.190)', 'characterInit', '2024-06-24 17:57:32'),
	(4121, 1, 0, 'Авторизовал персонажа (IP: 188.65.242.190)', 'characterInit', '2024-06-24 18:07:20'),
	(4122, 1, 0, '-100 CC | Покупка кейса #1', 'donate', '2024-06-24 19:05:35'),
	(4123, 1, 0, 'Авторизовал персонажа (IP: 188.65.242.190)', 'characterInit', '2024-06-24 19:29:23'),
	(4124, 1, 0, 'Авторизовал персонажа (IP: 188.65.242.190)', 'characterInit', '2024-06-24 19:40:50'),
	(4125, 1, 0, 'Авторизовал персонажа (IP: 188.65.242.190)', 'characterInit', '2024-06-24 19:43:38'),
	(4126, 1, 0, 'Авторизовал персонажа (IP: 188.65.242.190)', 'characterInit', '2024-06-24 19:53:42'),
	(4127, 1, 0, 'Авторизовал персонажа (IP: 188.65.242.190)', 'characterInit', '2024-06-24 20:59:03'),
	(4128, 1, 0, 'Деавторизовал персонажа', 'characterInit', '2024-06-24 21:01:29'),
	(4129, 18, 0, 'Авторизовал персонажа (IP: 95.183.125.50)', 'characterInit', '2024-06-25 08:53:54'),
	(4130, 18, 0, 'Выкинул \'Патроны 7.62mm\' (#976)', 'inventory', '2024-06-25 09:04:27'),
	(4131, 18, 0, 'Выкинул \'Bullpup Shotgun\' (#964)', 'inventory', '2024-06-25 09:04:28'),
	(4132, 18, 0, 'Взял оружие Carbine Rifle Mk II со склада FIB', 'faction', '2024-06-25 09:14:56'),
	(4133, 18, 0, 'Положил \'Патроны 9mm\' (#965) | Среда: Vehicle #527', 'inventory', '2024-06-25 09:17:07'),
	(4134, 18, 0, 'Положил \'Патроны 9mm\' (#966) | Среда: Vehicle #527', 'inventory', '2024-06-25 09:17:08'),
	(4135, 18, 0, 'Положил \'Патроны 9mm\' (#967) | Среда: Vehicle #527', 'inventory', '2024-06-25 09:17:10'),
	(4136, 18, 0, 'Положил \'Патроны 9mm\' (#968) | Среда: Vehicle #527', 'inventory', '2024-06-25 09:17:12'),
	(4137, 18, 0, 'Положил \'Патроны 9mm\' (#971) | Среда: Vehicle #527', 'inventory', '2024-06-25 09:17:13'),
	(4138, 18, 0, 'Выкинул \'Патроны 9mm\' (#972)', 'inventory', '2024-06-25 09:17:16'),
	(4139, 18, 0, 'Выкинул \'Патроны 9mm\' (#973)', 'inventory', '2024-06-25 09:17:17'),
	(4140, 18, 0, 'Выкинул \'Carbine Rifle Mk II\' (#978)', 'inventory', '2024-06-25 09:59:32'),
	(4141, 18, 0, '+390$ BANK | Зарплата организации x0.1 FIB', 'money', '2024-06-25 10:00:24'),
	(4142, 18, 0, 'Авторизовал персонажа (IP: 95.183.125.50)', 'characterInit', '2024-06-25 10:02:34'),
	(4143, 18, 0, '-390000$ CASH | Покупка в автосалоне т/с Ic100', 'money', '2024-06-25 10:09:27'),
	(4144, 18, 0, 'Авторизовал персонажа (IP: 95.183.125.50)', 'characterInit', '2024-06-26 21:11:29'),
	(4145, 18, 0, 'Деавторизовал персонажа', 'characterInit', '2024-06-26 21:27:41'),
	(4146, 1, 0, 'Авторизовал персонажа (IP: 188.65.242.106)', 'characterInit', '2024-06-27 11:27:11'),
	(4147, 1, 0, '-125$ CASH | Ремонт т/с Zupar001 в LSC', 'money', '2024-06-27 11:30:05'),
	(4148, 1, 0, 'Деавторизовал персонажа', 'characterInit', '2024-06-27 12:50:59'),
	(4149, 1, 0, 'Авторизовал персонажа (IP: 188.65.242.190)', 'characterInit', '2024-06-29 13:44:42'),
	(4150, 1, 0, '-100000$ CASH | Покупка фишек в казино', 'money', '2024-06-29 13:45:03'),
	(4151, 1, 0, '+10000 фишек (Покупка в казино)', 'casino', '2024-06-29 13:45:03'),
	(4152, 1, 0, '+0$ CASH | Возврат фишек со стола блекджэка', 'money', '2024-06-29 13:45:49'),
	(4153, 1, 0, '+0$ CASH | Возврат фишек со стола блекджэка', 'money', '2024-06-29 13:47:05'),
	(4154, 1, 0, '-100000$ CASH | Покупка фишек в казино', 'money', '2024-06-29 13:47:25'),
	(4155, 1, 0, '+200000$ CASH | Блекджек. Выигрыш BJ', 'money', '2024-06-29 13:48:08'),
	(4156, 1, 0, '+0$ CASH | Возврат фишек со стола блекджэка', 'money', '2024-06-29 13:48:14'),
	(4157, 1, 0, '-100000$ CASH | Покупка фишек в казино', 'money', '2024-06-29 13:48:26'),
	(4158, 1, 0, '+100000$ CASH | Блекджек. Возврат ставки', 'money', '2024-06-29 13:49:08'),
	(4159, 1, 0, '-100000$ CASH | Покупка фишек в казино', 'money', '2024-06-29 13:49:18'),
	(4160, 1, 0, '-100000$ CASH | Блекджек. Ставка double', 'money', '2024-06-29 13:49:54'),
	(4161, 1, 0, '-100000$ CASH | Покупка фишек в казино', 'money', '2024-06-29 13:50:12'),
	(4162, 1, 0, '-100000$ CASH | Блекджек. Ставка split', 'money', '2024-06-29 13:50:45'),
	(4163, 1, 0, '+0$ CASH | Возврат фишек со стола блекджэка', 'money', '2024-06-29 13:51:17'),
	(4164, 1, 0, '-100000$ CASH | Покупка фишек в казино', 'money', '2024-06-29 13:51:30'),
	(4165, 1, 0, '-100000$ CASH | Блекджек. Ставка double', 'money', '2024-06-29 13:52:05'),
	(4166, 1, 0, '+400000$ CASH | Блекджек. Выигрыш BJ', 'money', '2024-06-29 13:52:22'),
	(4167, 1, 0, '+0$ CASH | Возврат фишек со стола блекджэка', 'money', '2024-06-29 13:52:26'),
	(4168, 1, 0, '+400$ BANK | Зарплата организации x0.1 Government', 'money', '2024-06-29 14:00:38'),
	(4169, 1, 0, 'Деавторизовал персонажа', 'characterInit', '2024-06-29 15:29:34'),
	(4170, 18, NULL, '+300000$ BANK | Слет дома #286', 'money', '2024-07-03 10:32:32'),
	(4171, 18, NULL, '+22093500$ BANK | Слет автомобилей в гос после слета дома', 'money', '2024-07-03 10:32:33'),
	(4172, 1, 0, 'Авторизовал персонажа (IP: 188.65.242.185)', 'characterInit', '2024-07-03 10:35:08'),
	(4173, 1, 0, 'Деавторизовал персонажа', 'characterInit', '2024-07-03 10:35:50'),
	(4174, 1, 0, 'Авторизовал персонажа (IP: 188.65.242.185)', 'characterInit', '2024-07-03 10:40:24'),
	(4175, 1, 0, '+0$ CASH | Возврат фишек со стола блекджэка', 'money', '2024-07-03 10:41:01'),
	(4176, 1, 0, 'Деавторизовал персонажа', 'characterInit', '2024-07-03 10:41:43'),
	(4177, 1, NULL, '+1200000$ BANK | Слет дома #264', 'money', '2024-07-04 20:47:39'),
	(4178, 1, NULL, '+10809500$ BANK | Слет автомобилей в гос после слета дома', 'money', '2024-07-04 20:47:39'),
	(4179, NULL, 0, 'Авторизовал персонажа (IP: 127.0.0.1)', 'characterInit', '2025-03-15 14:28:29'),
	(4180, NULL, 0, 'Деавторизовал персонажа', 'characterInit', '2025-03-15 14:30:09'),
	(4181, NULL, 0, 'Авторизовал персонажа (IP: 127.0.0.1)', 'characterInit', '2025-03-15 14:36:32'),
	(4182, NULL, 0, '-225$ CASH | Покупка телефона', 'money', '2025-03-15 14:36:46'),
	(4183, NULL, 0, 'Выкинул \'Верхняя одежда\' (#995)', 'inventory', '2025-03-15 14:44:10'),
	(4184, NULL, 0, 'Выкинул \'Брюки\' (#994)', 'inventory', '2025-03-15 14:44:11'),
	(4185, NULL, 0, 'Выкинул \'Обувь\' (#996)', 'inventory', '2025-03-15 14:44:12'),
	(4186, NULL, 0, 'Авторизовал персонажа (IP: 127.0.0.1)', 'characterInit', '2025-03-25 17:29:23'),
	(4187, NULL, 0, 'Авторизовал персонажа (IP: 127.0.0.1)', 'characterInit', '2025-03-25 17:32:44'),
	(4188, NULL, 0, 'Авторизовал персонажа (IP: 127.0.0.1)', 'characterInit', '2025-03-25 17:38:07'),
	(4189, NULL, 0, 'Авторизовал персонажа (IP: 127.0.0.1)', 'characterInit', '2025-03-25 17:41:57'),
	(4190, NULL, 0, '+10000000 CC | Выдано администратором Bob Dev', 'donate', '2025-03-25 18:01:36'),
	(4191, NULL, 0, '-100 CC | Покупка кейса #1', 'donate', '2025-03-25 18:01:41'),
	(4192, NULL, 0, '-100 CC | Покупка кейса #1', 'donate', '2025-03-25 18:01:50'),
	(4193, NULL, 0, '-100 CC | Покупка кейса #1', 'donate', '2025-03-25 18:02:00'),
	(4194, NULL, 0, '-100 CC | Покупка кейса #1', 'donate', '2025-03-25 18:02:07'),
	(4195, NULL, 0, '-100 CC | Покупка кейса #1', 'donate', '2025-03-25 18:02:16'),
	(4196, NULL, 0, '-100 CC | Покупка кейса #1', 'donate', '2025-03-25 18:02:24'),
	(4197, NULL, 0, '-100 CC | Покупка кейса #1', 'donate', '2025-03-25 18:02:32'),
	(4198, NULL, 0, 'Авторизовал персонажа (IP: 127.0.0.1)', 'characterInit', '2025-03-29 11:29:03'),
	(4199, NULL, 0, 'Авторизовал персонажа (IP: 127.0.0.1)', 'characterInit', '2025-03-29 11:33:39'),
	(4200, NULL, 0, 'Авторизовал персонажа (IP: 127.0.0.1)', 'characterInit', '2025-03-29 11:35:53'),
	(4201, NULL, 0, 'Авторизовал персонажа (IP: 127.0.0.1)', 'characterInit', '2025-03-29 11:38:09'),
	(4202, NULL, 0, 'Авторизовал персонажа (IP: 127.0.0.1)', 'characterInit', '2025-03-29 11:46:46'),
	(4203, NULL, 0, 'Авторизовал персонажа (IP: 127.0.0.1)', 'characterInit', '2025-03-29 12:06:24'),
	(4204, NULL, 0, 'Авторизовал персонажа (IP: 127.0.0.1)', 'characterInit', '2025-03-29 12:08:14'),
	(4205, NULL, 0, 'Авторизовал персонажа (IP: 127.0.0.1)', 'characterInit', '2025-03-29 12:21:38'),
	(4206, NULL, 0, 'Авторизовал персонажа (IP: 127.0.0.1)', 'characterInit', '2025-03-29 12:27:28'),
	(4207, NULL, 0, 'Авторизовал персонажа (IP: 127.0.0.1)', 'characterInit', '2025-03-29 12:34:50'),
	(4208, NULL, 0, 'Авторизовал персонажа (IP: 127.0.0.1)', 'characterInit', '2025-03-29 12:39:27'),
	(4209, NULL, 0, 'Авторизовал персонажа (IP: 127.0.0.1)', 'characterInit', '2025-04-18 17:26:04'),
	(4210, NULL, 0, 'Авторизовал персонажа (IP: 127.0.0.1)', 'characterInit', '2025-04-18 17:27:27'),
	(4211, NULL, 0, 'Авторизовал персонажа (IP: 127.0.0.1)', 'characterInit', '2025-04-20 13:45:57'),
	(4212, NULL, 0, 'Авторизовал персонажа (IP: 127.0.0.1)', 'characterInit', '2025-04-20 13:57:26'),
	(4213, NULL, 0, 'Авторизовал персонажа (IP: 127.0.0.1)', 'characterInit', '2025-04-20 14:02:25'),
	(4214, NULL, 0, 'Авторизовал персонажа (IP: 127.0.0.1)', 'characterInit', '2025-04-20 14:20:58'),
	(4215, NULL, 0, 'Авторизовал персонажа (IP: 127.0.0.1)', 'characterInit', '2025-04-20 14:28:45'),
	(4216, NULL, 0, 'Авторизовал персонажа (IP: 127.0.0.1)', 'characterInit', '2025-04-20 14:40:33'),
	(4217, NULL, 0, 'Авторизовал персонажа (IP: 127.0.0.1)', 'characterInit', '2025-04-20 14:47:57'),
	(4218, NULL, 0, 'Авторизовал персонажа (IP: 127.0.0.1)', 'characterInit', '2025-04-20 14:51:28'),
	(4219, NULL, 0, 'Авторизовал персонажа (IP: 127.0.0.1)', 'characterInit', '2025-04-20 14:57:09'),
	(4220, NULL, 0, 'Авторизовал персонажа (IP: 127.0.0.1)', 'characterInit', '2025-04-20 15:05:54'),
	(4221, NULL, 0, 'Авторизовал персонажа (IP: 127.0.0.1)', 'characterInit', '2025-04-20 15:08:32'),
	(4222, NULL, 0, 'Авторизовал персонажа (IP: 127.0.0.1)', 'characterInit', '2025-04-25 15:07:19'),
	(4223, NULL, 0, '+100000$ CASH | Забрал приз из кейса', 'money', '2025-04-25 15:10:52'),
	(4224, NULL, 0, '-400000$ CASH | Покупка бизнеса #80 у государства', 'money', '2025-04-25 15:16:20'),
	(4225, NULL, 0, '-45$ CASH | Покупка в 24/7 chocolate', 'money', '2025-04-25 15:16:38'),
	(4226, NULL, 0, '-1350$ CASH | Покупка в 24/7 duffleBag', 'money', '2025-04-25 15:16:48'),
	(4227, NULL, 0, '-315000$ CASH | Покупка в 24/7 bag', 'money', '2025-04-25 15:16:50'),
	(4228, NULL, 0, '-225$ CASH | Покупка в 24/7 rope', 'money', '2025-04-25 15:16:50'),
	(4229, NULL, 0, '-450$ CASH | Покупка в 24/7 canister', 'money', '2025-04-25 15:16:51'),
	(4230, NULL, 0, 'Деавторизовал персонажа', 'characterInit', '2025-04-25 15:24:25'),
	(4231, NULL, 0, 'Авторизовал персонажа (IP: 127.0.0.1)', 'characterInit', '2025-04-25 15:32:30'),
	(4232, NULL, 0, 'Авторизовал персонажа (IP: 127.0.0.1)', 'characterInit', '2025-04-26 11:34:08'),
	(4233, NULL, 0, 'Авторизовал персонажа (IP: 127.0.0.1)', 'characterInit', '2025-04-26 11:42:40');

-- Дамп структуры для таблица chaos_db.lossantoscustoms
CREATE TABLE IF NOT EXISTS `lossantoscustoms` (
  `id` int(11) NOT NULL AUTO_INCREMENT,
  `bizId` int(11) DEFAULT NULL,
  `x` float NOT NULL DEFAULT 100,
  `y` float NOT NULL DEFAULT 100,
  `z` float NOT NULL DEFAULT 100,
  `tuneX` float NOT NULL DEFAULT 100,
  `tuneY` float NOT NULL DEFAULT 100,
  `tuneZ` float NOT NULL DEFAULT 100,
  `tuneH` float NOT NULL DEFAULT 100,
  `returnX` float NOT NULL DEFAULT 100,
  `returnY` float NOT NULL DEFAULT 100,
  `returnZ` float NOT NULL DEFAULT 100,
  `returnH` float NOT NULL DEFAULT 100,
  `priceMultiplier` float NOT NULL DEFAULT 1,
  `npcX` float NOT NULL DEFAULT 100,
  `npcY` float NOT NULL DEFAULT 100,
  `npcZ` float NOT NULL DEFAULT 100,
  `npcH` float NOT NULL DEFAULT 100,
  PRIMARY KEY (`id`),
  KEY `lossantoscustoms_ibfk_1` (`bizId`),
  CONSTRAINT `lossantoscustoms_ibfk_1` FOREIGN KEY (`bizId`) REFERENCES `bizs` (`id`) ON DELETE SET NULL ON UPDATE CASCADE
) ENGINE=InnoDB AUTO_INCREMENT=7 DEFAULT CHARSET=utf8 COLLATE=utf8_general_ci;

-- Дамп данных таблицы chaos_db.lossantoscustoms: ~6 rows (приблизительно)
INSERT INTO `lossantoscustoms` (`id`, `bizId`, `x`, `y`, `z`, `tuneX`, `tuneY`, `tuneZ`, `tuneH`, `returnX`, `returnY`, `returnZ`, `returnH`, `priceMultiplier`, `npcX`, `npcY`, `npcZ`, `npcH`) VALUES
	(1, 30, -350.51, -136.68, 39.01, -337, -137, 39, 50, -363, -131, 39, 100, 1, -343.74, -125.77, 39.01, -173.73),
	(2, 65, 1174.87, 2639.79, 37.75, 1174.95, 2640.22, 37.34, 1.1, 1176.49, 2649.57, 37.39, -55.06, 1, 1187.25, 2637.19, 38.4, -3.56),
	(3, 66, 730.71, -1088.72, 22.17, 733.39, -1083.26, 21.76, 146.48, 717.37, -1088.76, 21.93, 89.92, 1, 726.69, -1067.11, 28.31, -174.65),
	(4, 67, -205.78, -1317.53, 30.89, -212.18, -1326.74, 30.48, -28.18, -205.64, -1305.43, 30.87, 0.81, 1, -206.91, -1338.98, 34.89, 88.77),
	(5, 68, -1150.87, -1996.39, 13.18, -1157.6, -2009.65, 12.77, -14.77, -1141.34, -1986.94, 12.75, -44.59, 1.6, -1143.04, -2006.13, 13.18, 74.23),
	(6, 69, 109.83, 6627.92, 31.79, 110.76, 6626.86, 31.37, -135.18, 117.75, 6619.8, 31.44, -136.09, 2, 99.63, 6620.15, 32.44, -142.59);

-- Дамп структуры для таблица chaos_db.masks
CREATE TABLE IF NOT EXISTS `masks` (
  `id` int(11) NOT NULL AUTO_INCREMENT,
  `drawable` int(11) NOT NULL,
  `name` varchar(255) NOT NULL DEFAULT 'Маска',
  `price` varchar(255) NOT NULL DEFAULT '100',
  `isAvailable` tinyint(1) DEFAULT 1,
  PRIMARY KEY (`id`)
) ENGINE=InnoDB AUTO_INCREMENT=198 DEFAULT CHARSET=utf8 COLLATE=utf8_general_ci;

-- Дамп данных таблицы chaos_db.masks: ~197 rows (приблизительно)
INSERT INTO `masks` (`id`, `drawable`, `name`, `price`, `isAvailable`) VALUES
	(1, 1, 'Маска', '1000', 1),
	(2, 2, 'Маска', '1000', 1),
	(3, 3, 'Маска', '1000', 1),
	(4, 4, 'Маска', '1000', 1),
	(5, 5, 'Маска', '1000', 1),
	(6, 6, 'Маска', '1000', 1),
	(7, 7, 'Маска', '1000', 1),
	(8, 8, 'Маска', '1000', 1),
	(9, 9, 'Маска', '1000', 1),
	(10, 10, 'Маска', '1000', 1),
	(11, 11, 'Маска', '1000', 1),
	(12, 12, 'Маска', '1000', 1),
	(13, 13, 'Маска', '1000', 1),
	(14, 14, 'Маска', '1000', 1),
	(15, 15, 'Маска', '1000', 1),
	(16, 16, 'Маска', '1000', 1),
	(17, 17, 'Маска', '1000', 1),
	(18, 18, 'Маска', '1000', 1),
	(19, 19, 'Маска', '1000', 1),
	(20, 20, 'Маска', '1000', 1),
	(21, 21, 'Маска', '1000', 1),
	(22, 22, 'Маска', '1000', 1),
	(23, 23, 'Маска', '1000', 1),
	(24, 24, 'Маска', '1000', 1),
	(25, 25, 'Маска', '1000', 1),
	(26, 26, 'Маска', '1000', 1),
	(27, 27, 'Маска', '1000', 1),
	(28, 28, 'Маска', '1000', 1),
	(29, 29, 'Маска', '1000', 1),
	(30, 30, 'Маска', '1000', 1),
	(31, 31, 'Маска', '1000', 1),
	(32, 32, 'Маска', '1000', 1),
	(33, 33, 'Маска', '1000', 1),
	(34, 34, 'Маска', '1000', 1),
	(35, 35, 'Маска', '1000', 1),
	(36, 36, 'Маска', '1000', 1),
	(37, 37, 'Маска', '1000', 1),
	(38, 38, 'Маска', '1000', 1),
	(39, 39, 'Маска', '1000', 1),
	(40, 40, 'Маска', '1000', 1),
	(41, 41, 'Маска', '1000', 1),
	(42, 42, 'Маска', '1000', 1),
	(43, 43, 'Маска', '1000', 1),
	(44, 44, 'Маска', '1000', 1),
	(45, 45, 'Маска', '1000', 1),
	(46, 46, 'Маска', '1000', 1),
	(47, 47, 'Маска', '1000', 1),
	(48, 48, 'Маска', '1000', 1),
	(49, 49, 'Маска', '1000', 1),
	(50, 50, 'Маска', '1000', 1),
	(51, 51, 'Маска', '1000', 1),
	(52, 52, 'Маска', '1000', 1),
	(53, 53, 'Маска', '1000', 1),
	(54, 54, 'Маска', '1000', 1),
	(55, 55, 'Маска', '1000', 1),
	(56, 56, 'Маска', '1000', 1),
	(57, 57, 'Маска', '1000', 1),
	(58, 58, 'Маска', '1000', 1),
	(59, 59, 'Маска', '1000', 1),
	(60, 60, 'Маска', '1000', 1),
	(61, 61, 'Маска', '1000', 1),
	(62, 62, 'Маска', '1000', 1),
	(63, 63, 'Маска', '1000', 1),
	(64, 64, 'Маска', '1000', 1),
	(65, 65, 'Маска', '1000', 1),
	(66, 66, 'Маска', '1000', 1),
	(67, 67, 'Маска', '1000', 1),
	(68, 68, 'Маска', '1000', 1),
	(69, 69, 'Маска', '1000', 1),
	(70, 70, 'Маска', '1000', 1),
	(71, 71, 'Маска', '1000', 1),
	(72, 72, 'Маска', '1000', 1),
	(73, 73, 'Маска', '1000', 0),
	(74, 74, 'Маска', '1000', 1),
	(75, 75, 'Маска', '1000', 1),
	(76, 76, 'Маска', '1000', 1),
	(77, 77, 'Маска', '1000', 1),
	(78, 78, 'Маска', '1000', 1),
	(79, 79, 'Маска', '1000', 1),
	(80, 80, 'Маска', '1000', 1),
	(81, 81, 'Маска', '1000', 1),
	(82, 82, 'Маска', '1000', 1),
	(83, 83, 'Маска', '1000', 1),
	(84, 84, 'Маска', '1000', 1),
	(85, 85, 'Маска', '1000', 1),
	(86, 86, 'Маска', '1000', 1),
	(87, 87, 'Маска', '1000', 1),
	(88, 88, 'Маска', '1000', 1),
	(89, 89, 'Маска', '1000', 1),
	(90, 90, 'Маска', '1000', 1),
	(91, 91, 'Маска', '1000', 1),
	(92, 92, 'Маска', '1000', 1),
	(93, 93, 'Маска', '1000', 1),
	(94, 94, 'Маска', '1000', 1),
	(95, 95, 'Маска', '1000', 1),
	(96, 96, 'Маска', '1000', 1),
	(97, 97, 'Маска', '1000', 1),
	(98, 98, 'Маска', '1000', 1),
	(99, 99, 'Маска', '1000', 1),
	(100, 100, 'Маска', '1000', 1),
	(101, 101, 'Маска', '1000', 1),
	(102, 102, 'Маска', '1000', 1),
	(103, 103, 'Маска', '1000', 1),
	(104, 104, 'Маска', '1000', 1),
	(105, 105, 'Маска', '1000', 1),
	(106, 106, 'Маска', '1000', 1),
	(107, 107, 'Маска', '1000', 1),
	(108, 108, 'Маска', '1000', 1),
	(109, 109, 'Маска', '1000', 1),
	(110, 110, 'Маска', '1000', 1),
	(111, 111, 'Маска', '1000', 1),
	(112, 112, 'Маска', '1000', 1),
	(113, 113, 'Маска', '1000', 1),
	(114, 114, 'Маска', '1000', 1),
	(115, 115, 'Маска', '1000', 1),
	(116, 116, 'Маска', '1000', 1),
	(117, 117, 'Маска', '1000', 1),
	(118, 118, 'Маска', '1000', 1),
	(119, 119, 'Маска', '1000', 1),
	(120, 120, 'Маска', '1000', 0),
	(121, 121, 'Маска', '1000', 1),
	(122, 122, 'Маска', '1000', 1),
	(123, 123, 'Маска', '1000', 1),
	(124, 124, 'Маска', '1000', 1),
	(125, 125, 'Маска', '1000', 1),
	(126, 126, 'Маска', '1000', 1),
	(127, 127, 'Маска', '1000', 1),
	(128, 128, 'Маска', '1000', 1),
	(129, 129, 'Маска', '1000', 1),
	(130, 130, 'Маска', '1000', 1),
	(131, 131, 'Маска', '1000', 1),
	(132, 132, 'Маска', '1000', 1),
	(133, 133, 'Маска', '1000', 1),
	(134, 134, 'Маска', '1000', 1),
	(135, 135, 'Маска', '1000', 1),
	(136, 136, 'Маска', '1000', 1),
	(137, 137, 'Маска', '1000', 1),
	(138, 138, 'Маска', '1000', 1),
	(139, 139, 'Маска', '1000', 1),
	(140, 140, 'Маска', '1000', 1),
	(141, 141, 'Маска', '1000', 1),
	(142, 142, 'Маска', '1000', 1),
	(143, 143, 'Маска', '1000', 1),
	(144, 144, 'Маска', '1000', 1),
	(145, 145, 'Маска', '1000', 1),
	(146, 146, 'Маска', '1000', 1),
	(147, 147, 'Маска', '1000', 1),
	(148, 148, 'Маска', '1000', 1),
	(149, 149, 'Маска', '1000', 1),
	(150, 150, 'Маска', '1000', 1),
	(151, 151, 'Маска', '1000', 1),
	(152, 152, 'Маска', '1000', 1),
	(153, 153, 'Маска', '1000', 1),
	(154, 154, 'Маска', '1000', 1),
	(155, 155, 'Маска', '1000', 1),
	(156, 156, 'Маска', '1000', 1),
	(157, 157, 'Маска', '1000', 1),
	(158, 158, 'Маска', '1000', 1),
	(159, 159, 'Маска', '1000', 1),
	(160, 160, 'Маска', '1000', 1),
	(161, 161, 'Маска', '1000', 1),
	(162, 162, 'Маска', '1000', 1),
	(163, 163, 'Маска', '1000', 1),
	(164, 164, 'Маска', '1000', 1),
	(165, 165, 'Маска', '1000', 1),
	(166, 166, 'Маска', '1000', 1),
	(167, 167, 'Маска', '1000', 1),
	(168, 168, 'Маска', '1000', 1),
	(169, 169, 'Маска', '1000', 1),
	(170, 170, 'Маска', '1000', 1),
	(171, 171, 'Маска', '1000', 1),
	(172, 172, 'Маска', '1000', 1),
	(173, 173, 'Маска', '1000', 1),
	(174, 174, 'Маска', '1000', 1),
	(175, 175, 'Маска', '1000', 1),
	(176, 176, 'Маска', '1000', 1),
	(177, 177, 'Маска', '1000', 1),
	(178, 178, 'Маска', '1000', 1),
	(179, 179, 'Маска', '1000', 1),
	(180, 180, 'Маска', '1000', 1),
	(181, 181, 'Маска', '1000', 1),
	(182, 182, 'Маска', '1000', 1),
	(183, 183, 'Маска', '1000', 1),
	(184, 184, 'Маска', '1000', 1),
	(185, 185, 'Маска', '1000', 1),
	(186, 186, 'Маска', '1000', 1),
	(187, 187, 'Маска', '1000', 1),
	(188, 188, 'Маска', '1000', 1),
	(189, 189, 'Маска', '1000', 1),
	(190, 190, 'Маска', '1000', 1),
	(191, 191, 'Маска', '1000', 1),
	(192, 192, 'Маска', '1000', 1),
	(193, 193, 'Маска', '1000', 1),
	(194, 194, 'Маска', '1000', 1),
	(195, 195, 'Маска', '1000', 1),
	(196, 196, 'Маска', '1000', 1),
	(197, 197, 'Маска', '1000', 1);

-- Дамп структуры для таблица chaos_db.maskshops
CREATE TABLE IF NOT EXISTS `maskshops` (
  `id` int(11) NOT NULL AUTO_INCREMENT,
  `bizId` int(11) DEFAULT NULL,
  `x` float NOT NULL DEFAULT 100,
  `y` float NOT NULL DEFAULT 100,
  `z` float NOT NULL DEFAULT 100,
  `fittingX` float NOT NULL DEFAULT 100,
  `fittingY` float NOT NULL DEFAULT 100,
  `fittingZ` float NOT NULL DEFAULT 100,
  `fittingH` float NOT NULL DEFAULT 100,
  `cameraX` float NOT NULL DEFAULT 100,
  `cameraY` float NOT NULL DEFAULT 100,
  `cameraZ` float NOT NULL DEFAULT 100,
  `priceMultiplier` float NOT NULL DEFAULT 1,
  `npcX` float NOT NULL DEFAULT 100,
  `npcY` float NOT NULL DEFAULT 100,
  `npcZ` float NOT NULL DEFAULT 100,
  `npcH` float NOT NULL DEFAULT 100,
  PRIMARY KEY (`id`),
  KEY `maskshops_ibfk_1` (`bizId`),
  CONSTRAINT `maskshops_ibfk_1` FOREIGN KEY (`bizId`) REFERENCES `bizs` (`id`) ON DELETE SET NULL ON UPDATE CASCADE
) ENGINE=InnoDB AUTO_INCREMENT=2 DEFAULT CHARSET=utf8 COLLATE=utf8_general_ci;

-- Дамп данных таблицы chaos_db.maskshops: ~0 rows (приблизительно)
INSERT INTO `maskshops` (`id`, `bizId`, `x`, `y`, `z`, `fittingX`, `fittingY`, `fittingZ`, `fittingH`, `cameraX`, `cameraY`, `cameraZ`, `priceMultiplier`, `npcX`, `npcY`, `npcZ`, `npcH`) VALUES
	(1, 28, -1337.52, -1278.24, 4.87, -1336.86, -1279.93, 4.85, 74.28, -1339.03, -1279.05, 5.27, 1, -1336.69, -1277.41, 4.88, 127.56);

-- Дамп структуры для таблица chaos_db.notifications
CREATE TABLE IF NOT EXISTS `notifications` (
  `id` int(11) NOT NULL AUTO_INCREMENT,
  `characterId` int(11) NOT NULL,
  `type` varchar(10) NOT NULL,
  `text` varchar(128) NOT NULL,
  `header` varchar(50) DEFAULT NULL,
  PRIMARY KEY (`id`),
  KEY `characterId` (`characterId`),
  CONSTRAINT `notifications_ibfk_1` FOREIGN KEY (`characterId`) REFERENCES `characters` (`id`) ON DELETE NO ACTION ON UPDATE CASCADE
) ENGINE=InnoDB AUTO_INCREMENT=44 DEFAULT CHARSET=utf8 COLLATE=utf8_general_ci;

-- Дамп данных таблицы chaos_db.notifications: ~20 rows (приблизительно)
INSERT INTO `notifications` (`id`, `characterId`, `type`, `text`, `header`) VALUES
	(7, 12, 'warning', 'Ваш бизнес отобрали за неуплату налогов', 'Внимание'),
	(14, 12, 'warning', 'Ваш дом отобрали за неуплату налогов', 'Внимание'),
	(15, 12, 'warning', 'За неуплату налогов на дом транспорт из гаража был продан государству', NULL),
	(16, 12, 'warning', 'Деньги за транспорт ($1007500) поступили на ваш счет', NULL),
	(18, 11, 'warning', 'Ваш дом отобрали за неуплату налогов', 'Внимание'),
	(19, 11, 'warning', 'За неуплату налогов на дом транспорт из гаража был продан государству', NULL),
	(20, 11, 'warning', 'Деньги за транспорт ($975000) поступили на ваш счет', NULL),
	(21, 11, 'warning', 'Ваш бизнес отобрали за неуплату налогов', 'Внимание'),
	(28, 14, 'warning', 'Ваш дом отобрали за неуплату налогов', 'Внимание'),
	(29, 14, 'warning', 'За неуплату налогов на дом транспорт из гаража был продан государству', NULL),
	(30, 14, 'warning', 'Деньги за транспорт ($65000) поступили на ваш счет', NULL),
	(34, 3, 'warning', 'Ваш дом отобрали за неуплату налогов', 'Внимание'),
	(35, 3, 'warning', 'За неуплату налогов на дом транспорт из гаража был продан государству', NULL),
	(36, 3, 'warning', 'Деньги за транспорт ($9620000) поступили на ваш счет', NULL),
	(38, 18, 'warning', 'Ваш дом отобрали за неуплату налогов', 'Внимание'),
	(39, 18, 'warning', 'За неуплату налогов на дом транспорт из гаража был продан государству', NULL),
	(40, 18, 'warning', 'Деньги за транспорт ($22093500) поступили на ваш счет', NULL),
	(41, 1, 'warning', 'Ваш дом отобрали за неуплату налогов', 'Внимание'),
	(42, 1, 'warning', 'За неуплату налогов на дом транспорт из гаража был продан государству', NULL),
	(43, 1, 'warning', 'Деньги за транспорт ($10809500) поступили на ваш счет', NULL);

-- Дамп структуры для таблица chaos_db.parkings
CREATE TABLE IF NOT EXISTS `parkings` (
  `id` int(11) NOT NULL AUTO_INCREMENT,
  `name` varchar(128) DEFAULT NULL,
  `x` float NOT NULL DEFAULT 100,
  `y` float NOT NULL DEFAULT 100,
  `z` float NOT NULL DEFAULT 100,
  `h` float NOT NULL DEFAULT 0,
  `carX` float NOT NULL DEFAULT 100,
  `carY` float NOT NULL DEFAULT 100,
  `carZ` float NOT NULL DEFAULT 100,
  `carH` float NOT NULL DEFAULT 0,
  PRIMARY KEY (`id`)
) ENGINE=InnoDB AUTO_INCREMENT=6 DEFAULT CHARSET=utf8 COLLATE=utf8_general_ci;

-- Дамп данных таблицы chaos_db.parkings: ~5 rows (приблизительно)
INSERT INTO `parkings` (`id`, `name`, `x`, `y`, `z`, `h`, `carX`, `carY`, `carZ`, `carH`) VALUES
	(1, 'Пиллбокс-Хилл', 101, -1071.75, 29.23, -22.73, 104.59, -1077.72, 29.06, -20.73),
	(2, 'Пиллбокс-Хилл', -279.64, -888.66, 31.08, -108.9, -285.77, -888.35, 30.95, 167.51),
	(3, 'Сэнди-Шорс', 1894.23, 3715.14, 32.76, 116.4, 1887.32, 3716.56, 32.73, 121.78),
	(4, 'Палето-Бэй', 119.54, 6626.56, 31.96, -137.41, 130.22, 6629.38, 31.58, -45.16),
	(5, 'Аэропорт', -608.23, -2237.52, 6.06, -42.79, -609.08, -2217.28, 5.87, -176.63);

-- Дамп структуры для таблица chaos_db.phonecallstories
CREATE TABLE IF NOT EXISTS `phonecallstories` (
  `id` int(11) NOT NULL AUTO_INCREMENT,
  `phoneId` int(11) NOT NULL,
  `number` varchar(16) NOT NULL,
  `type` int(11) NOT NULL,
  `date` datetime NOT NULL,
  PRIMARY KEY (`id`),
  KEY `phoneId` (`phoneId`),
  CONSTRAINT `phonecallstories_ibfk_1` FOREIGN KEY (`phoneId`) REFERENCES `phones` (`id`) ON DELETE CASCADE ON UPDATE CASCADE
) ENGINE=InnoDB AUTO_INCREMENT=5 DEFAULT CHARSET=utf8 COLLATE=utf8_general_ci;

-- Дамп данных таблицы chaos_db.phonecallstories: ~4 rows (приблизительно)
INSERT INTO `phonecallstories` (`id`, `phoneId`, `number`, `type`, `date`) VALUES
	(1, 5, '777777', 1, '2024-04-27 21:13:58'),
	(2, 3, '999999', 2, '2024-04-27 21:14:02'),
	(3, 3, '999999', 1, '2024-04-27 21:16:29'),
	(4, 5, '777777', 2, '2024-04-27 21:16:42');

-- Дамп структуры для таблица chaos_db.phonecontacts
CREATE TABLE IF NOT EXISTS `phonecontacts` (
  `id` int(11) NOT NULL AUTO_INCREMENT,
  `phoneId` int(11) NOT NULL,
  `name` varchar(50) NOT NULL,
  `number` varchar(16) NOT NULL,
  PRIMARY KEY (`id`),
  KEY `phoneId` (`phoneId`),
  CONSTRAINT `phonecontacts_ibfk_1` FOREIGN KEY (`phoneId`) REFERENCES `phones` (`id`) ON DELETE CASCADE ON UPDATE CASCADE
) ENGINE=InnoDB AUTO_INCREMENT=4 DEFAULT CHARSET=utf8 COLLATE=utf8_general_ci;

-- Дамп данных таблицы chaos_db.phonecontacts: ~2 rows (приблизительно)
INSERT INTO `phonecontacts` (`id`, `phoneId`, `name`, `number`) VALUES
	(2, 5, 'беречуха', '777777'),
	(3, 3, 'Pidoras', '999999');

-- Дамп структуры для таблица chaos_db.phonedialogs
CREATE TABLE IF NOT EXISTS `phonedialogs` (
  `id` int(11) NOT NULL AUTO_INCREMENT,
  `phoneId` int(11) NOT NULL,
  `number` varchar(16) NOT NULL,
  PRIMARY KEY (`id`),
  KEY `phoneId` (`phoneId`),
  CONSTRAINT `phonedialogs_ibfk_1` FOREIGN KEY (`phoneId`) REFERENCES `phones` (`id`) ON DELETE CASCADE ON UPDATE CASCADE
) ENGINE=InnoDB AUTO_INCREMENT=4 DEFAULT CHARSET=utf8 COLLATE=utf8_general_ci;

-- Дамп данных таблицы chaos_db.phonedialogs: ~3 rows (приблизительно)
INSERT INTO `phonedialogs` (`id`, `phoneId`, `number`) VALUES
	(1, 3, '777777'),
	(2, 5, '777777'),
	(3, 3, '999999');

-- Дамп структуры для таблица chaos_db.phonemessages
CREATE TABLE IF NOT EXISTS `phonemessages` (
  `id` int(11) NOT NULL AUTO_INCREMENT,
  `phoneDialogId` int(11) NOT NULL,
  `isMine` int(1) NOT NULL,
  `text` varchar(100) NOT NULL,
  `isRead` int(1) NOT NULL,
  `date` datetime NOT NULL,
  PRIMARY KEY (`id`),
  KEY `phoneDialogId` (`phoneDialogId`),
  CONSTRAINT `phonemessages_ibfk_1` FOREIGN KEY (`phoneDialogId`) REFERENCES `phonedialogs` (`id`) ON DELETE CASCADE ON UPDATE CASCADE
) ENGINE=InnoDB AUTO_INCREMENT=8 DEFAULT CHARSET=utf8 COLLATE=utf8_general_ci;

-- Дамп данных таблицы chaos_db.phonemessages: ~0 rows (приблизительно)

-- Дамп структуры для таблица chaos_db.phones
CREATE TABLE IF NOT EXISTS `phones` (
  `id` int(11) NOT NULL AUTO_INCREMENT,
  `characterId` int(11) NOT NULL,
  `number` varchar(16) NOT NULL,
  `money` int(11) NOT NULL DEFAULT 0,
  PRIMARY KEY (`id`),
  KEY `characterId` (`characterId`),
  CONSTRAINT `phones_ibfk_1` FOREIGN KEY (`characterId`) REFERENCES `characters` (`id`) ON DELETE CASCADE ON UPDATE CASCADE
) ENGINE=InnoDB AUTO_INCREMENT=11 DEFAULT CHARSET=utf8 COLLATE=utf8_general_ci;

-- Дамп данных таблицы chaos_db.phones: ~9 rows (приблизительно)
INSERT INTO `phones` (`id`, `characterId`, `number`, `money`) VALUES
	(1, 1, '5425453', 0),
	(2, 2, '111111', 0),
	(3, 3, '777777', 0),
	(4, 5, '3829286', 0),
	(5, 11, '999999', 0),
	(6, 12, '222222', 0),
	(7, 13, '100000', 0),
	(8, 14, '2911977', 0),
	(9, 18, '3826494', 0);

-- Дамп структуры для таблица chaos_db.promocoderewards
CREATE TABLE IF NOT EXISTS `promocoderewards` (
  `id` int(11) NOT NULL AUTO_INCREMENT,
  `ownerSum` int(11) NOT NULL DEFAULT 10000,
  `playerSum` int(11) NOT NULL DEFAULT 10000,
  PRIMARY KEY (`id`)
) ENGINE=InnoDB AUTO_INCREMENT=21 DEFAULT CHARSET=utf8 COLLATE=utf8_general_ci;

-- Дамп данных таблицы chaos_db.promocoderewards: ~19 rows (приблизительно)
INSERT INTO `promocoderewards` (`id`, `ownerSum`, `playerSum`) VALUES
	(1, 10000, 10000),
	(2, 10000, 10000),
	(3, 10000, 10000),
	(4, 10000, 10000),
	(5, 10000, 10000),
	(6, 10000, 10000),
	(7, 10000, 10000),
	(8, 50000, 50000),
	(9, 10000, 10000),
	(10, 10000, 10000),
	(11, 10000, 10000),
	(12, 10000, 10000),
	(13, 10000, 10000),
	(14, 10000, 10000),
	(15, 10000, 10000),
	(16, 10000, 10000),
	(17, 10000, 10000),
	(18, 10000, 10000),
	(19, 10000, 10000),
	(20, 10000, 10000);

-- Дамп структуры для таблица chaos_db.promocodes
CREATE TABLE IF NOT EXISTS `promocodes` (
  `id` int(11) NOT NULL AUTO_INCREMENT,
  `characterId` int(11) NOT NULL,
  `promocode` varchar(20) NOT NULL,
  `rewardId` int(11) NOT NULL DEFAULT 1,
  `invited` int(11) NOT NULL DEFAULT 0,
  `completed` int(11) NOT NULL DEFAULT 0,
  `media` tinyint(1) NOT NULL DEFAULT 0,
  PRIMARY KEY (`id`),
  KEY `characterId` (`characterId`),
  KEY `rewardId` (`rewardId`),
  CONSTRAINT `promocodes_ibfk_1` FOREIGN KEY (`characterId`) REFERENCES `characters` (`id`) ON DELETE CASCADE ON UPDATE CASCADE,
  CONSTRAINT `promocodes_ibfk_2` FOREIGN KEY (`rewardId`) REFERENCES `promocoderewards` (`id`) ON DELETE NO ACTION ON UPDATE CASCADE
) ENGINE=InnoDB AUTO_INCREMENT=21 DEFAULT CHARSET=utf8 COLLATE=utf8_general_ci;

-- Дамп данных таблицы chaos_db.promocodes: ~19 rows (приблизительно)
INSERT INTO `promocodes` (`id`, `characterId`, `promocode`, `rewardId`, `invited`, `completed`, `media`) VALUES
	(1, 1, '2EG05', 1, 0, 0, 0),
	(2, 2, '3N7W5', 2, 0, 0, 0),
	(3, 3, 'DDELM', 3, 0, 0, 1),
	(4, 4, 'FYV9K', 4, 0, 0, 0),
	(5, 5, 'K00DH', 5, 0, 0, 0),
	(6, 6, '2VJLJ', 6, 0, 0, 0),
	(7, 7, 'BC45I', 7, 0, 0, 0),
	(8, 1, 'CHAOS', 8, 4, 0, 1),
	(9, 8, 'FJ71V', 9, 0, 0, 0),
	(10, 9, 'SOC6O', 10, 0, 0, 0),
	(11, 10, 'UXZCL', 11, 0, 0, 0),
	(12, 11, '17Y3A', 12, 0, 0, 0),
	(13, 12, '5D4YQ', 13, 0, 0, 0),
	(14, 13, 'A8AF6', 14, 0, 0, 0),
	(15, 14, 'XU4QH', 15, 0, 0, 0),
	(16, 15, 'HUG0O', 16, 0, 0, 0),
	(17, 16, 'KRSCR', 17, 0, 0, 0),
	(18, 17, 'FZPCR', 18, 0, 0, 0),
	(19, 18, '1DV6D', 19, 0, 0, 0);

-- Дамп структуры для таблица chaos_db.questareas
CREATE TABLE IF NOT EXISTS `questareas` (
  `id` int(11) NOT NULL AUTO_INCREMENT,
  `name` varchar(30) NOT NULL DEFAULT 'name',
  `ruName` varchar(30) NOT NULL DEFAULT 'ruName',
  PRIMARY KEY (`id`)
) ENGINE=InnoDB AUTO_INCREMENT=6 DEFAULT CHARSET=utf8 COLLATE=utf8_general_ci;

-- Дамп данных таблицы chaos_db.questareas: ~5 rows (приблизительно)
INSERT INTO `questareas` (`id`, `name`, `ruName`) VALUES
	(1, 'supermarket', 'Супермаркет'),
	(2, 'ammunation', 'Магазин оружия'),
	(3, 'clothingShop', 'Магазин одежды'),
	(4, 'barbershop', 'Барбершоп'),
	(5, 'tattoo', 'Тату-салон');

-- Дамп структуры для таблица chaos_db.questlogics
CREATE TABLE IF NOT EXISTS `questlogics` (
  `id` int(11) NOT NULL AUTO_INCREMENT,
  `name` varchar(30) NOT NULL DEFAULT 'name_logic',
  `description` varchar(100) NOT NULL DEFAULT 'description',
  `descToQuest` varchar(100) NOT NULL DEFAULT 'descToQuest',
  PRIMARY KEY (`id`) USING BTREE
) ENGINE=InnoDB AUTO_INCREMENT=6 DEFAULT CHARSET=utf8 COLLATE=utf8_general_ci;

-- Дамп данных таблицы chaos_db.questlogics: ~5 rows (приблизительно)
INSERT INTO `questlogics` (`id`, `name`, `description`, `descToQuest`) VALUES
	(1, 'enter_area_pos', 'Посещение места по координатам', 'Посетите указанную точку'),
	(2, 'enter_area', 'Посещение определенного места', 'Посетите'),
	(3, 'talk_ped', 'Поговорить с NPC', 'Поговорите с'),
	(4, 'buy_item', 'Купить предмет', 'Купите'),
	(5, 'give_item', 'Принести предмет', 'Принесите');

-- Дамп структуры для таблица chaos_db.questnpcs
CREATE TABLE IF NOT EXISTS `questnpcs` (
  `id` int(11) NOT NULL AUTO_INCREMENT,
  `name` varchar(32) NOT NULL DEFAULT 'name',
  `greeting` varchar(200) NOT NULL DEFAULT 'greeting',
  `x` float NOT NULL DEFAULT 0,
  `y` float NOT NULL DEFAULT 0,
  `z` float NOT NULL DEFAULT 0,
  `h` float NOT NULL DEFAULT 0,
  `d` int(11) NOT NULL DEFAULT 0,
  `quests` varchar(200) NOT NULL DEFAULT '[]',
  `model` varchar(32) NOT NULL DEFAULT 'model',
  `scenario` varchar(50) NOT NULL DEFAULT 'scenario',
  `blipCreated` tinyint(1) NOT NULL DEFAULT 1,
  PRIMARY KEY (`id`)
) ENGINE=InnoDB AUTO_INCREMENT=7 DEFAULT CHARSET=utf8 COLLATE=utf8_general_ci;

-- Дамп данных таблицы chaos_db.questnpcs: ~3 rows (приблизительно)
INSERT INTO `questnpcs` (`id`, `name`, `greeting`, `x`, `y`, `z`, `h`, `d`, `quests`, `model`, `scenario`, `blipCreated`) VALUES
	(1, 'Рэй Симонс', 'Привет, меня зовут Рэй, я здесь ответственный. Тебе нужно купить интрумент, поэтому покупай топор, далее дуй к деревьям и принимайся их срубать, далее сдавай нам, мы тебе заплатим. ', -569.161, 5247.9, 70.4677, 64.3468, 0, '[]', 's_m_m_autoshop_02', 'WORLD_HUMAN_AA_SMOKE', 0),
	(2, 'Саймон Гэтсби', 'Здарова, не местный? Сбегай за киркой к начальнику, он выдаст снаряжение, потом возвращайся. Камни прямо перед тобой, можешь ломать, когда наберешь достаточно, неси, заплатим за каждый грамм. Увидимся', 2567, 2731.76, 43.2408, 299.217, 0, '[]', 'csb_chef2', 'WORLD_HUMAN_AA_COFFEE', 0),
	(3, 'Сэнди Уоткенс', 'Тебе чего? Здесь скупка всякого мусора. Пустые карманы? Езжай за город, там где фермы, в каждом городке прошерсти мусорки, а весь хлам неси ко мне. Я все выкуплю и заплачу каждый цент. Удачи.. кхэ.. к', 1050.79, -1957.43, 31.0425, 207.656, 0, '[]', 'ig_old_man2', 'WORLD_HUMAN_AA_SMOKE', 0);

-- Дамп структуры для таблица chaos_db.quests
CREATE TABLE IF NOT EXISTS `quests` (
  `id` int(11) NOT NULL AUTO_INCREMENT,
  `name` varchar(30) NOT NULL DEFAULT 'Название квеста',
  `description` varchar(128) NOT NULL DEFAULT 'Описание квеста',
  `type` int(11) NOT NULL DEFAULT 1,
  `availableLvl` int(11) DEFAULT NULL,
  `availableQuest` int(11) DEFAULT NULL,
  `prize` varchar(1024) NOT NULL DEFAULT '[0]',
  `questLogic` varchar(1024) NOT NULL DEFAULT '[0]',
  PRIMARY KEY (`id`)
) ENGINE=InnoDB AUTO_INCREMENT=4 DEFAULT CHARSET=utf8 COLLATE=utf8_general_ci;

-- Дамп данных таблицы chaos_db.quests: ~0 rows (приблизительно)

-- Дамп структуры для таблица chaos_db.rentpoints
CREATE TABLE IF NOT EXISTS `rentpoints` (
  `id` int(11) NOT NULL AUTO_INCREMENT,
  `name` varchar(255) NOT NULL DEFAULT 'Аренда',
  `x` float NOT NULL DEFAULT 100,
  `y` float NOT NULL DEFAULT 100,
  `z` float NOT NULL DEFAULT 100,
  `blip` int(11) NOT NULL DEFAULT 0,
  `blipColor` int(11) NOT NULL DEFAULT 4,
  PRIMARY KEY (`id`)
) ENGINE=InnoDB AUTO_INCREMENT=6 DEFAULT CHARSET=utf8 COLLATE=utf8_general_ci;

-- Дамп данных таблицы chaos_db.rentpoints: ~5 rows (приблизительно)
INSERT INTO `rentpoints` (`id`, `name`, `x`, `y`, `z`, `blip`, `blipColor`) VALUES
	(1, 'Аренда транспорта', 61.6726, -624.95, 31.6992, 815, 57),
	(2, 'Деревья', -657.977, 5275.69, 74.1177, 836, 2),
	(3, 'ЕМС Сэнди-Шорс', 1831.85, 3686.55, 34.27, 61, 6),
	(4, 'BCSD Сэнди-Шорс', 1837.76, 3674.78, 34.27, 60, 29),
	(5, 'EMS Палето-Бэй', -251.05, 6333.93, 32.43, 61, 6);

-- Дамп структуры для таблица chaos_db.spouses
CREATE TABLE IF NOT EXISTS `spouses` (
  `id` int(11) NOT NULL AUTO_INCREMENT,
  `characterA` int(11) NOT NULL,
  `characterB` int(11) NOT NULL,
  PRIMARY KEY (`id`),
  KEY `characterA` (`characterA`),
  KEY `characterB` (`characterB`),
  CONSTRAINT `spouses_ibfk_1` FOREIGN KEY (`characterA`) REFERENCES `characters` (`id`) ON DELETE NO ACTION ON UPDATE CASCADE,
  CONSTRAINT `spouses_ibfk_2` FOREIGN KEY (`characterB`) REFERENCES `characters` (`id`) ON DELETE NO ACTION ON UPDATE CASCADE
) ENGINE=InnoDB DEFAULT CHARSET=utf8 COLLATE=utf8_general_ci;

-- Дамп данных таблицы chaos_db.spouses: ~0 rows (приблизительно)

-- Дамп структуры для таблица chaos_db.supermarkets
CREATE TABLE IF NOT EXISTS `supermarkets` (
  `id` int(11) NOT NULL AUTO_INCREMENT,
  `bizId` int(11) DEFAULT NULL,
  `bType` int(11) NOT NULL DEFAULT 0,
  `x` float NOT NULL DEFAULT 100,
  `y` float NOT NULL DEFAULT 100,
  `z` float NOT NULL DEFAULT 100,
  `priceMultiplier` float NOT NULL DEFAULT 1,
  `npcX` float NOT NULL DEFAULT 100,
  `npcY` float NOT NULL DEFAULT 100,
  `npcZ` float NOT NULL DEFAULT 100,
  `npcH` float NOT NULL DEFAULT 100,
  PRIMARY KEY (`id`),
  KEY `supermarkets_ibfk_1` (`bizId`),
  CONSTRAINT `supermarkets_ibfk_1` FOREIGN KEY (`bizId`) REFERENCES `bizs` (`id`) ON DELETE SET NULL ON UPDATE CASCADE
) ENGINE=InnoDB AUTO_INCREMENT=35 DEFAULT CHARSET=utf8 COLLATE=utf8_general_ci;

-- Дамп данных таблицы chaos_db.supermarkets: ~34 rows (приблизительно)
INSERT INTO `supermarkets` (`id`, `bizId`, `bType`, `x`, `y`, `z`, `priceMultiplier`, `npcX`, `npcY`, `npcZ`, `npcH`) VALUES
	(1, 4, 0, 26.1, -1345, 29.4, 1, 24.33, -1344.95, 29.5, -89.99),
	(2, 5, 0, 374.8, 328.3, 103.5, 1, 373.11, 328.72, 103.57, -108.27),
	(3, 6, 1, 1698.2, 4924.8, 42, 1, 1698.05, 4922.66, 42.06, -34.97),
	(4, 7, 1, -1820.7, 792.4, 138.1, 1, -1820.1, 794.45, 138.09, 129.45),
	(5, 8, 1, 1163.2, -323.9, 69.2, 1, 1164.81, -322.57, 69.21, 95.24),
	(6, 9, 1, -707.7, -914.5, 19.2, 1, -705.99, -913.47, 19.22, 85.49),
	(7, 10, 1, -48.4, -1757.7, 29.4, 1, -46.6, -1757.95, 29.42, 45.34),
	(8, 11, 0, 1730.1, 6416.4, 35, 1, 1728.88, 6417.35, 35.04, -124.11),
	(9, 12, 0, 1960.2, 3742.5, 32.3, 1, 1958.84, 3742.07, 32.34, -68.33),
	(10, 13, 0, 2676.9, 3281.8, 55.2, 1, 2675.93, 3280.45, 55.24, -34.33),
	(11, 14, 0, 547.8, 2669, 42.1, 1, 549.4, 2669.03, 42.16, 93.97),
	(12, 16, 0, -3244.2, 1001.5, 12.8, 1, -3244.64, 1000.06, 12.83, -8.15),
	(13, 17, 0, -3041.5, 585.1, 7.9, 1, -3041.17, 583.68, 7.91, 9.4),
	(14, 19, 2, -2968.27, 390.95, 15.04, 1, -2966.14, 390.93, 15.04, 84.8),
	(15, 20, 2, -1487.5, -379.34, 40.16, 1, -1486.14, -377.87, 40.16, 131.82),
	(16, 21, 2, -1223.12, -906.73, 12.33, 1, -1221.88, -908.49, 12.33, 29.8),
	(17, 38, 2, 1165.9, 2708.91, 38.16, 1, 1165.96, 2710.95, 38.16, -177.13),
	(18, NULL, 2, 1136.08, -982.22, 46.42, 3, 1134.03, -982.5, 46.42, -86.42),
	(19, 81, 0, 2555.48, 382.46, 108.62, 1, 2554.92, 380.78, 108.62, -3.18),
	(20, NULL, 0, 374.8, 328.3, 102.5, 1, 100, 100, 100, 100),
	(21, NULL, 0, 26.1, -1345, 28.4, 1, 100, 100, 100, 100),
	(22, NULL, 0, 1698.2, 4924.8, 41, 1, 100, 100, 100, 100),
	(23, NULL, 0, -1820.7, 792.4, 137.1, 1, 100, 100, 100, 100),
	(24, NULL, 0, 1163.2, -323.9, 68.2, 1, 100, 100, 100, 100),
	(25, NULL, 0, -48.4, -1757.7, 28.4, 1, 100, 100, 100, 100),
	(26, NULL, 0, 2676.9, 3281.8, 54.2, 1, 100, 100, 100, 100),
	(27, NULL, 0, 1960.2, 3742.5, 31.3, 1, 100, 100, 100, 100),
	(28, NULL, 0, -3041.5, 585.1, 6.9, 1, 100, 100, 100, 100),
	(29, NULL, 0, -3244.2, 1001.5, 11.8, 1, 100, 100, 100, 100),
	(30, NULL, 0, 547.8, 2669, 41.1, 1, 100, 100, 100, 100),
	(31, NULL, 0, -707.7, -914.5, 18.2, 1, 100, 100, 100, 100),
	(32, NULL, 0, 2555.1, -382.4, 107.6, 1, 100, 100, 100, 100),
	(33, NULL, 0, 547.8, 2669, 41.1, 1, 100, 100, 100, 100),
	(34, NULL, 0, 1730.1, 6416.4, 34, 1, 100, 100, 100, 100);

-- Дамп структуры для таблица chaos_db.tattooparlors
CREATE TABLE IF NOT EXISTS `tattooparlors` (
  `id` int(11) NOT NULL AUTO_INCREMENT,
  `bizId` int(11) DEFAULT NULL,
  `bType` int(11) NOT NULL DEFAULT 0,
  `x` float NOT NULL DEFAULT 100,
  `y` float NOT NULL DEFAULT 100,
  `z` float NOT NULL DEFAULT 100,
  `placeX` float NOT NULL DEFAULT 100,
  `placeY` float NOT NULL DEFAULT 100,
  `placeZ` float NOT NULL DEFAULT 100,
  `placeH` float NOT NULL DEFAULT 100,
  `cameraX` float NOT NULL DEFAULT 100,
  `cameraY` float NOT NULL DEFAULT 100,
  `cameraZ` float NOT NULL DEFAULT 100,
  `priceMultiplier` float NOT NULL DEFAULT 1,
  `npcX` float NOT NULL DEFAULT 100,
  `npcY` float NOT NULL DEFAULT 100,
  `npcZ` float NOT NULL DEFAULT 100,
  `npcH` float NOT NULL DEFAULT 100,
  PRIMARY KEY (`id`),
  KEY `tattooparlors_ibfk_1` (`bizId`),
  CONSTRAINT `tattooparlors_ibfk_1` FOREIGN KEY (`bizId`) REFERENCES `bizs` (`id`) ON DELETE SET NULL ON UPDATE CASCADE
) ENGINE=InnoDB AUTO_INCREMENT=7 DEFAULT CHARSET=utf8 COLLATE=utf8_general_ci;

-- Дамп данных таблицы chaos_db.tattooparlors: ~6 rows (приблизительно)
INSERT INTO `tattooparlors` (`id`, `bizId`, `bType`, `x`, `y`, `z`, `placeX`, `placeY`, `placeZ`, `placeH`, `cameraX`, `cameraY`, `cameraZ`, `priceMultiplier`, `npcX`, `npcY`, `npcZ`, `npcH`) VALUES
	(1, 29, 3, 1323.36, -1651.33, 52.28, 1320.69, -1653.57, 52.28, -54.84, 1323.25, -1651.61, 52.28, 1, 1325.03, -1650.66, 52.28, 129.86),
	(2, 70, 1, 1861.83, 3749.9, 33.03, 1864.48, 3747.02, 33.03, 16.92, 1863.98, 3749.87, 33.03, 1, 1862.68, 3748.4, 33.03, 26.67),
	(3, 71, 1, -291.09, 6198.55, 31.49, -294.26, 6200.7, 31.49, -149.06, -293.08, 6197.98, 31.49, 1, -292.18, 6199.71, 31.49, -128.29),
	(4, 72, 2, -3169.93, 1074.4, 20.83, -3168.64, 1077.51, 20.83, 153.28, -3169.95, 1074.63, 20.83, 1, -3171.18, 1073.21, 20.83, -22.65),
	(5, 73, 4, -1153.4, -1424.79, 4.95, -1156.25, -1426.92, 4.95, -55.79, -1153.58, -1425.12, 4.95, 1, -1151.66, -1424.36, 4.95, 118.39),
	(6, 74, 0, 321.24, 180.57, 103.59, 324.7, 179.38, 103.59, 69.25, 321.57, 180.48, 103.59, 1, 319.94, 181.72, 103.59, -112.44);

-- Дамп структуры для таблица chaos_db.tattoos
CREATE TABLE IF NOT EXISTS `tattoos` (
  `id` int(11) NOT NULL AUTO_INCREMENT,
  `collection` varchar(255) NOT NULL,
  `name` varchar(255) NOT NULL,
  `hashNameMale` varchar(255) NOT NULL,
  `hashNameFemale` varchar(255) NOT NULL,
  `zoneId` int(11) NOT NULL,
  `price` int(11) NOT NULL,
  PRIMARY KEY (`id`)
) ENGINE=InnoDB AUTO_INCREMENT=1567 DEFAULT CHARSET=utf8 COLLATE=utf8_general_ci;

-- Дамп данных таблицы chaos_db.tattoos: ~1 566 rows (приблизительно)
INSERT INTO `tattoos` (`id`, `collection`, `name`, `hashNameMale`, `hashNameFemale`, `zoneId`, `price`) VALUES
	(1, 'mpairraces_overlays', 'TAT_AR_000', 'MP_Airraces_Tattoo_000_M', 'MP_Airraces_Tattoo_000_F', 0, 13205),
	(2, 'mpairraces_overlays', 'TAT_AR_001', 'MP_Airraces_Tattoo_001_M', 'MP_Airraces_Tattoo_001_F', 0, 18105),
	(3, 'mpairraces_overlays', 'TAT_AR_002', 'MP_Airraces_Tattoo_002_M', 'MP_Airraces_Tattoo_002_F', 0, 16485),
	(4, 'mpairraces_overlays', 'TAT_AR_003', 'MP_Airraces_Tattoo_003_M', 'MP_Airraces_Tattoo_003_F', 2, 11985),
	(5, 'mpbusiness_overlays', 'TAT_BUS_005', 'MP_Buis_M_Neck_000', '', 1, 5000),
	(6, 'mpbusiness_overlays', 'TAT_BUS_006', 'MP_Buis_M_Neck_001', '', 1, 1600),
	(7, 'mpairraces_overlays', 'TAT_AR_004', 'MP_Airraces_Tattoo_004_M', 'MP_Airraces_Tattoo_004_F', 0, 10390),
	(8, 'mpairraces_overlays', 'TAT_AR_005', 'MP_Airraces_Tattoo_005_M', 'MP_Airraces_Tattoo_005_F', 0, 15270),
	(9, 'mpairraces_overlays', 'TAT_AR_006', 'MP_Airraces_Tattoo_006_M', 'MP_Airraces_Tattoo_006_F', 0, 12520),
	(10, 'mpairraces_overlays', 'TAT_AR_007', 'MP_Airraces_Tattoo_007_M', 'MP_Airraces_Tattoo_007_F', 0, 13925),
	(11, 'mpbeach_overlays', 'TAT_BB_018', 'MP_Bea_M_Back_000', '', 0, 7250),
	(12, 'mpbeach_overlays', 'TAT_BB_019', 'MP_Bea_M_Chest_000', '', 0, 5800),
	(13, 'mpbeach_overlays', 'TAT_BB_020', 'MP_Bea_M_Chest_001', '', 0, 5900),
	(14, 'mpbeach_overlays', 'TAT_BB_021', 'MP_Bea_M_Head_000', '', 1, 12000),
	(15, 'mpbeach_overlays', 'TAT_BB_022', 'MP_Bea_M_Head_001', '', 1, 1450),
	(16, 'mpbeach_overlays', 'TAT_BB_031', 'MP_Bea_M_Head_002', '', 1, 1850),
	(17, 'mpbeach_overlays', 'TAT_BB_027', 'MP_Bea_M_Lleg_000', '', 4, 4450),
	(18, 'mpbeach_overlays', 'TAT_BB_025', 'MP_Bea_M_Rleg_000', '', 5, 6500),
	(19, 'mpbeach_overlays', 'TAT_BB_026', 'MP_Bea_M_RArm_000', '', 3, 6200),
	(20, 'mpbeach_overlays', 'TAT_BB_024', 'MP_Bea_M_LArm_000', '', 2, 4800),
	(21, 'mpbeach_overlays', 'TAT_BB_017', 'MP_Bea_M_LArm_001', '', 2, 6600),
	(22, 'mpbeach_overlays', 'TAT_BB_028', 'MP_Bea_M_Neck_000', '', 1, 1650),
	(23, 'mpbeach_overlays', 'TAT_BB_029', 'MP_Bea_M_Neck_001', '', 1, 2250),
	(24, 'mpbeach_overlays', 'TAT_BB_030', 'MP_Bea_M_RArm_001', '', 3, 7000),
	(25, 'mpbeach_overlays', 'TAT_BB_023', 'MP_Bea_M_Stom_000', '', 0, 3100),
	(26, 'mpbeach_overlays', 'TAT_BB_032', 'MP_Bea_M_Stom_001', '', 0, 5500),
	(27, 'mpbeach_overlays', 'TAT_BB_003', '', 'MP_Bea_F_Back_000', 0, 5500),
	(28, 'mpbeach_overlays', 'TAT_BB_001', '', 'MP_Bea_F_Back_001', 0, 6900),
	(29, 'mpbeach_overlays', 'TAT_BB_005', '', 'MP_Bea_F_Back_002', 0, 2500),
	(30, 'mpbeach_overlays', 'TAT_BB_012', '', 'MP_Bea_F_Chest_000', 0, 2500),
	(31, 'mpbeach_overlays', 'TAT_BB_013', '', 'MP_Bea_F_Chest_001', 0, 2500),
	(32, 'mpbeach_overlays', 'TAT_BB_006', '', 'MP_Bea_F_RSide_000', 0, 6850),
	(33, 'mpbeach_overlays', 'TAT_BB_000', '', 'MP_Bea_F_Chest_002', 0, 8500),
	(34, 'mpbeach_overlays', 'TAT_BB_007', '', 'MP_Bea_F_RLeg_000', 5, 2950),
	(35, 'mpbeach_overlays', 'TAT_BB_015', '', 'MP_Bea_F_RArm_001', 3, 3700),
	(36, 'mpbeach_overlays', 'TAT_BB_008', '', 'MP_Bea_F_Neck_000', 1, 1700),
	(37, 'mpbeach_overlays', 'TAT_BB_011', '', 'MP_Bea_F_Should_000', 0, 5100),
	(38, 'mpbeach_overlays', 'TAT_BB_004', '', 'MP_Bea_F_Should_001', 0, 5250),
	(39, 'mpbeach_overlays', 'TAT_BB_014', '', 'MP_Bea_F_Stom_000', 0, 2100),
	(40, 'mpbeach_overlays', 'TAT_BB_009', '', 'MP_Bea_F_Stom_001', 0, 2650),
	(41, 'mpbeach_overlays', 'TAT_BB_010', '', 'MP_Bea_F_Stom_002', 0, 1900),
	(42, 'mpbeach_overlays', 'TAT_BB_002', '', 'MP_Bea_F_LArm_000', 2, 3500),
	(43, 'mpbeach_overlays', 'TAT_BB_016', '', 'MP_Bea_F_LArm_001', 2, 5250),
	(44, 'mpbiker_overlays', 'TAT_BI_000', 'MP_MP_Biker_Tat_000_M', 'MP_MP_Biker_Tat_000_F', 0, 6720),
	(45, 'mpbiker_overlays', 'TAT_BI_001', 'MP_MP_Biker_Tat_001_M', 'MP_MP_Biker_Tat_001_F', 0, 10800),
	(46, 'mpbiker_overlays', 'TAT_BI_002', 'MP_MP_Biker_Tat_002_M', 'MP_MP_Biker_Tat_002_F', 4, 16820),
	(47, 'mpbiker_overlays', 'TAT_BI_003', 'MP_MP_Biker_Tat_003_M', 'MP_MP_Biker_Tat_003_F', 0, 10850),
	(48, 'mpbiker_overlays', 'TAT_BI_004', 'MP_MP_Biker_Tat_004_M', 'MP_MP_Biker_Tat_004_F', 5, 17950),
	(49, 'mpbiker_overlays', 'TAT_BI_005', 'MP_MP_Biker_Tat_005_M', 'MP_MP_Biker_Tat_005_F', 0, 9230),
	(50, 'mpbiker_overlays', 'TAT_BI_006', 'MP_MP_Biker_Tat_006_M', 'MP_MP_Biker_Tat_006_F', 0, 10400),
	(51, 'mpbiker_overlays', 'TAT_BI_007', 'MP_MP_Biker_Tat_007_M', 'MP_MP_Biker_Tat_007_F', 3, 5100),
	(52, 'mpbiker_overlays', 'TAT_BI_008', 'MP_MP_Biker_Tat_008_M', 'MP_MP_Biker_Tat_008_F', 0, 8785),
	(53, 'mpbiker_overlays', 'TAT_BI_009', 'MP_MP_Biker_Tat_009_M', 'MP_MP_Biker_Tat_009_F', 1, 6350),
	(54, 'mpbiker_overlays', 'TAT_BI_010', 'MP_MP_Biker_Tat_010_M', 'MP_MP_Biker_Tat_010_F', 0, 11350),
	(55, 'mpbiker_overlays', 'TAT_BI_011', 'MP_MP_Biker_Tat_011_M', 'MP_MP_Biker_Tat_011_F', 0, 12350),
	(56, 'mpbiker_overlays', 'TAT_BI_012', 'MP_MP_Biker_Tat_012_M', 'MP_MP_Biker_Tat_012_F', 2, 4985),
	(57, 'mpbiker_overlays', 'TAT_BI_013', 'MP_MP_Biker_Tat_013_M', 'MP_MP_Biker_Tat_013_F', 0, 11140),
	(58, 'mpbiker_overlays', 'TAT_BI_014', 'MP_MP_Biker_Tat_014_M', 'MP_MP_Biker_Tat_014_F', 3, 8300),
	(59, 'mpbiker_overlays', 'TAT_BI_015', 'MP_MP_Biker_Tat_015_M', 'MP_MP_Biker_Tat_015_F', 4, 8975),
	(60, 'mpbiker_overlays', 'TAT_BI_016', 'MP_MP_Biker_Tat_016_M', 'MP_MP_Biker_Tat_016_F', 2, 9000),
	(61, 'mpbiker_overlays', 'TAT_BI_017', 'MP_MP_Biker_Tat_017_M', 'MP_MP_Biker_Tat_017_F', 0, 15650),
	(62, 'mpbiker_overlays', 'TAT_BI_018', 'MP_MP_Biker_Tat_018_M', 'MP_MP_Biker_Tat_018_F', 0, 7650),
	(63, 'mpbiker_overlays', 'TAT_BI_019', 'MP_MP_Biker_Tat_019_M', 'MP_MP_Biker_Tat_019_F', 0, 9900),
	(64, 'mpbiker_overlays', 'TAT_BI_020', 'MP_MP_Biker_Tat_020_M', 'MP_MP_Biker_Tat_020_F', 2, 9745),
	(65, 'mpbiker_overlays', 'TAT_BI_021', 'MP_MP_Biker_Tat_021_M', 'MP_MP_Biker_Tat_021_F', 0, 13700),
	(66, 'mpbiker_overlays', 'TAT_BI_022', 'MP_MP_Biker_Tat_022_M', 'MP_MP_Biker_Tat_022_F', 5, 9385),
	(67, 'mpbiker_overlays', 'TAT_BI_023', 'MP_MP_Biker_Tat_023_M', 'MP_MP_Biker_Tat_023_F', 0, 10000),
	(68, 'mpbiker_overlays', 'TAT_BI_024', 'MP_MP_Biker_Tat_024_M', 'MP_MP_Biker_Tat_024_F', 2, 15320),
	(69, 'mpbiker_overlays', 'TAT_BI_025', 'MP_MP_Biker_Tat_025_M', 'MP_MP_Biker_Tat_025_F', 2, 12950),
	(70, 'mpbiker_overlays', 'TAT_BI_026', 'MP_MP_Biker_Tat_026_M', 'MP_MP_Biker_Tat_026_F', 0, 11000),
	(71, 'mpbiker_overlays', 'TAT_BI_027', 'MP_MP_Biker_Tat_027_M', 'MP_MP_Biker_Tat_027_F', 4, 6960),
	(72, 'mpbiker_overlays', 'TAT_BI_028', 'MP_MP_Biker_Tat_028_M', 'MP_MP_Biker_Tat_028_F', 5, 14520),
	(73, 'mpbiker_overlays', 'TAT_BI_029', 'MP_MP_Biker_Tat_029_M', 'MP_MP_Biker_Tat_029_F', 0, 9630),
	(74, 'mpbiker_overlays', 'TAT_BI_030', 'MP_MP_Biker_Tat_030_M', 'MP_MP_Biker_Tat_030_F', 0, 9810),
	(75, 'mpbiker_overlays', 'TAT_BI_031', 'MP_MP_Biker_Tat_031_M', 'MP_MP_Biker_Tat_031_F', 0, 8600),
	(76, 'mpbiker_overlays', 'TAT_BI_032', 'MP_MP_Biker_Tat_032_M', 'MP_MP_Biker_Tat_032_F', 0, 7655),
	(77, 'mpbiker_overlays', 'TAT_BI_033', 'MP_MP_Biker_Tat_033_M', 'MP_MP_Biker_Tat_033_F', 3, 4385),
	(78, 'mpbiker_overlays', 'TAT_BI_034', 'MP_MP_Biker_Tat_034_M', 'MP_MP_Biker_Tat_034_F', 0, 9975),
	(79, 'mpbiker_overlays', 'TAT_BI_035', 'MP_MP_Biker_Tat_035_M', 'MP_MP_Biker_Tat_035_F', 2, 5780),
	(80, 'mpbiker_overlays', 'TAT_BI_036', 'MP_MP_Biker_Tat_036_M', 'MP_MP_Biker_Tat_036_F', 4, 9300),
	(81, 'mpbiker_overlays', 'TAT_BI_037', 'MP_MP_Biker_Tat_037_M', 'MP_MP_Biker_Tat_037_F', 4, 12495),
	(82, 'mpbiker_overlays', 'TAT_BI_038', 'MP_MP_Biker_Tat_038_M', 'MP_MP_Biker_Tat_038_F', 1, 3900),
	(83, 'mpbiker_overlays', 'TAT_BI_039', 'MP_MP_Biker_Tat_039_M', 'MP_MP_Biker_Tat_039_F', 0, 10950),
	(84, 'mpbiker_overlays', 'TAT_BI_040', 'MP_MP_Biker_Tat_040_M', 'MP_MP_Biker_Tat_040_F', 5, 13620),
	(85, 'mpbiker_overlays', 'TAT_BI_041', 'MP_MP_Biker_Tat_041_M', 'MP_MP_Biker_Tat_041_F', 0, 8320),
	(86, 'mpbiker_overlays', 'TAT_BI_042', 'MP_MP_Biker_Tat_042_M', 'MP_MP_Biker_Tat_042_F', 3, 7865),
	(87, 'mpbiker_overlays', 'TAT_BI_043', 'MP_MP_Biker_Tat_043_M', 'MP_MP_Biker_Tat_043_F', 0, 6850),
	(88, 'mpbiker_overlays', 'TAT_BI_044', 'MP_MP_Biker_Tat_044_M', 'MP_MP_Biker_Tat_044_F', 4, 11900),
	(89, 'mpbiker_overlays', 'TAT_BI_045', 'MP_MP_Biker_Tat_045_M', 'MP_MP_Biker_Tat_045_F', 2, 6320),
	(90, 'mpbiker_overlays', 'TAT_BI_046', 'MP_MP_Biker_Tat_046_M', 'MP_MP_Biker_Tat_046_F', 3, 4985),
	(91, 'mpbiker_overlays', 'TAT_BI_047', 'MP_MP_Biker_Tat_047_M', 'MP_MP_Biker_Tat_047_F', 3, 13500),
	(92, 'mpbiker_overlays', 'TAT_BI_048', 'MP_MP_Biker_Tat_048_M', 'MP_MP_Biker_Tat_048_F', 5, 8930),
	(93, 'mpbiker_overlays', 'TAT_BI_049', 'MP_MP_Biker_Tat_049_M', 'MP_MP_Biker_Tat_049_F', 3, 8790),
	(94, 'mpbiker_overlays', 'TAT_BI_050', 'MP_MP_Biker_Tat_050_M', 'MP_MP_Biker_Tat_050_F', 0, 8720),
	(95, 'mpbiker_overlays', 'TAT_BI_051', 'MP_MP_Biker_Tat_051_M', 'MP_MP_Biker_Tat_051_F', 1, 4125),
	(96, 'mpbiker_overlays', 'TAT_BI_052', 'MP_MP_Biker_Tat_052_M', 'MP_MP_Biker_Tat_052_F', 0, 9135),
	(97, 'mpbiker_overlays', 'TAT_BI_053', 'MP_MP_Biker_Tat_053_M', 'MP_MP_Biker_Tat_053_F', 2, 8400),
	(98, 'mpbiker_overlays', 'TAT_BI_054', 'MP_MP_Biker_Tat_054_M', 'MP_MP_Biker_Tat_054_F', 3, 10450),
	(99, 'mpbiker_overlays', 'TAT_BI_055', 'MP_MP_Biker_Tat_055_M', 'MP_MP_Biker_Tat_055_F', 2, 10995),
	(100, 'mpbiker_overlays', 'TAT_BI_056', 'MP_MP_Biker_Tat_056_M', 'MP_MP_Biker_Tat_056_F', 4, 14960),
	(101, 'mpbiker_overlays', 'TAT_BI_057', 'MP_MP_Biker_Tat_057_M', 'MP_MP_Biker_Tat_057_F', 4, 13865),
	(102, 'mpbiker_overlays', 'TAT_BI_058', 'MP_MP_Biker_Tat_058_M', 'MP_MP_Biker_Tat_058_F', 0, 7985),
	(103, 'mpbiker_overlays', 'TAT_BI_059', 'MP_MP_Biker_Tat_059_M', 'MP_MP_Biker_Tat_059_F', 0, 6395),
	(104, 'mpbiker_overlays', 'TAT_BI_060', 'MP_MP_Biker_Tat_060_M', 'MP_MP_Biker_Tat_060_F', 0, 7105),
	(105, 'mpbusiness_overlays', 'TAT_BUS_007', 'MP_Buis_M_Neck_002', '', 1, 1750),
	(106, 'mpbusiness_overlays', 'TAT_BUS_008', 'MP_Buis_M_Neck_003', '', 1, 6900),
	(107, 'mpbusiness_overlays', 'TAT_BUS_003', 'MP_Buis_M_LeftArm_000', '', 2, 3500),
	(108, 'mpbusiness_overlays', 'TAT_BUS_004', 'MP_Buis_M_LeftArm_001', '', 2, 7300),
	(109, 'mpbusiness_overlays', 'TAT_BUS_009', 'MP_Buis_M_RightArm_000', '', 3, 4800),
	(110, 'mpbusiness_overlays', 'TAT_BUS_010', 'MP_Buis_M_RightArm_001', '', 3, 1500),
	(111, 'mpbusiness_overlays', 'TAT_BUS_011', 'MP_Buis_M_Stomach_000', '', 0, 6400),
	(112, 'mpbusiness_overlays', 'TAT_BUS_001', 'MP_Buis_M_Chest_000', '', 0, 3250),
	(113, 'mpbusiness_overlays', 'TAT_BUS_002', 'MP_Buis_M_Chest_001', '', 0, 3500),
	(114, 'mpbusiness_overlays', 'TAT_BUS_000', 'MP_Buis_M_Back_000', '', 0, 5500),
	(115, 'mpbusiness_overlays', 'TAT_BUS_F_002', '', 'MP_Buis_F_Chest_000', 0, 7000),
	(116, 'mpbusiness_overlays', 'TAT_BUS_F_003', '', 'MP_Buis_F_Chest_001', 0, 7200),
	(117, 'mpbusiness_overlays', 'TAT_BUS_F_004', '', 'MP_Buis_F_Chest_002', 0, 1600),
	(118, 'mpbusiness_overlays', 'TAT_BUS_F_011', '', 'MP_Buis_F_Stom_000', 0, 6800),
	(119, 'mpbusiness_overlays', 'TAT_BUS_F_012', '', 'MP_Buis_F_Stom_001', 0, 1800),
	(120, 'mpbusiness_overlays', 'TAT_BUS_F_013', '', 'MP_Buis_F_Stom_002', 0, 1500),
	(121, 'mpbusiness_overlays', 'TAT_BUS_F_000', '', 'MP_Buis_F_Back_000', 0, 4200),
	(122, 'mpbusiness_overlays', 'TAT_BUS_F_001', '', 'MP_Buis_F_Back_001', 0, 4000),
	(123, 'mpbusiness_overlays', 'TAT_BUS_F_007', '', 'MP_Buis_F_Neck_000', 1, 1900),
	(124, 'mpbusiness_overlays', 'TAT_BUS_F_008', '', 'MP_Buis_F_Neck_001', 1, 2500),
	(125, 'mpbusiness_overlays', 'TAT_BUS_F_009', '', 'MP_Buis_F_RArm_000', 3, 4900),
	(126, 'mpbusiness_overlays', 'TAT_BUS_F_005', '', 'MP_Buis_F_LArm_000', 2, 5500),
	(127, 'mpbusiness_overlays', 'TAT_BUS_F_006', '', 'MP_Buis_F_LLeg_000', 4, 4850),
	(128, 'mpbusiness_overlays', 'TAT_BUS_F_010', '', 'MP_Buis_F_RLeg_000', 5, 4500),
	(129, 'mpchristmas2017_overlays', 'TAT_H27_000', 'MP_Christmas2017_Tattoo_000_M', 'MP_Christmas2017_Tattoo_000_F', 0, 13500),
	(130, 'mpchristmas2017_overlays', 'TAT_H27_001', 'MP_Christmas2017_Tattoo_001_M', 'MP_Christmas2017_Tattoo_001_F', 2, 17260),
	(131, 'mpchristmas2017_overlays', 'TAT_H27_002', 'MP_Christmas2017_Tattoo_002_M', 'MP_Christmas2017_Tattoo_002_F', 0, 18360),
	(132, 'mpchristmas2017_overlays', 'TAT_H27_003', 'MP_Christmas2017_Tattoo_003_M', 'MP_Christmas2017_Tattoo_003_F', 0, 17780),
	(133, 'mpchristmas2017_overlays', 'TAT_H27_004', 'MP_Christmas2017_Tattoo_004_M', 'MP_Christmas2017_Tattoo_004_F', 2, 20400),
	(134, 'mpchristmas2017_overlays', 'TAT_H27_005', 'MP_Christmas2017_Tattoo_005_M', 'MP_Christmas2017_Tattoo_005_F', 0, 52660),
	(135, 'mpchristmas2017_overlays', 'TAT_H27_006', 'MP_Christmas2017_Tattoo_006_M', 'MP_Christmas2017_Tattoo_006_F', 3, 22030),
	(136, 'mpchristmas2017_overlays', 'TAT_H27_007', 'MP_Christmas2017_Tattoo_007_M', 'MP_Christmas2017_Tattoo_007_F', 2, 19670),
	(137, 'mpchristmas2017_overlays', 'TAT_H27_008', 'MP_Christmas2017_Tattoo_008_M', 'MP_Christmas2017_Tattoo_008_F', 0, 36800),
	(138, 'mpchristmas2017_overlays', 'TAT_H27_009', 'MP_Christmas2017_Tattoo_009_M', 'MP_Christmas2017_Tattoo_009_F', 0, 23870),
	(139, 'mpchristmas2017_overlays', 'TAT_H27_010', 'MP_Christmas2017_Tattoo_010_M', 'MP_Christmas2017_Tattoo_010_F', 0, 49540),
	(140, 'mpchristmas2017_overlays', 'TAT_H27_011', 'MP_Christmas2017_Tattoo_011_M', 'MP_Christmas2017_Tattoo_011_F', 0, 53950),
	(141, 'mpchristmas2017_overlays', 'TAT_H27_012', 'MP_Christmas2017_Tattoo_012_M', 'MP_Christmas2017_Tattoo_012_F', 3, 21190),
	(142, 'mpchristmas2017_overlays', 'TAT_H27_013', 'MP_Christmas2017_Tattoo_013_M', 'MP_Christmas2017_Tattoo_013_F', 2, 22930),
	(143, 'mpchristmas2017_overlays', 'TAT_H27_014', 'MP_Christmas2017_Tattoo_014_M', 'MP_Christmas2017_Tattoo_014_F', 3, 11860),
	(144, 'mpchristmas2017_overlays', 'TAT_H27_015', 'MP_Christmas2017_Tattoo_015_M', 'MP_Christmas2017_Tattoo_015_F', 0, 50460),
	(145, 'mpchristmas2017_overlays', 'TAT_H27_016', 'MP_Christmas2017_Tattoo_016_M', 'MP_Christmas2017_Tattoo_016_F', 0, 51500),
	(146, 'mpchristmas2017_overlays', 'TAT_H27_017', 'MP_Christmas2017_Tattoo_017_M', 'MP_Christmas2017_Tattoo_017_F', 3, 32080),
	(147, 'mpchristmas2017_overlays', 'TAT_H27_018', 'MP_Christmas2017_Tattoo_018_M', 'MP_Christmas2017_Tattoo_018_F', 3, 34410),
	(148, 'mpchristmas2017_overlays', 'TAT_H27_019', 'MP_Christmas2017_Tattoo_019_M', 'MP_Christmas2017_Tattoo_019_F', 0, 16780),
	(149, 'mpchristmas2017_overlays', 'TAT_H27_020', 'MP_Christmas2017_Tattoo_020_M', 'MP_Christmas2017_Tattoo_020_F', 0, 46890),
	(150, 'mpchristmas2017_overlays', 'TAT_H27_021', 'MP_Christmas2017_Tattoo_021_M', 'MP_Christmas2017_Tattoo_021_F', 0, 24870),
	(151, 'mpchristmas2017_overlays', 'TAT_H27_022', 'MP_Christmas2017_Tattoo_022_M', 'MP_Christmas2017_Tattoo_022_F', 0, 29970),
	(152, 'mpchristmas2017_overlays', 'TAT_H27_023', 'MP_Christmas2017_Tattoo_023_M', 'MP_Christmas2017_Tattoo_023_F', 3, 39240),
	(153, 'mpchristmas2017_overlays', 'TAT_H27_024', 'MP_Christmas2017_Tattoo_024_M', 'MP_Christmas2017_Tattoo_024_F', 0, 41740),
	(154, 'mpchristmas2017_overlays', 'TAT_H27_025', 'MP_Christmas2017_Tattoo_025_M', 'MP_Christmas2017_Tattoo_025_F', 2, 27560),
	(155, 'mpchristmas2017_overlays', 'TAT_H27_026', 'MP_Christmas2017_Tattoo_026_M', 'MP_Christmas2017_Tattoo_026_F', 0, 18980),
	(156, 'mpchristmas2017_overlays', 'TAT_H27_027', 'MP_Christmas2017_Tattoo_027_M', 'MP_Christmas2017_Tattoo_027_F', 0, 44280),
	(157, 'mpchristmas2017_overlays', 'TAT_H27_028', 'MP_Christmas2017_Tattoo_028_M', 'MP_Christmas2017_Tattoo_028_F', 3, 15150),
	(158, 'mpchristmas2017_overlays', 'TAT_H27_029', 'MP_Christmas2017_Tattoo_029_M', 'MP_Christmas2017_Tattoo_029_F', 2, 25920),
	(159, 'mpchristmas2018_overlays', 'TAT_AW_000', 'MP_Christmas2018_Tat_000_M', 'MP_Christmas2018_Tat_000_F', 0, 100),
	(160, 'mpchristmas2_overlays', 'TAT_X2_000', 'MP_Xmas2_M_Tat_000', 'MP_Xmas2_F_Tat_000', 2, 5950),
	(161, 'mpchristmas2_overlays', 'TAT_X2_001', 'MP_Xmas2_M_Tat_001', 'MP_Xmas2_F_Tat_001', 4, 4650),
	(162, 'mpchristmas2_overlays', 'TAT_X2_002', 'MP_Xmas2_M_Tat_002', 'MP_Xmas2_F_Tat_002', 4, 6350),
	(163, 'mpchristmas2_overlays', 'TAT_X2_003', 'MP_Xmas2_M_Tat_003', 'MP_Xmas2_F_Tat_003', 3, 8450),
	(164, 'mpchristmas2_overlays', 'TAT_X2_004', 'MP_Xmas2_M_Tat_004', 'MP_Xmas2_F_Tat_004', 3, 13250),
	(165, 'mpchristmas2_overlays', 'TAT_X2_005', 'MP_Xmas2_M_Tat_005', 'MP_Xmas2_F_Tat_005', 0, 8750),
	(166, 'mpchristmas2_overlays', 'TAT_X2_006', 'MP_Xmas2_M_Tat_006', 'MP_Xmas2_F_Tat_006', 0, 14500),
	(167, 'mpchristmas2_overlays', 'TAT_X2_007', 'MP_Xmas2_M_Tat_007', 'MP_Xmas2_F_Tat_007', 1, 3950),
	(168, 'mpchristmas2_overlays', 'TAT_X2_008', 'MP_Xmas2_M_Tat_008', 'MP_Xmas2_F_Tat_008', 3, 4300),
	(169, 'mpchristmas2_overlays', 'TAT_X2_009', 'MP_Xmas2_M_Tat_009', 'MP_Xmas2_F_Tat_009', 0, 7800),
	(170, 'mpchristmas2_overlays', 'TAT_X2_010', 'MP_Xmas2_M_Tat_010', 'MP_Xmas2_F_Tat_010', 2, 6200),
	(171, 'mpchristmas2_overlays', 'TAT_X2_011', 'MP_Xmas2_M_Tat_011', 'MP_Xmas2_F_Tat_011', 0, 6850),
	(172, 'mpchristmas2_overlays', 'TAT_X2_012', 'MP_Xmas2_M_Tat_012', 'MP_Xmas2_F_Tat_012', 2, 8250),
	(173, 'mpchristmas2_overlays', 'TAT_X2_013', 'MP_Xmas2_M_Tat_013', 'MP_Xmas2_F_Tat_013', 0, 7900),
	(174, 'mpchristmas2_overlays', 'TAT_X2_014', 'MP_Xmas2_M_Tat_014', 'MP_Xmas2_F_Tat_014', 5, 10500),
	(175, 'mpchristmas2_overlays', 'TAT_X2_015', 'MP_Xmas2_M_Tat_015', 'MP_Xmas2_F_Tat_015', 0, 11000),
	(176, 'mpchristmas2_overlays', 'TAT_X2_016', 'MP_Xmas2_M_Tat_016', 'MP_Xmas2_F_Tat_016', 0, 3150),
	(177, 'mpchristmas2_overlays', 'TAT_X2_017', 'MP_Xmas2_M_Tat_017', 'MP_Xmas2_F_Tat_017', 0, 6350),
	(178, 'mpchristmas2_overlays', 'TAT_X2_018', 'MP_Xmas2_M_Tat_018', 'MP_Xmas2_F_Tat_018', 0, 4300),
	(179, 'mpchristmas2_overlays', 'TAT_X2_019', 'MP_Xmas2_M_Tat_019', 'MP_Xmas2_F_Tat_019', 0, 7500),
	(180, 'mpchristmas2_overlays', 'TAT_X2_020', 'MP_Xmas2_M_Tat_020', 'MP_Xmas2_F_Tat_020', 2, 2500),
	(181, 'mpchristmas2_overlays', 'TAT_X2_021', 'MP_Xmas2_M_Tat_021', 'MP_Xmas2_F_Tat_021', 2, 3750),
	(182, 'mpchristmas2_overlays', 'TAT_X2_022', 'MP_Xmas2_M_Tat_022', 'MP_Xmas2_F_Tat_022', 3, 3800),
	(183, 'mpchristmas2_overlays', 'TAT_X2_023', 'MP_Xmas2_M_Tat_023', 'MP_Xmas2_F_Tat_023', 3, 5100),
	(184, 'mpchristmas2_overlays', 'TAT_X2_024', 'MP_Xmas2_M_Tat_024', 'MP_Xmas2_F_Tat_024', 1, 2100),
	(185, 'mpchristmas2_overlays', 'TAT_X2_025', 'MP_Xmas2_M_Tat_025', 'MP_Xmas2_F_Tat_025', 1, 4600),
	(186, 'mpchristmas2_overlays', 'TAT_X2_026', 'MP_Xmas2_M_Tat_026', 'MP_Xmas2_F_Tat_026', 3, 1300),
	(187, 'mpchristmas2_overlays', 'TAT_X2_027', 'MP_Xmas2_M_Tat_027', 'MP_Xmas2_F_Tat_027', 3, 2200),
	(188, 'mpchristmas2_overlays', 'TAT_X2_028', 'MP_Xmas2_M_Tat_028', 'MP_Xmas2_F_Tat_028', 0, 5700),
	(189, 'mpchristmas2_overlays', 'TAT_X2_029', 'MP_Xmas2_M_Tat_029', 'MP_Xmas2_F_Tat_029', 1, 3150),
	(190, 'mpgunrunning_overlays', 'TAT_GR_000', 'MP_Gunrunning_Tattoo_000_M', 'MP_Gunrunning_Tattoo_000_F', 0, 16985),
	(191, 'mpgunrunning_overlays', 'TAT_GR_001', 'MP_Gunrunning_Tattoo_001_M', 'MP_Gunrunning_Tattoo_001_F', 0, 19355),
	(192, 'mpgunrunning_overlays', 'TAT_GR_002', 'MP_Gunrunning_Tattoo_002_M', 'MP_Gunrunning_Tattoo_002_F', 3, 14650),
	(193, 'mpgunrunning_overlays', 'TAT_GR_003', 'MP_Gunrunning_Tattoo_003_M', 'MP_Gunrunning_Tattoo_003_F', 1, 8750),
	(194, 'mpgunrunning_overlays', 'TAT_GR_004', 'MP_Gunrunning_Tattoo_004_M', 'MP_Gunrunning_Tattoo_004_F', 2, 11285),
	(195, 'mpgunrunning_overlays', 'TAT_GR_005', 'MP_Gunrunning_Tattoo_005_M', 'MP_Gunrunning_Tattoo_005_F', 4, 9120),
	(196, 'mpgunrunning_overlays', 'TAT_GR_006', 'MP_Gunrunning_Tattoo_006_M', 'MP_Gunrunning_Tattoo_006_F', 5, 10670),
	(197, 'mpgunrunning_overlays', 'TAT_GR_007', 'MP_Gunrunning_Tattoo_007_M', 'MP_Gunrunning_Tattoo_007_F', 4, 9660),
	(198, 'mpgunrunning_overlays', 'TAT_GR_008', 'MP_Gunrunning_Tattoo_008_M', 'MP_Gunrunning_Tattoo_008_F', 2, 13445),
	(199, 'mpgunrunning_overlays', 'TAT_GR_009', 'MP_Gunrunning_Tattoo_009_M', 'MP_Gunrunning_Tattoo_009_F', 0, 14650),
	(200, 'mpgunrunning_overlays', 'TAT_GR_010', 'MP_Gunrunning_Tattoo_010_M', 'MP_Gunrunning_Tattoo_010_F', 0, 19050),
	(201, 'mpgunrunning_overlays', 'TAT_GR_011', 'MP_Gunrunning_Tattoo_011_M', 'MP_Gunrunning_Tattoo_011_F', 4, 9785),
	(202, 'mpgunrunning_overlays', 'TAT_GR_012', 'MP_Gunrunning_Tattoo_012_M', 'MP_Gunrunning_Tattoo_012_F', 0, 15060),
	(203, 'mpgunrunning_overlays', 'TAT_GR_013', 'MP_Gunrunning_Tattoo_013_M', 'MP_Gunrunning_Tattoo_013_F', 0, 16115),
	(204, 'mpgunrunning_overlays', 'TAT_GR_014', 'MP_Gunrunning_Tattoo_014_M', 'MP_Gunrunning_Tattoo_014_F', 0, 17200),
	(205, 'mpgunrunning_overlays', 'TAT_GR_015', 'MP_Gunrunning_Tattoo_015_M', 'MP_Gunrunning_Tattoo_015_F', 2, 10425),
	(206, 'mpgunrunning_overlays', 'TAT_GR_016', 'MP_Gunrunning_Tattoo_016_M', 'MP_Gunrunning_Tattoo_016_F', 2, 10360),
	(207, 'mpgunrunning_overlays', 'TAT_GR_017', 'MP_Gunrunning_Tattoo_017_M', 'MP_Gunrunning_Tattoo_017_F', 0, 8980),
	(208, 'mpgunrunning_overlays', 'TAT_GR_018', 'MP_Gunrunning_Tattoo_018_M', 'MP_Gunrunning_Tattoo_018_F', 0, 17755),
	(209, 'mpgunrunning_overlays', 'TAT_GR_019', 'MP_Gunrunning_Tattoo_019_M', 'MP_Gunrunning_Tattoo_019_F', 0, 18025),
	(210, 'mpgunrunning_overlays', 'TAT_GR_020', 'MP_Gunrunning_Tattoo_020_M', 'MP_Gunrunning_Tattoo_020_F', 0, 19875),
	(211, 'mpgunrunning_overlays', 'TAT_GR_021', 'MP_Gunrunning_Tattoo_021_M', 'MP_Gunrunning_Tattoo_021_F', 3, 9460),
	(212, 'mpgunrunning_overlays', 'TAT_GR_022', 'MP_Gunrunning_Tattoo_022_M', 'MP_Gunrunning_Tattoo_022_F', 0, 10825),
	(213, 'mpgunrunning_overlays', 'TAT_GR_023', 'MP_Gunrunning_Tattoo_023_M', 'MP_Gunrunning_Tattoo_023_F', 4, 8880),
	(214, 'mpgunrunning_overlays', 'TAT_GR_024', 'MP_Gunrunning_Tattoo_024_M', 'MP_Gunrunning_Tattoo_024_F', 3, 10340),
	(215, 'mpgunrunning_overlays', 'TAT_GR_025', 'MP_Gunrunning_Tattoo_025_M', 'MP_Gunrunning_Tattoo_025_F', 2, 12150),
	(216, 'mpgunrunning_overlays', 'TAT_GR_026', 'MP_Gunrunning_Tattoo_026_M', 'MP_Gunrunning_Tattoo_026_F', 5, 11510),
	(217, 'mpgunrunning_overlays', 'TAT_GR_027', 'MP_Gunrunning_Tattoo_027_M', 'MP_Gunrunning_Tattoo_027_F', 2, 8420),
	(218, 'mpgunrunning_overlays', 'TAT_GR_028', 'MP_Gunrunning_Tattoo_028_M', 'MP_Gunrunning_Tattoo_028_F', 0, 9960),
	(219, 'mpgunrunning_overlays', 'TAT_GR_029', 'MP_Gunrunning_Tattoo_029_M', 'MP_Gunrunning_Tattoo_029_F', 0, 14090),
	(220, 'mpgunrunning_overlays', 'TAT_GR_030', 'MP_Gunrunning_Tattoo_030_M', 'MP_Gunrunning_Tattoo_030_F', 5, 11050),
	(221, 'mphipster_overlays', 'TAT_HP_000', 'FM_Hip_M_Tat_000', 'FM_Hip_F_Tat_000', 0, 6750),
	(222, 'mphipster_overlays', 'TAT_HP_001', 'FM_Hip_M_Tat_001', 'FM_Hip_F_Tat_001', 3, 2000),
	(223, 'mphipster_overlays', 'TAT_HP_002', 'FM_Hip_M_Tat_002', 'FM_Hip_F_Tat_002', 0, 2900),
	(224, 'mphipster_overlays', 'TAT_HP_003', 'FM_Hip_M_Tat_003', 'FM_Hip_F_Tat_003', 2, 2100),
	(225, 'mphipster_overlays', 'TAT_HP_004', 'FM_Hip_M_Tat_004', 'FM_Hip_F_Tat_004', 3, 2900),
	(226, 'mphipster_overlays', 'TAT_HP_005', 'FM_Hip_M_Tat_005', 'FM_Hip_F_Tat_005', 1, 7450),
	(227, 'mphipster_overlays', 'TAT_HP_006', 'FM_Hip_M_Tat_006', 'FM_Hip_F_Tat_006', 0, 4550),
	(228, 'mphipster_overlays', 'TAT_HP_007', 'FM_Hip_M_Tat_007', 'FM_Hip_F_Tat_007', 2, 6000),
	(229, 'mphipster_overlays', 'TAT_HP_008', 'FM_Hip_M_Tat_008', 'FM_Hip_F_Tat_008', 3, 4850),
	(230, 'mphipster_overlays', 'TAT_HP_009', 'FM_Hip_M_Tat_009', 'FM_Hip_F_Tat_009', 4, 4000),
	(231, 'mphipster_overlays', 'TAT_HP_010', 'FM_Hip_M_Tat_010', 'FM_Hip_F_Tat_010', 3, 3150),
	(232, 'mphipster_overlays', 'TAT_HP_011', 'FM_Hip_M_Tat_011', 'FM_Hip_F_Tat_011', 0, 3000),
	(233, 'mphipster_overlays', 'TAT_HP_012', 'FM_Hip_M_Tat_012', 'FM_Hip_F_Tat_012', 0, 6500),
	(234, 'mphipster_overlays', 'TAT_HP_013', 'FM_Hip_M_Tat_013', 'FM_Hip_F_Tat_013', 0, 6950),
	(235, 'mphipster_overlays', 'TAT_HP_014', 'FM_Hip_M_Tat_014', 'FM_Hip_F_Tat_014', 3, 4300),
	(236, 'mphipster_overlays', 'TAT_HP_015', 'FM_Hip_M_Tat_015', 'FM_Hip_F_Tat_015', 2, 3400),
	(237, 'mphipster_overlays', 'TAT_HP_016', 'FM_Hip_M_Tat_016', 'FM_Hip_F_Tat_016', 2, 3700),
	(238, 'mphipster_overlays', 'TAT_HP_017', 'FM_Hip_M_Tat_017', 'FM_Hip_F_Tat_017', 3, 2650),
	(239, 'mphipster_overlays', 'TAT_HP_018', 'FM_Hip_M_Tat_018', 'FM_Hip_F_Tat_018', 3, 1800),
	(240, 'mphipster_overlays', 'TAT_HP_019', 'FM_Hip_M_Tat_019', 'FM_Hip_F_Tat_019', 4, 3400),
	(241, 'mphipster_overlays', 'TAT_HP_020', 'FM_Hip_M_Tat_020', 'FM_Hip_F_Tat_020', 3, 7350),
	(242, 'mphipster_overlays', 'TAT_HP_021', 'FM_Hip_M_Tat_021', 'FM_Hip_F_Tat_021', 1, 7850),
	(243, 'mphipster_overlays', 'TAT_HP_022', 'FM_Hip_M_Tat_022', 'FM_Hip_F_Tat_022', 3, 2250),
	(244, 'mphipster_overlays', 'TAT_HP_023', 'FM_Hip_M_Tat_023', 'FM_Hip_F_Tat_023', 3, 7000),
	(245, 'mphipster_overlays', 'TAT_HP_024', 'FM_Hip_M_Tat_024', 'FM_Hip_F_Tat_024', 0, 2950),
	(246, 'mphipster_overlays', 'TAT_HP_025', 'FM_Hip_M_Tat_025', 'FM_Hip_F_Tat_025', 0, 3500),
	(247, 'mphipster_overlays', 'TAT_HP_026', 'FM_Hip_M_Tat_026', 'FM_Hip_F_Tat_026', 2, 2400),
	(248, 'mphipster_overlays', 'TAT_HP_027', 'FM_Hip_M_Tat_027', 'FM_Hip_F_Tat_027', 2, 5750),
	(249, 'mphipster_overlays', 'TAT_HP_028', 'FM_Hip_M_Tat_028', 'FM_Hip_F_Tat_028', 2, 4800),
	(250, 'mphipster_overlays', 'TAT_HP_029', 'FM_Hip_M_Tat_029', 'FM_Hip_F_Tat_029', 0, 1850),
	(251, 'mphipster_overlays', 'TAT_HP_030', 'FM_Hip_M_Tat_030', 'FM_Hip_F_Tat_030', 0, 2250),
	(252, 'mphipster_overlays', 'TAT_HP_031', 'FM_Hip_M_Tat_031', 'FM_Hip_F_Tat_031', 0, 4950),
	(253, 'mphipster_overlays', 'TAT_HP_032', 'FM_Hip_M_Tat_032', 'FM_Hip_F_Tat_032', 0, 4350),
	(254, 'mphipster_overlays', 'TAT_HP_033', 'FM_Hip_M_Tat_033', 'FM_Hip_F_Tat_033', 0, 6950),
	(255, 'mphipster_overlays', 'TAT_HP_034', 'FM_Hip_M_Tat_034', 'FM_Hip_F_Tat_034', 2, 9500),
	(256, 'mphipster_overlays', 'TAT_HP_035', 'FM_Hip_M_Tat_035', 'FM_Hip_F_Tat_035', 0, 7500),
	(257, 'mphipster_overlays', 'TAT_HP_036', 'FM_Hip_M_Tat_036', 'FM_Hip_F_Tat_036', 3, 5150),
	(258, 'mphipster_overlays', 'TAT_HP_037', 'FM_Hip_M_Tat_037', 'FM_Hip_F_Tat_037', 2, 3750),
	(259, 'mphipster_overlays', 'TAT_HP_038', 'FM_Hip_M_Tat_038', 'FM_Hip_F_Tat_038', 5, 3500),
	(260, 'mphipster_overlays', 'TAT_HP_039', 'FM_Hip_M_Tat_039', 'FM_Hip_F_Tat_039', 2, 10000),
	(261, 'mphipster_overlays', 'TAT_HP_040', 'FM_Hip_M_Tat_040', 'FM_Hip_F_Tat_040', 4, 2950),
	(262, 'mphipster_overlays', 'TAT_HP_041', 'FM_Hip_M_Tat_041', 'FM_Hip_F_Tat_041', 0, 2575),
	(263, 'mphipster_overlays', 'TAT_HP_042', 'FM_Hip_M_Tat_042', 'FM_Hip_F_Tat_042', 5, 4300),
	(264, 'mphipster_overlays', 'TAT_HP_043', 'FM_Hip_M_Tat_043', 'FM_Hip_F_Tat_043', 2, 5500),
	(265, 'mphipster_overlays', 'TAT_HP_044', 'FM_Hip_M_Tat_044', 'FM_Hip_F_Tat_044', 3, 5500),
	(266, 'mphipster_overlays', 'TAT_HP_045', 'FM_Hip_M_Tat_045', 'FM_Hip_F_Tat_045', 3, 4000),
	(267, 'mphipster_overlays', 'TAT_HP_046', 'FM_Hip_M_Tat_046', 'FM_Hip_F_Tat_046', 0, 3750),
	(268, 'mphipster_overlays', 'TAT_HP_047', 'FM_Hip_M_Tat_047', 'FM_Hip_F_Tat_047', 0, 1900),
	(269, 'mphipster_overlays', 'TAT_HP_048', 'FM_Hip_M_Tat_048', 'FM_Hip_F_Tat_048', 2, 7850),
	(270, 'mpimportexport_overlays', 'TAT_IE_000', 'MP_MP_ImportExport_Tat_000_M', 'MP_MP_ImportExport_Tat_000_F', 0, 13780),
	(271, 'mpimportexport_overlays', 'TAT_IE_001', 'MP_MP_ImportExport_Tat_001_M', 'MP_MP_ImportExport_Tat_001_F', 0, 12900),
	(272, 'mpimportexport_overlays', 'TAT_IE_002', 'MP_MP_ImportExport_Tat_002_M', 'MP_MP_ImportExport_Tat_002_F', 0, 12120),
	(273, 'mpimportexport_overlays', 'TAT_IE_003', 'MP_MP_ImportExport_Tat_003_M', 'MP_MP_ImportExport_Tat_003_F', 3, 17200),
	(274, 'mpimportexport_overlays', 'TAT_IE_004', 'MP_MP_ImportExport_Tat_004_M', 'MP_MP_ImportExport_Tat_004_F', 2, 16350),
	(275, 'mpimportexport_overlays', 'TAT_IE_005', 'MP_MP_ImportExport_Tat_005_M', 'MP_MP_ImportExport_Tat_005_F', 3, 18615),
	(276, 'mpimportexport_overlays', 'TAT_IE_006', 'MP_MP_ImportExport_Tat_006_M', 'MP_MP_ImportExport_Tat_006_F', 3, 15720),
	(277, 'mpimportexport_overlays', 'TAT_IE_007', 'MP_MP_ImportExport_Tat_007_M', 'MP_MP_ImportExport_Tat_007_F', 3, 16685),
	(278, 'mpimportexport_overlays', 'TAT_IE_008', 'MP_MP_ImportExport_Tat_008_M', 'MP_MP_ImportExport_Tat_008_F', 2, 19900),
	(279, 'mpimportexport_overlays', 'TAT_IE_009', 'MP_MP_ImportExport_Tat_009_M', 'MP_MP_ImportExport_Tat_009_F', 0, 16500),
	(280, 'mpimportexport_overlays', 'TAT_IE_010', 'MP_MP_ImportExport_Tat_010_M', 'MP_MP_ImportExport_Tat_010_F', 0, 14235),
	(281, 'mplowrider2_overlays', 'TAT_S2_000', 'MP_LR_Tat_000_M', 'MP_LR_Tat_000_F', 0, 19000),
	(282, 'mpimportexport_overlays', 'TAT_IE_011', 'MP_MP_ImportExport_Tat_011_M', 'MP_MP_ImportExport_Tat_011_F', 0, 15985),
	(283, 'mplowrider2_overlays', 'TAT_S2_003', 'MP_LR_Tat_003_M', 'MP_LR_Tat_003_F', 3, 5950),
	(284, 'mplowrider2_overlays', 'TAT_S2_006', 'MP_LR_Tat_006_M', 'MP_LR_Tat_006_F', 2, 7450),
	(285, 'mplowrider2_overlays', 'TAT_S2_008', 'MP_LR_Tat_008_M', 'MP_LR_Tat_008_F', 0, 18750),
	(286, 'mplowrider2_overlays', 'TAT_S2_011', 'MP_LR_Tat_011_M', 'MP_LR_Tat_011_F', 0, 8000),
	(287, 'mplowrider2_overlays', 'TAT_S2_012', 'MP_LR_Tat_012_M', 'MP_LR_Tat_012_F', 0, 7650),
	(288, 'mplowrider2_overlays', 'TAT_S2_016', 'MP_LR_Tat_016_M', 'MP_LR_Tat_016_F', 0, 6400),
	(289, 'mplowrider2_overlays', 'TAT_S2_018', 'MP_LR_Tat_018_M', 'MP_LR_Tat_018_F', 2, 11000),
	(290, 'mplowrider2_overlays', 'TAT_S2_019', 'MP_LR_Tat_019_M', 'MP_LR_Tat_019_F', 0, 9750),
	(291, 'mplowrider2_overlays', 'TAT_S2_022', 'MP_LR_Tat_022_M', 'MP_LR_Tat_022_F', 2, 7350),
	(292, 'mplowrider2_overlays', 'TAT_S2_029', 'MP_LR_Tat_029_M', 'MP_LR_Tat_029_F', 4, 6250),
	(293, 'mplowrider2_overlays', 'TAT_S2_028', 'MP_LR_Tat_028_M', 'MP_LR_Tat_028_F', 3, 8800),
	(294, 'mplowrider2_overlays', 'TAT_S2_030', 'MP_LR_Tat_030_M', 'MP_LR_Tat_030_F', 5, 8150),
	(295, 'mplowrider2_overlays', 'TAT_S2_031', 'MP_LR_Tat_031_M', 'MP_LR_Tat_031_F', 0, 16500),
	(296, 'mplowrider2_overlays', 'TAT_S2_032', 'MP_LR_Tat_032_M', 'MP_LR_Tat_032_F', 0, 18500),
	(297, 'mplowrider2_overlays', 'TAT_S2_035', 'MP_LR_Tat_035_M', 'MP_LR_Tat_035_F', 3, 8250),
	(298, 'mplowrider_overlays', 'TAT_S1_001', 'MP_LR_Tat_001_M', 'MP_LR_Tat_001_F', 0, 6100),
	(299, 'mplowrider_overlays', 'TAT_S1_002', 'MP_LR_Tat_002_M', 'MP_LR_Tat_002_F', 0, 10250),
	(300, 'mplowrider_overlays', 'TAT_S1_004', 'MP_LR_Tat_004_M', 'MP_LR_Tat_004_F', 0, 3500),
	(301, 'mplowrider_overlays', 'TAT_S1_005', 'MP_LR_Tat_005_M', 'MP_LR_Tat_005_F', 2, 5900),
	(302, 'mplowrider_overlays', 'TAT_S1_007', 'MP_LR_Tat_007_M', 'MP_LR_Tat_007_F', 4, 5500),
	(303, 'mplowrider_overlays', 'TAT_S1_009', 'MP_LR_Tat_009_M', 'MP_LR_Tat_009_F', 0, 9500),
	(304, 'mplowrider_overlays', 'TAT_S1_010', 'MP_LR_Tat_010_M', 'MP_LR_Tat_010_F', 0, 16500),
	(305, 'mplowrider_overlays', 'TAT_S1_013', 'MP_LR_Tat_013_M', 'MP_LR_Tat_013_F', 0, 8300),
	(306, 'mplowrider_overlays', 'TAT_S1_014', 'MP_LR_Tat_014_M', 'MP_LR_Tat_014_F', 0, 17750),
	(307, 'mplowrider_overlays', 'TAT_S1_015', 'MP_LR_Tat_015_M', 'MP_LR_Tat_015_F', 3, 6150),
	(308, 'mplowrider_overlays', 'TAT_S1_017', 'MP_LR_Tat_017_M', 'MP_LR_Tat_017_F', 5, 7700),
	(309, 'mplowrider_overlays', 'TAT_S1_020', 'MP_LR_Tat_020_M', 'MP_LR_Tat_020_F', 4, 6850),
	(310, 'mplowrider_overlays', 'TAT_S1_021', 'MP_LR_Tat_021_M', 'MP_LR_Tat_021_F', 0, 15000),
	(311, 'mplowrider_overlays', 'TAT_S1_023', 'MP_LR_Tat_023_M', 'MP_LR_Tat_023_F', 5, 6500),
	(312, 'mplowrider_overlays', 'TAT_S1_026', 'MP_LR_Tat_026_M', 'MP_LR_Tat_026_F', 0, 7400),
	(313, 'mplowrider_overlays', 'TAT_S1_027', 'MP_LR_Tat_027_M', 'MP_LR_Tat_027_F', 2, 7800),
	(314, 'mplowrider_overlays', 'TAT_S1_033', 'MP_LR_Tat_033_M', 'MP_LR_Tat_033_F', 2, 10000),
	(315, 'mpluxe2_overlays', 'TAT_L2_002', 'MP_LUXE_TAT_002_M', 'MP_LUXE_TAT_002_F', 0, 11000),
	(316, 'mpluxe2_overlays', 'TAT_L2_005', 'MP_LUXE_TAT_005_M', 'MP_LUXE_TAT_005_F', 2, 10250),
	(317, 'mpluxe2_overlays', 'TAT_L2_010', 'MP_LUXE_TAT_010_M', 'MP_LUXE_TAT_010_F', 3, 14650),
	(318, 'mpluxe2_overlays', 'TAT_L2_011', 'MP_LUXE_TAT_011_M', 'MP_LUXE_TAT_011_F', 4, 13250),
	(319, 'mpluxe2_overlays', 'TAT_L2_012', 'MP_LUXE_TAT_012_M', 'MP_LUXE_TAT_012_F', 0, 26500),
	(320, 'mpluxe2_overlays', 'TAT_L2_016', 'MP_LUXE_TAT_016_M', 'MP_LUXE_TAT_016_F', 2, 18600),
	(321, 'mpluxe2_overlays', 'TAT_L2_017', 'MP_LUXE_TAT_017_M', 'MP_LUXE_TAT_017_F', 3, 21550),
	(322, 'mpluxe2_overlays', 'TAT_L2_018', 'MP_LUXE_TAT_018_M', 'MP_LUXE_TAT_018_F', 2, 23400),
	(323, 'mpluxe2_overlays', 'TAT_L2_022', 'MP_LUXE_TAT_022_M', 'MP_LUXE_TAT_022_F', 0, 28500),
	(324, 'mpluxe2_overlays', 'TAT_L2_023', 'MP_LUXE_TAT_023_M', 'MP_LUXE_TAT_023_F', 5, 15600),
	(325, 'mpluxe2_overlays', 'TAT_L2_025', 'MP_LUXE_TAT_025_M', 'MP_LUXE_TAT_025_F', 0, 11500),
	(326, 'mpluxe2_overlays', 'TAT_L2_026', 'MP_LUXE_TAT_026_M', 'MP_LUXE_TAT_026_F', 3, 14700),
	(327, 'mpluxe2_overlays', 'TAT_L2_027', 'MP_LUXE_TAT_027_M', 'MP_LUXE_TAT_027_F', 0, 12750),
	(328, 'mpluxe2_overlays', 'TAT_L2_028', 'MP_LUXE_TAT_028_M', 'MP_LUXE_TAT_028_F', 2, 11300),
	(329, 'mpluxe2_overlays', 'TAT_L2_029', 'MP_LUXE_TAT_029_M', 'MP_LUXE_TAT_029_F', 0, 30000),
	(330, 'mpluxe2_overlays', 'TAT_L2_030', 'MP_LUXE_TAT_030_M', 'MP_LUXE_TAT_030_F', 3, 0),
	(331, 'mpluxe2_overlays', 'TAT_L2_031', 'MP_LUXE_TAT_031_M', 'MP_LUXE_TAT_031_F', 2, 0),
	(332, 'mpluxe_overlays', 'TAT_LX_000', 'MP_LUXE_TAT_000_M', 'MP_LUXE_TAT_000_F', 4, 11900),
	(333, 'mpluxe_overlays', 'TAT_LX_001', 'MP_LUXE_TAT_001_M', 'MP_LUXE_TAT_001_F', 5, 14350),
	(334, 'mpluxe_overlays', 'TAT_LX_003', 'MP_LUXE_TAT_003_M', 'MP_LUXE_TAT_003_F', 0, 8350),
	(335, 'mpluxe_overlays', 'TAT_LX_004', 'MP_LUXE_TAT_004_M', 'MP_LUXE_TAT_004_F', 3, 12200),
	(336, 'mpluxe_overlays', 'TAT_LX_006', 'MP_LUXE_TAT_006_M', 'MP_LUXE_TAT_006_F', 0, 25000),
	(337, 'mpluxe_overlays', 'TAT_LX_007', 'MP_LUXE_TAT_007_M', 'MP_LUXE_TAT_007_F', 0, 12450),
	(338, 'mpluxe_overlays', 'TAT_LX_008', 'MP_LUXE_TAT_008_M', 'MP_LUXE_TAT_008_F', 0, 18000),
	(339, 'mpluxe_overlays', 'TAT_LX_009', 'MP_LUXE_TAT_009_M', 'MP_LUXE_TAT_009_F', 2, 19150),
	(340, 'mpluxe_overlays', 'TAT_LX_013', 'MP_LUXE_TAT_013_M', 'MP_LUXE_TAT_013_F', 3, 16900),
	(341, 'mpluxe_overlays', 'TAT_LX_014', 'MP_LUXE_TAT_014_M', 'MP_LUXE_TAT_014_F', 0, 18200),
	(342, 'mpluxe_overlays', 'TAT_LX_015', 'MP_LUXE_TAT_015_M', 'MP_LUXE_TAT_015_F', 0, 16250),
	(343, 'mpluxe_overlays', 'TAT_LX_019', 'MP_LUXE_TAT_019_M', 'MP_LUXE_TAT_019_F', 3, 16850),
	(344, 'mpluxe_overlays', 'TAT_LX_020', 'MP_LUXE_TAT_020_M', 'MP_LUXE_TAT_020_F', 2, 22500),
	(345, 'mpluxe_overlays', 'TAT_LX_021', 'MP_LUXE_TAT_021_M', 'MP_LUXE_TAT_021_F', 2, 12850),
	(346, 'mpluxe_overlays', 'TAT_LX_024', 'MP_LUXE_TAT_024_M', 'MP_LUXE_TAT_024_F', 0, 27250),
	(347, 'mpsmuggler_overlays', 'TAT_SM_000', 'MP_Smuggler_Tattoo_000_M', 'MP_Smuggler_Tattoo_000_F', 0, 11270),
	(348, 'mpsmuggler_overlays', 'TAT_SM_001', 'MP_Smuggler_Tattoo_001_M', 'MP_Smuggler_Tattoo_001_F', 3, 10825),
	(349, 'mpsmuggler_overlays', 'TAT_SM_002', 'MP_Smuggler_Tattoo_002_M', 'MP_Smuggler_Tattoo_002_F', 0, 12430),
	(350, 'mpsmuggler_overlays', 'TAT_SM_003', 'MP_Smuggler_Tattoo_003_M', 'MP_Smuggler_Tattoo_003_F', 0, 13090),
	(351, 'mpsmuggler_overlays', 'TAT_SM_004', 'MP_Smuggler_Tattoo_004_M', 'MP_Smuggler_Tattoo_004_F', 2, 8150),
	(352, 'mpsmuggler_overlays', 'TAT_SM_005', 'MP_Smuggler_Tattoo_005_M', 'MP_Smuggler_Tattoo_005_F', 3, 7920),
	(353, 'mpsmuggler_overlays', 'TAT_SM_006', 'MP_Smuggler_Tattoo_006_M', 'MP_Smuggler_Tattoo_006_F', 0, 9475),
	(354, 'mpsmuggler_overlays', 'TAT_SM_007', 'MP_Smuggler_Tattoo_007_M', 'MP_Smuggler_Tattoo_007_F', 0, 8525),
	(355, 'mpsmuggler_overlays', 'TAT_SM_008', 'MP_Smuggler_Tattoo_008_M', 'MP_Smuggler_Tattoo_008_F', 2, 11045),
	(356, 'mpsmuggler_overlays', 'TAT_SM_009', 'MP_Smuggler_Tattoo_009_M', 'MP_Smuggler_Tattoo_009_F', 0, 16625),
	(357, 'mpsmuggler_overlays', 'TAT_SM_010', 'MP_Smuggler_Tattoo_010_M', 'MP_Smuggler_Tattoo_010_F', 0, 12815),
	(358, 'mpsmuggler_overlays', 'TAT_SM_011', 'MP_Smuggler_Tattoo_011_M', 'MP_Smuggler_Tattoo_011_F', 1, 8110),
	(359, 'mpsmuggler_overlays', 'TAT_SM_012', 'MP_Smuggler_Tattoo_012_M', 'MP_Smuggler_Tattoo_012_F', 1, 10720),
	(360, 'mpsmuggler_overlays', 'TAT_SM_013', 'MP_Smuggler_Tattoo_013_M', 'MP_Smuggler_Tattoo_013_F', 0, 10540),
	(361, 'mpsmuggler_overlays', 'TAT_SM_014', 'MP_Smuggler_Tattoo_014_M', 'MP_Smuggler_Tattoo_014_F', 2, 8825),
	(362, 'mpsmuggler_overlays', 'TAT_SM_015', 'MP_Smuggler_Tattoo_015_M', 'MP_Smuggler_Tattoo_015_F', 0, 9765),
	(363, 'mpsmuggler_overlays', 'TAT_SM_016', 'MP_Smuggler_Tattoo_016_M', 'MP_Smuggler_Tattoo_016_F', 0, 13790),
	(364, 'mpsmuggler_overlays', 'TAT_SM_017', 'MP_Smuggler_Tattoo_017_M', 'MP_Smuggler_Tattoo_017_F', 0, 18850),
	(365, 'mpsmuggler_overlays', 'TAT_SM_018', 'MP_Smuggler_Tattoo_018_M', 'MP_Smuggler_Tattoo_018_F', 0, 16990),
	(366, 'mpsmuggler_overlays', 'TAT_SM_019', 'MP_Smuggler_Tattoo_019_M', 'MP_Smuggler_Tattoo_019_F', 0, 11105),
	(367, 'mpsmuggler_overlays', 'TAT_SM_020', 'MP_Smuggler_Tattoo_020_M', 'MP_Smuggler_Tattoo_020_F', 5, 9155),
	(368, 'mpsmuggler_overlays', 'TAT_SM_021', 'MP_Smuggler_Tattoo_021_M', 'MP_Smuggler_Tattoo_021_F', 0, 14860),
	(369, 'mpsmuggler_overlays', 'TAT_SM_022', 'MP_Smuggler_Tattoo_022_M', 'MP_Smuggler_Tattoo_022_F', 0, 16710),
	(370, 'mpsmuggler_overlays', 'TAT_SM_023', 'MP_Smuggler_Tattoo_023_M', 'MP_Smuggler_Tattoo_023_F', 3, 14400),
	(371, 'mpsmuggler_overlays', 'TAT_SM_024', 'MP_Smuggler_Tattoo_024_M', 'MP_Smuggler_Tattoo_024_F', 0, 18210),
	(372, 'mpsmuggler_overlays', 'TAT_SM_025', 'MP_Smuggler_Tattoo_025_M', 'MP_Smuggler_Tattoo_025_F', 0, 17450),
	(373, 'mpstunt_overlays', 'TAT_ST_000', 'MP_MP_Stunt_Tat_000_M', 'MP_MP_Stunt_Tat_000_F', 1, 4850),
	(374, 'mpstunt_overlays', 'TAT_ST_001', 'MP_MP_Stunt_tat_001_M', 'MP_MP_Stunt_tat_001_F', 2, 11600),
	(375, 'mpstunt_overlays', 'TAT_ST_002', 'MP_MP_Stunt_tat_002_M', 'MP_MP_Stunt_tat_002_F', 2, 8850),
	(376, 'mpstunt_overlays', 'TAT_ST_003', 'MP_MP_Stunt_tat_003_M', 'MP_MP_Stunt_tat_003_F', 3, 4300),
	(377, 'mpstunt_overlays', 'TAT_ST_004', 'MP_MP_Stunt_tat_004_M', 'MP_MP_Stunt_tat_004_F', 1, 6350),
	(378, 'mpstunt_overlays', 'TAT_ST_005', 'MP_MP_Stunt_tat_005_M', 'MP_MP_Stunt_tat_005_F', 5, 8850),
	(379, 'mpstunt_overlays', 'TAT_ST_006', 'MP_MP_Stunt_tat_006_M', 'MP_MP_Stunt_tat_006_F', 1, 5900),
	(380, 'mpstunt_overlays', 'TAT_ST_007', 'MP_MP_Stunt_tat_007_M', 'MP_MP_Stunt_tat_007_F', 4, 8150),
	(381, 'mpstunt_overlays', 'TAT_ST_008', 'MP_MP_Stunt_tat_008_M', 'MP_MP_Stunt_tat_008_F', 2, 14750),
	(382, 'mpstunt_overlays', 'TAT_ST_009', 'MP_MP_Stunt_tat_009_M', 'MP_MP_Stunt_tat_009_F', 3, 10800),
	(383, 'mpstunt_overlays', 'TAT_ST_010', 'MP_MP_Stunt_tat_010_M', 'MP_MP_Stunt_tat_010_F', 3, 11000),
	(384, 'mpstunt_overlays', 'TAT_ST_011', 'MP_MP_Stunt_tat_011_M', 'MP_MP_Stunt_tat_011_F', 0, 10750),
	(385, 'mpstunt_overlays', 'TAT_ST_012', 'MP_MP_Stunt_tat_012_M', 'MP_MP_Stunt_tat_012_F', 0, 11950),
	(386, 'mpstunt_overlays', 'TAT_ST_013', 'MP_MP_Stunt_tat_013_M', 'MP_MP_Stunt_tat_013_F', 4, 15500),
	(387, 'mpstunt_overlays', 'TAT_ST_014', 'MP_MP_Stunt_tat_014_M', 'MP_MP_Stunt_tat_014_F', 0, 8300),
	(388, 'mpstunt_overlays', 'TAT_ST_015', 'MP_MP_Stunt_tat_015_M', 'MP_MP_Stunt_tat_015_F', 5, 13400),
	(389, 'mpstunt_overlays', 'TAT_ST_016', 'MP_MP_Stunt_tat_016_M', 'MP_MP_Stunt_tat_016_F', 3, 12950),
	(390, 'mpstunt_overlays', 'TAT_ST_017', 'MP_MP_Stunt_tat_017_M', 'MP_MP_Stunt_tat_017_F', 1, 3800),
	(391, 'mpstunt_overlays', 'TAT_ST_018', 'MP_MP_Stunt_tat_018_M', 'MP_MP_Stunt_tat_018_F', 0, 5400),
	(392, 'mpstunt_overlays', 'TAT_ST_019', 'MP_MP_Stunt_tat_019_M', 'MP_MP_Stunt_tat_019_F', 0, 8900),
	(393, 'mpstunt_overlays', 'TAT_ST_020', 'MP_MP_Stunt_tat_020_M', 'MP_MP_Stunt_tat_020_F', 5, 6950),
	(394, 'mpstunt_overlays', 'TAT_ST_021', 'MP_MP_Stunt_tat_021_M', 'MP_MP_Stunt_tat_021_F', 4, 21200),
	(395, 'mpstunt_overlays', 'TAT_ST_022', 'MP_MP_Stunt_tat_022_M', 'MP_MP_Stunt_tat_022_F', 2, 16850),
	(396, 'mpstunt_overlays', 'TAT_ST_023', 'MP_MP_Stunt_tat_023_M', 'MP_MP_Stunt_tat_023_F', 2, 18500),
	(397, 'mpstunt_overlays', 'TAT_ST_024', 'MP_MP_Stunt_tat_024_M', 'MP_MP_Stunt_tat_024_F', 0, 8650),
	(398, 'mpstunt_overlays', 'TAT_ST_025', 'MP_MP_Stunt_tat_025_M', 'MP_MP_Stunt_tat_025_F', 5, 7200),
	(399, 'mpstunt_overlays', 'TAT_ST_027', 'MP_MP_Stunt_tat_027_M', 'MP_MP_Stunt_tat_027_F', 0, 8950),
	(400, 'mpstunt_overlays', 'TAT_ST_028', 'MP_MP_Stunt_tat_028_M', 'MP_MP_Stunt_tat_028_F', 4, 9850),
	(401, 'mpstunt_overlays', 'TAT_ST_026', 'MP_MP_Stunt_tat_026_M', 'MP_MP_Stunt_tat_026_F', 0, 12300),
	(402, 'mpstunt_overlays', 'TAT_ST_029', 'MP_MP_Stunt_tat_029_M', 'MP_MP_Stunt_tat_029_F', 0, 17350),
	(403, 'mpstunt_overlays', 'TAT_ST_030', 'MP_MP_Stunt_tat_030_M', 'MP_MP_Stunt_tat_030_F', 0, 8150),
	(404, 'mpstunt_overlays', 'TAT_ST_031', 'MP_MP_Stunt_tat_031_M', 'MP_MP_Stunt_tat_031_F', 4, 11000),
	(405, 'mpstunt_overlays', 'TAT_ST_032', 'MP_MP_Stunt_tat_032_M', 'MP_MP_Stunt_tat_032_F', 5, 10350),
	(406, 'mpstunt_overlays', 'TAT_ST_033', 'MP_MP_Stunt_tat_033_M', 'MP_MP_Stunt_tat_033_F', 0, 10400),
	(407, 'mpstunt_overlays', 'TAT_ST_034', 'MP_MP_Stunt_tat_034_M', 'MP_MP_Stunt_tat_034_F', 0, 9900),
	(408, 'mpstunt_overlays', 'TAT_ST_035', 'MP_MP_Stunt_tat_035_M', 'MP_MP_Stunt_tat_035_F', 2, 12700),
	(409, 'mpstunt_overlays', 'TAT_ST_036', 'MP_MP_Stunt_tat_036_M', 'MP_MP_Stunt_tat_036_F', 3, 2350),
	(410, 'mpstunt_overlays', 'TAT_ST_037', 'MP_MP_Stunt_tat_037_M', 'MP_MP_Stunt_tat_037_F', 0, 6850),
	(411, 'mpstunt_overlays', 'TAT_ST_038', 'MP_MP_Stunt_tat_038_M', 'MP_MP_Stunt_tat_038_F', 3, 5750),
	(412, 'mpstunt_overlays', 'TAT_ST_039', 'MP_MP_Stunt_tat_039_M', 'MP_MP_Stunt_tat_039_F', 2, 9350),
	(413, 'mpstunt_overlays', 'TAT_ST_040', 'MP_MP_Stunt_tat_040_M', 'MP_MP_Stunt_tat_040_F', 0, 15950),
	(414, 'mpstunt_overlays', 'TAT_ST_041', 'MP_MP_Stunt_tat_041_M', 'MP_MP_Stunt_tat_041_F', 0, 10100),
	(415, 'mpstunt_overlays', 'TAT_ST_042', 'MP_MP_Stunt_tat_042_M', 'MP_MP_Stunt_tat_042_F', 1, 4150),
	(416, 'mpstunt_overlays', 'TAT_ST_043', 'MP_MP_Stunt_tat_043_M', 'MP_MP_Stunt_tat_043_F', 2, 10300),
	(417, 'mpstunt_overlays', 'TAT_ST_044', 'MP_MP_Stunt_tat_044_M', 'MP_MP_Stunt_tat_044_F', 0, 13900),
	(418, 'mpstunt_overlays', 'TAT_ST_045', 'MP_MP_Stunt_tat_045_M', 'MP_MP_Stunt_tat_045_F', 5, 19650),
	(419, 'mpstunt_overlays', 'TAT_ST_046', 'MP_MP_Stunt_tat_046_M', 'MP_MP_Stunt_tat_046_F', 0, 12750),
	(420, 'mpstunt_overlays', 'TAT_ST_047', 'MP_MP_Stunt_tat_047_M', 'MP_MP_Stunt_tat_047_F', 5, 9200),
	(421, 'mpstunt_overlays', 'TAT_ST_048', 'MP_MP_Stunt_tat_048_M', 'MP_MP_Stunt_tat_048_F', 0, 11300),
	(422, 'mpstunt_overlays', 'TAT_ST_049', 'MP_MP_Stunt_tat_049_M', 'MP_MP_Stunt_tat_049_F', 3, 23000),
	(423, 'mpvinewood_overlays', 'TAT_VW_000', 'MP_Vinewood_Tat_000_M', 'MP_Vinewood_Tat_000_F', 0, 21115),
	(424, 'mpvinewood_overlays', 'TAT_VW_001', 'MP_Vinewood_Tat_001_M', 'MP_Vinewood_Tat_001_F', 0, 20475),
	(425, 'mpvinewood_overlays', 'TAT_VW_002', 'MP_Vinewood_Tat_002_M', 'MP_Vinewood_Tat_002_F', 2, 19745),
	(426, 'mpvinewood_overlays', 'TAT_VW_003', 'MP_Vinewood_Tat_003_M', 'MP_Vinewood_Tat_003_F', 0, 18865),
	(427, 'mpvinewood_overlays', 'TAT_VW_004', 'MP_Vinewood_Tat_004_M', 'MP_Vinewood_Tat_004_F', 3, 19505),
	(428, 'mpvinewood_overlays', 'TAT_VW_005', 'MP_Vinewood_Tat_005_M', 'MP_Vinewood_Tat_005_F', 2, 16680),
	(429, 'mpvinewood_overlays', 'TAT_VW_006', 'MP_Vinewood_Tat_006_M', 'MP_Vinewood_Tat_006_F', 0, 31100),
	(430, 'mpvinewood_overlays', 'TAT_VW_007', 'MP_Vinewood_Tat_007_M', 'MP_Vinewood_Tat_007_F', 0, 13460),
	(431, 'mpvinewood_overlays', 'TAT_VW_008', 'MP_Vinewood_Tat_008_M', 'MP_Vinewood_Tat_008_F', 0, 31520),
	(432, 'mpvinewood_overlays', 'TAT_VW_009', 'MP_Vinewood_Tat_009_M', 'MP_Vinewood_Tat_009_F', 0, 28970),
	(433, 'mpvinewood_overlays', 'TAT_VW_010', 'MP_Vinewood_Tat_010_M', 'MP_Vinewood_Tat_010_F', 0, 27860),
	(434, 'mpvinewood_overlays', 'TAT_VW_011', 'MP_Vinewood_Tat_011_M', 'MP_Vinewood_Tat_011_F', 0, 29825),
	(435, 'mpvinewood_overlays', 'TAT_VW_012', 'MP_Vinewood_Tat_012_M', 'MP_Vinewood_Tat_012_F', 0, 32115),
	(436, 'mpvinewood_overlays', 'TAT_VW_013', 'MP_Vinewood_Tat_013_M', 'MP_Vinewood_Tat_013_F', 4, 11505),
	(437, 'mpvinewood_overlays', 'TAT_VW_014', 'MP_Vinewood_Tat_014_M', 'MP_Vinewood_Tat_014_F', 2, 19215),
	(438, 'mpvinewood_overlays', 'TAT_VW_015', 'MP_Vinewood_Tat_015_M', 'MP_Vinewood_Tat_015_F', 0, 30840),
	(439, 'mpvinewood_overlays', 'TAT_VW_017', 'MP_Vinewood_Tat_017_M', 'MP_Vinewood_Tat_017_F', 0, 33765),
	(440, 'mpvinewood_overlays', 'TAT_VW_016', 'MP_Vinewood_Tat_016_M', 'MP_Vinewood_Tat_016_F', 0, 24425),
	(441, 'mpvinewood_overlays', 'TAT_VW_018', 'MP_Vinewood_Tat_018_M', 'MP_Vinewood_Tat_018_F', 3, 21095),
	(442, 'mpvinewood_overlays', 'TAT_VW_019', 'MP_Vinewood_Tat_019_M', 'MP_Vinewood_Tat_019_F', 2, 15665),
	(443, 'mpvinewood_overlays', 'TAT_VW_020', 'MP_Vinewood_Tat_020_M', 'MP_Vinewood_Tat_020_F', 5, 14805),
	(444, 'mpvinewood_overlays', 'TAT_VW_021', 'MP_Vinewood_Tat_021_M', 'MP_Vinewood_Tat_021_F', 0, 40250),
	(445, 'mpvinewood_overlays', 'TAT_VW_022', 'MP_Vinewood_Tat_022_M', 'MP_Vinewood_Tat_022_F', 0, 12100),
	(446, 'mpvinewood_overlays', 'TAT_VW_023', 'MP_Vinewood_Tat_023_M', 'MP_Vinewood_Tat_023_F', 0, 0),
	(447, 'mpvinewood_overlays', 'TAT_VW_024', 'MP_Vinewood_Tat_024_M', 'MP_Vinewood_Tat_024_F', 0, 19990),
	(448, 'mpvinewood_overlays', 'TAT_VW_025', 'MP_Vinewood_Tat_025_M', 'MP_Vinewood_Tat_025_F', 3, 20110),
	(449, 'mpvinewood_overlays', 'TAT_VW_026', 'MP_Vinewood_Tat_026_M', 'MP_Vinewood_Tat_026_F', 2, 25305),
	(450, 'mpvinewood_overlays', 'TAT_VW_027', 'MP_Vinewood_Tat_027_M', 'MP_Vinewood_Tat_027_F', 4, 24550),
	(451, 'mpvinewood_overlays', 'TAT_VW_028', 'MP_Vinewood_Tat_028_M', 'MP_Vinewood_Tat_028_F', 3, 18850),
	(452, 'mpvinewood_overlays', 'TAT_VW_029', 'MP_Vinewood_Tat_029_M', 'MP_Vinewood_Tat_029_F', 0, 36650),
	(453, 'mpvinewood_overlays', 'TAT_VW_030', 'MP_Vinewood_Tat_030_M', 'MP_Vinewood_Tat_030_F', 0, 0),
	(454, 'mpvinewood_overlays', 'TAT_VW_031', 'MP_Vinewood_Tat_031_M', 'MP_Vinewood_Tat_031_F', 0, 30220),
	(455, 'mpvinewood_overlays', 'TAT_VW_032', 'MP_Vinewood_Tat_032_M', 'MP_Vinewood_Tat_032_F', 0, 42885),
	(456, 'multiplayer_overlays', 'TAT_FM_008', 'FM_Tat_Award_M_000', 'FM_Tat_Award_F_000', 1, 20000),
	(457, 'multiplayer_overlays', 'TAT_FM_009', 'FM_Tat_Award_M_001', 'FM_Tat_Award_F_001', 2, 1400),
	(458, 'multiplayer_overlays', 'TAT_FM_010', 'FM_Tat_Award_M_002', 'FM_Tat_Award_F_002', 3, 9750),
	(459, 'multiplayer_overlays', 'TAT_FM_011', 'FM_Tat_Award_M_003', 'FM_Tat_Award_F_003', 0, 2150),
	(460, 'multiplayer_overlays', 'TAT_FM_012', 'FM_Tat_Award_M_004', 'FM_Tat_Award_F_004', 0, 10000),
	(461, 'multiplayer_overlays', 'TAT_FM_013', 'FM_Tat_Award_M_005', 'FM_Tat_Award_F_005', 0, 12400),
	(462, 'multiplayer_overlays', 'TAT_FM_014', 'FM_Tat_Award_M_006', 'FM_Tat_Award_F_006', 5, 3500),
	(463, 'multiplayer_overlays', 'TAT_FM_015', 'FM_Tat_Award_M_007', 'FM_Tat_Award_F_007', 2, 4950),
	(464, 'multiplayer_overlays', 'TAT_FM_016', 'FM_Tat_Award_M_008', 'FM_Tat_Award_F_008', 0, 1350),
	(465, 'multiplayer_overlays', 'TAT_FM_017', 'FM_Tat_Award_M_009', 'FM_Tat_Award_F_009', 4, 1450),
	(466, 'multiplayer_overlays', 'TAT_FM_018', 'FM_Tat_Award_M_010', 'FM_Tat_Award_F_010', 3, 2700),
	(467, 'multiplayer_overlays', 'TAT_FM_019', 'FM_Tat_Award_M_011', 'FM_Tat_Award_F_011', 0, 1200),
	(468, 'multiplayer_overlays', 'TAT_FM_020', 'FM_Tat_Award_M_012', 'FM_Tat_Award_F_012', 0, 1500),
	(469, 'multiplayer_overlays', 'TAT_FM_021', 'FM_Tat_Award_M_013', 'FM_Tat_Award_F_013', 0, 2650),
	(470, 'multiplayer_overlays', 'TAT_FM_022', 'FM_Tat_Award_M_014', 'FM_Tat_Award_F_014', 0, 1900),
	(471, 'multiplayer_overlays', 'TAT_FM_023', 'FM_Tat_Award_M_015', 'FM_Tat_Award_F_015', 2, 4950),
	(472, 'multiplayer_overlays', 'TAT_FM_024', 'FM_Tat_Award_M_016', 'FM_Tat_Award_F_016', 0, 2400),
	(473, 'multiplayer_overlays', 'TAT_FM_025', 'FM_Tat_Award_M_017', 'FM_Tat_Award_F_017', 0, 5100),
	(474, 'multiplayer_overlays', 'TAT_FM_026', 'FM_Tat_Award_M_018', 'FM_Tat_Award_F_018', 0, 7400),
	(475, 'multiplayer_overlays', 'TAT_FM_027', 'FM_Tat_Award_M_019', 'FM_Tat_Award_F_019', 0, 10000),
	(476, 'multiplayer_overlays', 'TAT_FM_204', 'FM_Tat_M_000', 'FM_Tat_F_000', 3, 10000),
	(477, 'multiplayer_overlays', 'TAT_FM_205', 'FM_Tat_M_001', 'FM_Tat_F_001', 3, 12500),
	(478, 'multiplayer_overlays', 'TAT_FM_209', 'FM_Tat_M_002', 'FM_Tat_F_002', 4, 3750),
	(479, 'multiplayer_overlays', 'TAT_FM_206', 'FM_Tat_M_003', 'FM_Tat_F_003', 3, 10000),
	(480, 'multiplayer_overlays', 'TAT_FM_219', 'FM_Tat_M_004', 'FM_Tat_F_004', 0, 10000),
	(481, 'multiplayer_overlays', 'TAT_FM_201', 'FM_Tat_M_005', 'FM_Tat_F_005', 2, 2400),
	(482, 'multiplayer_overlays', 'TAT_FM_202', 'FM_Tat_M_006', 'FM_Tat_F_006', 2, 5100),
	(483, 'multiplayer_overlays', 'TAT_FM_210', 'FM_Tat_M_007', 'FM_Tat_F_007', 5, 3750),
	(484, 'multiplayer_overlays', 'TAT_FM_211', 'FM_Tat_M_008', 'FM_Tat_F_008', 4, 4800),
	(485, 'multiplayer_overlays', 'TAT_FM_213', 'FM_Tat_M_009', 'FM_Tat_F_009', 0, 12350),
	(486, 'multiplayer_overlays', 'TAT_FM_218', 'FM_Tat_M_010', 'FM_Tat_F_010', 0, 2500),
	(487, 'multiplayer_overlays', 'TAT_FM_214', 'FM_Tat_M_011', 'FM_Tat_F_011', 0, 1900),
	(488, 'multiplayer_overlays', 'TAT_FM_220', 'FM_Tat_M_012', 'FM_Tat_F_012', 0, 10000),
	(489, 'multiplayer_overlays', 'TAT_FM_215', 'FM_Tat_M_013', 'FM_Tat_F_013', 0, 4500),
	(490, 'multiplayer_overlays', 'TAT_FM_203', 'FM_Tat_M_015', 'FM_Tat_F_015', 2, 3600),
	(491, 'multiplayer_overlays', 'TAT_FM_207', 'FM_Tat_M_014', 'FM_Tat_F_014', 3, 5000),
	(492, 'multiplayer_overlays', 'TAT_FM_216', 'FM_Tat_M_016', 'FM_Tat_F_016', 0, 12250),
	(493, 'multiplayer_overlays', 'TAT_FM_212', 'FM_Tat_M_017', 'FM_Tat_F_017', 5, 3500),
	(494, 'multiplayer_overlays', 'TAT_FM_208', 'FM_Tat_M_018', 'FM_Tat_F_018', 3, 7500),
	(495, 'multiplayer_overlays', 'TAT_FM_217', 'FM_Tat_M_019', 'FM_Tat_F_019', 0, 12300),
	(496, 'multiplayer_overlays', 'TAT_FM_221', 'FM_Tat_M_020', 'FM_Tat_F_020', 0, 7500),
	(497, 'multiplayer_overlays', 'TAT_FM_222', 'FM_Tat_M_021', 'FM_Tat_F_021', 4, 5000),
	(498, 'multiplayer_overlays', 'TAT_FM_223', 'FM_Tat_M_022', 'FM_Tat_F_022', 5, 7300),
	(499, 'multiplayer_overlays', 'TAT_FM_224', 'FM_Tat_M_023', 'FM_Tat_F_023', 4, 7250),
	(500, 'multiplayer_overlays', 'TAT_FM_225', 'FM_Tat_M_024', 'FM_Tat_F_024', 0, 11900),
	(501, 'multiplayer_overlays', 'TAT_FM_226', 'FM_Tat_M_025', 'FM_Tat_F_025', 0, 2750),
	(502, 'multiplayer_overlays', 'TAT_FM_227', 'FM_Tat_M_026', 'FM_Tat_F_026', 4, 1750),
	(503, 'multiplayer_overlays', 'TAT_FM_228', 'FM_Tat_M_027', 'FM_Tat_F_027', 3, 7300),
	(504, 'multiplayer_overlays', 'TAT_FM_229', 'FM_Tat_M_028', 'FM_Tat_F_028', 3, 3250),
	(505, 'multiplayer_overlays', 'TAT_FM_230', 'FM_Tat_M_029', 'FM_Tat_F_029', 0, 1000),
	(506, 'multiplayer_overlays', 'TAT_FM_231', 'FM_Tat_M_030', 'FM_Tat_F_030', 0, 5000),
	(507, 'multiplayer_overlays', 'TAT_FM_232', 'FM_Tat_M_031', 'FM_Tat_F_031', 2, 7500),
	(508, 'multiplayer_overlays', 'TAT_FM_233', 'FM_Tat_M_032', 'FM_Tat_F_032', 4, 5100),
	(509, 'multiplayer_overlays', 'TAT_FM_234', 'FM_Tat_M_033', 'FM_Tat_F_033', 4, 5050),
	(510, 'multiplayer_overlays', 'TAT_FM_235', 'FM_Tat_M_034', 'FM_Tat_F_034', 0, 2450),
	(511, 'multiplayer_overlays', 'TAT_FM_236', 'FM_Tat_M_035', 'FM_Tat_F_035', 4, 4950),
	(512, 'multiplayer_overlays', 'TAT_FM_237', 'FM_Tat_M_036', 'FM_Tat_F_036', 0, 5100),
	(513, 'multiplayer_overlays', 'TAT_FM_238', 'FM_Tat_M_037', 'FM_Tat_F_037', 4, 12250),
	(514, 'multiplayer_overlays', 'TAT_FM_239', 'FM_Tat_M_038', 'FM_Tat_F_038', 3, 1150),
	(515, 'multiplayer_overlays', 'TAT_FM_240', 'FM_Tat_M_039', 'FM_Tat_F_039', 5, 7500),
	(516, 'multiplayer_overlays', 'TAT_FM_241', 'FM_Tat_M_040', 'FM_Tat_F_040', 5, 7600),
	(517, 'multiplayer_overlays', 'TAT_FM_242', 'FM_Tat_M_041', 'FM_Tat_F_041', 2, 2600),
	(518, 'multiplayer_overlays', 'TAT_FM_243', 'FM_Tat_M_042', 'FM_Tat_F_042', 5, 2500),
	(519, 'multiplayer_overlays', 'TAT_FM_244', 'FM_Tat_M_043', 'FM_Tat_F_043', 5, 7450),
	(520, 'multiplayer_overlays', 'TAT_FM_245', 'FM_Tat_M_044', 'FM_Tat_F_044', 0, 7500),
	(521, 'multiplayer_overlays', 'TAT_FM_246', 'FM_Tat_M_045', 'FM_Tat_F_045', 0, 10000),
	(522, 'multiplayer_overlays', 'TAT_FM_247', 'FM_Tat_M_047', 'FM_Tat_F_047', 3, 2500),
	(523, 'mpairraces_overlays', 'TAT_AR_001', 'MP_Airraces_Tattoo_001_M', 'MP_Airraces_Tattoo_001_F', 0, 18105),
	(524, 'mpairraces_overlays', 'TAT_AR_000', 'MP_Airraces_Tattoo_000_M', 'MP_Airraces_Tattoo_000_F', 0, 13205),
	(525, 'mpairraces_overlays', 'TAT_AR_002', 'MP_Airraces_Tattoo_002_M', 'MP_Airraces_Tattoo_002_F', 0, 16485),
	(526, 'mpairraces_overlays', 'TAT_AR_003', 'MP_Airraces_Tattoo_003_M', 'MP_Airraces_Tattoo_003_F', 2, 11985),
	(527, 'mpbusiness_overlays', 'TAT_BUS_005', 'MP_Buis_M_Neck_000', '', 1, 5000),
	(528, 'mpbusiness_overlays', 'TAT_BUS_006', 'MP_Buis_M_Neck_001', '', 1, 1600),
	(529, 'mpairraces_overlays', 'TAT_AR_004', 'MP_Airraces_Tattoo_004_M', 'MP_Airraces_Tattoo_004_F', 0, 10390),
	(530, 'mpairraces_overlays', 'TAT_AR_005', 'MP_Airraces_Tattoo_005_M', 'MP_Airraces_Tattoo_005_F', 0, 15270),
	(531, 'mpairraces_overlays', 'TAT_AR_007', 'MP_Airraces_Tattoo_007_M', 'MP_Airraces_Tattoo_007_F', 0, 13925),
	(532, 'mpbeach_overlays', 'TAT_BB_018', 'MP_Bea_M_Back_000', '', 0, 7250),
	(533, 'mpbeach_overlays', 'TAT_BB_019', 'MP_Bea_M_Chest_000', '', 0, 5800),
	(534, 'mpbeach_overlays', 'TAT_BB_020', 'MP_Bea_M_Chest_001', '', 0, 5900),
	(535, 'mpbeach_overlays', 'TAT_BB_021', 'MP_Bea_M_Head_000', '', 1, 12000),
	(536, 'mpairraces_overlays', 'TAT_AR_006', 'MP_Airraces_Tattoo_006_M', 'MP_Airraces_Tattoo_006_F', 0, 12520),
	(537, 'mpbeach_overlays', 'TAT_BB_027', 'MP_Bea_M_Lleg_000', '', 4, 4450),
	(538, 'mpbeach_overlays', 'TAT_BB_031', 'MP_Bea_M_Head_002', '', 1, 1850),
	(539, 'mpbeach_overlays', 'TAT_BB_022', 'MP_Bea_M_Head_001', '', 1, 1450),
	(540, 'mpbeach_overlays', 'TAT_BB_024', 'MP_Bea_M_LArm_000', '', 2, 4800),
	(541, 'mpbeach_overlays', 'TAT_BB_029', 'MP_Bea_M_Neck_001', '', 1, 2250),
	(542, 'mpbeach_overlays', 'TAT_BB_026', 'MP_Bea_M_RArm_000', '', 3, 6200),
	(543, 'mpbeach_overlays', 'TAT_BB_025', 'MP_Bea_M_Rleg_000', '', 5, 6500),
	(544, 'mpbeach_overlays', 'TAT_BB_017', 'MP_Bea_M_LArm_001', '', 2, 6600),
	(545, 'mpbeach_overlays', 'TAT_BB_028', 'MP_Bea_M_Neck_000', '', 1, 1650),
	(546, 'mpbeach_overlays', 'TAT_BB_023', 'MP_Bea_M_Stom_000', '', 0, 3100),
	(547, 'mpbeach_overlays', 'TAT_BB_003', '', 'MP_Bea_F_Back_000', 0, 5500),
	(548, 'mpbeach_overlays', 'TAT_BB_001', '', 'MP_Bea_F_Back_001', 0, 6900),
	(549, 'mpbeach_overlays', 'TAT_BB_030', 'MP_Bea_M_RArm_001', '', 3, 7000),
	(550, 'mpbeach_overlays', 'TAT_BB_032', 'MP_Bea_M_Stom_001', '', 0, 5500),
	(551, 'mpbeach_overlays', 'TAT_BB_006', '', 'MP_Bea_F_RSide_000', 0, 6850),
	(552, 'mpbeach_overlays', 'TAT_BB_011', '', 'MP_Bea_F_Should_000', 0, 5100),
	(553, 'mpbeach_overlays', 'TAT_BB_013', '', 'MP_Bea_F_Chest_001', 0, 2500),
	(554, 'mpbeach_overlays', 'TAT_BB_012', '', 'MP_Bea_F_Chest_000', 0, 2500),
	(555, 'mpbeach_overlays', 'TAT_BB_005', '', 'MP_Bea_F_Back_002', 0, 2500),
	(556, 'mpbeach_overlays', 'TAT_BB_014', '', 'MP_Bea_F_Stom_000', 0, 2100),
	(557, 'mpbeach_overlays', 'TAT_BB_008', '', 'MP_Bea_F_Neck_000', 1, 1700),
	(558, 'mpbeach_overlays', 'TAT_BB_007', '', 'MP_Bea_F_RLeg_000', 5, 2950),
	(559, 'mpbeach_overlays', 'TAT_BB_015', '', 'MP_Bea_F_RArm_001', 3, 3700),
	(560, 'mpbeach_overlays', 'TAT_BB_000', '', 'MP_Bea_F_Chest_002', 0, 8500),
	(561, 'mpbeach_overlays', 'TAT_BB_002', '', 'MP_Bea_F_LArm_000', 2, 3500),
	(562, 'mpbiker_overlays', 'TAT_BI_000', 'MP_MP_Biker_Tat_000_M', 'MP_MP_Biker_Tat_000_F', 0, 6720),
	(563, 'mpbiker_overlays', 'TAT_BI_001', 'MP_MP_Biker_Tat_001_M', 'MP_MP_Biker_Tat_001_F', 0, 10800),
	(564, 'mpbeach_overlays', 'TAT_BB_016', '', 'MP_Bea_F_LArm_001', 2, 5250),
	(565, 'mpbeach_overlays', 'TAT_BB_010', '', 'MP_Bea_F_Stom_002', 0, 1900),
	(566, 'mpbiker_overlays', 'TAT_BI_004', 'MP_MP_Biker_Tat_004_M', 'MP_MP_Biker_Tat_004_F', 5, 17950),
	(567, 'mpbiker_overlays', 'TAT_BI_002', 'MP_MP_Biker_Tat_002_M', 'MP_MP_Biker_Tat_002_F', 4, 16820),
	(568, 'mpbeach_overlays', 'TAT_BB_009', '', 'MP_Bea_F_Stom_001', 0, 2650),
	(569, 'mpbiker_overlays', 'TAT_BI_003', 'MP_MP_Biker_Tat_003_M', 'MP_MP_Biker_Tat_003_F', 0, 10850),
	(570, 'mpbeach_overlays', 'TAT_BB_004', '', 'MP_Bea_F_Should_001', 0, 5250),
	(571, 'mpbiker_overlays', 'TAT_BI_005', 'MP_MP_Biker_Tat_005_M', 'MP_MP_Biker_Tat_005_F', 0, 9230),
	(572, 'mpbiker_overlays', 'TAT_BI_008', 'MP_MP_Biker_Tat_008_M', 'MP_MP_Biker_Tat_008_F', 0, 8785),
	(573, 'mpbiker_overlays', 'TAT_BI_011', 'MP_MP_Biker_Tat_011_M', 'MP_MP_Biker_Tat_011_F', 0, 12350),
	(574, 'mpbiker_overlays', 'TAT_BI_012', 'MP_MP_Biker_Tat_012_M', 'MP_MP_Biker_Tat_012_F', 2, 4985),
	(575, 'mpbiker_overlays', 'TAT_BI_022', 'MP_MP_Biker_Tat_022_M', 'MP_MP_Biker_Tat_022_F', 5, 9385),
	(576, 'mpbiker_overlays', 'TAT_BI_025', 'MP_MP_Biker_Tat_025_M', 'MP_MP_Biker_Tat_025_F', 2, 12950),
	(577, 'mpbiker_overlays', 'TAT_BI_027', 'MP_MP_Biker_Tat_027_M', 'MP_MP_Biker_Tat_027_F', 4, 6960),
	(578, 'mpbiker_overlays', 'TAT_BI_006', 'MP_MP_Biker_Tat_006_M', 'MP_MP_Biker_Tat_006_F', 0, 10400),
	(579, 'mpbiker_overlays', 'TAT_BI_026', 'MP_MP_Biker_Tat_026_M', 'MP_MP_Biker_Tat_026_F', 0, 11000),
	(580, 'mpbiker_overlays', 'TAT_BI_007', 'MP_MP_Biker_Tat_007_M', 'MP_MP_Biker_Tat_007_F', 3, 5100),
	(581, 'mpbiker_overlays', 'TAT_BI_010', 'MP_MP_Biker_Tat_010_M', 'MP_MP_Biker_Tat_010_F', 0, 11350),
	(582, 'mpbiker_overlays', 'TAT_BI_009', 'MP_MP_Biker_Tat_009_M', 'MP_MP_Biker_Tat_009_F', 1, 6350),
	(583, 'mpbiker_overlays', 'TAT_BI_021', 'MP_MP_Biker_Tat_021_M', 'MP_MP_Biker_Tat_021_F', 0, 13700),
	(584, 'mpbiker_overlays', 'TAT_BI_018', 'MP_MP_Biker_Tat_018_M', 'MP_MP_Biker_Tat_018_F', 0, 7650),
	(585, 'mpbiker_overlays', 'TAT_BI_019', 'MP_MP_Biker_Tat_019_M', 'MP_MP_Biker_Tat_019_F', 0, 9900),
	(586, 'mpbiker_overlays', 'TAT_BI_016', 'MP_MP_Biker_Tat_016_M', 'MP_MP_Biker_Tat_016_F', 2, 9000),
	(587, 'mpbiker_overlays', 'TAT_BI_017', 'MP_MP_Biker_Tat_017_M', 'MP_MP_Biker_Tat_017_F', 0, 15650),
	(588, 'mpbiker_overlays', 'TAT_BI_020', 'MP_MP_Biker_Tat_020_M', 'MP_MP_Biker_Tat_020_F', 2, 9745),
	(589, 'mpbiker_overlays', 'TAT_BI_015', 'MP_MP_Biker_Tat_015_M', 'MP_MP_Biker_Tat_015_F', 4, 8975),
	(590, 'mpbiker_overlays', 'TAT_BI_014', 'MP_MP_Biker_Tat_014_M', 'MP_MP_Biker_Tat_014_F', 3, 8300),
	(591, 'mpbiker_overlays', 'TAT_BI_013', 'MP_MP_Biker_Tat_013_M', 'MP_MP_Biker_Tat_013_F', 0, 11140),
	(592, 'mpbiker_overlays', 'TAT_BI_023', 'MP_MP_Biker_Tat_023_M', 'MP_MP_Biker_Tat_023_F', 0, 10000),
	(593, 'mpbiker_overlays', 'TAT_BI_024', 'MP_MP_Biker_Tat_024_M', 'MP_MP_Biker_Tat_024_F', 2, 15320),
	(594, 'mpbiker_overlays', 'TAT_BI_029', 'MP_MP_Biker_Tat_029_M', 'MP_MP_Biker_Tat_029_F', 0, 9630),
	(595, 'mpbiker_overlays', 'TAT_BI_028', 'MP_MP_Biker_Tat_028_M', 'MP_MP_Biker_Tat_028_F', 5, 14520),
	(596, 'mpbiker_overlays', 'TAT_BI_030', 'MP_MP_Biker_Tat_030_M', 'MP_MP_Biker_Tat_030_F', 0, 9810),
	(597, 'mpbiker_overlays', 'TAT_BI_031', 'MP_MP_Biker_Tat_031_M', 'MP_MP_Biker_Tat_031_F', 0, 8600),
	(598, 'mpbiker_overlays', 'TAT_BI_032', 'MP_MP_Biker_Tat_032_M', 'MP_MP_Biker_Tat_032_F', 0, 7655),
	(599, 'mpbiker_overlays', 'TAT_BI_033', 'MP_MP_Biker_Tat_033_M', 'MP_MP_Biker_Tat_033_F', 3, 4385),
	(600, 'mpbiker_overlays', 'TAT_BI_035', 'MP_MP_Biker_Tat_035_M', 'MP_MP_Biker_Tat_035_F', 2, 5780),
	(601, 'mpbiker_overlays', 'TAT_BI_034', 'MP_MP_Biker_Tat_034_M', 'MP_MP_Biker_Tat_034_F', 0, 9975),
	(602, 'mpbiker_overlays', 'TAT_BI_036', 'MP_MP_Biker_Tat_036_M', 'MP_MP_Biker_Tat_036_F', 4, 9300),
	(603, 'mpbiker_overlays', 'TAT_BI_037', 'MP_MP_Biker_Tat_037_M', 'MP_MP_Biker_Tat_037_F', 4, 12495),
	(604, 'mpbiker_overlays', 'TAT_BI_038', 'MP_MP_Biker_Tat_038_M', 'MP_MP_Biker_Tat_038_F', 1, 3900),
	(605, 'mpbiker_overlays', 'TAT_BI_039', 'MP_MP_Biker_Tat_039_M', 'MP_MP_Biker_Tat_039_F', 0, 10950),
	(606, 'mpbiker_overlays', 'TAT_BI_040', 'MP_MP_Biker_Tat_040_M', 'MP_MP_Biker_Tat_040_F', 5, 13620),
	(607, 'mpbiker_overlays', 'TAT_BI_041', 'MP_MP_Biker_Tat_041_M', 'MP_MP_Biker_Tat_041_F', 0, 8320),
	(608, 'mpbiker_overlays', 'TAT_BI_042', 'MP_MP_Biker_Tat_042_M', 'MP_MP_Biker_Tat_042_F', 3, 7865),
	(609, 'mpbiker_overlays', 'TAT_BI_043', 'MP_MP_Biker_Tat_043_M', 'MP_MP_Biker_Tat_043_F', 0, 6850),
	(610, 'mpbiker_overlays', 'TAT_BI_045', 'MP_MP_Biker_Tat_045_M', 'MP_MP_Biker_Tat_045_F', 2, 6320),
	(611, 'mpbiker_overlays', 'TAT_BI_046', 'MP_MP_Biker_Tat_046_M', 'MP_MP_Biker_Tat_046_F', 3, 4985),
	(612, 'mpbiker_overlays', 'TAT_BI_047', 'MP_MP_Biker_Tat_047_M', 'MP_MP_Biker_Tat_047_F', 3, 13500),
	(613, 'mpbiker_overlays', 'TAT_BI_048', 'MP_MP_Biker_Tat_048_M', 'MP_MP_Biker_Tat_048_F', 5, 8930),
	(614, 'mpbiker_overlays', 'TAT_BI_044', 'MP_MP_Biker_Tat_044_M', 'MP_MP_Biker_Tat_044_F', 4, 11900),
	(615, 'mpbiker_overlays', 'TAT_BI_050', 'MP_MP_Biker_Tat_050_M', 'MP_MP_Biker_Tat_050_F', 0, 8720),
	(616, 'mpbiker_overlays', 'TAT_BI_051', 'MP_MP_Biker_Tat_051_M', 'MP_MP_Biker_Tat_051_F', 1, 4125),
	(617, 'mpbiker_overlays', 'TAT_BI_052', 'MP_MP_Biker_Tat_052_M', 'MP_MP_Biker_Tat_052_F', 0, 9135),
	(618, 'mpbiker_overlays', 'TAT_BI_049', 'MP_MP_Biker_Tat_049_M', 'MP_MP_Biker_Tat_049_F', 3, 8790),
	(619, 'mpbiker_overlays', 'TAT_BI_054', 'MP_MP_Biker_Tat_054_M', 'MP_MP_Biker_Tat_054_F', 3, 10450),
	(620, 'mpbiker_overlays', 'TAT_BI_055', 'MP_MP_Biker_Tat_055_M', 'MP_MP_Biker_Tat_055_F', 2, 10995),
	(621, 'mpbiker_overlays', 'TAT_BI_053', 'MP_MP_Biker_Tat_053_M', 'MP_MP_Biker_Tat_053_F', 2, 8400),
	(622, 'mpbiker_overlays', 'TAT_BI_057', 'MP_MP_Biker_Tat_057_M', 'MP_MP_Biker_Tat_057_F', 4, 13865),
	(623, 'mpbiker_overlays', 'TAT_BI_060', 'MP_MP_Biker_Tat_060_M', 'MP_MP_Biker_Tat_060_F', 0, 7105),
	(624, 'mpbiker_overlays', 'TAT_BI_056', 'MP_MP_Biker_Tat_056_M', 'MP_MP_Biker_Tat_056_F', 4, 14960),
	(625, 'mpbiker_overlays', 'TAT_BI_059', 'MP_MP_Biker_Tat_059_M', 'MP_MP_Biker_Tat_059_F', 0, 6395),
	(626, 'mpbiker_overlays', 'TAT_BI_058', 'MP_MP_Biker_Tat_058_M', 'MP_MP_Biker_Tat_058_F', 0, 7985),
	(627, 'mpbusiness_overlays', 'TAT_BUS_007', 'MP_Buis_M_Neck_002', '', 1, 1750),
	(628, 'mpbusiness_overlays', 'TAT_BUS_008', 'MP_Buis_M_Neck_003', '', 1, 6900),
	(629, 'mpbusiness_overlays', 'TAT_BUS_003', 'MP_Buis_M_LeftArm_000', '', 2, 3500),
	(630, 'mpbusiness_overlays', 'TAT_BUS_004', 'MP_Buis_M_LeftArm_001', '', 2, 7300),
	(631, 'mpbusiness_overlays', 'TAT_BUS_009', 'MP_Buis_M_RightArm_000', '', 3, 4800),
	(632, 'mpbusiness_overlays', 'TAT_BUS_010', 'MP_Buis_M_RightArm_001', '', 3, 1500),
	(633, 'mpbusiness_overlays', 'TAT_BUS_011', 'MP_Buis_M_Stomach_000', '', 0, 6400),
	(634, 'mpbusiness_overlays', 'TAT_BUS_001', 'MP_Buis_M_Chest_000', '', 0, 3250),
	(635, 'mpbusiness_overlays', 'TAT_BUS_002', 'MP_Buis_M_Chest_001', '', 0, 3500),
	(636, 'mpbusiness_overlays', 'TAT_BUS_000', 'MP_Buis_M_Back_000', '', 0, 5500),
	(637, 'mpbusiness_overlays', 'TAT_BUS_F_002', '', 'MP_Buis_F_Chest_000', 0, 7000),
	(638, 'mpbusiness_overlays', 'TAT_BUS_F_003', '', 'MP_Buis_F_Chest_001', 0, 7200),
	(639, 'mpbusiness_overlays', 'TAT_BUS_F_004', '', 'MP_Buis_F_Chest_002', 0, 1600),
	(640, 'mpbusiness_overlays', 'TAT_BUS_F_011', '', 'MP_Buis_F_Stom_000', 0, 6800),
	(641, 'mpbusiness_overlays', 'TAT_BUS_F_012', '', 'MP_Buis_F_Stom_001', 0, 1800),
	(642, 'mpbusiness_overlays', 'TAT_BUS_F_013', '', 'MP_Buis_F_Stom_002', 0, 1500),
	(643, 'mpbusiness_overlays', 'TAT_BUS_F_000', '', 'MP_Buis_F_Back_000', 0, 4200),
	(644, 'mpbusiness_overlays', 'TAT_BUS_F_001', '', 'MP_Buis_F_Back_001', 0, 4000),
	(645, 'mpbusiness_overlays', 'TAT_BUS_F_007', '', 'MP_Buis_F_Neck_000', 1, 1900),
	(646, 'mpbusiness_overlays', 'TAT_BUS_F_008', '', 'MP_Buis_F_Neck_001', 1, 2500),
	(647, 'mpbusiness_overlays', 'TAT_BUS_F_009', '', 'MP_Buis_F_RArm_000', 3, 4900),
	(648, 'mpbusiness_overlays', 'TAT_BUS_F_005', '', 'MP_Buis_F_LArm_000', 2, 5500),
	(649, 'mpbusiness_overlays', 'TAT_BUS_F_006', '', 'MP_Buis_F_LLeg_000', 4, 4850),
	(650, 'mpbusiness_overlays', 'TAT_BUS_F_010', '', 'MP_Buis_F_RLeg_000', 5, 4500),
	(651, 'mpchristmas2017_overlays', 'TAT_H27_000', 'MP_Christmas2017_Tattoo_000_M', 'MP_Christmas2017_Tattoo_000_F', 0, 13500),
	(652, 'mpchristmas2017_overlays', 'TAT_H27_001', 'MP_Christmas2017_Tattoo_001_M', 'MP_Christmas2017_Tattoo_001_F', 2, 17260),
	(653, 'mpchristmas2017_overlays', 'TAT_H27_002', 'MP_Christmas2017_Tattoo_002_M', 'MP_Christmas2017_Tattoo_002_F', 0, 18360),
	(654, 'mpchristmas2017_overlays', 'TAT_H27_003', 'MP_Christmas2017_Tattoo_003_M', 'MP_Christmas2017_Tattoo_003_F', 0, 17780),
	(655, 'mpchristmas2017_overlays', 'TAT_H27_004', 'MP_Christmas2017_Tattoo_004_M', 'MP_Christmas2017_Tattoo_004_F', 2, 20400),
	(656, 'mpchristmas2017_overlays', 'TAT_H27_005', 'MP_Christmas2017_Tattoo_005_M', 'MP_Christmas2017_Tattoo_005_F', 0, 52660),
	(657, 'mpchristmas2017_overlays', 'TAT_H27_006', 'MP_Christmas2017_Tattoo_006_M', 'MP_Christmas2017_Tattoo_006_F', 3, 22030),
	(658, 'mpchristmas2017_overlays', 'TAT_H27_007', 'MP_Christmas2017_Tattoo_007_M', 'MP_Christmas2017_Tattoo_007_F', 2, 19670),
	(659, 'mpchristmas2017_overlays', 'TAT_H27_008', 'MP_Christmas2017_Tattoo_008_M', 'MP_Christmas2017_Tattoo_008_F', 0, 36800),
	(660, 'mpchristmas2017_overlays', 'TAT_H27_009', 'MP_Christmas2017_Tattoo_009_M', 'MP_Christmas2017_Tattoo_009_F', 0, 23870),
	(661, 'mpchristmas2017_overlays', 'TAT_H27_010', 'MP_Christmas2017_Tattoo_010_M', 'MP_Christmas2017_Tattoo_010_F', 0, 49540),
	(662, 'mpchristmas2017_overlays', 'TAT_H27_011', 'MP_Christmas2017_Tattoo_011_M', 'MP_Christmas2017_Tattoo_011_F', 0, 53950),
	(663, 'mpchristmas2017_overlays', 'TAT_H27_012', 'MP_Christmas2017_Tattoo_012_M', 'MP_Christmas2017_Tattoo_012_F', 3, 21190),
	(664, 'mpchristmas2017_overlays', 'TAT_H27_013', 'MP_Christmas2017_Tattoo_013_M', 'MP_Christmas2017_Tattoo_013_F', 2, 22930),
	(665, 'mpchristmas2017_overlays', 'TAT_H27_014', 'MP_Christmas2017_Tattoo_014_M', 'MP_Christmas2017_Tattoo_014_F', 3, 11860),
	(666, 'mpchristmas2017_overlays', 'TAT_H27_015', 'MP_Christmas2017_Tattoo_015_M', 'MP_Christmas2017_Tattoo_015_F', 0, 50460),
	(667, 'mpchristmas2017_overlays', 'TAT_H27_016', 'MP_Christmas2017_Tattoo_016_M', 'MP_Christmas2017_Tattoo_016_F', 0, 51500),
	(668, 'mpchristmas2017_overlays', 'TAT_H27_017', 'MP_Christmas2017_Tattoo_017_M', 'MP_Christmas2017_Tattoo_017_F', 3, 32080),
	(669, 'mpchristmas2017_overlays', 'TAT_H27_018', 'MP_Christmas2017_Tattoo_018_M', 'MP_Christmas2017_Tattoo_018_F', 3, 34410),
	(670, 'mpchristmas2017_overlays', 'TAT_H27_019', 'MP_Christmas2017_Tattoo_019_M', 'MP_Christmas2017_Tattoo_019_F', 0, 16780),
	(671, 'mpchristmas2017_overlays', 'TAT_H27_020', 'MP_Christmas2017_Tattoo_020_M', 'MP_Christmas2017_Tattoo_020_F', 0, 46890),
	(672, 'mpchristmas2017_overlays', 'TAT_H27_021', 'MP_Christmas2017_Tattoo_021_M', 'MP_Christmas2017_Tattoo_021_F', 0, 24870),
	(673, 'mpchristmas2017_overlays', 'TAT_H27_022', 'MP_Christmas2017_Tattoo_022_M', 'MP_Christmas2017_Tattoo_022_F', 0, 29970),
	(674, 'mpchristmas2017_overlays', 'TAT_H27_023', 'MP_Christmas2017_Tattoo_023_M', 'MP_Christmas2017_Tattoo_023_F', 3, 39240),
	(675, 'mpchristmas2017_overlays', 'TAT_H27_024', 'MP_Christmas2017_Tattoo_024_M', 'MP_Christmas2017_Tattoo_024_F', 0, 41740),
	(676, 'mpchristmas2017_overlays', 'TAT_H27_025', 'MP_Christmas2017_Tattoo_025_M', 'MP_Christmas2017_Tattoo_025_F', 2, 27560),
	(677, 'mpchristmas2017_overlays', 'TAT_H27_026', 'MP_Christmas2017_Tattoo_026_M', 'MP_Christmas2017_Tattoo_026_F', 0, 18980),
	(678, 'mpchristmas2017_overlays', 'TAT_H27_027', 'MP_Christmas2017_Tattoo_027_M', 'MP_Christmas2017_Tattoo_027_F', 0, 44280),
	(679, 'mpchristmas2017_overlays', 'TAT_H27_028', 'MP_Christmas2017_Tattoo_028_M', 'MP_Christmas2017_Tattoo_028_F', 3, 15150),
	(680, 'mpchristmas2017_overlays', 'TAT_H27_029', 'MP_Christmas2017_Tattoo_029_M', 'MP_Christmas2017_Tattoo_029_F', 2, 25920),
	(681, 'mpchristmas2018_overlays', 'TAT_AW_000', 'MP_Christmas2018_Tat_000_M', 'MP_Christmas2018_Tat_000_F', 0, 100),
	(682, 'mpchristmas2_overlays', 'TAT_X2_000', 'MP_Xmas2_M_Tat_000', 'MP_Xmas2_F_Tat_000', 2, 5950),
	(683, 'mpchristmas2_overlays', 'TAT_X2_001', 'MP_Xmas2_M_Tat_001', 'MP_Xmas2_F_Tat_001', 4, 4650),
	(684, 'mpchristmas2_overlays', 'TAT_X2_002', 'MP_Xmas2_M_Tat_002', 'MP_Xmas2_F_Tat_002', 4, 6350),
	(685, 'mpchristmas2_overlays', 'TAT_X2_003', 'MP_Xmas2_M_Tat_003', 'MP_Xmas2_F_Tat_003', 3, 8450),
	(686, 'mpchristmas2_overlays', 'TAT_X2_004', 'MP_Xmas2_M_Tat_004', 'MP_Xmas2_F_Tat_004', 3, 13250),
	(687, 'mpchristmas2_overlays', 'TAT_X2_005', 'MP_Xmas2_M_Tat_005', 'MP_Xmas2_F_Tat_005', 0, 8750),
	(688, 'mpchristmas2_overlays', 'TAT_X2_006', 'MP_Xmas2_M_Tat_006', 'MP_Xmas2_F_Tat_006', 0, 14500),
	(689, 'mpchristmas2_overlays', 'TAT_X2_007', 'MP_Xmas2_M_Tat_007', 'MP_Xmas2_F_Tat_007', 1, 3950),
	(690, 'mpchristmas2_overlays', 'TAT_X2_008', 'MP_Xmas2_M_Tat_008', 'MP_Xmas2_F_Tat_008', 3, 4300),
	(691, 'mpchristmas2_overlays', 'TAT_X2_009', 'MP_Xmas2_M_Tat_009', 'MP_Xmas2_F_Tat_009', 0, 7800),
	(692, 'mpchristmas2_overlays', 'TAT_X2_010', 'MP_Xmas2_M_Tat_010', 'MP_Xmas2_F_Tat_010', 2, 6200),
	(693, 'mpchristmas2_overlays', 'TAT_X2_011', 'MP_Xmas2_M_Tat_011', 'MP_Xmas2_F_Tat_011', 0, 6850),
	(694, 'mpchristmas2_overlays', 'TAT_X2_012', 'MP_Xmas2_M_Tat_012', 'MP_Xmas2_F_Tat_012', 2, 8250),
	(695, 'mpchristmas2_overlays', 'TAT_X2_013', 'MP_Xmas2_M_Tat_013', 'MP_Xmas2_F_Tat_013', 0, 7900),
	(696, 'mpchristmas2_overlays', 'TAT_X2_014', 'MP_Xmas2_M_Tat_014', 'MP_Xmas2_F_Tat_014', 5, 10500),
	(697, 'mpchristmas2_overlays', 'TAT_X2_015', 'MP_Xmas2_M_Tat_015', 'MP_Xmas2_F_Tat_015', 0, 11000),
	(698, 'mpchristmas2_overlays', 'TAT_X2_016', 'MP_Xmas2_M_Tat_016', 'MP_Xmas2_F_Tat_016', 0, 3150),
	(699, 'mpchristmas2_overlays', 'TAT_X2_017', 'MP_Xmas2_M_Tat_017', 'MP_Xmas2_F_Tat_017', 0, 6350),
	(700, 'mpchristmas2_overlays', 'TAT_X2_018', 'MP_Xmas2_M_Tat_018', 'MP_Xmas2_F_Tat_018', 0, 4300),
	(701, 'mpchristmas2_overlays', 'TAT_X2_019', 'MP_Xmas2_M_Tat_019', 'MP_Xmas2_F_Tat_019', 0, 7500),
	(702, 'mpchristmas2_overlays', 'TAT_X2_020', 'MP_Xmas2_M_Tat_020', 'MP_Xmas2_F_Tat_020', 2, 2500),
	(703, 'mpchristmas2_overlays', 'TAT_X2_021', 'MP_Xmas2_M_Tat_021', 'MP_Xmas2_F_Tat_021', 2, 3750),
	(704, 'mpchristmas2_overlays', 'TAT_X2_022', 'MP_Xmas2_M_Tat_022', 'MP_Xmas2_F_Tat_022', 3, 3800),
	(705, 'mpchristmas2_overlays', 'TAT_X2_023', 'MP_Xmas2_M_Tat_023', 'MP_Xmas2_F_Tat_023', 3, 5100),
	(706, 'mpchristmas2_overlays', 'TAT_X2_024', 'MP_Xmas2_M_Tat_024', 'MP_Xmas2_F_Tat_024', 1, 2100),
	(707, 'mpchristmas2_overlays', 'TAT_X2_025', 'MP_Xmas2_M_Tat_025', 'MP_Xmas2_F_Tat_025', 1, 4600),
	(708, 'mpchristmas2_overlays', 'TAT_X2_026', 'MP_Xmas2_M_Tat_026', 'MP_Xmas2_F_Tat_026', 3, 1300),
	(709, 'mpchristmas2_overlays', 'TAT_X2_027', 'MP_Xmas2_M_Tat_027', 'MP_Xmas2_F_Tat_027', 3, 2200),
	(710, 'mpchristmas2_overlays', 'TAT_X2_028', 'MP_Xmas2_M_Tat_028', 'MP_Xmas2_F_Tat_028', 0, 5700),
	(711, 'mpchristmas2_overlays', 'TAT_X2_029', 'MP_Xmas2_M_Tat_029', 'MP_Xmas2_F_Tat_029', 1, 3150),
	(712, 'mpgunrunning_overlays', 'TAT_GR_000', 'MP_Gunrunning_Tattoo_000_M', 'MP_Gunrunning_Tattoo_000_F', 0, 16985),
	(713, 'mpgunrunning_overlays', 'TAT_GR_001', 'MP_Gunrunning_Tattoo_001_M', 'MP_Gunrunning_Tattoo_001_F', 0, 19355),
	(714, 'mpgunrunning_overlays', 'TAT_GR_002', 'MP_Gunrunning_Tattoo_002_M', 'MP_Gunrunning_Tattoo_002_F', 3, 14650),
	(715, 'mpgunrunning_overlays', 'TAT_GR_003', 'MP_Gunrunning_Tattoo_003_M', 'MP_Gunrunning_Tattoo_003_F', 1, 8750),
	(716, 'mpgunrunning_overlays', 'TAT_GR_004', 'MP_Gunrunning_Tattoo_004_M', 'MP_Gunrunning_Tattoo_004_F', 2, 11285),
	(717, 'mpgunrunning_overlays', 'TAT_GR_005', 'MP_Gunrunning_Tattoo_005_M', 'MP_Gunrunning_Tattoo_005_F', 4, 9120),
	(718, 'mpgunrunning_overlays', 'TAT_GR_006', 'MP_Gunrunning_Tattoo_006_M', 'MP_Gunrunning_Tattoo_006_F', 5, 10670),
	(719, 'mpgunrunning_overlays', 'TAT_GR_007', 'MP_Gunrunning_Tattoo_007_M', 'MP_Gunrunning_Tattoo_007_F', 4, 9660),
	(720, 'mpgunrunning_overlays', 'TAT_GR_008', 'MP_Gunrunning_Tattoo_008_M', 'MP_Gunrunning_Tattoo_008_F', 2, 13445),
	(721, 'mpgunrunning_overlays', 'TAT_GR_009', 'MP_Gunrunning_Tattoo_009_M', 'MP_Gunrunning_Tattoo_009_F', 0, 14650),
	(722, 'mpgunrunning_overlays', 'TAT_GR_010', 'MP_Gunrunning_Tattoo_010_M', 'MP_Gunrunning_Tattoo_010_F', 0, 19050),
	(723, 'mpgunrunning_overlays', 'TAT_GR_011', 'MP_Gunrunning_Tattoo_011_M', 'MP_Gunrunning_Tattoo_011_F', 4, 9785),
	(724, 'mpgunrunning_overlays', 'TAT_GR_012', 'MP_Gunrunning_Tattoo_012_M', 'MP_Gunrunning_Tattoo_012_F', 0, 15060),
	(725, 'mpgunrunning_overlays', 'TAT_GR_013', 'MP_Gunrunning_Tattoo_013_M', 'MP_Gunrunning_Tattoo_013_F', 0, 16115),
	(726, 'mpgunrunning_overlays', 'TAT_GR_014', 'MP_Gunrunning_Tattoo_014_M', 'MP_Gunrunning_Tattoo_014_F', 0, 17200),
	(727, 'mpgunrunning_overlays', 'TAT_GR_015', 'MP_Gunrunning_Tattoo_015_M', 'MP_Gunrunning_Tattoo_015_F', 2, 10425),
	(728, 'mpgunrunning_overlays', 'TAT_GR_016', 'MP_Gunrunning_Tattoo_016_M', 'MP_Gunrunning_Tattoo_016_F', 2, 10360),
	(729, 'mpgunrunning_overlays', 'TAT_GR_017', 'MP_Gunrunning_Tattoo_017_M', 'MP_Gunrunning_Tattoo_017_F', 0, 8980),
	(730, 'mpgunrunning_overlays', 'TAT_GR_018', 'MP_Gunrunning_Tattoo_018_M', 'MP_Gunrunning_Tattoo_018_F', 0, 17755),
	(731, 'mpgunrunning_overlays', 'TAT_GR_019', 'MP_Gunrunning_Tattoo_019_M', 'MP_Gunrunning_Tattoo_019_F', 0, 18025),
	(732, 'mpgunrunning_overlays', 'TAT_GR_020', 'MP_Gunrunning_Tattoo_020_M', 'MP_Gunrunning_Tattoo_020_F', 0, 19875),
	(733, 'mpgunrunning_overlays', 'TAT_GR_021', 'MP_Gunrunning_Tattoo_021_M', 'MP_Gunrunning_Tattoo_021_F', 3, 9460),
	(734, 'mpgunrunning_overlays', 'TAT_GR_024', 'MP_Gunrunning_Tattoo_024_M', 'MP_Gunrunning_Tattoo_024_F', 3, 10340),
	(735, 'mpgunrunning_overlays', 'TAT_GR_025', 'MP_Gunrunning_Tattoo_025_M', 'MP_Gunrunning_Tattoo_025_F', 2, 12150),
	(736, 'mpgunrunning_overlays', 'TAT_GR_023', 'MP_Gunrunning_Tattoo_023_M', 'MP_Gunrunning_Tattoo_023_F', 4, 8880),
	(737, 'mpgunrunning_overlays', 'TAT_GR_022', 'MP_Gunrunning_Tattoo_022_M', 'MP_Gunrunning_Tattoo_022_F', 0, 10825),
	(738, 'mpgunrunning_overlays', 'TAT_GR_027', 'MP_Gunrunning_Tattoo_027_M', 'MP_Gunrunning_Tattoo_027_F', 2, 8420),
	(739, 'mpgunrunning_overlays', 'TAT_GR_026', 'MP_Gunrunning_Tattoo_026_M', 'MP_Gunrunning_Tattoo_026_F', 5, 11510),
	(740, 'mpgunrunning_overlays', 'TAT_GR_028', 'MP_Gunrunning_Tattoo_028_M', 'MP_Gunrunning_Tattoo_028_F', 0, 9960),
	(741, 'mpgunrunning_overlays', 'TAT_GR_029', 'MP_Gunrunning_Tattoo_029_M', 'MP_Gunrunning_Tattoo_029_F', 0, 14090),
	(742, 'mphipster_overlays', 'TAT_HP_000', 'FM_Hip_M_Tat_000', 'FM_Hip_F_Tat_000', 0, 6750),
	(743, 'mphipster_overlays', 'TAT_HP_001', 'FM_Hip_M_Tat_001', 'FM_Hip_F_Tat_001', 3, 2000),
	(744, 'mpgunrunning_overlays', 'TAT_GR_030', 'MP_Gunrunning_Tattoo_030_M', 'MP_Gunrunning_Tattoo_030_F', 5, 11050),
	(745, 'mphipster_overlays', 'TAT_HP_003', 'FM_Hip_M_Tat_003', 'FM_Hip_F_Tat_003', 2, 2100),
	(746, 'mphipster_overlays', 'TAT_HP_002', 'FM_Hip_M_Tat_002', 'FM_Hip_F_Tat_002', 0, 2900),
	(747, 'mphipster_overlays', 'TAT_HP_005', 'FM_Hip_M_Tat_005', 'FM_Hip_F_Tat_005', 1, 7450),
	(748, 'mphipster_overlays', 'TAT_HP_006', 'FM_Hip_M_Tat_006', 'FM_Hip_F_Tat_006', 0, 4550),
	(749, 'mphipster_overlays', 'TAT_HP_004', 'FM_Hip_M_Tat_004', 'FM_Hip_F_Tat_004', 3, 2900),
	(750, 'mphipster_overlays', 'TAT_HP_007', 'FM_Hip_M_Tat_007', 'FM_Hip_F_Tat_007', 2, 6000),
	(751, 'mphipster_overlays', 'TAT_HP_008', 'FM_Hip_M_Tat_008', 'FM_Hip_F_Tat_008', 3, 4850),
	(752, 'mphipster_overlays', 'TAT_HP_011', 'FM_Hip_M_Tat_011', 'FM_Hip_F_Tat_011', 0, 3000),
	(753, 'mphipster_overlays', 'TAT_HP_010', 'FM_Hip_M_Tat_010', 'FM_Hip_F_Tat_010', 3, 3150),
	(754, 'mphipster_overlays', 'TAT_HP_009', 'FM_Hip_M_Tat_009', 'FM_Hip_F_Tat_009', 4, 4000),
	(755, 'mphipster_overlays', 'TAT_HP_013', 'FM_Hip_M_Tat_013', 'FM_Hip_F_Tat_013', 0, 6950),
	(756, 'mphipster_overlays', 'TAT_HP_012', 'FM_Hip_M_Tat_012', 'FM_Hip_F_Tat_012', 0, 6500),
	(757, 'mphipster_overlays', 'TAT_HP_014', 'FM_Hip_M_Tat_014', 'FM_Hip_F_Tat_014', 3, 4300),
	(758, 'mphipster_overlays', 'TAT_HP_015', 'FM_Hip_M_Tat_015', 'FM_Hip_F_Tat_015', 2, 3400),
	(759, 'mphipster_overlays', 'TAT_HP_016', 'FM_Hip_M_Tat_016', 'FM_Hip_F_Tat_016', 2, 3700),
	(760, 'mphipster_overlays', 'TAT_HP_017', 'FM_Hip_M_Tat_017', 'FM_Hip_F_Tat_017', 3, 2650),
	(761, 'mphipster_overlays', 'TAT_HP_018', 'FM_Hip_M_Tat_018', 'FM_Hip_F_Tat_018', 3, 1800),
	(762, 'mphipster_overlays', 'TAT_HP_019', 'FM_Hip_M_Tat_019', 'FM_Hip_F_Tat_019', 4, 3400),
	(763, 'mphipster_overlays', 'TAT_HP_020', 'FM_Hip_M_Tat_020', 'FM_Hip_F_Tat_020', 3, 7350),
	(764, 'mphipster_overlays', 'TAT_HP_021', 'FM_Hip_M_Tat_021', 'FM_Hip_F_Tat_021', 1, 7850),
	(765, 'mphipster_overlays', 'TAT_HP_022', 'FM_Hip_M_Tat_022', 'FM_Hip_F_Tat_022', 3, 2250),
	(766, 'mphipster_overlays', 'TAT_HP_023', 'FM_Hip_M_Tat_023', 'FM_Hip_F_Tat_023', 3, 7000),
	(767, 'mphipster_overlays', 'TAT_HP_024', 'FM_Hip_M_Tat_024', 'FM_Hip_F_Tat_024', 0, 2950),
	(768, 'mphipster_overlays', 'TAT_HP_025', 'FM_Hip_M_Tat_025', 'FM_Hip_F_Tat_025', 0, 3500),
	(769, 'mphipster_overlays', 'TAT_HP_026', 'FM_Hip_M_Tat_026', 'FM_Hip_F_Tat_026', 2, 2400),
	(770, 'mphipster_overlays', 'TAT_HP_027', 'FM_Hip_M_Tat_027', 'FM_Hip_F_Tat_027', 2, 5750),
	(771, 'mphipster_overlays', 'TAT_HP_029', 'FM_Hip_M_Tat_029', 'FM_Hip_F_Tat_029', 0, 1850),
	(772, 'mphipster_overlays', 'TAT_HP_028', 'FM_Hip_M_Tat_028', 'FM_Hip_F_Tat_028', 2, 4800),
	(773, 'mphipster_overlays', 'TAT_HP_031', 'FM_Hip_M_Tat_031', 'FM_Hip_F_Tat_031', 0, 4950),
	(774, 'mphipster_overlays', 'TAT_HP_030', 'FM_Hip_M_Tat_030', 'FM_Hip_F_Tat_030', 0, 2250),
	(775, 'mphipster_overlays', 'TAT_HP_032', 'FM_Hip_M_Tat_032', 'FM_Hip_F_Tat_032', 0, 4350),
	(776, 'mphipster_overlays', 'TAT_HP_033', 'FM_Hip_M_Tat_033', 'FM_Hip_F_Tat_033', 0, 6950),
	(777, 'mphipster_overlays', 'TAT_HP_035', 'FM_Hip_M_Tat_035', 'FM_Hip_F_Tat_035', 0, 7500),
	(778, 'mphipster_overlays', 'TAT_HP_034', 'FM_Hip_M_Tat_034', 'FM_Hip_F_Tat_034', 2, 9500),
	(779, 'mphipster_overlays', 'TAT_HP_036', 'FM_Hip_M_Tat_036', 'FM_Hip_F_Tat_036', 3, 5150),
	(780, 'mphipster_overlays', 'TAT_HP_037', 'FM_Hip_M_Tat_037', 'FM_Hip_F_Tat_037', 2, 3750),
	(781, 'mphipster_overlays', 'TAT_HP_039', 'FM_Hip_M_Tat_039', 'FM_Hip_F_Tat_039', 2, 10000),
	(782, 'mphipster_overlays', 'TAT_HP_040', 'FM_Hip_M_Tat_040', 'FM_Hip_F_Tat_040', 4, 2950),
	(783, 'mphipster_overlays', 'TAT_HP_041', 'FM_Hip_M_Tat_041', 'FM_Hip_F_Tat_041', 0, 2575),
	(784, 'mphipster_overlays', 'TAT_HP_043', 'FM_Hip_M_Tat_043', 'FM_Hip_F_Tat_043', 2, 5500),
	(785, 'mphipster_overlays', 'TAT_HP_038', 'FM_Hip_M_Tat_038', 'FM_Hip_F_Tat_038', 5, 3500),
	(786, 'mphipster_overlays', 'TAT_HP_044', 'FM_Hip_M_Tat_044', 'FM_Hip_F_Tat_044', 3, 5500),
	(787, 'mphipster_overlays', 'TAT_HP_042', 'FM_Hip_M_Tat_042', 'FM_Hip_F_Tat_042', 5, 4300),
	(788, 'mphipster_overlays', 'TAT_HP_047', 'FM_Hip_M_Tat_047', 'FM_Hip_F_Tat_047', 0, 1900),
	(789, 'mphipster_overlays', 'TAT_HP_045', 'FM_Hip_M_Tat_045', 'FM_Hip_F_Tat_045', 3, 4000),
	(790, 'mphipster_overlays', 'TAT_HP_046', 'FM_Hip_M_Tat_046', 'FM_Hip_F_Tat_046', 0, 3750),
	(791, 'mphipster_overlays', 'TAT_HP_048', 'FM_Hip_M_Tat_048', 'FM_Hip_F_Tat_048', 2, 7850),
	(792, 'mpimportexport_overlays', 'TAT_IE_000', 'MP_MP_ImportExport_Tat_000_M', 'MP_MP_ImportExport_Tat_000_F', 0, 13780),
	(793, 'mpimportexport_overlays', 'TAT_IE_001', 'MP_MP_ImportExport_Tat_001_M', 'MP_MP_ImportExport_Tat_001_F', 0, 12900),
	(794, 'mpimportexport_overlays', 'TAT_IE_002', 'MP_MP_ImportExport_Tat_002_M', 'MP_MP_ImportExport_Tat_002_F', 0, 12120),
	(795, 'mpimportexport_overlays', 'TAT_IE_003', 'MP_MP_ImportExport_Tat_003_M', 'MP_MP_ImportExport_Tat_003_F', 3, 17200),
	(796, 'mpimportexport_overlays', 'TAT_IE_004', 'MP_MP_ImportExport_Tat_004_M', 'MP_MP_ImportExport_Tat_004_F', 2, 16350),
	(797, 'mpimportexport_overlays', 'TAT_IE_005', 'MP_MP_ImportExport_Tat_005_M', 'MP_MP_ImportExport_Tat_005_F', 3, 18615),
	(798, 'mpimportexport_overlays', 'TAT_IE_006', 'MP_MP_ImportExport_Tat_006_M', 'MP_MP_ImportExport_Tat_006_F', 3, 15720),
	(799, 'mpimportexport_overlays', 'TAT_IE_007', 'MP_MP_ImportExport_Tat_007_M', 'MP_MP_ImportExport_Tat_007_F', 3, 16685),
	(800, 'mpimportexport_overlays', 'TAT_IE_009', 'MP_MP_ImportExport_Tat_009_M', 'MP_MP_ImportExport_Tat_009_F', 0, 16500),
	(801, 'mpimportexport_overlays', 'TAT_IE_008', 'MP_MP_ImportExport_Tat_008_M', 'MP_MP_ImportExport_Tat_008_F', 2, 19900),
	(802, 'mplowrider2_overlays', 'TAT_S2_000', 'MP_LR_Tat_000_M', 'MP_LR_Tat_000_F', 0, 19000),
	(803, 'mpimportexport_overlays', 'TAT_IE_011', 'MP_MP_ImportExport_Tat_011_M', 'MP_MP_ImportExport_Tat_011_F', 0, 15985),
	(804, 'mpimportexport_overlays', 'TAT_IE_010', 'MP_MP_ImportExport_Tat_010_M', 'MP_MP_ImportExport_Tat_010_F', 0, 14235),
	(805, 'mplowrider2_overlays', 'TAT_S2_003', 'MP_LR_Tat_003_M', 'MP_LR_Tat_003_F', 3, 5950),
	(806, 'mplowrider2_overlays', 'TAT_S2_006', 'MP_LR_Tat_006_M', 'MP_LR_Tat_006_F', 2, 7450),
	(807, 'mplowrider2_overlays', 'TAT_S2_016', 'MP_LR_Tat_016_M', 'MP_LR_Tat_016_F', 0, 6400),
	(808, 'mplowrider2_overlays', 'TAT_S2_018', 'MP_LR_Tat_018_M', 'MP_LR_Tat_018_F', 2, 11000),
	(809, 'mplowrider2_overlays', 'TAT_S2_012', 'MP_LR_Tat_012_M', 'MP_LR_Tat_012_F', 0, 7650),
	(810, 'mplowrider2_overlays', 'TAT_S2_008', 'MP_LR_Tat_008_M', 'MP_LR_Tat_008_F', 0, 18750),
	(811, 'mplowrider2_overlays', 'TAT_S2_011', 'MP_LR_Tat_011_M', 'MP_LR_Tat_011_F', 0, 8000),
	(812, 'mplowrider2_overlays', 'TAT_S2_019', 'MP_LR_Tat_019_M', 'MP_LR_Tat_019_F', 0, 9750),
	(813, 'mplowrider2_overlays', 'TAT_S2_028', 'MP_LR_Tat_028_M', 'MP_LR_Tat_028_F', 3, 8800),
	(814, 'mplowrider2_overlays', 'TAT_S2_029', 'MP_LR_Tat_029_M', 'MP_LR_Tat_029_F', 4, 6250),
	(815, 'mplowrider2_overlays', 'TAT_S2_030', 'MP_LR_Tat_030_M', 'MP_LR_Tat_030_F', 5, 8150),
	(816, 'mplowrider2_overlays', 'TAT_S2_022', 'MP_LR_Tat_022_M', 'MP_LR_Tat_022_F', 2, 7350),
	(817, 'mplowrider2_overlays', 'TAT_S2_031', 'MP_LR_Tat_031_M', 'MP_LR_Tat_031_F', 0, 16500),
	(818, 'mplowrider2_overlays', 'TAT_S2_032', 'MP_LR_Tat_032_M', 'MP_LR_Tat_032_F', 0, 18500),
	(819, 'mplowrider2_overlays', 'TAT_S2_035', 'MP_LR_Tat_035_M', 'MP_LR_Tat_035_F', 3, 8250),
	(820, 'mplowrider_overlays', 'TAT_S1_001', 'MP_LR_Tat_001_M', 'MP_LR_Tat_001_F', 0, 6100),
	(821, 'mplowrider_overlays', 'TAT_S1_002', 'MP_LR_Tat_002_M', 'MP_LR_Tat_002_F', 0, 10250),
	(822, 'mplowrider_overlays', 'TAT_S1_004', 'MP_LR_Tat_004_M', 'MP_LR_Tat_004_F', 0, 3500),
	(823, 'mplowrider_overlays', 'TAT_S1_005', 'MP_LR_Tat_005_M', 'MP_LR_Tat_005_F', 2, 5900),
	(824, 'mplowrider_overlays', 'TAT_S1_007', 'MP_LR_Tat_007_M', 'MP_LR_Tat_007_F', 4, 5500),
	(825, 'mplowrider_overlays', 'TAT_S1_009', 'MP_LR_Tat_009_M', 'MP_LR_Tat_009_F', 0, 9500),
	(826, 'mplowrider_overlays', 'TAT_S1_010', 'MP_LR_Tat_010_M', 'MP_LR_Tat_010_F', 0, 16500),
	(827, 'mplowrider_overlays', 'TAT_S1_013', 'MP_LR_Tat_013_M', 'MP_LR_Tat_013_F', 0, 8300),
	(828, 'mplowrider_overlays', 'TAT_S1_014', 'MP_LR_Tat_014_M', 'MP_LR_Tat_014_F', 0, 17750),
	(829, 'mplowrider_overlays', 'TAT_S1_015', 'MP_LR_Tat_015_M', 'MP_LR_Tat_015_F', 3, 6150),
	(830, 'mplowrider_overlays', 'TAT_S1_017', 'MP_LR_Tat_017_M', 'MP_LR_Tat_017_F', 5, 7700),
	(831, 'mplowrider_overlays', 'TAT_S1_020', 'MP_LR_Tat_020_M', 'MP_LR_Tat_020_F', 4, 6850),
	(832, 'mplowrider_overlays', 'TAT_S1_021', 'MP_LR_Tat_021_M', 'MP_LR_Tat_021_F', 0, 15000),
	(833, 'mplowrider_overlays', 'TAT_S1_026', 'MP_LR_Tat_026_M', 'MP_LR_Tat_026_F', 0, 7400),
	(834, 'mplowrider_overlays', 'TAT_S1_023', 'MP_LR_Tat_023_M', 'MP_LR_Tat_023_F', 5, 6500),
	(835, 'mplowrider_overlays', 'TAT_S1_027', 'MP_LR_Tat_027_M', 'MP_LR_Tat_027_F', 2, 7800),
	(836, 'mplowrider_overlays', 'TAT_S1_033', 'MP_LR_Tat_033_M', 'MP_LR_Tat_033_F', 2, 10000),
	(837, 'mpluxe2_overlays', 'TAT_L2_002', 'MP_LUXE_TAT_002_M', 'MP_LUXE_TAT_002_F', 0, 11000),
	(838, 'mpluxe2_overlays', 'TAT_L2_017', 'MP_LUXE_TAT_017_M', 'MP_LUXE_TAT_017_F', 3, 21550),
	(839, 'mpluxe2_overlays', 'TAT_L2_010', 'MP_LUXE_TAT_010_M', 'MP_LUXE_TAT_010_F', 3, 14650),
	(840, 'mpluxe2_overlays', 'TAT_L2_023', 'MP_LUXE_TAT_023_M', 'MP_LUXE_TAT_023_F', 5, 15600),
	(841, 'mpluxe2_overlays', 'TAT_L2_016', 'MP_LUXE_TAT_016_M', 'MP_LUXE_TAT_016_F', 2, 18600),
	(842, 'mpluxe2_overlays', 'TAT_L2_012', 'MP_LUXE_TAT_012_M', 'MP_LUXE_TAT_012_F', 0, 26500),
	(843, 'mpluxe2_overlays', 'TAT_L2_011', 'MP_LUXE_TAT_011_M', 'MP_LUXE_TAT_011_F', 4, 13250),
	(844, 'mpluxe2_overlays', 'TAT_L2_005', 'MP_LUXE_TAT_005_M', 'MP_LUXE_TAT_005_F', 2, 10250),
	(845, 'mpluxe2_overlays', 'TAT_L2_018', 'MP_LUXE_TAT_018_M', 'MP_LUXE_TAT_018_F', 2, 23400),
	(846, 'mpluxe2_overlays', 'TAT_L2_022', 'MP_LUXE_TAT_022_M', 'MP_LUXE_TAT_022_F', 0, 28500),
	(847, 'mpluxe2_overlays', 'TAT_L2_030', 'MP_LUXE_TAT_030_M', 'MP_LUXE_TAT_030_F', 3, 0),
	(848, 'mpluxe_overlays', 'TAT_LX_000', 'MP_LUXE_TAT_000_M', 'MP_LUXE_TAT_000_F', 4, 11900),
	(849, 'mpluxe2_overlays', 'TAT_L2_029', 'MP_LUXE_TAT_029_M', 'MP_LUXE_TAT_029_F', 0, 30000),
	(850, 'mpluxe_overlays', 'TAT_LX_004', 'MP_LUXE_TAT_004_M', 'MP_LUXE_TAT_004_F', 3, 12200),
	(851, 'mpluxe2_overlays', 'TAT_L2_028', 'MP_LUXE_TAT_028_M', 'MP_LUXE_TAT_028_F', 2, 11300),
	(852, 'mpluxe_overlays', 'TAT_LX_006', 'MP_LUXE_TAT_006_M', 'MP_LUXE_TAT_006_F', 0, 25000),
	(853, 'mpluxe2_overlays', 'TAT_L2_027', 'MP_LUXE_TAT_027_M', 'MP_LUXE_TAT_027_F', 0, 12750),
	(854, 'mpluxe2_overlays', 'TAT_L2_026', 'MP_LUXE_TAT_026_M', 'MP_LUXE_TAT_026_F', 3, 14700),
	(855, 'mpluxe2_overlays', 'TAT_L2_031', 'MP_LUXE_TAT_031_M', 'MP_LUXE_TAT_031_F', 2, 0),
	(856, 'mpluxe_overlays', 'TAT_LX_003', 'MP_LUXE_TAT_003_M', 'MP_LUXE_TAT_003_F', 0, 8350),
	(857, 'mpluxe_overlays', 'TAT_LX_007', 'MP_LUXE_TAT_007_M', 'MP_LUXE_TAT_007_F', 0, 12450),
	(858, 'mpluxe_overlays', 'TAT_LX_001', 'MP_LUXE_TAT_001_M', 'MP_LUXE_TAT_001_F', 5, 14350),
	(859, 'mpluxe_overlays', 'TAT_LX_008', 'MP_LUXE_TAT_008_M', 'MP_LUXE_TAT_008_F', 0, 18000),
	(860, 'mpluxe2_overlays', 'TAT_L2_025', 'MP_LUXE_TAT_025_M', 'MP_LUXE_TAT_025_F', 0, 11500),
	(861, 'mpluxe_overlays', 'TAT_LX_009', 'MP_LUXE_TAT_009_M', 'MP_LUXE_TAT_009_F', 2, 19150),
	(862, 'mpluxe_overlays', 'TAT_LX_013', 'MP_LUXE_TAT_013_M', 'MP_LUXE_TAT_013_F', 3, 16900),
	(863, 'mpluxe_overlays', 'TAT_LX_014', 'MP_LUXE_TAT_014_M', 'MP_LUXE_TAT_014_F', 0, 18200),
	(864, 'mpluxe_overlays', 'TAT_LX_015', 'MP_LUXE_TAT_015_M', 'MP_LUXE_TAT_015_F', 0, 16250),
	(865, 'mpluxe_overlays', 'TAT_LX_019', 'MP_LUXE_TAT_019_M', 'MP_LUXE_TAT_019_F', 3, 16850),
	(866, 'mpluxe_overlays', 'TAT_LX_020', 'MP_LUXE_TAT_020_M', 'MP_LUXE_TAT_020_F', 2, 22500),
	(867, 'mpluxe_overlays', 'TAT_LX_021', 'MP_LUXE_TAT_021_M', 'MP_LUXE_TAT_021_F', 2, 12850),
	(868, 'mpsmuggler_overlays', 'TAT_SM_000', 'MP_Smuggler_Tattoo_000_M', 'MP_Smuggler_Tattoo_000_F', 0, 11270),
	(869, 'mpluxe_overlays', 'TAT_LX_024', 'MP_LUXE_TAT_024_M', 'MP_LUXE_TAT_024_F', 0, 27250),
	(870, 'mpsmuggler_overlays', 'TAT_SM_001', 'MP_Smuggler_Tattoo_001_M', 'MP_Smuggler_Tattoo_001_F', 3, 10825),
	(871, 'mpsmuggler_overlays', 'TAT_SM_002', 'MP_Smuggler_Tattoo_002_M', 'MP_Smuggler_Tattoo_002_F', 0, 12430),
	(872, 'mpsmuggler_overlays', 'TAT_SM_003', 'MP_Smuggler_Tattoo_003_M', 'MP_Smuggler_Tattoo_003_F', 0, 13090),
	(873, 'mpsmuggler_overlays', 'TAT_SM_004', 'MP_Smuggler_Tattoo_004_M', 'MP_Smuggler_Tattoo_004_F', 2, 8150),
	(874, 'mpsmuggler_overlays', 'TAT_SM_005', 'MP_Smuggler_Tattoo_005_M', 'MP_Smuggler_Tattoo_005_F', 3, 7920),
	(875, 'mpsmuggler_overlays', 'TAT_SM_006', 'MP_Smuggler_Tattoo_006_M', 'MP_Smuggler_Tattoo_006_F', 0, 9475),
	(876, 'mpsmuggler_overlays', 'TAT_SM_007', 'MP_Smuggler_Tattoo_007_M', 'MP_Smuggler_Tattoo_007_F', 0, 8525),
	(877, 'mpsmuggler_overlays', 'TAT_SM_009', 'MP_Smuggler_Tattoo_009_M', 'MP_Smuggler_Tattoo_009_F', 0, 16625),
	(878, 'mpsmuggler_overlays', 'TAT_SM_008', 'MP_Smuggler_Tattoo_008_M', 'MP_Smuggler_Tattoo_008_F', 2, 11045),
	(879, 'mpsmuggler_overlays', 'TAT_SM_010', 'MP_Smuggler_Tattoo_010_M', 'MP_Smuggler_Tattoo_010_F', 0, 12815),
	(880, 'mpsmuggler_overlays', 'TAT_SM_011', 'MP_Smuggler_Tattoo_011_M', 'MP_Smuggler_Tattoo_011_F', 1, 8110),
	(881, 'mpsmuggler_overlays', 'TAT_SM_012', 'MP_Smuggler_Tattoo_012_M', 'MP_Smuggler_Tattoo_012_F', 1, 10720),
	(882, 'mpsmuggler_overlays', 'TAT_SM_013', 'MP_Smuggler_Tattoo_013_M', 'MP_Smuggler_Tattoo_013_F', 0, 10540),
	(883, 'mpsmuggler_overlays', 'TAT_SM_015', 'MP_Smuggler_Tattoo_015_M', 'MP_Smuggler_Tattoo_015_F', 0, 9765),
	(884, 'mpsmuggler_overlays', 'TAT_SM_014', 'MP_Smuggler_Tattoo_014_M', 'MP_Smuggler_Tattoo_014_F', 2, 8825),
	(885, 'mpsmuggler_overlays', 'TAT_SM_016', 'MP_Smuggler_Tattoo_016_M', 'MP_Smuggler_Tattoo_016_F', 0, 13790),
	(886, 'mpsmuggler_overlays', 'TAT_SM_017', 'MP_Smuggler_Tattoo_017_M', 'MP_Smuggler_Tattoo_017_F', 0, 18850),
	(887, 'mpsmuggler_overlays', 'TAT_SM_020', 'MP_Smuggler_Tattoo_020_M', 'MP_Smuggler_Tattoo_020_F', 5, 9155),
	(888, 'mpsmuggler_overlays', 'TAT_SM_021', 'MP_Smuggler_Tattoo_021_M', 'MP_Smuggler_Tattoo_021_F', 0, 14860),
	(889, 'mpsmuggler_overlays', 'TAT_SM_018', 'MP_Smuggler_Tattoo_018_M', 'MP_Smuggler_Tattoo_018_F', 0, 16990),
	(890, 'mpsmuggler_overlays', 'TAT_SM_019', 'MP_Smuggler_Tattoo_019_M', 'MP_Smuggler_Tattoo_019_F', 0, 11105),
	(891, 'mpsmuggler_overlays', 'TAT_SM_023', 'MP_Smuggler_Tattoo_023_M', 'MP_Smuggler_Tattoo_023_F', 3, 14400),
	(892, 'mpstunt_overlays', 'TAT_ST_001', 'MP_MP_Stunt_tat_001_M', 'MP_MP_Stunt_tat_001_F', 2, 11600),
	(893, 'mpstunt_overlays', 'TAT_ST_002', 'MP_MP_Stunt_tat_002_M', 'MP_MP_Stunt_tat_002_F', 2, 8850),
	(894, 'mpstunt_overlays', 'TAT_ST_000', 'MP_MP_Stunt_Tat_000_M', 'MP_MP_Stunt_Tat_000_F', 1, 4850),
	(895, 'mpstunt_overlays', 'TAT_ST_003', 'MP_MP_Stunt_tat_003_M', 'MP_MP_Stunt_tat_003_F', 3, 4300),
	(896, 'mpsmuggler_overlays', 'TAT_SM_025', 'MP_Smuggler_Tattoo_025_M', 'MP_Smuggler_Tattoo_025_F', 0, 17450),
	(897, 'mpsmuggler_overlays', 'TAT_SM_024', 'MP_Smuggler_Tattoo_024_M', 'MP_Smuggler_Tattoo_024_F', 0, 18210),
	(898, 'mpstunt_overlays', 'TAT_ST_006', 'MP_MP_Stunt_tat_006_M', 'MP_MP_Stunt_tat_006_F', 1, 5900),
	(899, 'mpstunt_overlays', 'TAT_ST_011', 'MP_MP_Stunt_tat_011_M', 'MP_MP_Stunt_tat_011_F', 0, 10750),
	(900, 'mpstunt_overlays', 'TAT_ST_012', 'MP_MP_Stunt_tat_012_M', 'MP_MP_Stunt_tat_012_F', 0, 11950),
	(901, 'mpstunt_overlays', 'TAT_ST_013', 'MP_MP_Stunt_tat_013_M', 'MP_MP_Stunt_tat_013_F', 4, 15500),
	(902, 'mpstunt_overlays', 'TAT_ST_014', 'MP_MP_Stunt_tat_014_M', 'MP_MP_Stunt_tat_014_F', 0, 8300),
	(903, 'mpstunt_overlays', 'TAT_ST_004', 'MP_MP_Stunt_tat_004_M', 'MP_MP_Stunt_tat_004_F', 1, 6350),
	(904, 'mpstunt_overlays', 'TAT_ST_005', 'MP_MP_Stunt_tat_005_M', 'MP_MP_Stunt_tat_005_F', 5, 8850),
	(905, 'mpstunt_overlays', 'TAT_ST_007', 'MP_MP_Stunt_tat_007_M', 'MP_MP_Stunt_tat_007_F', 4, 8150),
	(906, 'mpstunt_overlays', 'TAT_ST_015', 'MP_MP_Stunt_tat_015_M', 'MP_MP_Stunt_tat_015_F', 5, 13400),
	(907, 'mpsmuggler_overlays', 'TAT_SM_022', 'MP_Smuggler_Tattoo_022_M', 'MP_Smuggler_Tattoo_022_F', 0, 16710),
	(908, 'mpstunt_overlays', 'TAT_ST_016', 'MP_MP_Stunt_tat_016_M', 'MP_MP_Stunt_tat_016_F', 3, 12950),
	(909, 'mpstunt_overlays', 'TAT_ST_010', 'MP_MP_Stunt_tat_010_M', 'MP_MP_Stunt_tat_010_F', 3, 11000),
	(910, 'mpstunt_overlays', 'TAT_ST_009', 'MP_MP_Stunt_tat_009_M', 'MP_MP_Stunt_tat_009_F', 3, 10800),
	(911, 'mpstunt_overlays', 'TAT_ST_008', 'MP_MP_Stunt_tat_008_M', 'MP_MP_Stunt_tat_008_F', 2, 14750),
	(912, 'mpstunt_overlays', 'TAT_ST_017', 'MP_MP_Stunt_tat_017_M', 'MP_MP_Stunt_tat_017_F', 1, 3800),
	(913, 'mpstunt_overlays', 'TAT_ST_018', 'MP_MP_Stunt_tat_018_M', 'MP_MP_Stunt_tat_018_F', 0, 5400),
	(914, 'mpstunt_overlays', 'TAT_ST_020', 'MP_MP_Stunt_tat_020_M', 'MP_MP_Stunt_tat_020_F', 5, 6950),
	(915, 'mpstunt_overlays', 'TAT_ST_021', 'MP_MP_Stunt_tat_021_M', 'MP_MP_Stunt_tat_021_F', 4, 21200),
	(916, 'mpstunt_overlays', 'TAT_ST_022', 'MP_MP_Stunt_tat_022_M', 'MP_MP_Stunt_tat_022_F', 2, 16850),
	(917, 'mpstunt_overlays', 'TAT_ST_019', 'MP_MP_Stunt_tat_019_M', 'MP_MP_Stunt_tat_019_F', 0, 8900),
	(918, 'mpstunt_overlays', 'TAT_ST_023', 'MP_MP_Stunt_tat_023_M', 'MP_MP_Stunt_tat_023_F', 2, 18500),
	(919, 'mpstunt_overlays', 'TAT_ST_024', 'MP_MP_Stunt_tat_024_M', 'MP_MP_Stunt_tat_024_F', 0, 8650),
	(920, 'mpstunt_overlays', 'TAT_ST_025', 'MP_MP_Stunt_tat_025_M', 'MP_MP_Stunt_tat_025_F', 5, 7200),
	(921, 'mpstunt_overlays', 'TAT_ST_026', 'MP_MP_Stunt_tat_026_M', 'MP_MP_Stunt_tat_026_F', 0, 12300),
	(922, 'mpstunt_overlays', 'TAT_ST_028', 'MP_MP_Stunt_tat_028_M', 'MP_MP_Stunt_tat_028_F', 4, 9850),
	(923, 'mpstunt_overlays', 'TAT_ST_031', 'MP_MP_Stunt_tat_031_M', 'MP_MP_Stunt_tat_031_F', 4, 11000),
	(924, 'mpstunt_overlays', 'TAT_ST_030', 'MP_MP_Stunt_tat_030_M', 'MP_MP_Stunt_tat_030_F', 0, 8150),
	(925, 'mpstunt_overlays', 'TAT_ST_027', 'MP_MP_Stunt_tat_027_M', 'MP_MP_Stunt_tat_027_F', 0, 8950),
	(926, 'mpstunt_overlays', 'TAT_ST_029', 'MP_MP_Stunt_tat_029_M', 'MP_MP_Stunt_tat_029_F', 0, 17350),
	(927, 'mpstunt_overlays', 'TAT_ST_032', 'MP_MP_Stunt_tat_032_M', 'MP_MP_Stunt_tat_032_F', 5, 10350),
	(928, 'mpstunt_overlays', 'TAT_ST_033', 'MP_MP_Stunt_tat_033_M', 'MP_MP_Stunt_tat_033_F', 0, 10400),
	(929, 'mpstunt_overlays', 'TAT_ST_035', 'MP_MP_Stunt_tat_035_M', 'MP_MP_Stunt_tat_035_F', 2, 12700),
	(930, 'mpstunt_overlays', 'TAT_ST_037', 'MP_MP_Stunt_tat_037_M', 'MP_MP_Stunt_tat_037_F', 0, 6850),
	(931, 'mpstunt_overlays', 'TAT_ST_034', 'MP_MP_Stunt_tat_034_M', 'MP_MP_Stunt_tat_034_F', 0, 9900),
	(932, 'mpstunt_overlays', 'TAT_ST_038', 'MP_MP_Stunt_tat_038_M', 'MP_MP_Stunt_tat_038_F', 3, 5750),
	(933, 'mpstunt_overlays', 'TAT_ST_036', 'MP_MP_Stunt_tat_036_M', 'MP_MP_Stunt_tat_036_F', 3, 2350),
	(934, 'mpstunt_overlays', 'TAT_ST_039', 'MP_MP_Stunt_tat_039_M', 'MP_MP_Stunt_tat_039_F', 2, 9350),
	(935, 'mpstunt_overlays', 'TAT_ST_042', 'MP_MP_Stunt_tat_042_M', 'MP_MP_Stunt_tat_042_F', 1, 4150),
	(936, 'mpstunt_overlays', 'TAT_ST_041', 'MP_MP_Stunt_tat_041_M', 'MP_MP_Stunt_tat_041_F', 0, 10100),
	(937, 'mpstunt_overlays', 'TAT_ST_040', 'MP_MP_Stunt_tat_040_M', 'MP_MP_Stunt_tat_040_F', 0, 15950),
	(938, 'mpstunt_overlays', 'TAT_ST_044', 'MP_MP_Stunt_tat_044_M', 'MP_MP_Stunt_tat_044_F', 0, 13900),
	(939, 'mpstunt_overlays', 'TAT_ST_045', 'MP_MP_Stunt_tat_045_M', 'MP_MP_Stunt_tat_045_F', 5, 19650),
	(940, 'mpstunt_overlays', 'TAT_ST_043', 'MP_MP_Stunt_tat_043_M', 'MP_MP_Stunt_tat_043_F', 2, 10300),
	(941, 'mpstunt_overlays', 'TAT_ST_046', 'MP_MP_Stunt_tat_046_M', 'MP_MP_Stunt_tat_046_F', 0, 12750),
	(942, 'mpstunt_overlays', 'TAT_ST_047', 'MP_MP_Stunt_tat_047_M', 'MP_MP_Stunt_tat_047_F', 5, 9200),
	(943, 'mpstunt_overlays', 'TAT_ST_048', 'MP_MP_Stunt_tat_048_M', 'MP_MP_Stunt_tat_048_F', 0, 11300),
	(944, 'mpstunt_overlays', 'TAT_ST_049', 'MP_MP_Stunt_tat_049_M', 'MP_MP_Stunt_tat_049_F', 3, 23000),
	(945, 'mpvinewood_overlays', 'TAT_VW_000', 'MP_Vinewood_Tat_000_M', 'MP_Vinewood_Tat_000_F', 0, 21115),
	(946, 'mpvinewood_overlays', 'TAT_VW_001', 'MP_Vinewood_Tat_001_M', 'MP_Vinewood_Tat_001_F', 0, 20475),
	(947, 'mpvinewood_overlays', 'TAT_VW_002', 'MP_Vinewood_Tat_002_M', 'MP_Vinewood_Tat_002_F', 2, 19745),
	(948, 'mpvinewood_overlays', 'TAT_VW_004', 'MP_Vinewood_Tat_004_M', 'MP_Vinewood_Tat_004_F', 3, 19505),
	(949, 'mpvinewood_overlays', 'TAT_VW_005', 'MP_Vinewood_Tat_005_M', 'MP_Vinewood_Tat_005_F', 2, 16680),
	(950, 'mpvinewood_overlays', 'TAT_VW_003', 'MP_Vinewood_Tat_003_M', 'MP_Vinewood_Tat_003_F', 0, 18865),
	(951, 'mpvinewood_overlays', 'TAT_VW_006', 'MP_Vinewood_Tat_006_M', 'MP_Vinewood_Tat_006_F', 0, 31100),
	(952, 'mpvinewood_overlays', 'TAT_VW_007', 'MP_Vinewood_Tat_007_M', 'MP_Vinewood_Tat_007_F', 0, 13460),
	(953, 'mpvinewood_overlays', 'TAT_VW_008', 'MP_Vinewood_Tat_008_M', 'MP_Vinewood_Tat_008_F', 0, 31520),
	(954, 'mpvinewood_overlays', 'TAT_VW_009', 'MP_Vinewood_Tat_009_M', 'MP_Vinewood_Tat_009_F', 0, 28970),
	(955, 'mpvinewood_overlays', 'TAT_VW_010', 'MP_Vinewood_Tat_010_M', 'MP_Vinewood_Tat_010_F', 0, 27860),
	(956, 'mpvinewood_overlays', 'TAT_VW_011', 'MP_Vinewood_Tat_011_M', 'MP_Vinewood_Tat_011_F', 0, 29825),
	(957, 'mpvinewood_overlays', 'TAT_VW_012', 'MP_Vinewood_Tat_012_M', 'MP_Vinewood_Tat_012_F', 0, 32115),
	(958, 'mpvinewood_overlays', 'TAT_VW_013', 'MP_Vinewood_Tat_013_M', 'MP_Vinewood_Tat_013_F', 4, 11505),
	(959, 'mpvinewood_overlays', 'TAT_VW_014', 'MP_Vinewood_Tat_014_M', 'MP_Vinewood_Tat_014_F', 2, 19215),
	(960, 'mpvinewood_overlays', 'TAT_VW_015', 'MP_Vinewood_Tat_015_M', 'MP_Vinewood_Tat_015_F', 0, 30840),
	(961, 'mpvinewood_overlays', 'TAT_VW_016', 'MP_Vinewood_Tat_016_M', 'MP_Vinewood_Tat_016_F', 0, 24425),
	(962, 'mpvinewood_overlays', 'TAT_VW_017', 'MP_Vinewood_Tat_017_M', 'MP_Vinewood_Tat_017_F', 0, 33765),
	(963, 'mpvinewood_overlays', 'TAT_VW_021', 'MP_Vinewood_Tat_021_M', 'MP_Vinewood_Tat_021_F', 0, 40250),
	(964, 'mpvinewood_overlays', 'TAT_VW_022', 'MP_Vinewood_Tat_022_M', 'MP_Vinewood_Tat_022_F', 0, 12100),
	(965, 'mpvinewood_overlays', 'TAT_VW_020', 'MP_Vinewood_Tat_020_M', 'MP_Vinewood_Tat_020_F', 5, 14805),
	(966, 'mpvinewood_overlays', 'TAT_VW_019', 'MP_Vinewood_Tat_019_M', 'MP_Vinewood_Tat_019_F', 2, 15665),
	(967, 'mpvinewood_overlays', 'TAT_VW_018', 'MP_Vinewood_Tat_018_M', 'MP_Vinewood_Tat_018_F', 3, 21095),
	(968, 'mpvinewood_overlays', 'TAT_VW_023', 'MP_Vinewood_Tat_023_M', 'MP_Vinewood_Tat_023_F', 0, 0),
	(969, 'mpvinewood_overlays', 'TAT_VW_024', 'MP_Vinewood_Tat_024_M', 'MP_Vinewood_Tat_024_F', 0, 19990),
	(970, 'mpvinewood_overlays', 'TAT_VW_025', 'MP_Vinewood_Tat_025_M', 'MP_Vinewood_Tat_025_F', 3, 20110),
	(971, 'mpvinewood_overlays', 'TAT_VW_026', 'MP_Vinewood_Tat_026_M', 'MP_Vinewood_Tat_026_F', 2, 25305),
	(972, 'mpvinewood_overlays', 'TAT_VW_029', 'MP_Vinewood_Tat_029_M', 'MP_Vinewood_Tat_029_F', 0, 36650),
	(973, 'mpvinewood_overlays', 'TAT_VW_028', 'MP_Vinewood_Tat_028_M', 'MP_Vinewood_Tat_028_F', 3, 18850),
	(974, 'mpvinewood_overlays', 'TAT_VW_031', 'MP_Vinewood_Tat_031_M', 'MP_Vinewood_Tat_031_F', 0, 30220),
	(975, 'multiplayer_overlays', 'TAT_FM_008', 'FM_Tat_Award_M_000', 'FM_Tat_Award_F_000', 1, 20000),
	(976, 'mpvinewood_overlays', 'TAT_VW_030', 'MP_Vinewood_Tat_030_M', 'MP_Vinewood_Tat_030_F', 0, 0),
	(977, 'mpvinewood_overlays', 'TAT_VW_032', 'MP_Vinewood_Tat_032_M', 'MP_Vinewood_Tat_032_F', 0, 42885),
	(978, 'mpvinewood_overlays', 'TAT_VW_027', 'MP_Vinewood_Tat_027_M', 'MP_Vinewood_Tat_027_F', 4, 24550),
	(979, 'multiplayer_overlays', 'TAT_FM_011', 'FM_Tat_Award_M_003', 'FM_Tat_Award_F_003', 0, 2150),
	(980, 'multiplayer_overlays', 'TAT_FM_012', 'FM_Tat_Award_M_004', 'FM_Tat_Award_F_004', 0, 10000),
	(981, 'multiplayer_overlays', 'TAT_FM_013', 'FM_Tat_Award_M_005', 'FM_Tat_Award_F_005', 0, 12400),
	(982, 'multiplayer_overlays', 'TAT_FM_014', 'FM_Tat_Award_M_006', 'FM_Tat_Award_F_006', 5, 3500),
	(983, 'multiplayer_overlays', 'TAT_FM_010', 'FM_Tat_Award_M_002', 'FM_Tat_Award_F_002', 3, 9750),
	(984, 'multiplayer_overlays', 'TAT_FM_015', 'FM_Tat_Award_M_007', 'FM_Tat_Award_F_007', 2, 4950),
	(985, 'multiplayer_overlays', 'TAT_FM_009', 'FM_Tat_Award_M_001', 'FM_Tat_Award_F_001', 2, 1400),
	(986, 'multiplayer_overlays', 'TAT_FM_016', 'FM_Tat_Award_M_008', 'FM_Tat_Award_F_008', 0, 1350),
	(987, 'multiplayer_overlays', 'TAT_FM_017', 'FM_Tat_Award_M_009', 'FM_Tat_Award_F_009', 4, 1450),
	(988, 'multiplayer_overlays', 'TAT_FM_018', 'FM_Tat_Award_M_010', 'FM_Tat_Award_F_010', 3, 2700),
	(989, 'multiplayer_overlays', 'TAT_FM_020', 'FM_Tat_Award_M_012', 'FM_Tat_Award_F_012', 0, 1500),
	(990, 'multiplayer_overlays', 'TAT_FM_019', 'FM_Tat_Award_M_011', 'FM_Tat_Award_F_011', 0, 1200),
	(991, 'multiplayer_overlays', 'TAT_FM_210', 'FM_Tat_M_007', 'FM_Tat_F_007', 5, 3750),
	(992, 'multiplayer_overlays', 'TAT_FM_218', 'FM_Tat_M_010', 'FM_Tat_F_010', 0, 2500),
	(993, 'multiplayer_overlays', 'TAT_FM_214', 'FM_Tat_M_011', 'FM_Tat_F_011', 0, 1900),
	(994, 'multiplayer_overlays', 'TAT_FM_215', 'FM_Tat_M_013', 'FM_Tat_F_013', 0, 4500),
	(995, 'multiplayer_overlays', 'TAT_FM_201', 'FM_Tat_M_005', 'FM_Tat_F_005', 2, 2400),
	(996, 'multiplayer_overlays', 'TAT_FM_202', 'FM_Tat_M_006', 'FM_Tat_F_006', 2, 5100),
	(997, 'multiplayer_overlays', 'TAT_FM_219', 'FM_Tat_M_004', 'FM_Tat_F_004', 0, 10000),
	(998, 'multiplayer_overlays', 'TAT_FM_206', 'FM_Tat_M_003', 'FM_Tat_F_003', 3, 10000),
	(999, 'multiplayer_overlays', 'TAT_FM_209', 'FM_Tat_M_002', 'FM_Tat_F_002', 4, 3750),
	(1000, 'multiplayer_overlays', 'TAT_FM_205', 'FM_Tat_M_001', 'FM_Tat_F_001', 3, 12500),
	(1001, 'multiplayer_overlays', 'TAT_FM_204', 'FM_Tat_M_000', 'FM_Tat_F_000', 3, 10000),
	(1002, 'multiplayer_overlays', 'TAT_FM_027', 'FM_Tat_Award_M_019', 'FM_Tat_Award_F_019', 0, 10000),
	(1003, 'multiplayer_overlays', 'TAT_FM_026', 'FM_Tat_Award_M_018', 'FM_Tat_Award_F_018', 0, 7400),
	(1004, 'multiplayer_overlays', 'TAT_FM_025', 'FM_Tat_Award_M_017', 'FM_Tat_Award_F_017', 0, 5100),
	(1005, 'multiplayer_overlays', 'TAT_FM_024', 'FM_Tat_Award_M_016', 'FM_Tat_Award_F_016', 0, 2400),
	(1006, 'multiplayer_overlays', 'TAT_FM_023', 'FM_Tat_Award_M_015', 'FM_Tat_Award_F_015', 2, 4950),
	(1007, 'multiplayer_overlays', 'TAT_FM_021', 'FM_Tat_Award_M_013', 'FM_Tat_Award_F_013', 0, 2650),
	(1008, 'multiplayer_overlays', 'TAT_FM_207', 'FM_Tat_M_014', 'FM_Tat_F_014', 3, 5000),
	(1009, 'multiplayer_overlays', 'TAT_FM_213', 'FM_Tat_M_009', 'FM_Tat_F_009', 0, 12350),
	(1010, 'multiplayer_overlays', 'TAT_FM_211', 'FM_Tat_M_008', 'FM_Tat_F_008', 4, 4800),
	(1011, 'multiplayer_overlays', 'TAT_FM_220', 'FM_Tat_M_012', 'FM_Tat_F_012', 0, 10000),
	(1012, 'multiplayer_overlays', 'TAT_FM_203', 'FM_Tat_M_015', 'FM_Tat_F_015', 2, 3600),
	(1013, 'multiplayer_overlays', 'TAT_FM_221', 'FM_Tat_M_020', 'FM_Tat_F_020', 0, 7500),
	(1014, 'multiplayer_overlays', 'TAT_FM_216', 'FM_Tat_M_016', 'FM_Tat_F_016', 0, 12250),
	(1015, 'multiplayer_overlays', 'TAT_FM_222', 'FM_Tat_M_021', 'FM_Tat_F_021', 4, 5000),
	(1016, 'multiplayer_overlays', 'TAT_FM_223', 'FM_Tat_M_022', 'FM_Tat_F_022', 5, 7300),
	(1017, 'multiplayer_overlays', 'TAT_FM_224', 'FM_Tat_M_023', 'FM_Tat_F_023', 4, 7250),
	(1018, 'multiplayer_overlays', 'TAT_FM_226', 'FM_Tat_M_025', 'FM_Tat_F_025', 0, 2750),
	(1019, 'multiplayer_overlays', 'TAT_FM_225', 'FM_Tat_M_024', 'FM_Tat_F_024', 0, 11900),
	(1020, 'multiplayer_overlays', 'TAT_FM_217', 'FM_Tat_M_019', 'FM_Tat_F_019', 0, 12300),
	(1021, 'multiplayer_overlays', 'TAT_FM_022', 'FM_Tat_Award_M_014', 'FM_Tat_Award_F_014', 0, 1900),
	(1022, 'multiplayer_overlays', 'TAT_FM_227', 'FM_Tat_M_026', 'FM_Tat_F_026', 4, 1750),
	(1023, 'multiplayer_overlays', 'TAT_FM_228', 'FM_Tat_M_027', 'FM_Tat_F_027', 3, 7300),
	(1024, 'multiplayer_overlays', 'TAT_FM_229', 'FM_Tat_M_028', 'FM_Tat_F_028', 3, 3250),
	(1025, 'multiplayer_overlays', 'TAT_FM_208', 'FM_Tat_M_018', 'FM_Tat_F_018', 3, 7500),
	(1026, 'multiplayer_overlays', 'TAT_FM_212', 'FM_Tat_M_017', 'FM_Tat_F_017', 5, 3500),
	(1027, 'multiplayer_overlays', 'TAT_FM_230', 'FM_Tat_M_029', 'FM_Tat_F_029', 0, 1000),
	(1028, 'multiplayer_overlays', 'TAT_FM_231', 'FM_Tat_M_030', 'FM_Tat_F_030', 0, 5000),
	(1029, 'multiplayer_overlays', 'TAT_FM_232', 'FM_Tat_M_031', 'FM_Tat_F_031', 2, 7500),
	(1030, 'multiplayer_overlays', 'TAT_FM_233', 'FM_Tat_M_032', 'FM_Tat_F_032', 4, 5100),
	(1031, 'multiplayer_overlays', 'TAT_FM_235', 'FM_Tat_M_034', 'FM_Tat_F_034', 0, 2450),
	(1032, 'multiplayer_overlays', 'TAT_FM_234', 'FM_Tat_M_033', 'FM_Tat_F_033', 4, 5050),
	(1033, 'multiplayer_overlays', 'TAT_FM_236', 'FM_Tat_M_035', 'FM_Tat_F_035', 4, 4950),
	(1034, 'multiplayer_overlays', 'TAT_FM_237', 'FM_Tat_M_036', 'FM_Tat_F_036', 0, 5100),
	(1035, 'multiplayer_overlays', 'TAT_FM_238', 'FM_Tat_M_037', 'FM_Tat_F_037', 4, 12250),
	(1036, 'multiplayer_overlays', 'TAT_FM_239', 'FM_Tat_M_038', 'FM_Tat_F_038', 3, 1150),
	(1037, 'multiplayer_overlays', 'TAT_FM_240', 'FM_Tat_M_039', 'FM_Tat_F_039', 5, 7500),
	(1038, 'multiplayer_overlays', 'TAT_FM_242', 'FM_Tat_M_041', 'FM_Tat_F_041', 2, 2600),
	(1039, 'multiplayer_overlays', 'TAT_FM_241', 'FM_Tat_M_040', 'FM_Tat_F_040', 5, 7600),
	(1040, 'multiplayer_overlays', 'TAT_FM_243', 'FM_Tat_M_042', 'FM_Tat_F_042', 5, 2500),
	(1041, 'multiplayer_overlays', 'TAT_FM_244', 'FM_Tat_M_043', 'FM_Tat_F_043', 5, 7450),
	(1042, 'multiplayer_overlays', 'TAT_FM_245', 'FM_Tat_M_044', 'FM_Tat_F_044', 0, 7500),
	(1043, 'multiplayer_overlays', 'TAT_FM_246', 'FM_Tat_M_045', 'FM_Tat_F_045', 0, 10000),
	(1044, 'multiplayer_overlays', 'TAT_FM_247', 'FM_Tat_M_047', 'FM_Tat_F_047', 3, 2500),
	(1045, 'mpairraces_overlays', 'TAT_AR_000', 'MP_Airraces_Tattoo_000_M', 'MP_Airraces_Tattoo_000_F', 0, 13205),
	(1046, 'mpairraces_overlays', 'TAT_AR_001', 'MP_Airraces_Tattoo_001_M', 'MP_Airraces_Tattoo_001_F', 0, 18105),
	(1047, 'mpairraces_overlays', 'TAT_AR_002', 'MP_Airraces_Tattoo_002_M', 'MP_Airraces_Tattoo_002_F', 0, 16485),
	(1048, 'mpairraces_overlays', 'TAT_AR_003', 'MP_Airraces_Tattoo_003_M', 'MP_Airraces_Tattoo_003_F', 2, 11985),
	(1049, 'mpairraces_overlays', 'TAT_AR_004', 'MP_Airraces_Tattoo_004_M', 'MP_Airraces_Tattoo_004_F', 0, 10390),
	(1050, 'mpairraces_overlays', 'TAT_AR_005', 'MP_Airraces_Tattoo_005_M', 'MP_Airraces_Tattoo_005_F', 0, 15270),
	(1051, 'mpairraces_overlays', 'TAT_AR_006', 'MP_Airraces_Tattoo_006_M', 'MP_Airraces_Tattoo_006_F', 0, 12520),
	(1052, 'mpairraces_overlays', 'TAT_AR_007', 'MP_Airraces_Tattoo_007_M', 'MP_Airraces_Tattoo_007_F', 0, 13925),
	(1053, 'mpbeach_overlays', 'TAT_BB_022', 'MP_Bea_M_Head_001', '', 1, 1450),
	(1054, 'mpbeach_overlays', 'TAT_BB_021', 'MP_Bea_M_Head_000', '', 1, 12000),
	(1055, 'mpbeach_overlays', 'TAT_BB_019', 'MP_Bea_M_Chest_000', '', 0, 5800),
	(1056, 'mpbeach_overlays', 'TAT_BB_031', 'MP_Bea_M_Head_002', '', 1, 1850),
	(1057, 'mpbeach_overlays', 'TAT_BB_020', 'MP_Bea_M_Chest_001', '', 0, 5900),
	(1058, 'mpbeach_overlays', 'TAT_BB_018', 'MP_Bea_M_Back_000', '', 0, 7250),
	(1059, 'mpbeach_overlays', 'TAT_BB_027', 'MP_Bea_M_Lleg_000', '', 4, 4450),
	(1060, 'mpbeach_overlays', 'TAT_BB_024', 'MP_Bea_M_LArm_000', '', 2, 4800),
	(1061, 'mpbeach_overlays', 'TAT_BB_028', 'MP_Bea_M_Neck_000', '', 1, 1650),
	(1062, 'mpbeach_overlays', 'TAT_BB_026', 'MP_Bea_M_RArm_000', '', 3, 6200),
	(1063, 'mpbeach_overlays', 'TAT_BB_030', 'MP_Bea_M_RArm_001', '', 3, 7000),
	(1064, 'mpbeach_overlays', 'TAT_BB_023', 'MP_Bea_M_Stom_000', '', 0, 3100),
	(1065, 'mpbeach_overlays', 'TAT_BB_032', 'MP_Bea_M_Stom_001', '', 0, 5500),
	(1066, 'mpbeach_overlays', 'TAT_BB_029', 'MP_Bea_M_Neck_001', '', 1, 2250),
	(1067, 'mpbeach_overlays', 'TAT_BB_006', '', 'MP_Bea_F_RSide_000', 0, 6850),
	(1068, 'mpbeach_overlays', 'TAT_BB_007', '', 'MP_Bea_F_RLeg_000', 5, 2950),
	(1069, 'mpbeach_overlays', 'TAT_BB_015', '', 'MP_Bea_F_RArm_001', 3, 3700),
	(1070, 'mpbeach_overlays', 'TAT_BB_017', 'MP_Bea_M_LArm_001', '', 2, 6600),
	(1071, 'mpbeach_overlays', 'TAT_BB_008', '', 'MP_Bea_F_Neck_000', 1, 1700),
	(1072, 'mpbeach_overlays', 'TAT_BB_025', 'MP_Bea_M_Rleg_000', '', 5, 6500),
	(1073, 'mpbeach_overlays', 'TAT_BB_002', '', 'MP_Bea_F_LArm_000', 2, 3500),
	(1074, 'mpbiker_overlays', 'TAT_BI_000', 'MP_MP_Biker_Tat_000_M', 'MP_MP_Biker_Tat_000_F', 0, 6720),
	(1075, 'mpbeach_overlays', 'TAT_BB_000', '', 'MP_Bea_F_Chest_002', 0, 8500),
	(1076, 'mpbeach_overlays', 'TAT_BB_013', '', 'MP_Bea_F_Chest_001', 0, 2500),
	(1077, 'mpbeach_overlays', 'TAT_BB_012', '', 'MP_Bea_F_Chest_000', 0, 2500),
	(1078, 'mpbiker_overlays', 'TAT_BI_001', 'MP_MP_Biker_Tat_001_M', 'MP_MP_Biker_Tat_001_F', 0, 10800),
	(1079, 'mpbeach_overlays', 'TAT_BB_005', '', 'MP_Bea_F_Back_002', 0, 2500),
	(1080, 'mpbeach_overlays', 'TAT_BB_001', '', 'MP_Bea_F_Back_001', 0, 6900),
	(1081, 'mpbiker_overlays', 'TAT_BI_007', 'MP_MP_Biker_Tat_007_M', 'MP_MP_Biker_Tat_007_F', 3, 5100),
	(1082, 'mpbeach_overlays', 'TAT_BB_003', '', 'MP_Bea_F_Back_000', 0, 5500),
	(1083, 'mpbiker_overlays', 'TAT_BI_008', 'MP_MP_Biker_Tat_008_M', 'MP_MP_Biker_Tat_008_F', 0, 8785),
	(1084, 'mpbiker_overlays', 'TAT_BI_009', 'MP_MP_Biker_Tat_009_M', 'MP_MP_Biker_Tat_009_F', 1, 6350),
	(1085, 'mpbiker_overlays', 'TAT_BI_013', 'MP_MP_Biker_Tat_013_M', 'MP_MP_Biker_Tat_013_F', 0, 11140),
	(1086, 'mpbiker_overlays', 'TAT_BI_019', 'MP_MP_Biker_Tat_019_M', 'MP_MP_Biker_Tat_019_F', 0, 9900),
	(1087, 'mpbeach_overlays', 'TAT_BB_010', '', 'MP_Bea_F_Stom_002', 0, 1900),
	(1088, 'mpbeach_overlays', 'TAT_BB_009', '', 'MP_Bea_F_Stom_001', 0, 2650),
	(1089, 'mpbiker_overlays', 'TAT_BI_021', 'MP_MP_Biker_Tat_021_M', 'MP_MP_Biker_Tat_021_F', 0, 13700),
	(1090, 'mpbeach_overlays', 'TAT_BB_014', '', 'MP_Bea_F_Stom_000', 0, 2100),
	(1091, 'mpbeach_overlays', 'TAT_BB_004', '', 'MP_Bea_F_Should_001', 0, 5250),
	(1092, 'mpbeach_overlays', 'TAT_BB_011', '', 'MP_Bea_F_Should_000', 0, 5100),
	(1093, 'mpbeach_overlays', 'TAT_BB_016', '', 'MP_Bea_F_LArm_001', 2, 5250),
	(1094, 'mpbiker_overlays', 'TAT_BI_020', 'MP_MP_Biker_Tat_020_M', 'MP_MP_Biker_Tat_020_F', 2, 9745),
	(1095, 'mpbiker_overlays', 'TAT_BI_022', 'MP_MP_Biker_Tat_022_M', 'MP_MP_Biker_Tat_022_F', 5, 9385),
	(1096, 'mpbiker_overlays', 'TAT_BI_023', 'MP_MP_Biker_Tat_023_M', 'MP_MP_Biker_Tat_023_F', 0, 10000),
	(1097, 'mpbiker_overlays', 'TAT_BI_024', 'MP_MP_Biker_Tat_024_M', 'MP_MP_Biker_Tat_024_F', 2, 15320),
	(1098, 'mpbiker_overlays', 'TAT_BI_025', 'MP_MP_Biker_Tat_025_M', 'MP_MP_Biker_Tat_025_F', 2, 12950),
	(1099, 'mpbiker_overlays', 'TAT_BI_035', 'MP_MP_Biker_Tat_035_M', 'MP_MP_Biker_Tat_035_F', 2, 5780),
	(1100, 'mpbiker_overlays', 'TAT_BI_004', 'MP_MP_Biker_Tat_004_M', 'MP_MP_Biker_Tat_004_F', 5, 17950),
	(1101, 'mpbiker_overlays', 'TAT_BI_005', 'MP_MP_Biker_Tat_005_M', 'MP_MP_Biker_Tat_005_F', 0, 9230),
	(1102, 'mpbiker_overlays', 'TAT_BI_006', 'MP_MP_Biker_Tat_006_M', 'MP_MP_Biker_Tat_006_F', 0, 10400),
	(1103, 'mpbiker_overlays', 'TAT_BI_036', 'MP_MP_Biker_Tat_036_M', 'MP_MP_Biker_Tat_036_F', 4, 9300),
	(1104, 'mpbiker_overlays', 'TAT_BI_037', 'MP_MP_Biker_Tat_037_M', 'MP_MP_Biker_Tat_037_F', 4, 12495),
	(1105, 'mpbiker_overlays', 'TAT_BI_003', 'MP_MP_Biker_Tat_003_M', 'MP_MP_Biker_Tat_003_F', 0, 10850),
	(1106, 'mpbiker_overlays', 'TAT_BI_002', 'MP_MP_Biker_Tat_002_M', 'MP_MP_Biker_Tat_002_F', 4, 16820),
	(1107, 'mpbiker_overlays', 'TAT_BI_039', 'MP_MP_Biker_Tat_039_M', 'MP_MP_Biker_Tat_039_F', 0, 10950),
	(1108, 'mpbiker_overlays', 'TAT_BI_040', 'MP_MP_Biker_Tat_040_M', 'MP_MP_Biker_Tat_040_F', 5, 13620),
	(1109, 'mpbiker_overlays', 'TAT_BI_041', 'MP_MP_Biker_Tat_041_M', 'MP_MP_Biker_Tat_041_F', 0, 8320),
	(1110, 'mpbiker_overlays', 'TAT_BI_042', 'MP_MP_Biker_Tat_042_M', 'MP_MP_Biker_Tat_042_F', 3, 7865),
	(1111, 'mpbiker_overlays', 'TAT_BI_045', 'MP_MP_Biker_Tat_045_M', 'MP_MP_Biker_Tat_045_F', 2, 6320),
	(1112, 'mpbiker_overlays', 'TAT_BI_012', 'MP_MP_Biker_Tat_012_M', 'MP_MP_Biker_Tat_012_F', 2, 4985),
	(1113, 'mpbiker_overlays', 'TAT_BI_011', 'MP_MP_Biker_Tat_011_M', 'MP_MP_Biker_Tat_011_F', 0, 12350),
	(1114, 'mpbiker_overlays', 'TAT_BI_010', 'MP_MP_Biker_Tat_010_M', 'MP_MP_Biker_Tat_010_F', 0, 11350),
	(1115, 'mpbiker_overlays', 'TAT_BI_018', 'MP_MP_Biker_Tat_018_M', 'MP_MP_Biker_Tat_018_F', 0, 7650),
	(1116, 'mpbiker_overlays', 'TAT_BI_017', 'MP_MP_Biker_Tat_017_M', 'MP_MP_Biker_Tat_017_F', 0, 15650),
	(1117, 'mpbiker_overlays', 'TAT_BI_015', 'MP_MP_Biker_Tat_015_M', 'MP_MP_Biker_Tat_015_F', 4, 8975),
	(1118, 'mpbiker_overlays', 'TAT_BI_016', 'MP_MP_Biker_Tat_016_M', 'MP_MP_Biker_Tat_016_F', 2, 9000),
	(1119, 'mpbiker_overlays', 'TAT_BI_049', 'MP_MP_Biker_Tat_049_M', 'MP_MP_Biker_Tat_049_F', 3, 8790),
	(1120, 'mpbiker_overlays', 'TAT_BI_046', 'MP_MP_Biker_Tat_046_M', 'MP_MP_Biker_Tat_046_F', 3, 4985),
	(1121, 'mpbiker_overlays', 'TAT_BI_014', 'MP_MP_Biker_Tat_014_M', 'MP_MP_Biker_Tat_014_F', 3, 8300),
	(1122, 'mpbiker_overlays', 'TAT_BI_051', 'MP_MP_Biker_Tat_051_M', 'MP_MP_Biker_Tat_051_F', 1, 4125),
	(1123, 'mpbiker_overlays', 'TAT_BI_053', 'MP_MP_Biker_Tat_053_M', 'MP_MP_Biker_Tat_053_F', 2, 8400),
	(1124, 'mpbiker_overlays', 'TAT_BI_052', 'MP_MP_Biker_Tat_052_M', 'MP_MP_Biker_Tat_052_F', 0, 9135),
	(1125, 'mpbiker_overlays', 'TAT_BI_054', 'MP_MP_Biker_Tat_054_M', 'MP_MP_Biker_Tat_054_F', 3, 10450),
	(1126, 'mpbiker_overlays', 'TAT_BI_050', 'MP_MP_Biker_Tat_050_M', 'MP_MP_Biker_Tat_050_F', 0, 8720),
	(1127, 'mpbiker_overlays', 'TAT_BI_058', 'MP_MP_Biker_Tat_058_M', 'MP_MP_Biker_Tat_058_F', 0, 7985),
	(1128, 'mpbiker_overlays', 'TAT_BI_034', 'MP_MP_Biker_Tat_034_M', 'MP_MP_Biker_Tat_034_F', 0, 9975),
	(1129, 'mpbiker_overlays', 'TAT_BI_033', 'MP_MP_Biker_Tat_033_M', 'MP_MP_Biker_Tat_033_F', 3, 4385),
	(1130, 'mpbiker_overlays', 'TAT_BI_032', 'MP_MP_Biker_Tat_032_M', 'MP_MP_Biker_Tat_032_F', 0, 7655),
	(1131, 'mpbiker_overlays', 'TAT_BI_031', 'MP_MP_Biker_Tat_031_M', 'MP_MP_Biker_Tat_031_F', 0, 8600),
	(1132, 'mpbiker_overlays', 'TAT_BI_030', 'MP_MP_Biker_Tat_030_M', 'MP_MP_Biker_Tat_030_F', 0, 9810),
	(1133, 'mpbiker_overlays', 'TAT_BI_029', 'MP_MP_Biker_Tat_029_M', 'MP_MP_Biker_Tat_029_F', 0, 9630),
	(1134, 'mpbiker_overlays', 'TAT_BI_028', 'MP_MP_Biker_Tat_028_M', 'MP_MP_Biker_Tat_028_F', 5, 14520),
	(1135, 'mpbiker_overlays', 'TAT_BI_027', 'MP_MP_Biker_Tat_027_M', 'MP_MP_Biker_Tat_027_F', 4, 6960),
	(1136, 'mpbiker_overlays', 'TAT_BI_026', 'MP_MP_Biker_Tat_026_M', 'MP_MP_Biker_Tat_026_F', 0, 11000),
	(1137, 'mpbiker_overlays', 'TAT_BI_055', 'MP_MP_Biker_Tat_055_M', 'MP_MP_Biker_Tat_055_F', 2, 10995),
	(1138, 'mpbiker_overlays', 'TAT_BI_038', 'MP_MP_Biker_Tat_038_M', 'MP_MP_Biker_Tat_038_F', 1, 3900),
	(1139, 'mpbiker_overlays', 'TAT_BI_044', 'MP_MP_Biker_Tat_044_M', 'MP_MP_Biker_Tat_044_F', 4, 11900),
	(1140, 'mpbiker_overlays', 'TAT_BI_043', 'MP_MP_Biker_Tat_043_M', 'MP_MP_Biker_Tat_043_F', 0, 6850),
	(1141, 'mpbiker_overlays', 'TAT_BI_048', 'MP_MP_Biker_Tat_048_M', 'MP_MP_Biker_Tat_048_F', 5, 8930),
	(1142, 'mpbiker_overlays', 'TAT_BI_057', 'MP_MP_Biker_Tat_057_M', 'MP_MP_Biker_Tat_057_F', 4, 13865),
	(1143, 'mpbiker_overlays', 'TAT_BI_047', 'MP_MP_Biker_Tat_047_M', 'MP_MP_Biker_Tat_047_F', 3, 13500),
	(1144, 'mpbiker_overlays', 'TAT_BI_056', 'MP_MP_Biker_Tat_056_M', 'MP_MP_Biker_Tat_056_F', 4, 14960),
	(1145, 'mpbiker_overlays', 'TAT_BI_059', 'MP_MP_Biker_Tat_059_M', 'MP_MP_Biker_Tat_059_F', 0, 6395),
	(1146, 'mpbiker_overlays', 'TAT_BI_060', 'MP_MP_Biker_Tat_060_M', 'MP_MP_Biker_Tat_060_F', 0, 7105),
	(1147, 'mpbusiness_overlays', 'TAT_BUS_005', 'MP_Buis_M_Neck_000', '', 1, 5000),
	(1148, 'mpbusiness_overlays', 'TAT_BUS_006', 'MP_Buis_M_Neck_001', '', 1, 1600),
	(1149, 'mpbusiness_overlays', 'TAT_BUS_007', 'MP_Buis_M_Neck_002', '', 1, 1750),
	(1150, 'mpbusiness_overlays', 'TAT_BUS_008', 'MP_Buis_M_Neck_003', '', 1, 6900),
	(1151, 'mpbusiness_overlays', 'TAT_BUS_003', 'MP_Buis_M_LeftArm_000', '', 2, 3500),
	(1152, 'mpbusiness_overlays', 'TAT_BUS_004', 'MP_Buis_M_LeftArm_001', '', 2, 7300),
	(1153, 'mpbusiness_overlays', 'TAT_BUS_009', 'MP_Buis_M_RightArm_000', '', 3, 4800),
	(1154, 'mpbusiness_overlays', 'TAT_BUS_010', 'MP_Buis_M_RightArm_001', '', 3, 1500),
	(1155, 'mpbusiness_overlays', 'TAT_BUS_011', 'MP_Buis_M_Stomach_000', '', 0, 6400),
	(1156, 'mpbusiness_overlays', 'TAT_BUS_002', 'MP_Buis_M_Chest_001', '', 0, 3500),
	(1157, 'mpbusiness_overlays', 'TAT_BUS_001', 'MP_Buis_M_Chest_000', '', 0, 3250),
	(1158, 'mpbusiness_overlays', 'TAT_BUS_000', 'MP_Buis_M_Back_000', '', 0, 5500),
	(1159, 'mpbusiness_overlays', 'TAT_BUS_F_003', '', 'MP_Buis_F_Chest_001', 0, 7200),
	(1160, 'mpbusiness_overlays', 'TAT_BUS_F_004', '', 'MP_Buis_F_Chest_002', 0, 1600),
	(1161, 'mpbusiness_overlays', 'TAT_BUS_F_011', '', 'MP_Buis_F_Stom_000', 0, 6800),
	(1162, 'mpbusiness_overlays', 'TAT_BUS_F_001', '', 'MP_Buis_F_Back_001', 0, 4000),
	(1163, 'mpbusiness_overlays', 'TAT_BUS_F_002', '', 'MP_Buis_F_Chest_000', 0, 7000),
	(1164, 'mpbusiness_overlays', 'TAT_BUS_F_009', '', 'MP_Buis_F_RArm_000', 3, 4900),
	(1165, 'mpbusiness_overlays', 'TAT_BUS_F_007', '', 'MP_Buis_F_Neck_000', 1, 1900),
	(1166, 'mpbusiness_overlays', 'TAT_BUS_F_012', '', 'MP_Buis_F_Stom_001', 0, 1800),
	(1167, 'mpbusiness_overlays', 'TAT_BUS_F_008', '', 'MP_Buis_F_Neck_001', 1, 2500),
	(1168, 'mpbusiness_overlays', 'TAT_BUS_F_000', '', 'MP_Buis_F_Back_000', 0, 4200),
	(1169, 'mpbusiness_overlays', 'TAT_BUS_F_013', '', 'MP_Buis_F_Stom_002', 0, 1500),
	(1170, 'mpbusiness_overlays', 'TAT_BUS_F_005', '', 'MP_Buis_F_LArm_000', 2, 5500),
	(1171, 'mpchristmas2017_overlays', 'TAT_H27_002', 'MP_Christmas2017_Tattoo_002_M', 'MP_Christmas2017_Tattoo_002_F', 0, 18360),
	(1172, 'mpchristmas2017_overlays', 'TAT_H27_001', 'MP_Christmas2017_Tattoo_001_M', 'MP_Christmas2017_Tattoo_001_F', 2, 17260),
	(1173, 'mpchristmas2017_overlays', 'TAT_H27_000', 'MP_Christmas2017_Tattoo_000_M', 'MP_Christmas2017_Tattoo_000_F', 0, 13500),
	(1174, 'mpbusiness_overlays', 'TAT_BUS_F_010', '', 'MP_Buis_F_RLeg_000', 5, 4500),
	(1175, 'mpchristmas2017_overlays', 'TAT_H27_003', 'MP_Christmas2017_Tattoo_003_M', 'MP_Christmas2017_Tattoo_003_F', 0, 17780),
	(1176, 'mpbusiness_overlays', 'TAT_BUS_F_006', '', 'MP_Buis_F_LLeg_000', 4, 4850),
	(1177, 'mpchristmas2017_overlays', 'TAT_H27_004', 'MP_Christmas2017_Tattoo_004_M', 'MP_Christmas2017_Tattoo_004_F', 2, 20400),
	(1178, 'mpchristmas2017_overlays', 'TAT_H27_005', 'MP_Christmas2017_Tattoo_005_M', 'MP_Christmas2017_Tattoo_005_F', 0, 52660),
	(1179, 'mpchristmas2017_overlays', 'TAT_H27_010', 'MP_Christmas2017_Tattoo_010_M', 'MP_Christmas2017_Tattoo_010_F', 0, 49540),
	(1180, 'mpchristmas2017_overlays', 'TAT_H27_011', 'MP_Christmas2017_Tattoo_011_M', 'MP_Christmas2017_Tattoo_011_F', 0, 53950),
	(1181, 'mpchristmas2017_overlays', 'TAT_H27_009', 'MP_Christmas2017_Tattoo_009_M', 'MP_Christmas2017_Tattoo_009_F', 0, 23870),
	(1182, 'mpchristmas2017_overlays', 'TAT_H27_008', 'MP_Christmas2017_Tattoo_008_M', 'MP_Christmas2017_Tattoo_008_F', 0, 36800),
	(1183, 'mpchristmas2017_overlays', 'TAT_H27_007', 'MP_Christmas2017_Tattoo_007_M', 'MP_Christmas2017_Tattoo_007_F', 2, 19670),
	(1184, 'mpchristmas2017_overlays', 'TAT_H27_006', 'MP_Christmas2017_Tattoo_006_M', 'MP_Christmas2017_Tattoo_006_F', 3, 22030),
	(1185, 'mpchristmas2017_overlays', 'TAT_H27_013', 'MP_Christmas2017_Tattoo_013_M', 'MP_Christmas2017_Tattoo_013_F', 2, 22930),
	(1186, 'mpchristmas2017_overlays', 'TAT_H27_017', 'MP_Christmas2017_Tattoo_017_M', 'MP_Christmas2017_Tattoo_017_F', 3, 32080),
	(1187, 'mpchristmas2017_overlays', 'TAT_H27_012', 'MP_Christmas2017_Tattoo_012_M', 'MP_Christmas2017_Tattoo_012_F', 3, 21190),
	(1188, 'mpchristmas2017_overlays', 'TAT_H27_018', 'MP_Christmas2017_Tattoo_018_M', 'MP_Christmas2017_Tattoo_018_F', 3, 34410),
	(1189, 'mpchristmas2017_overlays', 'TAT_H27_019', 'MP_Christmas2017_Tattoo_019_M', 'MP_Christmas2017_Tattoo_019_F', 0, 16780),
	(1190, 'mpchristmas2017_overlays', 'TAT_H27_020', 'MP_Christmas2017_Tattoo_020_M', 'MP_Christmas2017_Tattoo_020_F', 0, 46890),
	(1191, 'mpchristmas2017_overlays', 'TAT_H27_021', 'MP_Christmas2017_Tattoo_021_M', 'MP_Christmas2017_Tattoo_021_F', 0, 24870),
	(1192, 'mpchristmas2017_overlays', 'TAT_H27_016', 'MP_Christmas2017_Tattoo_016_M', 'MP_Christmas2017_Tattoo_016_F', 0, 51500),
	(1193, 'mpchristmas2017_overlays', 'TAT_H27_026', 'MP_Christmas2017_Tattoo_026_M', 'MP_Christmas2017_Tattoo_026_F', 0, 18980),
	(1194, 'mpchristmas2017_overlays', 'TAT_H27_015', 'MP_Christmas2017_Tattoo_015_M', 'MP_Christmas2017_Tattoo_015_F', 0, 50460),
	(1195, 'mpchristmas2017_overlays', 'TAT_H27_014', 'MP_Christmas2017_Tattoo_014_M', 'MP_Christmas2017_Tattoo_014_F', 3, 11860),
	(1196, 'mpchristmas2017_overlays', 'TAT_H27_028', 'MP_Christmas2017_Tattoo_028_M', 'MP_Christmas2017_Tattoo_028_F', 3, 15150),
	(1197, 'mpchristmas2018_overlays', 'TAT_AW_000', 'MP_Christmas2018_Tat_000_M', 'MP_Christmas2018_Tat_000_F', 0, 100),
	(1198, 'mpchristmas2_overlays', 'TAT_X2_000', 'MP_Xmas2_M_Tat_000', 'MP_Xmas2_F_Tat_000', 2, 5950),
	(1199, 'mpchristmas2_overlays', 'TAT_X2_001', 'MP_Xmas2_M_Tat_001', 'MP_Xmas2_F_Tat_001', 4, 4650),
	(1200, 'mpchristmas2017_overlays', 'TAT_H27_025', 'MP_Christmas2017_Tattoo_025_M', 'MP_Christmas2017_Tattoo_025_F', 2, 27560),
	(1201, 'mpchristmas2017_overlays', 'TAT_H27_023', 'MP_Christmas2017_Tattoo_023_M', 'MP_Christmas2017_Tattoo_023_F', 3, 39240),
	(1202, 'mpchristmas2017_overlays', 'TAT_H27_024', 'MP_Christmas2017_Tattoo_024_M', 'MP_Christmas2017_Tattoo_024_F', 0, 41740),
	(1203, 'mpchristmas2017_overlays', 'TAT_H27_022', 'MP_Christmas2017_Tattoo_022_M', 'MP_Christmas2017_Tattoo_022_F', 0, 29970),
	(1204, 'mpchristmas2017_overlays', 'TAT_H27_029', 'MP_Christmas2017_Tattoo_029_M', 'MP_Christmas2017_Tattoo_029_F', 2, 25920),
	(1205, 'mpchristmas2_overlays', 'TAT_X2_002', 'MP_Xmas2_M_Tat_002', 'MP_Xmas2_F_Tat_002', 4, 6350),
	(1206, 'mpchristmas2_overlays', 'TAT_X2_008', 'MP_Xmas2_M_Tat_008', 'MP_Xmas2_F_Tat_008', 3, 4300),
	(1207, 'mpchristmas2017_overlays', 'TAT_H27_027', 'MP_Christmas2017_Tattoo_027_M', 'MP_Christmas2017_Tattoo_027_F', 0, 44280),
	(1208, 'mpchristmas2_overlays', 'TAT_X2_010', 'MP_Xmas2_M_Tat_010', 'MP_Xmas2_F_Tat_010', 2, 6200),
	(1209, 'mpchristmas2_overlays', 'TAT_X2_009', 'MP_Xmas2_M_Tat_009', 'MP_Xmas2_F_Tat_009', 0, 7800),
	(1210, 'mpchristmas2_overlays', 'TAT_X2_011', 'MP_Xmas2_M_Tat_011', 'MP_Xmas2_F_Tat_011', 0, 6850),
	(1211, 'mpchristmas2_overlays', 'TAT_X2_012', 'MP_Xmas2_M_Tat_012', 'MP_Xmas2_F_Tat_012', 2, 8250),
	(1212, 'mpchristmas2_overlays', 'TAT_X2_013', 'MP_Xmas2_M_Tat_013', 'MP_Xmas2_F_Tat_013', 0, 7900),
	(1213, 'mpchristmas2_overlays', 'TAT_X2_003', 'MP_Xmas2_M_Tat_003', 'MP_Xmas2_F_Tat_003', 3, 8450),
	(1214, 'mpchristmas2_overlays', 'TAT_X2_018', 'MP_Xmas2_M_Tat_018', 'MP_Xmas2_F_Tat_018', 0, 4300),
	(1215, 'mpchristmas2_overlays', 'TAT_X2_021', 'MP_Xmas2_M_Tat_021', 'MP_Xmas2_F_Tat_021', 2, 3750),
	(1216, 'mpchristmas2_overlays', 'TAT_X2_020', 'MP_Xmas2_M_Tat_020', 'MP_Xmas2_F_Tat_020', 2, 2500),
	(1217, 'mpchristmas2_overlays', 'TAT_X2_007', 'MP_Xmas2_M_Tat_007', 'MP_Xmas2_F_Tat_007', 1, 3950),
	(1218, 'mpchristmas2_overlays', 'TAT_X2_006', 'MP_Xmas2_M_Tat_006', 'MP_Xmas2_F_Tat_006', 0, 14500),
	(1219, 'mpchristmas2_overlays', 'TAT_X2_004', 'MP_Xmas2_M_Tat_004', 'MP_Xmas2_F_Tat_004', 3, 13250),
	(1220, 'mpchristmas2_overlays', 'TAT_X2_005', 'MP_Xmas2_M_Tat_005', 'MP_Xmas2_F_Tat_005', 0, 8750),
	(1221, 'mpchristmas2_overlays', 'TAT_X2_022', 'MP_Xmas2_M_Tat_022', 'MP_Xmas2_F_Tat_022', 3, 3800),
	(1222, 'mpchristmas2_overlays', 'TAT_X2_025', 'MP_Xmas2_M_Tat_025', 'MP_Xmas2_F_Tat_025', 1, 4600),
	(1223, 'mpchristmas2_overlays', 'TAT_X2_028', 'MP_Xmas2_M_Tat_028', 'MP_Xmas2_F_Tat_028', 0, 5700),
	(1224, 'mpchristmas2_overlays', 'TAT_X2_027', 'MP_Xmas2_M_Tat_027', 'MP_Xmas2_F_Tat_027', 3, 2200),
	(1225, 'mpgunrunning_overlays', 'TAT_GR_001', 'MP_Gunrunning_Tattoo_001_M', 'MP_Gunrunning_Tattoo_001_F', 0, 19355),
	(1226, 'mpchristmas2_overlays', 'TAT_X2_017', 'MP_Xmas2_M_Tat_017', 'MP_Xmas2_F_Tat_017', 0, 6350),
	(1227, 'mpchristmas2_overlays', 'TAT_X2_016', 'MP_Xmas2_M_Tat_016', 'MP_Xmas2_F_Tat_016', 0, 3150),
	(1228, 'mpchristmas2_overlays', 'TAT_X2_015', 'MP_Xmas2_M_Tat_015', 'MP_Xmas2_F_Tat_015', 0, 11000),
	(1229, 'mpchristmas2_overlays', 'TAT_X2_014', 'MP_Xmas2_M_Tat_014', 'MP_Xmas2_F_Tat_014', 5, 10500),
	(1230, 'mpchristmas2_overlays', 'TAT_X2_019', 'MP_Xmas2_M_Tat_019', 'MP_Xmas2_F_Tat_019', 0, 7500),
	(1231, 'mpchristmas2_overlays', 'TAT_X2_023', 'MP_Xmas2_M_Tat_023', 'MP_Xmas2_F_Tat_023', 3, 5100),
	(1232, 'mpchristmas2_overlays', 'TAT_X2_024', 'MP_Xmas2_M_Tat_024', 'MP_Xmas2_F_Tat_024', 1, 2100),
	(1233, 'mpchristmas2_overlays', 'TAT_X2_026', 'MP_Xmas2_M_Tat_026', 'MP_Xmas2_F_Tat_026', 3, 1300),
	(1234, 'mpgunrunning_overlays', 'TAT_GR_000', 'MP_Gunrunning_Tattoo_000_M', 'MP_Gunrunning_Tattoo_000_F', 0, 16985),
	(1235, 'mpchristmas2_overlays', 'TAT_X2_029', 'MP_Xmas2_M_Tat_029', 'MP_Xmas2_F_Tat_029', 1, 3150),
	(1236, 'mpgunrunning_overlays', 'TAT_GR_002', 'MP_Gunrunning_Tattoo_002_M', 'MP_Gunrunning_Tattoo_002_F', 3, 14650),
	(1237, 'mpgunrunning_overlays', 'TAT_GR_003', 'MP_Gunrunning_Tattoo_003_M', 'MP_Gunrunning_Tattoo_003_F', 1, 8750),
	(1238, 'mpgunrunning_overlays', 'TAT_GR_004', 'MP_Gunrunning_Tattoo_004_M', 'MP_Gunrunning_Tattoo_004_F', 2, 11285),
	(1239, 'mpgunrunning_overlays', 'TAT_GR_005', 'MP_Gunrunning_Tattoo_005_M', 'MP_Gunrunning_Tattoo_005_F', 4, 9120),
	(1240, 'mpgunrunning_overlays', 'TAT_GR_006', 'MP_Gunrunning_Tattoo_006_M', 'MP_Gunrunning_Tattoo_006_F', 5, 10670),
	(1241, 'mpgunrunning_overlays', 'TAT_GR_007', 'MP_Gunrunning_Tattoo_007_M', 'MP_Gunrunning_Tattoo_007_F', 4, 9660),
	(1242, 'mpgunrunning_overlays', 'TAT_GR_008', 'MP_Gunrunning_Tattoo_008_M', 'MP_Gunrunning_Tattoo_008_F', 2, 13445),
	(1243, 'mpgunrunning_overlays', 'TAT_GR_009', 'MP_Gunrunning_Tattoo_009_M', 'MP_Gunrunning_Tattoo_009_F', 0, 14650),
	(1244, 'mpgunrunning_overlays', 'TAT_GR_010', 'MP_Gunrunning_Tattoo_010_M', 'MP_Gunrunning_Tattoo_010_F', 0, 19050),
	(1245, 'mpgunrunning_overlays', 'TAT_GR_011', 'MP_Gunrunning_Tattoo_011_M', 'MP_Gunrunning_Tattoo_011_F', 4, 9785),
	(1246, 'mpgunrunning_overlays', 'TAT_GR_012', 'MP_Gunrunning_Tattoo_012_M', 'MP_Gunrunning_Tattoo_012_F', 0, 15060),
	(1247, 'mpgunrunning_overlays', 'TAT_GR_013', 'MP_Gunrunning_Tattoo_013_M', 'MP_Gunrunning_Tattoo_013_F', 0, 16115),
	(1248, 'mpgunrunning_overlays', 'TAT_GR_014', 'MP_Gunrunning_Tattoo_014_M', 'MP_Gunrunning_Tattoo_014_F', 0, 17200),
	(1249, 'mpgunrunning_overlays', 'TAT_GR_015', 'MP_Gunrunning_Tattoo_015_M', 'MP_Gunrunning_Tattoo_015_F', 2, 10425),
	(1250, 'mpgunrunning_overlays', 'TAT_GR_016', 'MP_Gunrunning_Tattoo_016_M', 'MP_Gunrunning_Tattoo_016_F', 2, 10360),
	(1251, 'mpgunrunning_overlays', 'TAT_GR_017', 'MP_Gunrunning_Tattoo_017_M', 'MP_Gunrunning_Tattoo_017_F', 0, 8980),
	(1252, 'mpgunrunning_overlays', 'TAT_GR_018', 'MP_Gunrunning_Tattoo_018_M', 'MP_Gunrunning_Tattoo_018_F', 0, 17755),
	(1253, 'mpgunrunning_overlays', 'TAT_GR_019', 'MP_Gunrunning_Tattoo_019_M', 'MP_Gunrunning_Tattoo_019_F', 0, 18025),
	(1254, 'mpgunrunning_overlays', 'TAT_GR_022', 'MP_Gunrunning_Tattoo_022_M', 'MP_Gunrunning_Tattoo_022_F', 0, 10825),
	(1255, 'mpgunrunning_overlays', 'TAT_GR_021', 'MP_Gunrunning_Tattoo_021_M', 'MP_Gunrunning_Tattoo_021_F', 3, 9460),
	(1256, 'mpgunrunning_overlays', 'TAT_GR_023', 'MP_Gunrunning_Tattoo_023_M', 'MP_Gunrunning_Tattoo_023_F', 4, 8880),
	(1257, 'mpgunrunning_overlays', 'TAT_GR_024', 'MP_Gunrunning_Tattoo_024_M', 'MP_Gunrunning_Tattoo_024_F', 3, 10340),
	(1258, 'mpgunrunning_overlays', 'TAT_GR_025', 'MP_Gunrunning_Tattoo_025_M', 'MP_Gunrunning_Tattoo_025_F', 2, 12150),
	(1259, 'mpgunrunning_overlays', 'TAT_GR_027', 'MP_Gunrunning_Tattoo_027_M', 'MP_Gunrunning_Tattoo_027_F', 2, 8420),
	(1260, 'mpgunrunning_overlays', 'TAT_GR_020', 'MP_Gunrunning_Tattoo_020_M', 'MP_Gunrunning_Tattoo_020_F', 0, 19875),
	(1261, 'mpgunrunning_overlays', 'TAT_GR_026', 'MP_Gunrunning_Tattoo_026_M', 'MP_Gunrunning_Tattoo_026_F', 5, 11510),
	(1262, 'mpgunrunning_overlays', 'TAT_GR_028', 'MP_Gunrunning_Tattoo_028_M', 'MP_Gunrunning_Tattoo_028_F', 0, 9960),
	(1263, 'mphipster_overlays', 'TAT_HP_000', 'FM_Hip_M_Tat_000', 'FM_Hip_F_Tat_000', 0, 6750),
	(1264, 'mphipster_overlays', 'TAT_HP_001', 'FM_Hip_M_Tat_001', 'FM_Hip_F_Tat_001', 3, 2000),
	(1265, 'mphipster_overlays', 'TAT_HP_002', 'FM_Hip_M_Tat_002', 'FM_Hip_F_Tat_002', 0, 2900),
	(1266, 'mpgunrunning_overlays', 'TAT_GR_029', 'MP_Gunrunning_Tattoo_029_M', 'MP_Gunrunning_Tattoo_029_F', 0, 14090),
	(1267, 'mpgunrunning_overlays', 'TAT_GR_030', 'MP_Gunrunning_Tattoo_030_M', 'MP_Gunrunning_Tattoo_030_F', 5, 11050),
	(1268, 'mphipster_overlays', 'TAT_HP_003', 'FM_Hip_M_Tat_003', 'FM_Hip_F_Tat_003', 2, 2100),
	(1269, 'mphipster_overlays', 'TAT_HP_013', 'FM_Hip_M_Tat_013', 'FM_Hip_F_Tat_013', 0, 6950),
	(1270, 'mphipster_overlays', 'TAT_HP_008', 'FM_Hip_M_Tat_008', 'FM_Hip_F_Tat_008', 3, 4850),
	(1271, 'mphipster_overlays', 'TAT_HP_007', 'FM_Hip_M_Tat_007', 'FM_Hip_F_Tat_007', 2, 6000),
	(1272, 'mphipster_overlays', 'TAT_HP_009', 'FM_Hip_M_Tat_009', 'FM_Hip_F_Tat_009', 4, 4000),
	(1273, 'mphipster_overlays', 'TAT_HP_006', 'FM_Hip_M_Tat_006', 'FM_Hip_F_Tat_006', 0, 4550),
	(1274, 'mphipster_overlays', 'TAT_HP_005', 'FM_Hip_M_Tat_005', 'FM_Hip_F_Tat_005', 1, 7450),
	(1275, 'mphipster_overlays', 'TAT_HP_004', 'FM_Hip_M_Tat_004', 'FM_Hip_F_Tat_004', 3, 2900),
	(1276, 'mphipster_overlays', 'TAT_HP_010', 'FM_Hip_M_Tat_010', 'FM_Hip_F_Tat_010', 3, 3150),
	(1277, 'mphipster_overlays', 'TAT_HP_012', 'FM_Hip_M_Tat_012', 'FM_Hip_F_Tat_012', 0, 6500),
	(1278, 'mphipster_overlays', 'TAT_HP_011', 'FM_Hip_M_Tat_011', 'FM_Hip_F_Tat_011', 0, 3000),
	(1279, 'mphipster_overlays', 'TAT_HP_014', 'FM_Hip_M_Tat_014', 'FM_Hip_F_Tat_014', 3, 4300),
	(1280, 'mphipster_overlays', 'TAT_HP_015', 'FM_Hip_M_Tat_015', 'FM_Hip_F_Tat_015', 2, 3400),
	(1281, 'mphipster_overlays', 'TAT_HP_016', 'FM_Hip_M_Tat_016', 'FM_Hip_F_Tat_016', 2, 3700),
	(1282, 'mphipster_overlays', 'TAT_HP_025', 'FM_Hip_M_Tat_025', 'FM_Hip_F_Tat_025', 0, 3500),
	(1283, 'mphipster_overlays', 'TAT_HP_026', 'FM_Hip_M_Tat_026', 'FM_Hip_F_Tat_026', 2, 2400),
	(1284, 'mphipster_overlays', 'TAT_HP_027', 'FM_Hip_M_Tat_027', 'FM_Hip_F_Tat_027', 2, 5750),
	(1285, 'mphipster_overlays', 'TAT_HP_024', 'FM_Hip_M_Tat_024', 'FM_Hip_F_Tat_024', 0, 2950),
	(1286, 'mphipster_overlays', 'TAT_HP_020', 'FM_Hip_M_Tat_020', 'FM_Hip_F_Tat_020', 3, 7350),
	(1287, 'mphipster_overlays', 'TAT_HP_021', 'FM_Hip_M_Tat_021', 'FM_Hip_F_Tat_021', 1, 7850),
	(1288, 'mphipster_overlays', 'TAT_HP_022', 'FM_Hip_M_Tat_022', 'FM_Hip_F_Tat_022', 3, 2250),
	(1289, 'mphipster_overlays', 'TAT_HP_019', 'FM_Hip_M_Tat_019', 'FM_Hip_F_Tat_019', 4, 3400),
	(1290, 'mphipster_overlays', 'TAT_HP_023', 'FM_Hip_M_Tat_023', 'FM_Hip_F_Tat_023', 3, 7000),
	(1291, 'mphipster_overlays', 'TAT_HP_018', 'FM_Hip_M_Tat_018', 'FM_Hip_F_Tat_018', 3, 1800),
	(1292, 'mphipster_overlays', 'TAT_HP_017', 'FM_Hip_M_Tat_017', 'FM_Hip_F_Tat_017', 3, 2650),
	(1293, 'mphipster_overlays', 'TAT_HP_028', 'FM_Hip_M_Tat_028', 'FM_Hip_F_Tat_028', 2, 4800),
	(1294, 'mphipster_overlays', 'TAT_HP_030', 'FM_Hip_M_Tat_030', 'FM_Hip_F_Tat_030', 0, 2250),
	(1295, 'mphipster_overlays', 'TAT_HP_031', 'FM_Hip_M_Tat_031', 'FM_Hip_F_Tat_031', 0, 4950),
	(1296, 'mphipster_overlays', 'TAT_HP_035', 'FM_Hip_M_Tat_035', 'FM_Hip_F_Tat_035', 0, 7500),
	(1297, 'mphipster_overlays', 'TAT_HP_036', 'FM_Hip_M_Tat_036', 'FM_Hip_F_Tat_036', 3, 5150),
	(1298, 'mphipster_overlays', 'TAT_HP_029', 'FM_Hip_M_Tat_029', 'FM_Hip_F_Tat_029', 0, 1850),
	(1299, 'mphipster_overlays', 'TAT_HP_040', 'FM_Hip_M_Tat_040', 'FM_Hip_F_Tat_040', 4, 2950),
	(1300, 'mphipster_overlays', 'TAT_HP_042', 'FM_Hip_M_Tat_042', 'FM_Hip_F_Tat_042', 5, 4300),
	(1301, 'mphipster_overlays', 'TAT_HP_034', 'FM_Hip_M_Tat_034', 'FM_Hip_F_Tat_034', 2, 9500),
	(1302, 'mphipster_overlays', 'TAT_HP_033', 'FM_Hip_M_Tat_033', 'FM_Hip_F_Tat_033', 0, 6950),
	(1303, 'mphipster_overlays', 'TAT_HP_032', 'FM_Hip_M_Tat_032', 'FM_Hip_F_Tat_032', 0, 4350),
	(1304, 'mphipster_overlays', 'TAT_HP_046', 'FM_Hip_M_Tat_046', 'FM_Hip_F_Tat_046', 0, 3750),
	(1305, 'mphipster_overlays', 'TAT_HP_048', 'FM_Hip_M_Tat_048', 'FM_Hip_F_Tat_048', 2, 7850),
	(1306, 'mphipster_overlays', 'TAT_HP_039', 'FM_Hip_M_Tat_039', 'FM_Hip_F_Tat_039', 2, 10000),
	(1307, 'mphipster_overlays', 'TAT_HP_038', 'FM_Hip_M_Tat_038', 'FM_Hip_F_Tat_038', 5, 3500),
	(1308, 'mpimportexport_overlays', 'TAT_IE_000', 'MP_MP_ImportExport_Tat_000_M', 'MP_MP_ImportExport_Tat_000_F', 0, 13780),
	(1309, 'mphipster_overlays', 'TAT_HP_037', 'FM_Hip_M_Tat_037', 'FM_Hip_F_Tat_037', 2, 3750),
	(1310, 'mphipster_overlays', 'TAT_HP_043', 'FM_Hip_M_Tat_043', 'FM_Hip_F_Tat_043', 2, 5500),
	(1311, 'mphipster_overlays', 'TAT_HP_041', 'FM_Hip_M_Tat_041', 'FM_Hip_F_Tat_041', 0, 2575),
	(1312, 'mphipster_overlays', 'TAT_HP_045', 'FM_Hip_M_Tat_045', 'FM_Hip_F_Tat_045', 3, 4000),
	(1313, 'mphipster_overlays', 'TAT_HP_044', 'FM_Hip_M_Tat_044', 'FM_Hip_F_Tat_044', 3, 5500),
	(1314, 'mpimportexport_overlays', 'TAT_IE_010', 'MP_MP_ImportExport_Tat_010_M', 'MP_MP_ImportExport_Tat_010_F', 0, 14235),
	(1315, 'mpimportexport_overlays', 'TAT_IE_009', 'MP_MP_ImportExport_Tat_009_M', 'MP_MP_ImportExport_Tat_009_F', 0, 16500),
	(1316, 'mpimportexport_overlays', 'TAT_IE_007', 'MP_MP_ImportExport_Tat_007_M', 'MP_MP_ImportExport_Tat_007_F', 3, 16685),
	(1317, 'mpimportexport_overlays', 'TAT_IE_005', 'MP_MP_ImportExport_Tat_005_M', 'MP_MP_ImportExport_Tat_005_F', 3, 18615),
	(1318, 'mpimportexport_overlays', 'TAT_IE_001', 'MP_MP_ImportExport_Tat_001_M', 'MP_MP_ImportExport_Tat_001_F', 0, 12900),
	(1319, 'mphipster_overlays', 'TAT_HP_047', 'FM_Hip_M_Tat_047', 'FM_Hip_F_Tat_047', 0, 1900),
	(1320, 'mpimportexport_overlays', 'TAT_IE_011', 'MP_MP_ImportExport_Tat_011_M', 'MP_MP_ImportExport_Tat_011_F', 0, 15985),
	(1321, 'mplowrider2_overlays', 'TAT_S2_000', 'MP_LR_Tat_000_M', 'MP_LR_Tat_000_F', 0, 19000),
	(1322, 'mplowrider2_overlays', 'TAT_S2_012', 'MP_LR_Tat_012_M', 'MP_LR_Tat_012_F', 0, 7650),
	(1323, 'mplowrider2_overlays', 'TAT_S2_016', 'MP_LR_Tat_016_M', 'MP_LR_Tat_016_F', 0, 6400),
	(1324, 'mplowrider2_overlays', 'TAT_S2_018', 'MP_LR_Tat_018_M', 'MP_LR_Tat_018_F', 2, 11000),
	(1325, 'mplowrider2_overlays', 'TAT_S2_019', 'MP_LR_Tat_019_M', 'MP_LR_Tat_019_F', 0, 9750),
	(1326, 'mpimportexport_overlays', 'TAT_IE_004', 'MP_MP_ImportExport_Tat_004_M', 'MP_MP_ImportExport_Tat_004_F', 2, 16350),
	(1327, 'mpimportexport_overlays', 'TAT_IE_003', 'MP_MP_ImportExport_Tat_003_M', 'MP_MP_ImportExport_Tat_003_F', 3, 17200),
	(1328, 'mpimportexport_overlays', 'TAT_IE_006', 'MP_MP_ImportExport_Tat_006_M', 'MP_MP_ImportExport_Tat_006_F', 3, 15720),
	(1329, 'mpimportexport_overlays', 'TAT_IE_002', 'MP_MP_ImportExport_Tat_002_M', 'MP_MP_ImportExport_Tat_002_F', 0, 12120),
	(1330, 'mpimportexport_overlays', 'TAT_IE_008', 'MP_MP_ImportExport_Tat_008_M', 'MP_MP_ImportExport_Tat_008_F', 2, 19900),
	(1331, 'mplowrider2_overlays', 'TAT_S2_022', 'MP_LR_Tat_022_M', 'MP_LR_Tat_022_F', 2, 7350),
	(1332, 'mplowrider2_overlays', 'TAT_S2_008', 'MP_LR_Tat_008_M', 'MP_LR_Tat_008_F', 0, 18750),
	(1333, 'mplowrider2_overlays', 'TAT_S2_011', 'MP_LR_Tat_011_M', 'MP_LR_Tat_011_F', 0, 8000),
	(1334, 'mplowrider2_overlays', 'TAT_S2_006', 'MP_LR_Tat_006_M', 'MP_LR_Tat_006_F', 2, 7450),
	(1335, 'mplowrider2_overlays', 'TAT_S2_003', 'MP_LR_Tat_003_M', 'MP_LR_Tat_003_F', 3, 5950),
	(1336, 'mplowrider2_overlays', 'TAT_S2_028', 'MP_LR_Tat_028_M', 'MP_LR_Tat_028_F', 3, 8800),
	(1337, 'mplowrider2_overlays', 'TAT_S2_029', 'MP_LR_Tat_029_M', 'MP_LR_Tat_029_F', 4, 6250),
	(1338, 'mplowrider2_overlays', 'TAT_S2_030', 'MP_LR_Tat_030_M', 'MP_LR_Tat_030_F', 5, 8150),
	(1339, 'mplowrider2_overlays', 'TAT_S2_031', 'MP_LR_Tat_031_M', 'MP_LR_Tat_031_F', 0, 16500),
	(1340, 'mplowrider2_overlays', 'TAT_S2_032', 'MP_LR_Tat_032_M', 'MP_LR_Tat_032_F', 0, 18500),
	(1341, 'mplowrider2_overlays', 'TAT_S2_035', 'MP_LR_Tat_035_M', 'MP_LR_Tat_035_F', 3, 8250),
	(1342, 'mplowrider_overlays', 'TAT_S1_001', 'MP_LR_Tat_001_M', 'MP_LR_Tat_001_F', 0, 6100),
	(1343, 'mplowrider_overlays', 'TAT_S1_002', 'MP_LR_Tat_002_M', 'MP_LR_Tat_002_F', 0, 10250),
	(1344, 'mplowrider_overlays', 'TAT_S1_004', 'MP_LR_Tat_004_M', 'MP_LR_Tat_004_F', 0, 3500),
	(1345, 'mplowrider_overlays', 'TAT_S1_005', 'MP_LR_Tat_005_M', 'MP_LR_Tat_005_F', 2, 5900),
	(1346, 'mplowrider_overlays', 'TAT_S1_007', 'MP_LR_Tat_007_M', 'MP_LR_Tat_007_F', 4, 5500),
	(1347, 'mplowrider_overlays', 'TAT_S1_009', 'MP_LR_Tat_009_M', 'MP_LR_Tat_009_F', 0, 9500),
	(1348, 'mplowrider_overlays', 'TAT_S1_010', 'MP_LR_Tat_010_M', 'MP_LR_Tat_010_F', 0, 16500),
	(1349, 'mplowrider_overlays', 'TAT_S1_013', 'MP_LR_Tat_013_M', 'MP_LR_Tat_013_F', 0, 8300),
	(1350, 'mplowrider_overlays', 'TAT_S1_014', 'MP_LR_Tat_014_M', 'MP_LR_Tat_014_F', 0, 17750),
	(1351, 'mplowrider_overlays', 'TAT_S1_015', 'MP_LR_Tat_015_M', 'MP_LR_Tat_015_F', 3, 6150),
	(1352, 'mplowrider_overlays', 'TAT_S1_017', 'MP_LR_Tat_017_M', 'MP_LR_Tat_017_F', 5, 7700),
	(1353, 'mplowrider_overlays', 'TAT_S1_020', 'MP_LR_Tat_020_M', 'MP_LR_Tat_020_F', 4, 6850),
	(1354, 'mplowrider_overlays', 'TAT_S1_021', 'MP_LR_Tat_021_M', 'MP_LR_Tat_021_F', 0, 15000),
	(1355, 'mplowrider_overlays', 'TAT_S1_023', 'MP_LR_Tat_023_M', 'MP_LR_Tat_023_F', 5, 6500),
	(1356, 'mplowrider_overlays', 'TAT_S1_026', 'MP_LR_Tat_026_M', 'MP_LR_Tat_026_F', 0, 7400),
	(1357, 'mplowrider_overlays', 'TAT_S1_027', 'MP_LR_Tat_027_M', 'MP_LR_Tat_027_F', 2, 7800),
	(1358, 'mplowrider_overlays', 'TAT_S1_033', 'MP_LR_Tat_033_M', 'MP_LR_Tat_033_F', 2, 10000),
	(1359, 'mpluxe2_overlays', 'TAT_L2_002', 'MP_LUXE_TAT_002_M', 'MP_LUXE_TAT_002_F', 0, 11000),
	(1360, 'mpluxe2_overlays', 'TAT_L2_005', 'MP_LUXE_TAT_005_M', 'MP_LUXE_TAT_005_F', 2, 10250),
	(1361, 'mpluxe2_overlays', 'TAT_L2_010', 'MP_LUXE_TAT_010_M', 'MP_LUXE_TAT_010_F', 3, 14650),
	(1362, 'mpluxe2_overlays', 'TAT_L2_011', 'MP_LUXE_TAT_011_M', 'MP_LUXE_TAT_011_F', 4, 13250),
	(1363, 'mpluxe2_overlays', 'TAT_L2_012', 'MP_LUXE_TAT_012_M', 'MP_LUXE_TAT_012_F', 0, 26500),
	(1364, 'mpluxe2_overlays', 'TAT_L2_030', 'MP_LUXE_TAT_030_M', 'MP_LUXE_TAT_030_F', 3, 0),
	(1365, 'mpluxe2_overlays', 'TAT_L2_029', 'MP_LUXE_TAT_029_M', 'MP_LUXE_TAT_029_F', 0, 30000),
	(1366, 'mpluxe2_overlays', 'TAT_L2_028', 'MP_LUXE_TAT_028_M', 'MP_LUXE_TAT_028_F', 2, 11300),
	(1367, 'mpluxe2_overlays', 'TAT_L2_027', 'MP_LUXE_TAT_027_M', 'MP_LUXE_TAT_027_F', 0, 12750),
	(1368, 'mpluxe2_overlays', 'TAT_L2_026', 'MP_LUXE_TAT_026_M', 'MP_LUXE_TAT_026_F', 3, 14700),
	(1369, 'mpluxe2_overlays', 'TAT_L2_023', 'MP_LUXE_TAT_023_M', 'MP_LUXE_TAT_023_F', 5, 15600),
	(1370, 'mpluxe2_overlays', 'TAT_L2_025', 'MP_LUXE_TAT_025_M', 'MP_LUXE_TAT_025_F', 0, 11500),
	(1371, 'mpluxe2_overlays', 'TAT_L2_016', 'MP_LUXE_TAT_016_M', 'MP_LUXE_TAT_016_F', 2, 18600),
	(1372, 'mpluxe2_overlays', 'TAT_L2_017', 'MP_LUXE_TAT_017_M', 'MP_LUXE_TAT_017_F', 3, 21550),
	(1373, 'mpluxe_overlays', 'TAT_LX_000', 'MP_LUXE_TAT_000_M', 'MP_LUXE_TAT_000_F', 4, 11900),
	(1374, 'mpluxe2_overlays', 'TAT_L2_022', 'MP_LUXE_TAT_022_M', 'MP_LUXE_TAT_022_F', 0, 28500),
	(1375, 'mpluxe_overlays', 'TAT_LX_001', 'MP_LUXE_TAT_001_M', 'MP_LUXE_TAT_001_F', 5, 14350),
	(1376, 'mpluxe_overlays', 'TAT_LX_003', 'MP_LUXE_TAT_003_M', 'MP_LUXE_TAT_003_F', 0, 8350),
	(1377, 'mpluxe2_overlays', 'TAT_L2_031', 'MP_LUXE_TAT_031_M', 'MP_LUXE_TAT_031_F', 2, 0),
	(1378, 'mpluxe_overlays', 'TAT_LX_004', 'MP_LUXE_TAT_004_M', 'MP_LUXE_TAT_004_F', 3, 12200),
	(1379, 'mpluxe2_overlays', 'TAT_L2_018', 'MP_LUXE_TAT_018_M', 'MP_LUXE_TAT_018_F', 2, 23400),
	(1380, 'mpluxe_overlays', 'TAT_LX_008', 'MP_LUXE_TAT_008_M', 'MP_LUXE_TAT_008_F', 0, 18000),
	(1381, 'mpluxe_overlays', 'TAT_LX_014', 'MP_LUXE_TAT_014_M', 'MP_LUXE_TAT_014_F', 0, 18200),
	(1382, 'mpluxe_overlays', 'TAT_LX_015', 'MP_LUXE_TAT_015_M', 'MP_LUXE_TAT_015_F', 0, 16250),
	(1383, 'mpluxe_overlays', 'TAT_LX_007', 'MP_LUXE_TAT_007_M', 'MP_LUXE_TAT_007_F', 0, 12450),
	(1384, 'mpluxe_overlays', 'TAT_LX_020', 'MP_LUXE_TAT_020_M', 'MP_LUXE_TAT_020_F', 2, 22500),
	(1385, 'mpluxe_overlays', 'TAT_LX_006', 'MP_LUXE_TAT_006_M', 'MP_LUXE_TAT_006_F', 0, 25000),
	(1386, 'mpluxe_overlays', 'TAT_LX_021', 'MP_LUXE_TAT_021_M', 'MP_LUXE_TAT_021_F', 2, 12850),
	(1387, 'mpluxe_overlays', 'TAT_LX_013', 'MP_LUXE_TAT_013_M', 'MP_LUXE_TAT_013_F', 3, 16900),
	(1388, 'mpluxe_overlays', 'TAT_LX_009', 'MP_LUXE_TAT_009_M', 'MP_LUXE_TAT_009_F', 2, 19150),
	(1389, 'mpluxe_overlays', 'TAT_LX_024', 'MP_LUXE_TAT_024_M', 'MP_LUXE_TAT_024_F', 0, 27250),
	(1390, 'mpsmuggler_overlays', 'TAT_SM_001', 'MP_Smuggler_Tattoo_001_M', 'MP_Smuggler_Tattoo_001_F', 3, 10825),
	(1391, 'mpluxe_overlays', 'TAT_LX_019', 'MP_LUXE_TAT_019_M', 'MP_LUXE_TAT_019_F', 3, 16850),
	(1392, 'mpsmuggler_overlays', 'TAT_SM_002', 'MP_Smuggler_Tattoo_002_M', 'MP_Smuggler_Tattoo_002_F', 0, 12430),
	(1393, 'mpsmuggler_overlays', 'TAT_SM_005', 'MP_Smuggler_Tattoo_005_M', 'MP_Smuggler_Tattoo_005_F', 3, 7920),
	(1394, 'mpsmuggler_overlays', 'TAT_SM_004', 'MP_Smuggler_Tattoo_004_M', 'MP_Smuggler_Tattoo_004_F', 2, 8150),
	(1395, 'mpsmuggler_overlays', 'TAT_SM_011', 'MP_Smuggler_Tattoo_011_M', 'MP_Smuggler_Tattoo_011_F', 1, 8110),
	(1396, 'mpsmuggler_overlays', 'TAT_SM_012', 'MP_Smuggler_Tattoo_012_M', 'MP_Smuggler_Tattoo_012_F', 1, 10720),
	(1397, 'mpsmuggler_overlays', 'TAT_SM_013', 'MP_Smuggler_Tattoo_013_M', 'MP_Smuggler_Tattoo_013_F', 0, 10540),
	(1398, 'mpsmuggler_overlays', 'TAT_SM_014', 'MP_Smuggler_Tattoo_014_M', 'MP_Smuggler_Tattoo_014_F', 2, 8825),
	(1399, 'mpsmuggler_overlays', 'TAT_SM_015', 'MP_Smuggler_Tattoo_015_M', 'MP_Smuggler_Tattoo_015_F', 0, 9765),
	(1400, 'mpsmuggler_overlays', 'TAT_SM_006', 'MP_Smuggler_Tattoo_006_M', 'MP_Smuggler_Tattoo_006_F', 0, 9475),
	(1401, 'mpsmuggler_overlays', 'TAT_SM_016', 'MP_Smuggler_Tattoo_016_M', 'MP_Smuggler_Tattoo_016_F', 0, 13790),
	(1402, 'mpsmuggler_overlays', 'TAT_SM_018', 'MP_Smuggler_Tattoo_018_M', 'MP_Smuggler_Tattoo_018_F', 0, 16990),
	(1403, 'mpsmuggler_overlays', 'TAT_SM_019', 'MP_Smuggler_Tattoo_019_M', 'MP_Smuggler_Tattoo_019_F', 0, 11105),
	(1404, 'mpsmuggler_overlays', 'TAT_SM_020', 'MP_Smuggler_Tattoo_020_M', 'MP_Smuggler_Tattoo_020_F', 5, 9155),
	(1405, 'mpsmuggler_overlays', 'TAT_SM_021', 'MP_Smuggler_Tattoo_021_M', 'MP_Smuggler_Tattoo_021_F', 0, 14860),
	(1406, 'mpsmuggler_overlays', 'TAT_SM_017', 'MP_Smuggler_Tattoo_017_M', 'MP_Smuggler_Tattoo_017_F', 0, 18850),
	(1407, 'mpsmuggler_overlays', 'TAT_SM_000', 'MP_Smuggler_Tattoo_000_M', 'MP_Smuggler_Tattoo_000_F', 0, 11270),
	(1408, 'mpsmuggler_overlays', 'TAT_SM_022', 'MP_Smuggler_Tattoo_022_M', 'MP_Smuggler_Tattoo_022_F', 0, 16710),
	(1409, 'mpsmuggler_overlays', 'TAT_SM_003', 'MP_Smuggler_Tattoo_003_M', 'MP_Smuggler_Tattoo_003_F', 0, 13090),
	(1410, 'mpstunt_overlays', 'TAT_ST_001', 'MP_MP_Stunt_tat_001_M', 'MP_MP_Stunt_tat_001_F', 2, 11600),
	(1411, 'mpsmuggler_overlays', 'TAT_SM_010', 'MP_Smuggler_Tattoo_010_M', 'MP_Smuggler_Tattoo_010_F', 0, 12815),
	(1412, 'mpsmuggler_overlays', 'TAT_SM_009', 'MP_Smuggler_Tattoo_009_M', 'MP_Smuggler_Tattoo_009_F', 0, 16625),
	(1413, 'mpsmuggler_overlays', 'TAT_SM_008', 'MP_Smuggler_Tattoo_008_M', 'MP_Smuggler_Tattoo_008_F', 2, 11045),
	(1414, 'mpsmuggler_overlays', 'TAT_SM_007', 'MP_Smuggler_Tattoo_007_M', 'MP_Smuggler_Tattoo_007_F', 0, 8525),
	(1415, 'mpstunt_overlays', 'TAT_ST_002', 'MP_MP_Stunt_tat_002_M', 'MP_MP_Stunt_tat_002_F', 2, 8850),
	(1416, 'mpstunt_overlays', 'TAT_ST_003', 'MP_MP_Stunt_tat_003_M', 'MP_MP_Stunt_tat_003_F', 3, 4300),
	(1417, 'mpstunt_overlays', 'TAT_ST_005', 'MP_MP_Stunt_tat_005_M', 'MP_MP_Stunt_tat_005_F', 5, 8850),
	(1418, 'mpstunt_overlays', 'TAT_ST_006', 'MP_MP_Stunt_tat_006_M', 'MP_MP_Stunt_tat_006_F', 1, 5900),
	(1419, 'mpstunt_overlays', 'TAT_ST_007', 'MP_MP_Stunt_tat_007_M', 'MP_MP_Stunt_tat_007_F', 4, 8150),
	(1420, 'mpstunt_overlays', 'TAT_ST_008', 'MP_MP_Stunt_tat_008_M', 'MP_MP_Stunt_tat_008_F', 2, 14750),
	(1421, 'mpstunt_overlays', 'TAT_ST_010', 'MP_MP_Stunt_tat_010_M', 'MP_MP_Stunt_tat_010_F', 3, 11000),
	(1422, 'mpstunt_overlays', 'TAT_ST_009', 'MP_MP_Stunt_tat_009_M', 'MP_MP_Stunt_tat_009_F', 3, 10800),
	(1423, 'mpstunt_overlays', 'TAT_ST_012', 'MP_MP_Stunt_tat_012_M', 'MP_MP_Stunt_tat_012_F', 0, 11950),
	(1424, 'mpstunt_overlays', 'TAT_ST_015', 'MP_MP_Stunt_tat_015_M', 'MP_MP_Stunt_tat_015_F', 5, 13400),
	(1425, 'mpstunt_overlays', 'TAT_ST_016', 'MP_MP_Stunt_tat_016_M', 'MP_MP_Stunt_tat_016_F', 3, 12950),
	(1426, 'mpstunt_overlays', 'TAT_ST_017', 'MP_MP_Stunt_tat_017_M', 'MP_MP_Stunt_tat_017_F', 1, 3800),
	(1427, 'mpstunt_overlays', 'TAT_ST_018', 'MP_MP_Stunt_tat_018_M', 'MP_MP_Stunt_tat_018_F', 0, 5400),
	(1428, 'mpstunt_overlays', 'TAT_ST_000', 'MP_MP_Stunt_Tat_000_M', 'MP_MP_Stunt_Tat_000_F', 1, 4850),
	(1429, 'mpsmuggler_overlays', 'TAT_SM_025', 'MP_Smuggler_Tattoo_025_M', 'MP_Smuggler_Tattoo_025_F', 0, 17450),
	(1430, 'mpsmuggler_overlays', 'TAT_SM_024', 'MP_Smuggler_Tattoo_024_M', 'MP_Smuggler_Tattoo_024_F', 0, 18210),
	(1431, 'mpsmuggler_overlays', 'TAT_SM_023', 'MP_Smuggler_Tattoo_023_M', 'MP_Smuggler_Tattoo_023_F', 3, 14400),
	(1432, 'mpstunt_overlays', 'TAT_ST_004', 'MP_MP_Stunt_tat_004_M', 'MP_MP_Stunt_tat_004_F', 1, 6350),
	(1433, 'mpstunt_overlays', 'TAT_ST_011', 'MP_MP_Stunt_tat_011_M', 'MP_MP_Stunt_tat_011_F', 0, 10750),
	(1434, 'mpstunt_overlays', 'TAT_ST_014', 'MP_MP_Stunt_tat_014_M', 'MP_MP_Stunt_tat_014_F', 0, 8300),
	(1435, 'mpstunt_overlays', 'TAT_ST_013', 'MP_MP_Stunt_tat_013_M', 'MP_MP_Stunt_tat_013_F', 4, 15500),
	(1436, 'mpstunt_overlays', 'TAT_ST_019', 'MP_MP_Stunt_tat_019_M', 'MP_MP_Stunt_tat_019_F', 0, 8900),
	(1437, 'mpstunt_overlays', 'TAT_ST_021', 'MP_MP_Stunt_tat_021_M', 'MP_MP_Stunt_tat_021_F', 4, 21200),
	(1438, 'mpstunt_overlays', 'TAT_ST_020', 'MP_MP_Stunt_tat_020_M', 'MP_MP_Stunt_tat_020_F', 5, 6950),
	(1439, 'mpstunt_overlays', 'TAT_ST_022', 'MP_MP_Stunt_tat_022_M', 'MP_MP_Stunt_tat_022_F', 2, 16850),
	(1440, 'mpstunt_overlays', 'TAT_ST_023', 'MP_MP_Stunt_tat_023_M', 'MP_MP_Stunt_tat_023_F', 2, 18500),
	(1441, 'mpstunt_overlays', 'TAT_ST_024', 'MP_MP_Stunt_tat_024_M', 'MP_MP_Stunt_tat_024_F', 0, 8650),
	(1442, 'mpstunt_overlays', 'TAT_ST_025', 'MP_MP_Stunt_tat_025_M', 'MP_MP_Stunt_tat_025_F', 5, 7200),
	(1443, 'mpstunt_overlays', 'TAT_ST_027', 'MP_MP_Stunt_tat_027_M', 'MP_MP_Stunt_tat_027_F', 0, 8950),
	(1444, 'mpstunt_overlays', 'TAT_ST_026', 'MP_MP_Stunt_tat_026_M', 'MP_MP_Stunt_tat_026_F', 0, 12300),
	(1445, 'mpstunt_overlays', 'TAT_ST_028', 'MP_MP_Stunt_tat_028_M', 'MP_MP_Stunt_tat_028_F', 4, 9850),
	(1446, 'mpstunt_overlays', 'TAT_ST_029', 'MP_MP_Stunt_tat_029_M', 'MP_MP_Stunt_tat_029_F', 0, 17350),
	(1447, 'mpstunt_overlays', 'TAT_ST_030', 'MP_MP_Stunt_tat_030_M', 'MP_MP_Stunt_tat_030_F', 0, 8150),
	(1448, 'mpstunt_overlays', 'TAT_ST_032', 'MP_MP_Stunt_tat_032_M', 'MP_MP_Stunt_tat_032_F', 5, 10350),
	(1449, 'mpstunt_overlays', 'TAT_ST_033', 'MP_MP_Stunt_tat_033_M', 'MP_MP_Stunt_tat_033_F', 0, 10400),
	(1450, 'mpstunt_overlays', 'TAT_ST_031', 'MP_MP_Stunt_tat_031_M', 'MP_MP_Stunt_tat_031_F', 4, 11000),
	(1451, 'mpstunt_overlays', 'TAT_ST_035', 'MP_MP_Stunt_tat_035_M', 'MP_MP_Stunt_tat_035_F', 2, 12700),
	(1452, 'mpstunt_overlays', 'TAT_ST_034', 'MP_MP_Stunt_tat_034_M', 'MP_MP_Stunt_tat_034_F', 0, 9900),
	(1453, 'mpstunt_overlays', 'TAT_ST_036', 'MP_MP_Stunt_tat_036_M', 'MP_MP_Stunt_tat_036_F', 3, 2350),
	(1454, 'mpstunt_overlays', 'TAT_ST_037', 'MP_MP_Stunt_tat_037_M', 'MP_MP_Stunt_tat_037_F', 0, 6850),
	(1455, 'mpstunt_overlays', 'TAT_ST_041', 'MP_MP_Stunt_tat_041_M', 'MP_MP_Stunt_tat_041_F', 0, 10100),
	(1456, 'mpstunt_overlays', 'TAT_ST_039', 'MP_MP_Stunt_tat_039_M', 'MP_MP_Stunt_tat_039_F', 2, 9350),
	(1457, 'mpstunt_overlays', 'TAT_ST_042', 'MP_MP_Stunt_tat_042_M', 'MP_MP_Stunt_tat_042_F', 1, 4150),
	(1458, 'mpstunt_overlays', 'TAT_ST_040', 'MP_MP_Stunt_tat_040_M', 'MP_MP_Stunt_tat_040_F', 0, 15950),
	(1459, 'mpstunt_overlays', 'TAT_ST_038', 'MP_MP_Stunt_tat_038_M', 'MP_MP_Stunt_tat_038_F', 3, 5750),
	(1460, 'mpstunt_overlays', 'TAT_ST_044', 'MP_MP_Stunt_tat_044_M', 'MP_MP_Stunt_tat_044_F', 0, 13900),
	(1461, 'mpstunt_overlays', 'TAT_ST_043', 'MP_MP_Stunt_tat_043_M', 'MP_MP_Stunt_tat_043_F', 2, 10300),
	(1462, 'mpstunt_overlays', 'TAT_ST_045', 'MP_MP_Stunt_tat_045_M', 'MP_MP_Stunt_tat_045_F', 5, 19650),
	(1463, 'mpstunt_overlays', 'TAT_ST_046', 'MP_MP_Stunt_tat_046_M', 'MP_MP_Stunt_tat_046_F', 0, 12750),
	(1464, 'mpstunt_overlays', 'TAT_ST_047', 'MP_MP_Stunt_tat_047_M', 'MP_MP_Stunt_tat_047_F', 5, 9200),
	(1465, 'mpstunt_overlays', 'TAT_ST_048', 'MP_MP_Stunt_tat_048_M', 'MP_MP_Stunt_tat_048_F', 0, 11300),
	(1466, 'mpstunt_overlays', 'TAT_ST_049', 'MP_MP_Stunt_tat_049_M', 'MP_MP_Stunt_tat_049_F', 3, 23000),
	(1467, 'mpvinewood_overlays', 'TAT_VW_001', 'MP_Vinewood_Tat_001_M', 'MP_Vinewood_Tat_001_F', 0, 20475),
	(1468, 'mpvinewood_overlays', 'TAT_VW_002', 'MP_Vinewood_Tat_002_M', 'MP_Vinewood_Tat_002_F', 2, 19745),
	(1469, 'mpvinewood_overlays', 'TAT_VW_000', 'MP_Vinewood_Tat_000_M', 'MP_Vinewood_Tat_000_F', 0, 21115),
	(1470, 'mpvinewood_overlays', 'TAT_VW_003', 'MP_Vinewood_Tat_003_M', 'MP_Vinewood_Tat_003_F', 0, 18865),
	(1471, 'mpvinewood_overlays', 'TAT_VW_011', 'MP_Vinewood_Tat_011_M', 'MP_Vinewood_Tat_011_F', 0, 29825),
	(1472, 'mpvinewood_overlays', 'TAT_VW_012', 'MP_Vinewood_Tat_012_M', 'MP_Vinewood_Tat_012_F', 0, 32115),
	(1473, 'mpvinewood_overlays', 'TAT_VW_013', 'MP_Vinewood_Tat_013_M', 'MP_Vinewood_Tat_013_F', 4, 11505),
	(1474, 'mpvinewood_overlays', 'TAT_VW_010', 'MP_Vinewood_Tat_010_M', 'MP_Vinewood_Tat_010_F', 0, 27860),
	(1475, 'mpvinewood_overlays', 'TAT_VW_021', 'MP_Vinewood_Tat_021_M', 'MP_Vinewood_Tat_021_F', 0, 40250),
	(1476, 'mpvinewood_overlays', 'TAT_VW_009', 'MP_Vinewood_Tat_009_M', 'MP_Vinewood_Tat_009_F', 0, 28970),
	(1477, 'mpvinewood_overlays', 'TAT_VW_008', 'MP_Vinewood_Tat_008_M', 'MP_Vinewood_Tat_008_F', 0, 31520),
	(1478, 'mpvinewood_overlays', 'TAT_VW_007', 'MP_Vinewood_Tat_007_M', 'MP_Vinewood_Tat_007_F', 0, 13460),
	(1479, 'mpvinewood_overlays', 'TAT_VW_006', 'MP_Vinewood_Tat_006_M', 'MP_Vinewood_Tat_006_F', 0, 31100),
	(1480, 'mpvinewood_overlays', 'TAT_VW_005', 'MP_Vinewood_Tat_005_M', 'MP_Vinewood_Tat_005_F', 2, 16680),
	(1481, 'mpvinewood_overlays', 'TAT_VW_022', 'MP_Vinewood_Tat_022_M', 'MP_Vinewood_Tat_022_F', 0, 12100),
	(1482, 'mpvinewood_overlays', 'TAT_VW_024', 'MP_Vinewood_Tat_024_M', 'MP_Vinewood_Tat_024_F', 0, 19990),
	(1483, 'mpvinewood_overlays', 'TAT_VW_004', 'MP_Vinewood_Tat_004_M', 'MP_Vinewood_Tat_004_F', 3, 19505),
	(1484, 'mpvinewood_overlays', 'TAT_VW_023', 'MP_Vinewood_Tat_023_M', 'MP_Vinewood_Tat_023_F', 0, 0),
	(1485, 'mpvinewood_overlays', 'TAT_VW_017', 'MP_Vinewood_Tat_017_M', 'MP_Vinewood_Tat_017_F', 0, 33765),
	(1486, 'mpvinewood_overlays', 'TAT_VW_019', 'MP_Vinewood_Tat_019_M', 'MP_Vinewood_Tat_019_F', 2, 15665),
	(1487, 'mpvinewood_overlays', 'TAT_VW_018', 'MP_Vinewood_Tat_018_M', 'MP_Vinewood_Tat_018_F', 3, 21095),
	(1488, 'mpvinewood_overlays', 'TAT_VW_016', 'MP_Vinewood_Tat_016_M', 'MP_Vinewood_Tat_016_F', 0, 24425),
	(1489, 'mpvinewood_overlays', 'TAT_VW_015', 'MP_Vinewood_Tat_015_M', 'MP_Vinewood_Tat_015_F', 0, 30840),
	(1490, 'mpvinewood_overlays', 'TAT_VW_014', 'MP_Vinewood_Tat_014_M', 'MP_Vinewood_Tat_014_F', 2, 19215),
	(1491, 'mpvinewood_overlays', 'TAT_VW_020', 'MP_Vinewood_Tat_020_M', 'MP_Vinewood_Tat_020_F', 5, 14805),
	(1492, 'mpvinewood_overlays', 'TAT_VW_030', 'MP_Vinewood_Tat_030_M', 'MP_Vinewood_Tat_030_F', 0, 0),
	(1493, 'mpvinewood_overlays', 'TAT_VW_031', 'MP_Vinewood_Tat_031_M', 'MP_Vinewood_Tat_031_F', 0, 30220),
	(1494, 'mpvinewood_overlays', 'TAT_VW_026', 'MP_Vinewood_Tat_026_M', 'MP_Vinewood_Tat_026_F', 2, 25305),
	(1495, 'multiplayer_overlays', 'TAT_FM_008', 'FM_Tat_Award_M_000', 'FM_Tat_Award_F_000', 1, 20000),
	(1496, 'multiplayer_overlays', 'TAT_FM_009', 'FM_Tat_Award_M_001', 'FM_Tat_Award_F_001', 2, 1400),
	(1497, 'multiplayer_overlays', 'TAT_FM_010', 'FM_Tat_Award_M_002', 'FM_Tat_Award_F_002', 3, 9750),
	(1498, 'multiplayer_overlays', 'TAT_FM_011', 'FM_Tat_Award_M_003', 'FM_Tat_Award_F_003', 0, 2150),
	(1499, 'multiplayer_overlays', 'TAT_FM_012', 'FM_Tat_Award_M_004', 'FM_Tat_Award_F_004', 0, 10000),
	(1500, 'multiplayer_overlays', 'TAT_FM_013', 'FM_Tat_Award_M_005', 'FM_Tat_Award_F_005', 0, 12400),
	(1501, 'multiplayer_overlays', 'TAT_FM_024', 'FM_Tat_Award_M_016', 'FM_Tat_Award_F_016', 0, 2400),
	(1502, 'mpvinewood_overlays', 'TAT_VW_029', 'MP_Vinewood_Tat_029_M', 'MP_Vinewood_Tat_029_F', 0, 36650),
	(1503, 'mpvinewood_overlays', 'TAT_VW_025', 'MP_Vinewood_Tat_025_M', 'MP_Vinewood_Tat_025_F', 3, 20110),
	(1504, 'mpvinewood_overlays', 'TAT_VW_028', 'MP_Vinewood_Tat_028_M', 'MP_Vinewood_Tat_028_F', 3, 18850),
	(1505, 'multiplayer_overlays', 'TAT_FM_025', 'FM_Tat_Award_M_017', 'FM_Tat_Award_F_017', 0, 5100),
	(1506, 'mpvinewood_overlays', 'TAT_VW_027', 'MP_Vinewood_Tat_027_M', 'MP_Vinewood_Tat_027_F', 4, 24550),
	(1507, 'multiplayer_overlays', 'TAT_FM_026', 'FM_Tat_Award_M_018', 'FM_Tat_Award_F_018', 0, 7400),
	(1508, 'mpvinewood_overlays', 'TAT_VW_032', 'MP_Vinewood_Tat_032_M', 'MP_Vinewood_Tat_032_F', 0, 42885),
	(1509, 'multiplayer_overlays', 'TAT_FM_023', 'FM_Tat_Award_M_015', 'FM_Tat_Award_F_015', 2, 4950),
	(1510, 'multiplayer_overlays', 'TAT_FM_022', 'FM_Tat_Award_M_014', 'FM_Tat_Award_F_014', 0, 1900),
	(1511, 'multiplayer_overlays', 'TAT_FM_021', 'FM_Tat_Award_M_013', 'FM_Tat_Award_F_013', 0, 2650),
	(1512, 'multiplayer_overlays', 'TAT_FM_020', 'FM_Tat_Award_M_012', 'FM_Tat_Award_F_012', 0, 1500),
	(1513, 'multiplayer_overlays', 'TAT_FM_019', 'FM_Tat_Award_M_011', 'FM_Tat_Award_F_011', 0, 1200),
	(1514, 'multiplayer_overlays', 'TAT_FM_018', 'FM_Tat_Award_M_010', 'FM_Tat_Award_F_010', 3, 2700),
	(1515, 'multiplayer_overlays', 'TAT_FM_017', 'FM_Tat_Award_M_009', 'FM_Tat_Award_F_009', 4, 1450),
	(1516, 'multiplayer_overlays', 'TAT_FM_016', 'FM_Tat_Award_M_008', 'FM_Tat_Award_F_008', 0, 1350),
	(1517, 'multiplayer_overlays', 'TAT_FM_015', 'FM_Tat_Award_M_007', 'FM_Tat_Award_F_007', 2, 4950),
	(1518, 'multiplayer_overlays', 'TAT_FM_014', 'FM_Tat_Award_M_006', 'FM_Tat_Award_F_006', 5, 3500),
	(1519, 'multiplayer_overlays', 'TAT_FM_027', 'FM_Tat_Award_M_019', 'FM_Tat_Award_F_019', 0, 10000),
	(1520, 'multiplayer_overlays', 'TAT_FM_204', 'FM_Tat_M_000', 'FM_Tat_F_000', 3, 10000),
	(1521, 'multiplayer_overlays', 'TAT_FM_209', 'FM_Tat_M_002', 'FM_Tat_F_002', 4, 3750),
	(1522, 'multiplayer_overlays', 'TAT_FM_220', 'FM_Tat_M_012', 'FM_Tat_F_012', 0, 10000),
	(1523, 'multiplayer_overlays', 'TAT_FM_205', 'FM_Tat_M_001', 'FM_Tat_F_001', 3, 12500),
	(1524, 'multiplayer_overlays', 'TAT_FM_214', 'FM_Tat_M_011', 'FM_Tat_F_011', 0, 1900),
	(1525, 'multiplayer_overlays', 'TAT_FM_203', 'FM_Tat_M_015', 'FM_Tat_F_015', 2, 3600),
	(1526, 'multiplayer_overlays', 'TAT_FM_213', 'FM_Tat_M_009', 'FM_Tat_F_009', 0, 12350),
	(1527, 'multiplayer_overlays', 'TAT_FM_218', 'FM_Tat_M_010', 'FM_Tat_F_010', 0, 2500),
	(1528, 'multiplayer_overlays', 'TAT_FM_211', 'FM_Tat_M_008', 'FM_Tat_F_008', 4, 4800),
	(1529, 'multiplayer_overlays', 'TAT_FM_202', 'FM_Tat_M_006', 'FM_Tat_F_006', 2, 5100),
	(1530, 'multiplayer_overlays', 'TAT_FM_210', 'FM_Tat_M_007', 'FM_Tat_F_007', 5, 3750),
	(1531, 'multiplayer_overlays', 'TAT_FM_201', 'FM_Tat_M_005', 'FM_Tat_F_005', 2, 2400),
	(1532, 'multiplayer_overlays', 'TAT_FM_219', 'FM_Tat_M_004', 'FM_Tat_F_004', 0, 10000),
	(1533, 'multiplayer_overlays', 'TAT_FM_206', 'FM_Tat_M_003', 'FM_Tat_F_003', 3, 10000),
	(1534, 'multiplayer_overlays', 'TAT_FM_207', 'FM_Tat_M_014', 'FM_Tat_F_014', 3, 5000),
	(1535, 'multiplayer_overlays', 'TAT_FM_215', 'FM_Tat_M_013', 'FM_Tat_F_013', 0, 4500),
	(1536, 'multiplayer_overlays', 'TAT_FM_216', 'FM_Tat_M_016', 'FM_Tat_F_016', 0, 12250),
	(1537, 'multiplayer_overlays', 'TAT_FM_212', 'FM_Tat_M_017', 'FM_Tat_F_017', 5, 3500),
	(1538, 'multiplayer_overlays', 'TAT_FM_208', 'FM_Tat_M_018', 'FM_Tat_F_018', 3, 7500),
	(1539, 'multiplayer_overlays', 'TAT_FM_217', 'FM_Tat_M_019', 'FM_Tat_F_019', 0, 12300),
	(1540, 'multiplayer_overlays', 'TAT_FM_221', 'FM_Tat_M_020', 'FM_Tat_F_020', 0, 7500),
	(1541, 'multiplayer_overlays', 'TAT_FM_222', 'FM_Tat_M_021', 'FM_Tat_F_021', 4, 5000),
	(1542, 'multiplayer_overlays', 'TAT_FM_223', 'FM_Tat_M_022', 'FM_Tat_F_022', 5, 7300),
	(1543, 'multiplayer_overlays', 'TAT_FM_224', 'FM_Tat_M_023', 'FM_Tat_F_023', 4, 7250),
	(1544, 'multiplayer_overlays', 'TAT_FM_225', 'FM_Tat_M_024', 'FM_Tat_F_024', 0, 11900),
	(1545, 'multiplayer_overlays', 'TAT_FM_226', 'FM_Tat_M_025', 'FM_Tat_F_025', 0, 2750),
	(1546, 'multiplayer_overlays', 'TAT_FM_227', 'FM_Tat_M_026', 'FM_Tat_F_026', 4, 1750),
	(1547, 'multiplayer_overlays', 'TAT_FM_228', 'FM_Tat_M_027', 'FM_Tat_F_027', 3, 7300),
	(1548, 'multiplayer_overlays', 'TAT_FM_229', 'FM_Tat_M_028', 'FM_Tat_F_028', 3, 3250),
	(1549, 'multiplayer_overlays', 'TAT_FM_230', 'FM_Tat_M_029', 'FM_Tat_F_029', 0, 1000),
	(1550, 'multiplayer_overlays', 'TAT_FM_231', 'FM_Tat_M_030', 'FM_Tat_F_030', 0, 5000),
	(1551, 'multiplayer_overlays', 'TAT_FM_232', 'FM_Tat_M_031', 'FM_Tat_F_031', 2, 7500),
	(1552, 'multiplayer_overlays', 'TAT_FM_233', 'FM_Tat_M_032', 'FM_Tat_F_032', 4, 5100),
	(1553, 'multiplayer_overlays', 'TAT_FM_234', 'FM_Tat_M_033', 'FM_Tat_F_033', 4, 5050),
	(1554, 'multiplayer_overlays', 'TAT_FM_235', 'FM_Tat_M_034', 'FM_Tat_F_034', 0, 2450),
	(1555, 'multiplayer_overlays', 'TAT_FM_236', 'FM_Tat_M_035', 'FM_Tat_F_035', 4, 4950),
	(1556, 'multiplayer_overlays', 'TAT_FM_240', 'FM_Tat_M_039', 'FM_Tat_F_039', 5, 7500),
	(1557, 'multiplayer_overlays', 'TAT_FM_238', 'FM_Tat_M_037', 'FM_Tat_F_037', 4, 12250),
	(1558, 'multiplayer_overlays', 'TAT_FM_242', 'FM_Tat_M_041', 'FM_Tat_F_041', 2, 2600),
	(1559, 'multiplayer_overlays', 'TAT_FM_237', 'FM_Tat_M_036', 'FM_Tat_F_036', 0, 5100),
	(1560, 'multiplayer_overlays', 'TAT_FM_241', 'FM_Tat_M_040', 'FM_Tat_F_040', 5, 7600),
	(1561, 'multiplayer_overlays', 'TAT_FM_245', 'FM_Tat_M_044', 'FM_Tat_F_044', 0, 7500),
	(1562, 'multiplayer_overlays', 'TAT_FM_239', 'FM_Tat_M_038', 'FM_Tat_F_038', 3, 1150),
	(1563, 'multiplayer_overlays', 'TAT_FM_246', 'FM_Tat_M_045', 'FM_Tat_F_045', 0, 10000),
	(1564, 'multiplayer_overlays', 'TAT_FM_244', 'FM_Tat_M_043', 'FM_Tat_F_043', 5, 7450),
	(1565, 'multiplayer_overlays', 'TAT_FM_247', 'FM_Tat_M_047', 'FM_Tat_F_047', 3, 2500),
	(1566, 'multiplayer_overlays', 'TAT_FM_243', 'FM_Tat_M_042', 'FM_Tat_F_042', 5, 2500);

-- Дамп структуры для таблица chaos_db.temppaydays
CREATE TABLE IF NOT EXISTS `temppaydays` (
  `id` int(11) NOT NULL AUTO_INCREMENT,
  `characterId` int(11) NOT NULL,
  PRIMARY KEY (`id`)
) ENGINE=InnoDB DEFAULT CHARSET=utf8 COLLATE=utf8_general_ci;

-- Дамп данных таблицы chaos_db.temppaydays: ~0 rows (приблизительно)

-- Дамп структуры для таблица chaos_db.tempwinters
CREATE TABLE IF NOT EXISTS `tempwinters` (
  `id` int(11) NOT NULL AUTO_INCREMENT,
  `characterId` int(11) NOT NULL,
  PRIMARY KEY (`id`)
) ENGINE=InnoDB DEFAULT CHARSET=utf8 COLLATE=utf8_general_ci;

-- Дамп данных таблицы chaos_db.tempwinters: ~0 rows (приблизительно)

-- Дамп структуры для таблица chaos_db.tpmarkers
CREATE TABLE IF NOT EXISTS `tpmarkers` (
  `id` int(11) NOT NULL AUTO_INCREMENT,
  `name` varchar(20) DEFAULT NULL,
  `x` float NOT NULL,
  `y` float NOT NULL,
  `z` float NOT NULL,
  `h` float NOT NULL,
  `d` int(11) NOT NULL,
  `blip` int(11) DEFAULT NULL,
  `blipColor` int(11) DEFAULT NULL,
  `tpX` float NOT NULL,
  `tpY` float NOT NULL,
  `tpZ` float NOT NULL,
  `tpH` float NOT NULL,
  `tpD` int(11) NOT NULL,
  `tpBlip` int(11) DEFAULT NULL,
  `tpBlipColor` int(11) DEFAULT NULL,
  PRIMARY KEY (`id`)
) ENGINE=InnoDB DEFAULT CHARSET=utf8 COLLATE=utf8_general_ci;

-- Дамп данных таблицы chaos_db.tpmarkers: ~0 rows (приблизительно)

-- Дамп структуры для таблица chaos_db.unitpaypayments
CREATE TABLE IF NOT EXISTS `unitpaypayments` (
  `id` int(11) NOT NULL AUTO_INCREMENT,
  `unitpayId` varchar(255) NOT NULL,
  `account` varchar(255) NOT NULL,
  `sum` float NOT NULL,
  `itemsCount` int(11) NOT NULL DEFAULT 1,
  `dateCreate` datetime NOT NULL,
  `dateComplete` datetime DEFAULT NULL,
  `status` tinyint(4) NOT NULL DEFAULT 0,
  PRIMARY KEY (`id`)
) ENGINE=InnoDB DEFAULT CHARSET=utf8 COLLATE=utf8_general_ci;

-- Дамп данных таблицы chaos_db.unitpaypayments: ~0 rows (приблизительно)

-- Дамп структуры для таблица chaos_db.vehicleinventories
CREATE TABLE IF NOT EXISTS `vehicleinventories` (
  `id` int(11) NOT NULL AUTO_INCREMENT,
  `vehicleId` int(11) NOT NULL,
  `itemId` int(11) NOT NULL,
  `pocketIndex` int(11) DEFAULT NULL,
  `index` int(11) NOT NULL,
  `parentId` int(11) DEFAULT NULL,
  `createdAt` datetime NOT NULL,
  `updatedAt` datetime NOT NULL,
  `deletedAt` datetime DEFAULT NULL,
  PRIMARY KEY (`id`),
  KEY `vehicleId` (`vehicleId`),
  KEY `parentId` (`parentId`),
  KEY `vehicleinventories_ibfk_2` (`itemId`),
  CONSTRAINT `vehicleinventories_ibfk_1` FOREIGN KEY (`vehicleId`) REFERENCES `vehicles` (`id`) ON DELETE CASCADE ON UPDATE CASCADE,
  CONSTRAINT `vehicleinventories_ibfk_2` FOREIGN KEY (`itemId`) REFERENCES `inventoryitems` (`id`) ON DELETE NO ACTION ON UPDATE CASCADE,
  CONSTRAINT `vehicleinventories_ibfk_3` FOREIGN KEY (`parentId`) REFERENCES `vehicleinventories` (`id`) ON DELETE CASCADE ON UPDATE CASCADE
) ENGINE=InnoDB AUTO_INCREMENT=10014 DEFAULT CHARSET=utf8 COLLATE=utf8_general_ci;

-- Дамп данных таблицы chaos_db.vehicleinventories: ~13 rows (приблизительно)
INSERT INTO `vehicleinventories` (`id`, `vehicleId`, `itemId`, `pocketIndex`, `index`, `parentId`, `createdAt`, `updatedAt`, `deletedAt`) VALUES
	(10001, 358, 47, 0, 29, NULL, '2024-05-10 17:43:47', '2024-05-10 17:44:01', '2024-05-10 17:44:01'),
	(10002, 358, 14, 0, 224, NULL, '2024-05-10 17:43:54', '2024-05-10 17:44:03', '2024-05-10 17:44:03'),
	(10003, 358, 9, 0, 141, NULL, '2024-05-10 17:43:57', '2024-05-10 17:43:58', '2024-05-10 17:43:58'),
	(10004, 435, 7, 0, 83, NULL, '2024-05-12 19:25:42', '2024-05-12 19:26:04', '2024-05-12 19:26:04'),
	(10005, 435, 8, 0, 173, NULL, '2024-05-12 19:25:43', '2024-05-12 19:26:01', '2024-05-12 19:26:01'),
	(10006, 435, 2, 0, 263, NULL, '2024-05-12 19:25:46', '2024-05-12 19:26:08', '2024-05-12 19:26:08'),
	(10007, 435, 8, 0, 77, NULL, '2024-05-12 19:25:52', '2024-05-12 19:26:06', '2024-05-12 19:26:06'),
	(10008, 440, 56, 0, 137, NULL, '2024-05-22 17:13:49', '2024-05-22 17:13:49', NULL),
	(10009, 527, 37, 0, 101, NULL, '2024-06-25 09:17:07', '2024-06-25 09:17:07', NULL),
	(10010, 527, 37, 0, 141, NULL, '2024-06-25 09:17:08', '2024-06-25 09:17:08', NULL),
	(10011, 527, 37, 0, 156, NULL, '2024-06-25 09:17:10', '2024-06-25 09:17:10', NULL),
	(10012, 527, 37, 0, 137, NULL, '2024-06-25 09:17:12', '2024-06-25 09:17:12', NULL),
	(10013, 527, 37, 0, 118, NULL, '2024-06-25 09:17:13', '2024-06-25 09:17:13', NULL);

-- Дамп структуры для таблица chaos_db.vehicleinventoryparams
CREATE TABLE IF NOT EXISTS `vehicleinventoryparams` (
  `id` int(11) NOT NULL AUTO_INCREMENT,
  `key` varchar(255) NOT NULL,
  `value` text NOT NULL,
  `itemId` int(11) NOT NULL,
  PRIMARY KEY (`id`),
  KEY `itemId` (`itemId`),
  CONSTRAINT `vehicleinventoryparams_ibfk_1` FOREIGN KEY (`itemId`) REFERENCES `vehicleinventories` (`id`) ON DELETE CASCADE ON UPDATE CASCADE
) ENGINE=InnoDB AUTO_INCREMENT=46 DEFAULT CHARSET=utf8 COLLATE=utf8_general_ci;

-- Дамп данных таблицы chaos_db.vehicleinventoryparams: ~42 rows (приблизительно)
INSERT INTO `vehicleinventoryparams` (`id`, `key`, `value`, `itemId`) VALUES
	(4, 'weaponHash', '324215364', 10001),
	(5, 'owner', '3', 10001),
	(6, 'ammo', '101', 10001),
	(7, 'sex', '1', 10002),
	(8, 'variation', '121', 10002),
	(9, 'texture', '0', 10002),
	(10, 'sex', '1', 10003),
	(11, 'variation', '7', 10003),
	(12, 'texture', '0', 10003),
	(13, 'name', 'Шмотка 8', 10003),
	(14, 'clime', '[-20,30]', 10003),
	(15, 'sex', '1', 10004),
	(16, 'variation', '53', 10004),
	(17, 'texture', '0', 10004),
	(18, 'name', 'Шмотка 54', 10004),
	(19, 'torso', '0', 10004),
	(20, 'undershirt', '57', 10004),
	(21, 'uTexture', '0', 10004),
	(22, 'clime', '[5,30]', 10004),
	(23, 'pockets', '[5,5,5,5]', 10004),
	(24, 'variation', '42', 10005),
	(25, 'texture', '0', 10005),
	(26, 'name', 'Шмотка 43', 10005),
	(27, 'clime', '[-15,30]', 10005),
	(28, 'pockets', '[5,5,5,5]', 10005),
	(29, 'sex', '1', 10005),
	(30, 'sex', '1', 10006),
	(31, 'variation', '126', 10006),
	(32, 'texture', '0', 10006),
	(33, 'sex', '1', 10007),
	(34, 'variation', '69', 10007),
	(35, 'texture', '0', 10007),
	(36, 'name', 'Шмотка 70', 10007),
	(37, 'pockets', '[5,5,5,5]', 10007),
	(38, 'clime', '[-15,30]', 10007),
	(39, 'litres', '9', 10008),
	(40, 'max', '20', 10008),
	(41, 'count', '12', 10009),
	(42, 'count', '12', 10010),
	(43, 'count', '12', 10011),
	(44, 'count', '12', 10012),
	(45, 'count', '12', 10013);

-- Дамп структуры для таблица chaos_db.vehicleproperties
CREATE TABLE IF NOT EXISTS `vehicleproperties` (
  `model` varchar(128) NOT NULL DEFAULT '',
  `name` varchar(128) DEFAULT NULL,
  `vehType` int(11) NOT NULL DEFAULT 0,
  `price` int(11) NOT NULL DEFAULT 100000,
  `maxFuel` int(11) NOT NULL DEFAULT 50,
  `consumption` int(11) NOT NULL DEFAULT 1,
  `license` int(11) NOT NULL DEFAULT 1,
  `isElectric` tinyint(4) NOT NULL DEFAULT 0,
  PRIMARY KEY (`model`)
) ENGINE=InnoDB DEFAULT CHARSET=utf8 COLLATE=utf8_general_ci;

-- Дамп данных таблицы chaos_db.vehicleproperties: ~51 rows (приблизительно)
INSERT INTO `vehicleproperties` (`model`, `name`, `vehType`, `price`, `maxFuel`, `consumption`, `license`, `isElectric`) VALUES
	('16challenger', 'Udot 16', 0, 980000, 60, 1, 1, 0),
	('22silvlt', 'Bomber22', 0, 100000, 90, 1, 1, 0),
	('400z', 'Nos 400z', 0, 2950000, 60, 1, 1, 0),
	('488pista', 'Fura 488', 0, 9940000, 70, 1, 1, 0),
	('720s', 'Mularen 720s', 0, 17034000, 80, 1, 1, 0),
	('ab2', 'Poper ab2', 0, 5426000, 80, 1, 1, 0),
	('amggt', 'Pepso Agmt', 0, 8310000, 50, 1, 1, 0),
	('bentaygast', 'Buntar 1', 0, 7240000, 80, 1, 1, 0),
	('bmwe38', 'Bump 38', 0, 345000, 60, 1, 1, 0),
	('bmwe39', 'Bump 39', 0, 520000, 60, 1, 1, 0),
	('bmwg20', 'Bump G20', 0, 8545000, 70, 1, 1, 0),
	('bmwm7', 'Bump 7', 0, 8085200, 70, 1, 1, 0),
	('bmwx7', 'Bump X7', 0, 6690000, 70, 1, 1, 0),
	('bmx', 'Bmx', 2, 15000, 0, 1, 1, 0),
	('brz', 'Nos Bibi', 0, 1620000, 50, 1, 1, 0),
	('c300', 'Pepso c300', 0, 8240000, 60, 1, 1, 0),
	('continental', 'Batley Coffe', 0, 8200000, 50, 1, 1, 0),
	('countach', 'Limba Ponni', 0, 8360000, 60, 1, 1, 0),
	('cullinan', 'Laksuri', 0, 11800000, 80, 1, 1, 0),
	('cybertruck', 'Robottruck', 3, 12900000, 50, 1, 1, 1),
	('daemon', 'Daemon', 1, 235000, 40, 1, 1, 0),
	('dsprinter', 'Pepso Gruzi 1', 0, 1150000, 50, 1, 1, 0),
	('escalade2', 'Cofe Esca', 0, 8230000, 50, 1, 1, 0),
	('f812', 'Fura 812', 0, 10560000, 70, 1, 1, 0),
	('furoregt', 'Fupik 200', 0, 685000, 60, 1, 1, 0),
	('g55', 'Pepso 55', 0, 6210000, 70, 1, 1, 0),
	('gemera', 'Genera', 0, 19600000, 80, 1, 1, 0),
	('gladiatorf9', 'Vzriv F9', 0, 7670000, 90, 1, 1, 0),
	('gsx1000', 'Gidra 1000', 1, 2200000, 30, 1, 1, 0),
	('hakuchou', 'Hakuchou', 1, 485000, 40, 1, 1, 0),
	('Ic100', 'Lipsus100', 0, 390000, 70, 1, 1, 0),
	('impala2', 'Poperdushka', 0, 69000, 50, 1, 1, 0),
	('macan', 'Posh Fara', 0, 1825000, 50, 1, 1, 0),
	('msprinter', 'Pepso Gruzi 2', 0, 1340000, 50, 1, 1, 0),
	('q8', 'Obi 8', 0, 5290000, 70, 1, 1, 0),
	('rmodbacalar', 'Batley bliar', 0, 9200000, 70, 1, 1, 0),
	('rmodporsche918', 'Popsh 918', 0, 13200000, 50, 1, 1, 0),
	('rrphantom', 'Rola Roli Pham', 0, 12420000, 80, 1, 1, 0),
	('rrphantom2', 'Rola Roli Pham2', 0, 100000, 50, 1, 1, 0),
	('rrs', 'Poper S', 0, 4790000, 70, 1, 1, 0),
	('rs6', 'Obi S6', 0, 6900000, 70, 1, 1, 0),
	('sanctus', 'Sanctus', 1, 520000, 50, 1, 1, 0),
	('sc20', 'Limba20', 0, 8700000, 70, 1, 1, 0),
	('scorcher', 'Scorcher', 2, 22000, 0, 1, 1, 0),
	('sovereign', 'Sovereign', 1, 455000, 50, 1, 1, 0),
	('trabi601naj', 'Budka', 0, 46520, 40, 1, 1, 0),
	('tribike', 'Tribike', 2, 26000, 0, 1, 1, 0),
	('vclass', 'Pepso 5 class', 0, 3200000, 80, 1, 1, 0),
	('verus', 'Verus', 1, 140000, 50, 1, 1, 0),
	('zeekr001', 'Zupar001', 3, 9730000, 70, 1, 1, 1),
	('zeekrx', 'Zupar10', 3, 6900000, 60, 1, 1, 1);

-- Дамп структуры для таблица chaos_db.vehicles
CREATE TABLE IF NOT EXISTS `vehicles` (
  `id` int(11) NOT NULL AUTO_INCREMENT,
  `key` varchar(128) NOT NULL,
  `owner` int(11) NOT NULL,
  `modelName` varchar(128) NOT NULL DEFAULT 'NOTREG',
  `plate` varchar(128) NOT NULL,
  `regDate` datetime DEFAULT NULL,
  `owners` int(11) NOT NULL DEFAULT 1,
  `color1` int(11) NOT NULL DEFAULT 0,
  `color2` int(11) NOT NULL DEFAULT 0,
  `x` float NOT NULL,
  `y` float NOT NULL,
  `z` float NOT NULL,
  `h` float NOT NULL,
  `fuel` int(11) NOT NULL DEFAULT 70,
  `health` int(11) NOT NULL DEFAULT 1000,
  `destroys` int(11) NOT NULL DEFAULT 0,
  `engineState` int(11) NOT NULL DEFAULT 0,
  `steeringState` int(11) NOT NULL DEFAULT 0,
  `fuelState` int(11) NOT NULL DEFAULT 0,
  `brakeState` int(11) NOT NULL DEFAULT 0,
  `dimension` int(11) NOT NULL DEFAULT 0,
  `mileage` float NOT NULL DEFAULT 0,
  `parkingId` int(11) NOT NULL DEFAULT 1,
  `parkingDate` datetime DEFAULT NULL,
  `colorR1` int(11) NOT NULL DEFAULT 0,
  `colorG1` int(11) NOT NULL DEFAULT 0,
  `colorB1` int(11) NOT NULL DEFAULT 0,
  `colorR2` int(11) NOT NULL DEFAULT 0,
  `colorG2` int(11) NOT NULL DEFAULT 0,
  `colorB2` int(11) NOT NULL DEFAULT 0,
  PRIMARY KEY (`id`)
) ENGINE=InnoDB AUTO_INCREMENT=606 DEFAULT CHARSET=utf8 COLLATE=utf8_general_ci;

-- Дамп данных таблицы chaos_db.vehicles: ~477 rows (приблизительно)
INSERT INTO `vehicles` (`id`, `key`, `owner`, `modelName`, `plate`, `regDate`, `owners`, `color1`, `color2`, `x`, `y`, `z`, `h`, `fuel`, `health`, `destroys`, `engineState`, `steeringState`, `fuelState`, `brakeState`, `dimension`, `mileage`, `parkingId`, `parkingDate`, `colorR1`, `colorG1`, `colorB1`, `colorR2`, `colorG2`, `colorB2`) VALUES
	(1, 'farm', 1, 'tractor2', 'FARM1', NULL, 1, 99, 39, 2011.78, 4970.14, 41.67, -55.41, 70, 1000, 0, 0, 0, 0, 0, 0, 0, 1, NULL, 0, 0, 0, 0, 0, 0),
	(2, 'farm', 1, 'bodhi2', 'FARM1', NULL, 1, 64, 46, 2013.36, 4946.86, 41.77, 134.91, 70, 1000, 0, 0, 0, 0, 0, 0, 0, 1, NULL, 0, 0, 0, 0, 0, 0),
	(3, 'farm', 1, 'rebel', 'FARM1', NULL, 1, 95, 73, 1999.95, 4933.41, 41.89, -44.42, 70, 1000, 0, 0, 0, 0, 0, 0, 0, 1, NULL, 0, 0, 0, 0, 0, 0),
	(4, 'farm', 1, 'seasparrow2', 'FARM1', NULL, 1, 114, 106, 2134.4, 4782.05, 41.28, 26.6, 77, 1000, 0, 0, 0, 0, 0, 0, 4, 1, NULL, 0, 0, 0, 0, 0, 0),
	(7, 'job', 8, 'tractor3', 'JOB8', NULL, 1, 12, 12, -617.714, -1645.82, 25.9486, 61.6143, 80, 1000, 0, 0, 0, 0, 0, 0, 63, 1, NULL, 0, 0, 0, 0, 0, 0),
	(8, 'job', 4, 'pony', 'JOB4', NULL, 1, 83, 127, 892.566, -1554.37, 30.4552, -137.198, 80, 1000, 0, 0, 0, 0, 0, 0, 25, 1, NULL, 0, 0, 0, 0, 0, 0),
	(12, 'job', 4, 'pony', 'JOB4', NULL, 1, 60, 2, 895.55, -1551.52, 30.4353, -135.701, 56, 1000, 0, 0, 0, 0, 0, 0, 0, 1, NULL, 0, 0, 0, 0, 0, 0),
	(13, 'job', 4, 'pony', 'JOB4', NULL, 1, 156, 13, 898.49, -1548.6, 30.3506, -137.679, 56, 1000, 0, 0, 0, 0, 0, 0, 0, 1, NULL, 0, 0, 0, 0, 0, 0),
	(14, 'job', 4, 'boxville2', 'JOB4', NULL, 1, 104, 53, 903.682, -1545.14, 30, -137.731, 80, 1000, 0, 0, 0, 0, 0, 0, 13, 1, NULL, 0, 0, 0, 0, 0, 0),
	(15, 'job', 4, 'boxville2', 'JOB4', NULL, 1, 44, 74, 907.082, -1542.11, 30, -138.635, 80, 1000, 0, 0, 0, 0, 0, 0, 0, 1, NULL, 0, 0, 0, 0, 0, 0),
	(16, 'job', 4, 'boxville2', 'JOB4', NULL, 1, 5, 5, 901.056, -1535.38, 30, 41.975, 80, 1000, 0, 0, 0, 0, 0, 0, 5, 1, NULL, 0, 0, 0, 0, 0, 0),
	(17, 'job', 4, 'boxville2', 'JOB4', NULL, 1, 109, 142, 897.661, -1538.34, 30, 41.2386, 56, 1000, 0, 0, 0, 0, 0, 0, 0, 1, NULL, 0, 0, 0, 0, 0, 0),
	(18, 'job', 4, 'speedo4', 'JOB4', NULL, 1, 144, 68, 894.359, -1579.57, 30.477, 0.377313, 56, 1000, 0, 0, 0, 0, 0, 0, 0, 1, NULL, 0, 0, 0, 0, 0, 0),
	(19, 'job', 4, 'speedo4', 'JOB4', NULL, 1, 94, 159, 913.284, -1580.68, 30.3345, -88.1356, 56, 1000, 0, 0, 0, 0, 0, 0, 0, 1, NULL, 0, 0, 0, 0, 0, 0),
	(20, 'job', 4, 'speedo4', 'JOB4', NULL, 1, 1, 1, 913.159, -1576.62, 30.4558, -89.2466, 80, 1000, 0, 0, 0, 0, 0, 0, 25, 1, NULL, 0, 0, 0, 0, 0, 0),
	(21, 'job', 4, 'pounder2', 'JOB4', NULL, 1, 110, 121, 876.648, -1534.06, 30, -138.422, 56, 1000, 0, 0, 0, 0, 0, 0, 0, 1, NULL, 0, 0, 0, 0, 0, 0),
	(22, 'job', 4, 'pounder2', 'JOB4', NULL, 1, 44, 92, 881.54, -1529.96, 30, -139.377, 80, 1000, 0, 0, 0, 0, 0, 0, 8, 1, NULL, 0, 0, 0, 0, 0, 0),
	(23, 'job', 4, 'pounder2', 'JOB4', NULL, 1, 112, 14, 923.9, -1529.41, 30, -179.263, 80, 1000, 0, 0, 0, 0, 0, 0, 20, 1, NULL, 0, 0, 0, 0, 0, 0),
	(24, 'job', 4, 'mule2', 'JOB4', NULL, 1, 111, 122, 893.603, -1543, 30, 42.8258, 80, 1000, 0, 0, 0, 0, 0, 0, 0, 1, NULL, 0, 0, 0, 0, 0, 0),
	(25, 'job', 4, 'mule2', 'JOB4', NULL, 1, 25, 6, 890.404, -1545.8, 30, 39.929, 80, 1000, 0, 0, 0, 0, 0, 0, 9, 1, NULL, 0, 0, 0, 0, 0, 0),
	(26, 'job', 4, 'mule2', 'JOB4', NULL, 1, 141, 153, 887.115, -1548.76, 30, 42.2786, 80, 1000, 0, 0, 0, 0, 0, 0, 6, 1, NULL, 0, 0, 0, 0, 0, 0),
	(27, 'job', 2, 'taxi', 'JOB2', NULL, 1, 126, 80, 903.217, -191.651, 73.4046, 56.4171, 56, 1000, 0, 0, 0, 0, 0, 0, 0, 1, NULL, 0, 0, 0, 0, 0, 0),
	(28, 'job', 2, 'taxi', 'JOB2', NULL, 1, 126, 80, 905.007, -188.876, 73.441, 56.9203, 56, 1000, 0, 0, 0, 0, 0, 0, 0, 1, NULL, 0, 0, 0, 0, 0, 0),
	(29, 'job', 2, 'taxi', 'JOB2', NULL, 1, 126, 80, 906.729, -186.166, 73.6299, 56.2114, 56, 1000, 0, 0, 0, 0, 0, 0, 0, 1, NULL, 0, 0, 0, 0, 0, 0),
	(30, 'job', 2, 'taxi', 'JOB2', NULL, 1, 126, 80, 908.67, -183.207, 73.7684, 54.1776, 56, 1000, 0, 0, 0, 0, 0, 0, 0, 1, NULL, 0, 0, 0, 0, 0, 0),
	(31, 'job', 2, 'taxi', 'JOB2', NULL, 1, 126, 80, 913.757, -159.665, 74.3943, -165.859, 56, 1000, 0, 0, 0, 0, 0, 0, 0, 1, NULL, 0, 0, 0, 0, 0, 0),
	(32, 'job', 2, 'taxi', 'JOB2', NULL, 1, 126, 80, 911.444, -163.451, 73.9728, -165.708, 56, 1000, 0, 0, 0, 0, 0, 0, 0, 1, NULL, 0, 0, 0, 0, 0, 0),
	(33, 'job', 2, 'taxi', 'JOB2', NULL, 1, 126, 80, 920.88, -163.576, 74.4314, 98.8307, 56, 1000, 0, 0, 0, 0, 0, 0, 0, 1, NULL, 0, 0, 0, 0, 0, 0),
	(34, 'job', 2, 'taxi', 'JOB2', NULL, 1, 126, 80, 918.814, -167.105, 74.2571, 99.3149, 56, 1000, 0, 0, 0, 0, 0, 0, 0, 1, NULL, 0, 0, 0, 0, 0, 0),
	(35, 'job', 2, 'taxi', 'JOB2', NULL, 1, 126, 80, 916.528, -170.719, 74.0543, 99.6124, 71, 1000, 0, 0, 0, 0, 0, 0, 1, 1, NULL, 0, 0, 0, 0, 0, 0),
	(36, 'job', 2, 'taxi', 'JOB2', NULL, 1, 126, 80, 897.251, -183.704, 73.3728, -121.806, 56, 1000, 0, 0, 0, 0, 0, 0, 0, 1, NULL, 0, 0, 0, 0, 0, 0),
	(37, 'job', 2, 'taxi', 'JOB2', NULL, 1, 126, 80, 899.254, -180.411, 73.4363, -122.019, 74, 1000, 0, 0, 0, 0, 0, 0, 1, 1, NULL, 0, 0, 0, 0, 0, 0),
	(38, 'job', 3, 'coach', 'JOB3', NULL, 1, 134, 120, 430.793, -616.054, 29.3307, 83.6205, 58, 1000, 0, 0, 0, 0, 0, 0, 14, 1, NULL, 0, 0, 0, 0, 0, 0),
	(39, 'job', 3, 'coach', 'JOB3', NULL, 1, 134, 120, 431.886, -610.798, 29.3307, 83.963, 56, 1000, 0, 0, 0, 0, 0, 0, 0, 1, NULL, 0, 0, 0, 0, 0, 0),
	(40, 'job', 3, 'coach', 'JOB3', NULL, 1, 134, 120, 432.306, -605.504, 29.3308, 85.43, 56, 1000, 0, 0, 0, 0, 0, 0, 0, 1, NULL, 0, 0, 0, 0, 0, 0),
	(41, 'job', 3, 'coach', 'JOB3', NULL, 1, 134, 120, 394.359, -654.948, 29.3309, -89.2793, 75, 1000, 0, 0, 0, 0, 0, 0, 3, 1, NULL, 0, 0, 0, 0, 0, 0),
	(42, 'job', 3, 'coach', 'JOB3', NULL, 1, 134, 120, 394.241, -646.978, 29.3312, -89.3153, 56, 1000, 0, 0, 0, 0, 0, 0, 0, 1, NULL, 0, 0, 0, 0, 0, 0),
	(43, 'job', 3, 'coach', 'JOB3', NULL, 1, 134, 120, 394.376, -638.845, 29.3307, -88.9068, 56, 1000, 0, 0, 0, 0, 0, 0, 0, 1, NULL, 0, 0, 0, 0, 0, 0),
	(44, 'job', 3, 'coach', 'JOB3', NULL, 1, 134, 120, 447.297, -593.176, 29.3306, -95.2199, 56, 1000, 0, 0, 0, 0, 0, 0, 0, 1, NULL, 0, 0, 0, 0, 0, 0),
	(45, 'job', 3, 'rentalbus', 'JOB3', NULL, 1, 111, 126, 461.786, -604.402, 28.2628, -145.102, 56, 1000, 0, 0, 0, 0, 0, 0, 0, 1, NULL, 0, 0, 0, 0, 0, 0),
	(46, 'job', 3, 'rentalbus', 'JOB3', NULL, 1, 111, 126, 460.701, -610.7, 28.2624, -146.325, 56, 1000, 0, 0, 0, 0, 0, 0, 0, 1, NULL, 0, 0, 0, 0, 0, 0),
	(47, 'job', 3, 'rentalbus', 'JOB3', NULL, 1, 111, 126, 460.058, -618.157, 28.2626, -146.165, 56, 1000, 0, 0, 0, 0, 0, 0, 0, 1, NULL, 0, 0, 0, 0, 0, 0),
	(48, 'job', 3, 'rentalbus', 'JOB3', NULL, 1, 111, 126, 459.887, -625.989, 28.2624, -145.346, 80, 1000, 0, 0, 0, 0, 0, 0, 0, 1, NULL, 0, 0, 0, 0, 0, 0),
	(49, 'job', 3, 'rentalbus', 'JOB3', NULL, 1, 111, 126, 458.605, -632.376, 28.2625, -144.753, 56, 1000, 0, 0, 0, 0, 0, 0, 0, 1, NULL, 0, 0, 0, 0, 0, 0),
	(50, 'job', 3, 'rentalbus', 'JOB3', NULL, 1, 111, 126, 458.218, -639.44, 28.263, -144.446, 77, 1000, 0, 0, 0, 0, 0, 0, 4, 1, NULL, 0, 0, 0, 0, 0, 0),
	(51, 'job', 3, 'rentalbus', 'JOB3', NULL, 1, 111, 126, 457.529, -646.857, 28.0301, -146.364, 56, 1000, 0, 0, 0, 0, 0, 0, 0, 1, NULL, 0, 0, 0, 0, 0, 0),
	(52, 'job', 3, 'rentalbus', 'JOB3', NULL, 1, 111, 126, 456.688, -653.586, 27.6675, -144.901, 56, 1000, 0, 0, 0, 0, 0, 0, 0, 1, NULL, 0, 0, 0, 0, 0, 0),
	(53, 'job', 3, 'coach', 'JOB3', NULL, 1, 134, 120, 425.66, -584.373, 29.3537, -36.7655, 56, 1000, 0, 0, 0, 0, 0, 0, 0, 1, NULL, 0, 0, 0, 0, 0, 0),
	(54, 'job', 8, 'tractor3', 'JOB8', NULL, 1, 1, 1, -619.97, -1650.01, 25.9491, 60.8129, 78, 1000, 0, 0, 0, 0, 0, 0, 55, 1, NULL, 0, 0, 0, 0, 0, 0),
	(55, 'job', 8, 'bulldozer', 'JOB8', NULL, 1, 42, 42, -637.604, -1655.76, 25.3997, -119.524, 56, 1000, 0, 0, 0, 0, 0, 0, 0, 1, NULL, 0, 0, 0, 0, 0, 0),
	(56, 'job', 8, 'bulldozer', 'JOB8', NULL, 1, 42, 42, -626.681, -1661.95, 25.3956, 60.3541, 56, 1000, 0, 0, 0, 0, 0, 0, 0, 1, NULL, 0, 0, 0, 0, 0, 0),
	(57, 'job', 8, 'bulldozer', 'JOB8', NULL, 1, 42, 42, -622.04, -1654.05, 25.3984, 60.5848, 47, 1000, 0, 0, 0, 0, 0, 0, 6, 1, NULL, 0, 0, 0, 0, 0, 0),
	(58, 'job', 8, 'tractor3', 'JOB8', NULL, 1, 1, 1, -624.283, -1657.96, 25.9495, 61.5033, 56, 1000, 0, 0, 0, 0, 0, 0, 0, 1, NULL, 0, 0, 0, 0, 0, 0),
	(59, 'job', 8, 'tractor3', 'JOB8', NULL, 1, 1, 1, -634.848, -1651.5, 25.9497, -119.627, 56, 1000, 0, 0, 0, 0, 0, 0, 0, 1, NULL, 0, 0, 0, 0, 0, 0),
	(60, 'rent', 0, 'blista', 'YVL725', NULL, 1, 54, 97, 52.2949, -601.085, 31.4514, 159.428, 56, 1000, 0, 0, 0, 0, 0, 0, 0, 1, NULL, 0, 0, 0, 0, 0, 0),
	(61, 'rent', 0, 'blista', 'UQY299', NULL, 1, 66, 12, 31.4205, -593.452, 31.4504, 160.214, 56, 1000, 0, 0, 0, 0, 0, 0, 0, 1, NULL, 0, 0, 0, 0, 0, 0),
	(62, 'rent', 0, 'brioso', 'HEY564', NULL, 1, 6, 77, 48.9106, -599.758, 30.8258, 157.915, 56, 1000, 0, 0, 0, 0, 0, 0, 0, 1, NULL, 0, 0, 0, 0, 0, 0),
	(63, 'rent', 0, 'brioso', 'QZG723', NULL, 1, 0, 61, 16.2529, -571.947, 30.8263, -110.925, 56, 1000, 0, 0, 0, 0, 0, 0, 0, 1, NULL, 0, 0, 0, 0, 0, 0),
	(64, 'rent', 0, 'dilettante', 'UOY496', NULL, 1, 164, 111, 45.291, -598.495, 31.1208, 159.158, 56, 1000, 0, 0, 0, 0, 0, 0, 0, 1, NULL, 0, 0, 0, 0, 0, 0),
	(65, 'rent', 0, 'dilettante', 'XQU603', NULL, 1, 100, 67, 41.8752, -597.274, 31.1208, 159.278, 56, 1000, 0, 0, 0, 0, 0, 0, 0, 1, NULL, 0, 0, 0, 0, 0, 0),
	(66, 'rent', 0, 'virgo2', 'FBA965', NULL, 1, 103, 48, 38.3601, -596.144, 31.0621, 159.539, 56, 1000, 0, 0, 0, 0, 0, 0, 0, 1, NULL, 0, 0, 0, 0, 0, 0),
	(67, 'rent', 0, 'virgo2', 'VXI628', NULL, 1, 39, 24, 70.1253, -596.821, 31.0613, 69.4637, 56, 1000, 0, 0, 0, 0, 0, 0, 0, 1, NULL, 0, 0, 0, 0, 0, 0),
	(68, 'rent', 0, 'voodoo2', 'DCV817', NULL, 1, 19, 77, 53.0864, -587.675, 31.1022, -20.781, 56, 1000, 0, 0, 0, 0, 0, 0, 0, 1, NULL, 0, 0, 0, 0, 0, 0),
	(69, 'rent', 0, 'rancherxl', 'NJM515', NULL, 1, 9, 105, 34.898, -594.875, 31.2633, 159.706, 56, 1000, 0, 0, 0, 0, 0, 0, 0, 1, NULL, 0, 0, 0, 0, 0, 0),
	(70, 'rent', 0, 'rancherxl', 'HVE579', NULL, 1, 55, 88, 15.1255, -575.613, 31.2634, -109.6, 56, 1000, 0, 0, 0, 0, 0, 0, 0, 1, NULL, 0, 0, 0, 0, 0, 0),
	(71, 'rent', 0, 'rancherxl', 'VZY522', NULL, 1, 67, 131, 49.5608, -586.494, 31.2642, -20.4358, 56, 1000, 0, 0, 0, 0, 0, 0, 0, 1, NULL, 0, 0, 0, 0, 0, 0),
	(72, 'rent', 0, 'baller', 'YWS904', NULL, 1, 81, 109, 32.157, -580.138, 31.6061, -19.741, 25, 1000, 0, 0, 0, 0, 0, 0, 2, 1, NULL, 0, 0, 0, 0, 0, 0),
	(73, 'rent', 0, 'habanero', 'PMK926', NULL, 1, 11, 18, 39.1357, -582.896, 31.3204, -20.1007, 56, 1000, 0, 0, 0, 0, 0, 0, 0, 1, NULL, 0, 0, 0, 0, 0, 0),
	(74, 'rent', 0, 'habanero', 'XBZ951', NULL, 1, 133, 148, 68.9697, -600.622, 31.3208, 69.6569, 56, 1000, 0, 0, 0, 0, 0, 0, 0, 1, NULL, 0, 0, 0, 0, 0, 0),
	(75, 'rent', 0, 'emperor', 'NIR986', NULL, 1, 6, 36, 27.8368, -592.577, 31.1298, 159.25, 56, 1000, 0, 0, 0, 0, 0, 0, 0, 1, NULL, 0, 0, 0, 0, 0, 0),
	(76, 'rent', 0, 'emperor', 'EZM983', NULL, 1, 4, 44, 64.8319, -611.246, 31.1816, 70.1565, 56, 1000, 0, 0, 0, 0, 0, 0, 0, 1, NULL, 0, 0, 0, 0, 0, 0),
	(77, 'rent', 0, 'glendale', 'ZYU128', NULL, 1, 18, 24, 66.4216, -607.699, 31.3385, 69.9862, 56, 1000, 0, 0, 0, 0, 0, 0, 0, 1, NULL, 0, 0, 0, 0, 0, 0),
	(78, 'rent', 0, 'glendale', 'ZWI799', NULL, 1, 91, 75, 35.5031, -581.54, 31.3301, -20.7071, 56, 1000, 0, 0, 0, 0, 0, 0, 0, 1, NULL, 0, 0, 0, 0, 0, 0),
	(79, 'rent', 0, 'glendale', 'MHV284', NULL, 1, 0, 48, 13.8305, -579.01, 31.3297, -109.75, 56, 1000, 0, 0, 0, 0, 0, 0, 0, 1, NULL, 0, 0, 0, 0, 0, 0),
	(80, 'rent', 0, 'primo', 'JDJ365', NULL, 1, 32, 76, 12.5335, -582.651, 31.1589, -108.947, 56, 1000, 0, 0, 0, 0, 0, 0, 0, 1, NULL, 0, 0, 0, 0, 0, 0),
	(81, 'rent', 0, 'primo', 'ONR844', NULL, 1, 75, 125, 67.769, -604.151, 31.1589, 71.0286, 56, 1000, 0, 0, 0, 0, 0, 0, 0, 1, NULL, 0, 0, 0, 0, 0, 0),
	(82, 'rent', 0, 'bison', 'MUF117', NULL, 1, 61, 97, 8.74654, -592.974, 31.1653, -110.197, 38, 1000, 0, 0, 0, 0, 0, 0, 1, 1, NULL, 0, 0, 0, 0, 0, 0),
	(83, 'rent', 0, 'faggio', 'VOJ473', NULL, 1, 111, 128, 71.6341, -593.415, 31.1116, 70.3974, 56, 1000, 0, 0, 0, 0, 0, 0, 0, 1, NULL, 0, 0, 0, 0, 0, 0),
	(84, 'rent', 0, 'faggio2', 'JVV504', NULL, 1, 111, 128, 56.3307, -589.175, 31.1101, -20.7076, 56, 1000, 0, 0, 0, 0, 0, 0, 0, 1, NULL, 0, 0, 0, 0, 0, 0),
	(85, 'rent', 0, 'faggio3', 'JYR172', NULL, 1, 44, 0, 68.3705, -577.044, 31.1131, 160.215, 56, 1000, 0, 0, 0, 0, 0, 0, 0, 1, NULL, 0, 0, 0, 0, 0, 0),
	(86, 'rent', 0, 'manchez', 'PNK296', NULL, 1, 0, 67, 73.0751, -589.808, 31.0957, 67.9108, 56, 1000, 0, 0, 0, 0, 0, 0, 0, 1, NULL, 0, 0, 0, 0, 0, 0),
	(87, 'rent', 0, 'manchez', 'HZR504', NULL, 1, 15, 72, 11.5356, -586.192, 31.0981, -110.19, 56, 1000, 0, 0, 0, 0, 0, 0, 0, 1, NULL, 0, 0, 0, 0, 0, 0),
	(88, 'rent', 0, 'bagger', 'EDE180', NULL, 1, 118, 104, 64.5872, -575.77, 31.1154, 159.719, 34, 1000, 0, 0, 0, 0, 0, 0, 1, 1, NULL, 0, 0, 0, 0, 0, 0),
	(89, 'rent', 0, 'bagger', 'ZJN517', NULL, 1, 103, 53, 42.3235, -584.217, 31.1161, -22.8408, 56, 1000, 0, 0, 0, 0, 0, 0, 0, 1, NULL, 0, 0, 0, 0, 0, 0),
	(90, 'rent', 0, 'bagger', 'SSQ114', NULL, 1, 3, 37, 7.36543, -596.4, 31.1168, -111.438, 56, 1000, 0, 0, 0, 0, 0, 0, 0, 1, NULL, 0, 0, 0, 0, 0, 0),
	(91, 'rent', 0, 'bf400', 'NAI151', NULL, 1, 72, 26, 74.3973, -586.463, 31.0988, 71.0513, 56, 1000, 0, 0, 0, 0, 0, 0, 0, 1, NULL, 0, 0, 0, 0, 0, 0),
	(92, 'rent', 0, 'rhapsody', 'NLE639', NULL, 1, 72, 26, 71.8726, -578.203, 31.3186, 159.633, 56, 1000, 0, 0, 0, 0, 0, 0, 0, 1, NULL, 0, 0, 0, 0, 0, 0),
	(93, 'rent', 0, 'rhapsody', 'TSO865', NULL, 1, 27, 34, 45.9603, -585.277, 31.3187, -20.464, 56, 1000, 0, 0, 0, 0, 0, 0, 0, 1, NULL, 0, 0, 0, 0, 0, 0),
	(94, 'rent', 0, 'rhapsody', 'UKT703', NULL, 1, 38, 64, 10.0678, -589.554, 31.3186, -110.391, 56, 1000, 0, 0, 0, 0, 0, 0, 0, 1, NULL, 0, 0, 0, 0, 0, 0),
	(95, 'newbie', 0, 'bmx', 'KBW969', NULL, 1, 6, 1, 265.498, -1149.75, 28.6795, -177.871, 56, 1000, 0, 0, 0, 0, 0, 0, 0, 1, NULL, 0, 0, 0, 0, 0, 0),
	(96, 'newbie', 0, 'bmx', 'XDT115', NULL, 1, 6, 1, 262.431, -1149.78, 28.6812, 179.383, 56, 1000, 0, 0, 0, 0, 0, 0, 0, 1, NULL, 0, 0, 0, 0, 0, 0),
	(97, 'newbie', 0, 'bmx', 'HIR717', NULL, 1, 6, 1, 259.411, -1149.79, 28.6815, -179.529, 56, 1000, 0, 0, 0, 0, 0, 0, 0, 1, NULL, 0, 0, 0, 0, 0, 0),
	(98, 'newbie', 0, 'bmx', 'YAB909', NULL, 1, 6, 1, 256.201, -1149.82, 28.6815, 178.72, 56, 1000, 0, 0, 0, 0, 0, 0, 0, 1, NULL, 0, 0, 0, 0, 0, 0),
	(99, 'newbie', 0, 'bmx', 'QAJ967', NULL, 1, 6, 1, 253.148, -1149.76, 28.6725, -179.574, 56, 1000, 0, 0, 0, 0, 0, 0, 0, 1, NULL, 0, 0, 0, 0, 0, 0),
	(100, 'newbie', 0, 'bmx', 'JCA674', NULL, 1, 6, 1, 249.968, -1149.66, 28.6712, 177.258, 80, 1000, 0, 0, 0, 0, 0, 0, 0, 1, NULL, 0, 0, 0, 0, 0, 0),
	(101, 'newbie', 0, 'bmx', 'LAX421', NULL, 1, 6, 1, 246.765, -1149.6, 28.6397, 178.699, 56, 1000, 0, 0, 0, 0, 0, 0, 0, 1, NULL, 0, 0, 0, 0, 0, 0),
	(102, 'newbie', 0, 'bmx', 'VVX675', NULL, 1, 6, 1, 243.327, -1149.5, 28.5897, -179.718, 56, 1000, 0, 0, 0, 0, 0, 0, 0, 1, NULL, 0, 0, 0, 0, 0, 0),
	(103, 'newbie', 0, 'bmx', 'FMM723', NULL, 1, 6, 1, 265.362, -1161.99, 28.594, -1.07982, 56, 1000, 0, 0, 0, 0, 0, 0, 0, 1, NULL, 0, 0, 0, 0, 0, 0),
	(104, 'newbie', 0, 'bmx', 'LCJ373', NULL, 1, 6, 1, 262.478, -1162.08, 28.5771, 3.25867, 56, 1000, 0, 0, 0, 0, 0, 0, 0, 1, NULL, 0, 0, 0, 0, 0, 0),
	(105, 'newbie', 0, 'bmx', 'JSX138', NULL, 1, 6, 1, 259.386, -1161.97, 28.5774, 1.02566, 56, 1000, 0, 0, 0, 0, 0, 0, 0, 1, NULL, 0, 0, 0, 0, 0, 0),
	(106, 'newbie', 0, 'bmx', 'WOB567', NULL, 1, 6, 1, 256.27, -1161.91, 28.5628, 1.09399, 56, 1000, 0, 0, 0, 0, 0, 0, 0, 1, NULL, 0, 0, 0, 0, 0, 0),
	(107, 'newbie', 0, 'bmx', 'CYP293', NULL, 1, 6, 1, 253.057, -1161.9, 28.5358, 2.02327, 56, 1000, 0, 0, 0, 0, 0, 0, 0, 1, NULL, 0, 0, 0, 0, 0, 0),
	(108, 'newbie', 0, 'bmx', 'WDB921', NULL, 1, 6, 1, 250.083, -1161.81, 28.532, -0.514191, 56, 1000, 0, 0, 0, 0, 0, 0, 0, 1, NULL, 0, 0, 0, 0, 0, 0),
	(109, 'newbie', 0, 'bmx', 'QHJ513', NULL, 1, 6, 1, 246.762, -1161.74, 28.5499, -1.32282, 56, 1000, 0, 0, 0, 0, 0, 0, 0, 1, NULL, 0, 0, 0, 0, 0, 0),
	(110, 'newbie', 0, 'bmx', 'QBQ633', NULL, 1, 6, 1, -166.521, -781.652, 31.5369, -108.213, 56, 1000, 0, 0, 0, 0, 0, 0, 0, 1, NULL, 0, 0, 0, 0, 0, 0),
	(111, 'newbie', 0, 'bmx', 'MCE328', NULL, 1, 6, 1, -166.087, -780.083, 31.5921, -110.094, 56, 1000, 0, 0, 0, 0, 0, 0, 0, 1, NULL, 0, 0, 0, 0, 0, 0),
	(112, 'newbie', 0, 'bmx', 'HFO778', NULL, 1, 6, 1, -165.51, -778.578, 31.6462, -109.171, 56, 1000, 0, 0, 0, 0, 0, 0, 0, 1, NULL, 0, 0, 0, 0, 0, 0),
	(113, 'newbie', 0, 'bmx', 'LXT508', NULL, 1, 6, 1, -164.96, -777.117, 31.7145, -106.142, 56, 1000, 0, 0, 0, 0, 0, 0, 0, 1, NULL, 0, 0, 0, 0, 0, 0),
	(114, 'newbie', 0, 'bmx', 'EWO915', NULL, 1, 6, 1, -164.333, -775.458, 31.8091, -108.232, 56, 1000, 0, 0, 0, 0, 0, 0, 0, 1, NULL, 0, 0, 0, 0, 0, 0),
	(115, 'newbie', 0, 'bmx', 'KBG347', NULL, 1, 6, 1, -163.648, -773.674, 31.9149, -107.604, 56, 1000, 0, 0, 0, 0, 0, 0, 0, 1, NULL, 0, 0, 0, 0, 0, 0),
	(116, 'newbie', 0, 'bmx', 'AMU158', NULL, 1, 6, 1, -167.195, -783.166, 31.4787, -112.11, 56, 1000, 0, 0, 0, 0, 0, 0, 0, 1, NULL, 0, 0, 0, 0, 0, 0),
	(117, 'newbie', 0, 'bmx', 'YFD850', NULL, 1, 6, 1, -167.739, -784.635, 31.4311, -109.931, 56, 1000, 0, 0, 0, 0, 0, 0, 0, 1, NULL, 0, 0, 0, 0, 0, 0),
	(118, 'newbie', 0, 'bmx', 'KCK633', NULL, 1, 6, 1, -185.674, -818.542, 30.4369, 158.527, 80, 1000, 0, 0, 0, 0, 0, 0, 0, 1, NULL, 0, 0, 0, 0, 0, 0),
	(119, 'newbie', 0, 'bmx', 'DRI215', NULL, 1, 6, 1, -187.072, -818.036, 30.4172, 157.762, 67, 1000, 0, 0, 0, 0, 0, 0, 1, 1, NULL, 0, 0, 0, 0, 0, 0),
	(120, 'newbie', 0, 'bmx', 'KNM940', NULL, 1, 6, 1, -188.741, -817.424, 30.3899, 156.739, 56, 1000, 0, 0, 0, 0, 0, 0, 0, 1, NULL, 0, 0, 0, 0, 0, 0),
	(121, 'newbie', 0, 'bmx', 'ZBF256', NULL, 1, 6, 1, -172.517, -791.077, 31.2131, -108.235, 56, 1000, 0, 0, 0, 0, 0, 0, 0, 1, NULL, 0, 0, 0, 0, 0, 0),
	(122, 'newbie', 0, 'bmx', 'NGA349', NULL, 1, 6, 1, -173.198, -793.024, 31.1375, -109.028, 80, 1000, 0, 0, 0, 0, 0, 0, 0, 1, NULL, 0, 0, 0, 0, 0, 0),
	(123, 'newbie', 0, 'bmx', 'DSS162', NULL, 1, 6, 1, -173.884, -794.974, 31.0774, -110.551, 80, 1000, 0, 0, 0, 0, 0, 0, 0, 1, NULL, 0, 0, 0, 0, 0, 0),
	(124, 'newbie', 0, 'bmx', 'SMU821', NULL, 1, 6, 1, -244.003, -363.983, 29.3985, 110.59, 56, 1000, 0, 0, 0, 0, 0, 0, 0, 1, NULL, 0, 0, 0, 0, 0, 0),
	(125, 'newbie', 0, 'bmx', 'LCI379', NULL, 1, 6, 1, -244.432, -362.664, 29.3997, 102.598, 56, 1000, 0, 0, 0, 0, 0, 0, 0, 1, NULL, 0, 0, 0, 0, 0, 0),
	(126, 'newbie', 0, 'bmx', 'BKO678', NULL, 1, 6, 1, -244.869, -361.131, 29.395, 106.297, 56, 1000, 0, 0, 0, 0, 0, 0, 0, 1, NULL, 0, 0, 0, 0, 0, 0),
	(127, 'newbie', 0, 'bmx', 'GJG660', NULL, 1, 6, 1, -245.323, -359.379, 29.392, 107.263, 56, 1000, 0, 0, 0, 0, 0, 0, 0, 1, NULL, 0, 0, 0, 0, 0, 0),
	(128, 'newbie', 0, 'bmx', 'EZD542', NULL, 1, 6, 1, -245.732, -357.634, 29.3898, 104.114, 56, 1000, 0, 0, 0, 0, 0, 0, 0, 1, NULL, 0, 0, 0, 0, 0, 0),
	(129, 'newbie', 0, 'bmx', 'CWC567', NULL, 1, 6, 1, -245.766, -352.121, 29.3755, 98.6553, 56, 1000, 0, 0, 0, 0, 0, 0, 0, 1, NULL, 0, 0, 0, 0, 0, 0),
	(130, 'newbie', 0, 'bmx', 'ZHL662', NULL, 1, 6, 1, -254.091, -304.264, 29.6782, 99.1292, 56, 1000, 0, 0, 0, 0, 0, 0, 0, 1, NULL, 0, 0, 0, 0, 0, 0),
	(131, 'newbie', 0, 'bmx', 'MOH768', NULL, 1, 6, 1, -253.778, -306.035, 29.6571, 100.952, 56, 1000, 0, 0, 0, 0, 0, 0, 0, 1, NULL, 0, 0, 0, 0, 0, 0),
	(132, 'newbie', 0, 'bmx', 'RSP965', NULL, 1, 6, 1, -253.552, -308.028, 29.6341, 101.797, 56, 1000, 0, 0, 0, 0, 0, 0, 0, 1, NULL, 0, 0, 0, 0, 0, 0),
	(133, 'newbie', 0, 'bmx', 'TBD414', NULL, 1, 6, 1, -253.252, -309.91, 29.6127, 101.903, 56, 1000, 0, 0, 0, 0, 0, 0, 0, 1, NULL, 0, 0, 0, 0, 0, 0),
	(134, 'newbie', 0, 'bmx', 'SAU649', NULL, 1, 6, 1, -253.086, -311.949, 29.5859, 99.5248, 56, 1000, 0, 0, 0, 0, 0, 0, 0, 1, NULL, 0, 0, 0, 0, 0, 0),
	(135, 'newbie', 0, 'bmx', 'GRE294', NULL, 1, 6, 1, 1155.64, -491.233, 64.7431, 9.47548, 56, 1000, 0, 0, 0, 0, 0, 0, 0, 1, NULL, 0, 0, 0, 0, 0, 0),
	(136, 'newbie', 0, 'bmx', 'OEN281', NULL, 1, 6, 1, 1151.91, -491.354, 64.8186, 12.3278, 56, 1000, 0, 0, 0, 0, 0, 0, 0, 1, NULL, 0, 0, 0, 0, 0, 0),
	(137, 'newbie', 0, 'bmx', 'CHW888', NULL, 1, 6, 1, 1148.4, -491.702, 64.8755, 8.08158, 56, 1000, 0, 0, 0, 0, 0, 0, 0, 1, NULL, 0, 0, 0, 0, 0, 0),
	(138, 'newbie', 0, 'bmx', 'CDZ250', NULL, 1, 6, 1, 1129.07, -488.937, 64.7383, -105.12, 56, 1000, 0, 0, 0, 0, 0, 0, 0, 1, NULL, 0, 0, 0, 0, 0, 0),
	(139, 'newbie', 0, 'bmx', 'KOW888', NULL, 1, 6, 1, 1129.94, -485.153, 65.0106, -103.722, 56, 1000, 0, 0, 0, 0, 0, 0, 0, 1, NULL, 0, 0, 0, 0, 0, 0),
	(140, 'newbie', 0, 'bmx', 'XQX456', NULL, 1, 6, 1, 1142.84, -481.833, 65.274, -105.44, 56, 1000, 0, 0, 0, 0, 0, 0, 0, 1, NULL, 0, 0, 0, 0, 0, 0),
	(141, 'newbie', 0, 'bmx', 'HON679', NULL, 1, 6, 1, 1143.6, -478.271, 65.5752, -104.609, 56, 1000, 0, 0, 0, 0, 0, 0, 0, 1, NULL, 0, 0, 0, 0, 0, 0),
	(142, 'newbie', 0, 'bmx', 'ARW461', NULL, 1, 6, 1, 1144.48, -474.878, 65.7728, -101.875, 56, 1000, 0, 0, 0, 0, 0, 0, 0, 1, NULL, 0, 0, 0, 0, 0, 0),
	(143, 'newbie', 0, 'bmx', 'NFR307', NULL, 1, 6, 1, 1145.39, -471.14, 65.9414, -103.954, 56, 1000, 0, 0, 0, 0, 0, 0, 0, 1, NULL, 0, 0, 0, 0, 0, 0),
	(144, 'newbie', 0, 'bmx', 'WQP680', NULL, 1, 6, 1, 1151.85, -460.825, 66.224, 168.653, 80, 1000, 0, 0, 0, 0, 0, 0, 0, 1, NULL, 0, 0, 0, 0, 0, 0),
	(145, 'newbie', 0, 'bmx', 'RJQ787', NULL, 1, 6, 1, 1155.45, -461.667, 66.2214, 166.373, 80, 1000, 0, 0, 0, 0, 0, 0, 2, 1, NULL, 0, 0, 0, 0, 0, 0),
	(146, 'newbie', 0, 'bmx', 'XZW826', NULL, 1, 6, 1, 1158.73, -462.694, 66.1649, 167.336, 80, 1000, 0, 0, 0, 0, 0, 0, 0, 1, NULL, 0, 0, 0, 0, 0, 0),
	(147, 'newbie', 0, 'bmx', 'VDP957', NULL, 1, 6, 1, 1162.54, -463.695, 66.0204, 166.871, 56, 1000, 0, 0, 0, 0, 0, 0, 0, 1, NULL, 0, 0, 0, 0, 0, 0),
	(148, 'newbie', 0, 'bmx', 'EAZ624', NULL, 1, 6, 1, 1977.47, 3835.5, 31.4195, 28.6679, 56, 1000, 0, 0, 0, 0, 0, 0, 0, 1, NULL, 0, 0, 0, 0, 0, 0),
	(149, 'newbie', 0, 'bmx', 'QUI355', NULL, 1, 6, 1, 1976.08, 3834.71, 31.4499, 30.0264, 56, 1000, 0, 0, 0, 0, 0, 0, 0, 1, NULL, 0, 0, 0, 0, 0, 0),
	(150, 'newbie', 0, 'bmx', 'ZWD583', NULL, 1, 6, 1, 1974.65, 3833.96, 31.3996, 26.9858, 56, 1000, 0, 0, 0, 0, 0, 0, 0, 1, NULL, 0, 0, 0, 0, 0, 0),
	(151, 'newbie', 0, 'bmx', 'PBB940', NULL, 1, 6, 1, 1973.14, 3833.18, 31.3871, 34.0505, 56, 1000, 0, 0, 0, 0, 0, 0, 0, 1, NULL, 0, 0, 0, 0, 0, 0),
	(152, 'newbie', 0, 'bmx', 'DJD160', NULL, 1, 6, 1, 1971.58, 3832.34, 31.3928, 30.9663, 56, 1000, 0, 0, 0, 0, 0, 0, 0, 1, NULL, 0, 0, 0, 0, 0, 0),
	(153, 'newbie', 0, 'bmx', 'YYU846', NULL, 1, 6, 1, 1970.1, 3831.55, 31.3986, 26.85, 56, 1000, 0, 0, 0, 0, 0, 0, 0, 1, NULL, 0, 0, 0, 0, 0, 0),
	(154, 'newbie', 0, 'bmx', 'DCX222', NULL, 1, 6, 1, 1965.22, 3831.8, 31.4035, -56.6771, 56, 1000, 0, 0, 0, 0, 0, 0, 0, 1, NULL, 0, 0, 0, 0, 0, 0),
	(155, 'newbie', 0, 'bmx', 'JLS951', NULL, 1, 6, 1, 1964.13, 3833.56, 31.3967, -57.0379, 80, 1000, 0, 0, 0, 0, 0, 0, 0, 1, NULL, 0, 0, 0, 0, 0, 0),
	(156, 'newbie', 0, 'bmx', 'VAN489', NULL, 1, 6, 1, 1963.06, 3835.39, 31.3921, -54.9974, 80, 1000, 0, 0, 0, 0, 0, 0, 0, 1, NULL, 0, 0, 0, 0, 0, 0),
	(157, 'newbie', 0, 'bmx', 'BIC140', NULL, 1, 6, 1, 1971.64, 3851.68, 31.4131, 125.308, 80, 1000, 0, 0, 0, 0, 0, 0, 13, 1, NULL, 0, 0, 0, 0, 0, 0),
	(158, 'newbie', 0, 'bmx', 'XPP595', NULL, 1, 6, 1, 1970.5, 3853.5, 31.417, 125.452, 56, 1000, 0, 0, 0, 0, 0, 0, 0, 1, NULL, 0, 0, 0, 0, 0, 0),
	(159, 'newbie', 0, 'bmx', 'QDC745', NULL, 1, 6, 1, 1969.35, 3855.41, 31.4203, 122.151, 56, 1000, 0, 0, 0, 0, 0, 0, 0, 1, NULL, 0, 0, 0, 0, 0, 0),
	(160, 'newbie', 0, 'bmx', 'GLG214', NULL, 1, 6, 1, -178.921, 6439.33, 30.9023, 41.9256, 56, 1000, 0, 0, 0, 0, 0, 0, 0, 1, NULL, 0, 0, 0, 0, 0, 0),
	(161, 'newbie', 0, 'bmx', 'AKD522', NULL, 1, 6, 1, -176.511, 6441.54, 30.9022, 42.5068, 56, 1000, 0, 0, 0, 0, 0, 0, 0, 1, NULL, 0, 0, 0, 0, 0, 0),
	(162, 'newbie', 0, 'bmx', 'SHK346', NULL, 1, 6, 1, -173.992, 6443.99, 30.9015, 48.7927, 80, 1000, 0, 0, 0, 0, 0, 0, 1, 1, NULL, 0, 0, 0, 0, 0, 0),
	(163, 'newbie', 0, 'bmx', 'HBK572', NULL, 1, 6, 1, -172.013, 6446.1, 30.9018, 45.1253, 56, 1000, 0, 0, 0, 0, 0, 0, 0, 1, NULL, 0, 0, 0, 0, 0, 0),
	(164, 'newbie', 0, 'bmx', 'IOG237', NULL, 1, 6, 1, -169.612, 6448.67, 30.8992, 48.2573, 56, 1000, 0, 0, 0, 0, 0, 0, 0, 1, NULL, 0, 0, 0, 0, 0, 0),
	(165, 'newbie', 0, 'bmx', 'DJP774', NULL, 1, 6, 1, -167.218, 6451.03, 30.9012, 43.7653, 56, 1000, 0, 0, 0, 0, 0, 0, 0, 1, NULL, 0, 0, 0, 0, 0, 0),
	(166, 'newbie', 0, 'bmx', 'PRC267', NULL, 1, 6, 1, -165.057, 6453.59, 30.879, 46.2334, 56, 1000, 0, 0, 0, 0, 0, 0, 0, 1, NULL, 0, 0, 0, 0, 0, 0),
	(167, 'newbie', 0, 'bmx', 'JJC525', NULL, 1, 6, 1, -201.078, 6460.28, 30.4971, -119.984, 56, 1000, 0, 0, 0, 0, 0, 0, 0, 1, NULL, 0, 0, 0, 0, 0, 0),
	(168, 'newbie', 0, 'bmx', 'YJP277', NULL, 1, 6, 1, -199.583, 6462.13, 30.4657, -119.442, 56, 1000, 0, 0, 0, 0, 0, 0, 0, 1, NULL, 0, 0, 0, 0, 0, 0),
	(174, 'faction', 1, 'govbmwm7', 'GOV5', NULL, 1, 111, 111, -568.54, -166.32, 38.03, -63.4, 54, 1000, 0, 0, 0, 0, 0, 0, 1, 1, NULL, 0, 0, 0, 0, 0, 0),
	(185, 'faction', 2, 'police', 'WBF727', NULL, 1, 134, 1, 427.323, -1027.81, 28.5954, 8.74702, 60, 1000, 0, 0, 0, 0, 0, 0, 2, 1, NULL, 0, 0, 0, 0, 0, 0),
	(186, 'faction', 2, 'police', 'SLR336', NULL, 1, 134, 1, 431.095, -1027.47, 28.5288, 6.39195, 56, 1000, 0, 0, 0, 0, 0, 0, 0, 1, NULL, 0, 0, 0, 0, 0, 0),
	(187, 'faction', 2, 'police', 'FDQ395', NULL, 1, 134, 1, 434.865, -1027.21, 28.4619, 5.3753, 56, 1000, 0, 0, 0, 0, 0, 0, 0, 1, NULL, 0, 0, 0, 0, 0, 0),
	(188, 'faction', 2, 'police', 'AIY881', NULL, 1, 134, 1, 438.567, -1026.9, 28.3955, 3.87505, 56, 1000, 0, 0, 0, 0, 0, 0, 0, 1, NULL, 0, 0, 0, 0, 0, 0),
	(189, 'faction', 2, 'police', 'WHX822', NULL, 1, 134, 1, 442.504, -1026.62, 28.3226, 4.4457, 56, 1000, 0, 0, 0, 0, 0, 0, 0, 1, NULL, 0, 0, 0, 0, 0, 0),
	(190, 'faction', 2, 'police', 'EKO398', NULL, 1, 134, 1, 446.071, -1026.17, 28.2558, 5.56668, 56, 1000, 0, 0, 0, 0, 0, 0, 0, 1, NULL, 0, 0, 0, 0, 0, 0),
	(191, 'faction', 2, 'police2', 'MBP784', NULL, 1, 134, 1, 449.682, -1025.83, 28.1955, 5.31479, 56, 1000, 0, 0, 0, 0, 0, 0, 0, 1, NULL, 0, 0, 0, 0, 0, 0),
	(192, 'faction', 2, 'police2', 'AMZ294', NULL, 1, 134, 1, 453.51, -1025.36, 28.1213, 5.73799, 56, 1000, 0, 0, 0, 0, 0, 0, 0, 1, NULL, 0, 0, 0, 0, 0, 0),
	(193, 'faction', 2, 'police2', 'HGG512', NULL, 1, 134, 1, 456.961, -1024.88, 28.045, 7.40353, 56, 1000, 0, 0, 0, 0, 0, 0, 0, 1, NULL, 0, 0, 0, 0, 0, 0),
	(194, 'faction', 2, 'police3', 'CBB692', NULL, 1, 134, 1, 463.458, -1019.64, 27.8529, 89.9237, 56, 1000, 0, 0, 0, 0, 0, 0, 0, 1, NULL, 0, 0, 0, 0, 0, 0),
	(195, 'faction', 2, 'police3', 'YZX809', NULL, 1, 134, 1, 463.372, -1014.75, 27.8258, 90.0165, 56, 1000, 0, 0, 0, 0, 0, 0, 0, 1, NULL, 0, 0, 0, 0, 0, 0),
	(200, 'faction', 2, 'riot', 'WGY989', NULL, 1, 134, 1, 471.207, -1023.97, 27.8294, -85.2897, 56, 1000, 0, 0, 0, 0, 0, 0, 0, 1, NULL, 0, 0, 0, 0, 0, 0),
	(201, 'faction', 2, 'policeb', 'EKX764', NULL, 1, 134, 1, 486.98, -1024.39, 27.5365, 6.05058, 56, 1000, 0, 0, 0, 0, 0, 0, 0, 1, NULL, 0, 0, 0, 0, 0, 0),
	(202, 'faction', 2, 'policeb', 'MCF570', NULL, 1, 134, 1, 485.136, -1024.62, 27.5069, 7.16792, 56, 1000, 0, 0, 0, 0, 0, 0, 0, 1, NULL, 0, 0, 0, 0, 0, 0),
	(203, 'faction', 2, 'policeb', 'RKT854', NULL, 1, 134, 1, 483.082, -1024.92, 27.4757, 7.21305, 56, 1000, 0, 0, 0, 0, 0, 0, 0, 1, NULL, 0, 0, 0, 0, 0, 0),
	(204, 'faction', 2, 'policeb', 'CEX973', NULL, 1, 134, 1, 478.873, -1025.47, 27.5217, 3.37625, 56, 1000, 0, 0, 0, 0, 0, 0, 0, 1, NULL, 0, 0, 0, 0, 0, 0),
	(205, 'faction', 2, 'policeb', 'PUN509', NULL, 1, 134, 1, 480.852, -1025.24, 27.4762, 6.71633, 56, 1000, 0, 0, 0, 0, 0, 0, 0, 1, NULL, 0, 0, 0, 0, 0, 0),
	(206, 'faction', 3, 'sheriff', 'BXU292', NULL, 1, 131, 131, -516.467, 5995.15, 30.8907, -134.699, 56, 1000, 0, 0, 0, 0, 0, 0, 0, 1, NULL, 0, 0, 0, 0, 0, 0),
	(208, 'faction', 3, 'sheriff', 'BFN956', NULL, 1, 131, 131, -512.858, 5998.87, 30.8912, -136.823, 56, 1000, 0, 0, 0, 0, 0, 0, 0, 1, NULL, 0, 0, 0, 0, 0, 0),
	(209, 'faction', 3, 'sheriff2', 'NEG742', NULL, 1, 131, 1, -498.326, 6013.42, 30.9077, -134.695, 56, 1000, 0, 0, 0, 0, 0, 0, 0, 1, NULL, 0, 0, 0, 0, 0, 0),
	(210, 'faction', 3, 'sheriff2', 'DPC854', NULL, 1, 131, 1, -494.16, 6017.39, 30.908, -131.649, 56, 1000, 0, 0, 0, 0, 0, 0, 0, 1, NULL, 0, 0, 0, 0, 0, 0),
	(211, 'faction', 3, 'policeb', 'EPF865', NULL, 1, 131, 1, -455.036, 6001.83, 30.8186, 87.4322, 56, 1000, 0, 0, 0, 0, 0, 0, 0, 1, NULL, 0, 0, 0, 0, 0, 0),
	(212, 'faction', 3, 'policeb', 'WVZ748', NULL, 1, 131, 1, -451.801, 5998.11, 30.818, 85.7535, 56, 1000, 0, 0, 0, 0, 0, 0, 0, 1, NULL, 0, 0, 0, 0, 0, 0),
	(213, 'faction', 3, 'policeb', 'UIA344', NULL, 1, 131, 1, -448.081, 5994.36, 30.8185, 86.0054, 56, 1000, 0, 0, 0, 0, 0, 0, 0, 1, NULL, 0, 0, 0, 0, 0, 0),
	(215, 'faction', 4, 'fbi', 'LOY488', NULL, 1, 1, 1, 174.617, -709.98, 32.7763, 69.1036, 56, 1000, 0, 0, 0, 0, 0, 0, 0, 1, NULL, 0, 0, 0, 0, 0, 0),
	(216, 'faction', 4, 'fbi', 'OSQ844', NULL, 1, 1, 1, 175.804, -706.447, 32.7752, 70.0383, 56, 1000, 0, 0, 0, 0, 0, 0, 0, 1, NULL, 0, 0, 0, 0, 0, 0),
	(217, 'faction', 4, 'fbi', 'ZBQ574', NULL, 1, 1, 1, 178.679, -698.819, 32.7736, 69.5377, 56, 1000, 0, 0, 0, 0, 0, 0, 0, 1, NULL, 0, 0, 0, 0, 0, 0),
	(218, 'faction', 4, 'fbi', 'NSO371', NULL, 1, 1, 1, 179.986, -695.237, 32.7722, 70.3333, 56, 1000, 0, 0, 0, 0, 0, 0, 0, 1, NULL, 0, 0, 0, 0, 0, 0),
	(219, 'faction', 4, 'swatstalker', 'KKC188', NULL, 1, 1, 1, 173.117, -687.25, 32.7472, 160.01, 56, 1000, 0, 0, 0, 0, 0, 0, 0, 1, NULL, 0, 0, 0, 0, 0, 0),
	(220, 'faction', 4, 'swatstalker', 'YNU110', NULL, 1, 1, 1, 169.494, -686, 32.7477, 160.451, 56, 1000, 0, 0, 0, 0, 0, 0, 0, 1, NULL, 0, 0, 0, 0, 0, 0),
	(221, 'faction', 4, 'swatstalker', 'WCN854', NULL, 1, 1, 1, 163.393, -683.749, 32.7488, 158.911, 56, 1000, 0, 0, 0, 0, 0, 0, 0, 1, NULL, 0, 0, 0, 0, 0, 0),
	(222, 'faction', 4, 'swatstalker', 'EKV654', NULL, 1, 1, 1, 149.498, -684.029, 32.753, -112.189, 56, 1000, 0, 0, 0, 0, 0, 0, 0, 1, NULL, 0, 0, 0, 0, 0, 0),
	(223, 'faction', 4, 'fbi', 'HEU383', NULL, 1, 1, 1, 148.493, -687.754, 32.7769, -109.834, 51, 1000, 0, 0, 0, 0, 0, 0, 2, 1, NULL, 0, 0, 0, 0, 0, 0),
	(224, 'faction', 5, 'emsnspeedo', 'EMS1', NULL, 1, 131, 38, 298.75, -602.45, 43.21, 67.84, 80, 1000, 0, 0, 0, 0, 0, 0, 0, 1, NULL, 0, 0, 0, 0, 0, 0),
	(225, 'faction', 5, 'emsnspeedo', 'EMS2', NULL, 1, 38, 131, 297.82, -605.05, 43.24, 64.19, 80, 1000, 0, 0, 0, 0, 0, 0, 6, 1, NULL, 0, 0, 0, 0, 0, 0),
	(226, 'faction', 5, 'ambulance', 'PNY747', NULL, 1, 38, 131, 326.826, -586.806, 28.565, -19.1766, 56, 1000, 0, 0, 0, 0, 0, 0, 0, 1, NULL, 0, 0, 0, 0, 0, 0),
	(227, 'faction', 5, 'ambulance', 'VVX333', NULL, 1, 38, 131, 323.527, -585.686, 28.5654, -18.2467, 56, 1000, 0, 0, 0, 0, 0, 0, 0, 1, NULL, 0, 0, 0, 0, 0, 0),
	(228, 'faction', 5, 'ambulance', 'FVO849', NULL, 1, 38, 131, 319.9, -584.478, 28.5648, -18.5483, 56, 1000, 0, 0, 0, 0, 0, 0, 0, 1, NULL, 0, 0, 0, 0, 0, 0),
	(229, 'faction', 5, 'granger', 'ALX456', NULL, 1, 124, 1, 316.266, -556.346, 28.3693, -89.5776, 42, 1000, 0, 0, 0, 0, 0, 0, 0, 1, NULL, 0, 0, 0, 0, 0, 0),
	(230, 'faction', 5, 'granger', 'ZYR317', NULL, 1, 124, 1, 316.26, -550.645, 28.3692, -89.179, 42, 1000, 0, 0, 0, 0, 0, 0, 0, 1, NULL, 0, 0, 0, 0, 0, 0),
	(231, 'faction', 5, 'granger', 'EGX998', NULL, 1, 124, 1, 316.322, -544.959, 28.3691, -89.8275, 42, 1000, 0, 0, 0, 0, 0, 0, 0, 1, NULL, 0, 0, 0, 0, 0, 0),
	(232, 'faction', 5, 'granger', 'NFX689', NULL, 1, 124, 1, 320.863, -541.39, 28.3697, 179.836, 42, 1000, 0, 0, 0, 0, 0, 0, 0, 1, NULL, 0, 0, 0, 0, 0, 0),
	(233, 'faction', 5, 'granger', 'WIE215', NULL, 1, 124, 1, 326.585, -541.352, 28.3703, -179.569, 97, 1000, 0, 0, 0, 0, 0, 0, 12, 1, NULL, 0, 0, 0, 0, 0, 0),
	(234, 'faction', 5, 'granger', 'ZOH508', NULL, 1, 124, 1, 332.267, -541.331, 28.3697, 179.681, 42, 1000, 0, 0, 0, 0, 0, 0, 0, 1, NULL, 0, 0, 0, 0, 0, 0),
	(235, 'faction', 5, 'ambulance', 'SXP631', NULL, 1, 131, 38, 316.51, -578.256, 28.5649, -108.493, 56, 1000, 0, 0, 0, 0, 0, 0, 0, 1, NULL, 0, 0, 0, 0, 0, 0),
	(236, 'faction', 5, 'ambulance', 'HTK841', NULL, 1, 131, 38, 318.005, -574.052, 28.566, -110.17, 56, 1000, 0, 0, 0, 0, 0, 0, 0, 1, NULL, 0, 0, 0, 0, 0, 0),
	(237, 'faction', 5, 'ambulance', 'VVU433', NULL, 1, 131, 38, 319.606, -569.621, 28.565, -110.424, 56, 1000, 0, 0, 0, 0, 0, 0, 0, 1, NULL, 0, 0, 0, 0, 0, 0),
	(238, 'faction', 5, 'ambulance', 'FSM517', NULL, 1, 131, 38, 321.035, -565.47, 28.5643, -109.702, 56, 1000, 0, 0, 0, 0, 0, 0, 0, 1, NULL, 0, 0, 0, 0, 0, 0),
	(239, 'faction', 3, 'riot', 'XEH343', NULL, 1, 131, 131, -472.203, 5951.04, 30.9389, 44.9536, 56, 1000, 0, 0, 0, 0, 0, 0, 0, 1, NULL, 0, 0, 0, 0, 0, 0),
	(240, 'faction', 4, 'police4', 'EAV115', NULL, 1, 1, 1, 154.727, -749.274, 32.7398, -19.7547, 56, 1000, 0, 0, 0, 0, 0, 0, 0, 1, NULL, 0, 0, 0, 0, 0, 0),
	(241, 'faction', 4, 'police4', 'VMO463', NULL, 1, 1, 1, 162.087, -744.792, 32.7393, 70.1586, 56, 1000, 0, 0, 0, 0, 0, 0, 0, 1, NULL, 0, 0, 0, 0, 0, 0),
	(242, 'faction', 4, 'police4', 'AOT909', NULL, 1, 1, 1, 166.261, -733.718, 32.7398, 69.4965, 56, 1000, 0, 0, 0, 0, 0, 0, 0, 1, NULL, 0, 0, 0, 0, 0, 0),
	(243, 'faction', 4, 'police4', 'ZUE454', NULL, 1, 1, 1, 151.631, -729.549, 32.7396, 158.722, 56, 1000, 0, 0, 0, 0, 0, 0, 0, 1, NULL, 0, 0, 0, 0, 0, 0),
	(244, 'faction', 4, 'police4', 'DGF355', NULL, 1, 1, 1, 147.498, -746.754, 32.7391, -21.1407, 56, 1000, 0, 0, 0, 0, 0, 0, 0, 1, NULL, 0, 0, 0, 0, 0, 0),
	(245, 'faction', 6, 'crusader', 'XFX703', NULL, 1, 133, 133, -2310.06, 3268.36, 32.334, 59.4681, 56, 1000, 0, 0, 0, 0, 0, 0, 0, 1, NULL, 0, 0, 0, 0, 0, 0),
	(246, 'faction', 6, 'crusader', 'ZQC824', NULL, 1, 133, 133, -2308.24, 3271.47, 32.3336, 60.182, 56, 1000, 0, 0, 0, 0, 0, 0, 0, 1, NULL, 0, 0, 0, 0, 0, 0),
	(247, 'faction', 6, 'crusader', 'ROI737', NULL, 1, 133, 133, -2306.54, 3274.41, 32.3334, 59.0718, 56, 1000, 0, 0, 0, 0, 0, 0, 0, 1, NULL, 0, 0, 0, 0, 0, 0),
	(248, 'faction', 6, 'squaddie', 'PIY462', NULL, 1, 133, 133, -2304.84, 3277.22, 32.5673, 59.8896, 56, 1000, 0, 0, 0, 0, 0, 0, 0, 1, NULL, 0, 0, 0, 0, 0, 0),
	(249, 'faction', 6, 'squaddie', 'DMX535', NULL, 1, 133, 133, -2303.05, 3280.4, 32.5674, 60.1855, 56, 1000, 0, 0, 0, 0, 0, 0, 0, 1, NULL, 0, 0, 0, 0, 0, 0),
	(250, 'faction', 6, 'insurgent2', 'SQW606', NULL, 1, 133, 133, -2394.56, 3305.23, 32.7602, 60.1666, 56, 1000, 0, 0, 0, 0, 0, 0, 0, 1, NULL, 0, 0, 0, 0, 0, 0),
	(251, 'faction', 6, 'insurgent2', 'OHZ755', NULL, 1, 133, 133, -2396.21, 3302.18, 32.7593, 59.9996, 56, 1000, 0, 0, 0, 0, 0, 0, 0, 1, NULL, 0, 0, 0, 0, 0, 0),
	(252, 'faction', 6, 'insurgent2', 'NKN226', NULL, 1, 133, 133, -2397.94, 3299.08, 32.7596, 59.5999, 56, 1000, 0, 0, 0, 0, 0, 0, 0, 1, NULL, 0, 0, 0, 0, 0, 0),
	(253, 'faction', 6, 'apc', 'CSE961', NULL, 1, 133, 133, -2418.6, 3303.55, 32.5253, -119.845, 80, 1000, 0, 0, 0, 0, 0, 0, 1, 1, NULL, 0, 0, 0, 0, 0, 0),
	(254, 'faction', 6, 'apc', 'UHE184', NULL, 1, 133, 133, -2420.38, 3300.53, 32.5252, -120.224, 56, 1000, 0, 0, 0, 0, 0, 0, 0, 1, NULL, 0, 0, 0, 0, 0, 0),
	(255, 'faction', 6, 'apc', 'DGL591', NULL, 1, 133, 133, -2422.14, 3297.56, 32.5253, -120.18, 56, 1000, 0, 0, 0, 0, 0, 0, 0, 1, NULL, 0, 0, 0, 0, 0, 0),
	(256, 'faction', 6, 'barracks', 'WMF806', NULL, 1, 133, 133, -2402.38, 3293.84, 32.4495, 60.5379, 56, 1000, 0, 0, 0, 0, 0, 0, 0, 1, NULL, 0, 0, 0, 0, 0, 0),
	(257, 'faction', 6, 'barracks', 'UFP267', NULL, 1, 133, 133, -2404.04, 3290.78, 32.4586, 60.3392, 56, 1000, 0, 0, 0, 0, 0, 0, 0, 1, NULL, 0, 0, 0, 0, 0, 0),
	(258, 'faction', 6, 'barracks', 'IHO561', NULL, 1, 133, 133, -2405.91, 3287.63, 32.4503, 59.9342, 52, 1000, 0, 0, 0, 0, 0, 0, 13, 1, NULL, 0, 0, 0, 0, 0, 0),
	(259, 'faction', 6, 'barracks', 'BGS455', NULL, 1, 133, 133, -2422.36, 3293.71, 32.4498, -120.391, 56, 1000, 0, 0, 0, 0, 0, 0, 0, 1, NULL, 0, 0, 0, 0, 0, 0),
	(260, 'faction', 6, 'barracks', 'HVE393', NULL, 1, 133, 133, -2424.17, 3290.66, 32.4498, -120.964, 56, 1000, 0, 0, 0, 0, 0, 0, 0, 1, NULL, 0, 0, 0, 0, 0, 0),
	(261, 'faction', 6, 'rhino', 'OXD352', NULL, 1, 133, 133, -2235.65, 3266.87, 32.7625, -119.871, 56, 1000, 0, 0, 0, 0, 0, 0, 0, 1, NULL, 0, 0, 0, 0, 0, 0),
	(262, 'faction', 6, 'rhino', 'WPC853', NULL, 1, 133, 133, -2230.98, 3274.63, 32.7633, -121.035, 56, 1000, 0, 0, 0, 0, 0, 0, 0, 1, NULL, 0, 0, 0, 0, 0, 0),
	(263, 'faction', 6, 'mesa', 'KIB412', NULL, 1, 133, 133, -2408.05, 3281.06, 32.3365, 59.1049, 56, 1000, 0, 0, 0, 0, 0, 0, 0, 1, NULL, 0, 0, 0, 0, 0, 0),
	(264, 'faction', 6, 'mesa', 'ESF670', NULL, 1, 133, 133, -2409.6, 3278.14, 32.3363, 60.3488, 56, 1000, 0, 0, 0, 0, 0, 0, 0, 1, NULL, 0, 0, 0, 0, 0, 0),
	(265, 'faction', 6, 'mesa', 'AMO480', NULL, 1, 133, 133, -2411.15, 3274.97, 32.3365, 59.4725, 56, 1000, 0, 0, 0, 0, 0, 0, 0, 1, NULL, 0, 0, 0, 0, 0, 0),
	(266, 'faction', 6, 'mesa', 'GLS961', NULL, 1, 133, 133, -2412.78, 3271.86, 32.3367, 59.7463, 56, 1000, 0, 0, 0, 0, 0, 0, 0, 1, NULL, 0, 0, 0, 0, 0, 0),
	(267, 'faction', 6, 'scarab', 'ZKA155', NULL, 1, 133, 133, -2428.87, 3285.68, 32.3015, -120.213, 56, 1000, 0, 0, 0, 0, 0, 0, 0, 1, NULL, 0, 0, 0, 0, 0, 0),
	(268, 'faction', 6, 'scarab', 'WYD206', NULL, 1, 133, 133, -2430.63, 3282.52, 32.2998, -119.503, 56, 1000, 0, 0, 0, 0, 0, 0, 0, 1, NULL, 0, 0, 0, 0, 0, 0),
	(269, 'faction', 6, 'thruster', 'UEB736', NULL, 1, 133, 133, -2294.77, 3184.1, 32.6521, -122.622, 56, 1000, 0, 0, 0, 0, 0, 0, 0, 1, NULL, 0, 0, 0, 0, 0, 0),
	(270, 'faction', 6, 'thruster', 'TGC524', NULL, 1, 133, 133, -2292.77, 3187.77, 32.6523, -125.225, 56, 1000, 0, 0, 0, 0, 0, 0, 0, 1, NULL, 0, 0, 0, 0, 0, 0),
	(271, 'faction', 6, 'valkyrie', 'XQN397', NULL, 1, 133, 133, -2249.71, 3247.75, 33.3487, -120.078, 56, 1000, 0, 0, 0, 0, 0, 0, 0, 1, NULL, 0, 0, 0, 0, 0, 0),
	(272, 'faction', 6, 'valkyrie', 'WHA437', NULL, 1, 133, 133, -2262.95, 3222.94, 33.3503, -119.792, 56, 1000, 0, 0, 0, 0, 0, 0, 0, 1, NULL, 0, 0, 0, 0, 0, 0),
	(273, 'faction', 6, 'valkyrie', 'LRK114', NULL, 1, 133, 133, -2184.9, 3175.72, 33.6508, -29.8818, 56, 1000, 0, 0, 0, 0, 0, 0, 0, 1, NULL, 0, 0, 0, 0, 0, 0),
	(274, 'faction', 6, 'cargobob', 'FQG631', NULL, 1, 133, 133, -2121.54, 3135.34, 33.2784, -31.6151, 56, 1000, 0, 0, 0, 0, 0, 0, 0, 1, NULL, 0, 0, 0, 0, 0, 0),
	(275, 'faction', 6, 'hunter', 'MFY283', NULL, 1, 133, 133, -2143.85, 3020.61, 34.1921, -30.5238, 53, 1000, 0, 0, 0, 0, 0, 0, 7, 1, NULL, 0, 0, 0, 0, 0, 0),
	(276, 'faction', 7, 'rumpo', 'BYG382', NULL, 1, 131, 131, -1065.47, -229.054, 38.1555, 62.0376, 56, 1000, 0, 0, 0, 0, 0, 0, 0, 1, NULL, 0, 0, 0, 0, 0, 0),
	(277, 'faction', 7, 'rumpo', 'XWP979', NULL, 1, 131, 131, -1061.54, -226.923, 38.164, 62.2177, 56, 1000, 0, 0, 0, 0, 0, 0, 0, 1, NULL, 0, 0, 0, 0, 0, 0),
	(278, 'faction', 7, 'rumpo', 'FFC727', NULL, 1, 131, 131, -1057.62, -224.829, 38.1362, 62.8608, 56, 1000, 0, 0, 0, 0, 0, 0, 0, 1, NULL, 0, 0, 0, 0, 0, 0),
	(279, 'faction', 7, 'rumpo', 'SGV654', NULL, 1, 131, 131, -1053.48, -222.748, 38.0687, 65.614, 56, 1000, 0, 0, 0, 0, 0, 0, 0, 1, NULL, 0, 0, 0, 0, 0, 0),
	(280, 'faction', 7, 'rumpo', 'NBR423', NULL, 1, 131, 131, -1049.37, -220.702, 37.9479, 64.6942, 56, 1000, 0, 0, 0, 0, 0, 0, 0, 1, NULL, 0, 0, 0, 0, 0, 0),
	(283, 'faction', 8, 'youga2', 'AEE765', NULL, 1, 53, 53, -22.369, -1434.56, 30.6149, 154.724, 38, 1000, 0, 0, 0, 0, 0, 0, 14, 1, NULL, 0, 0, 0, 0, 0, 0),
	(286, 'faction', 8, 'landstalker', 'TKZ675', NULL, 1, 53, 53, -15.0866, -1456.23, 29.9256, 94.949, 37, 1000, 0, 0, 0, 0, 0, 0, 15, 1, NULL, 0, 0, 0, 0, 0, 0),
	(287, 'faction', 9, 'landstalker', 'IEP359', NULL, 1, 148, 148, 103.703, -1952.62, 20.1018, 84.3661, 56, 1000, 0, 0, 0, 0, 0, 0, 0, 1, NULL, 0, 0, 0, 0, 0, 0),
	(288, 'faction', 9, 'faction', 'XHQ530', NULL, 1, 148, 148, 114.483, -1947.89, 20.0754, 139.282, 56, 1000, 0, 0, 0, 0, 0, 0, 0, 1, NULL, 0, 0, 0, 0, 0, 0),
	(291, 'faction', 9, 'dominator', 'PQR320', NULL, 1, 148, 148, 86.0115, -1950.96, 20.1312, -61.4411, 56, 1000, 0, 0, 0, 0, 0, 0, 0, 1, NULL, 0, 0, 0, 0, 0, 0),
	(292, 'faction', 9, 'youga2', 'AER324', NULL, 1, 148, 148, 92.234, -1963.61, 20.7109, -39.4116, 56, 1000, 0, 0, 0, 0, 0, 0, 0, 1, NULL, 0, 0, 0, 0, 0, 0),
	(293, 'faction', 10, 'youga2', 'ALP958', NULL, 1, 138, 138, 451.838, -1893.95, 26.6188, 20.3643, 56, 1000, 0, 0, 0, 0, 0, 0, 0, 1, NULL, 0, 0, 0, 0, 0, 0),
	(294, 'faction', 10, 'buccaneer2', 'BIP792', NULL, 1, 138, 138, 450.579, -1919.22, 23.935, -154.323, 56, 1000, 0, 0, 0, 0, 0, 0, 0, 1, NULL, 0, 0, 0, 0, 0, 0),
	(295, 'faction', 10, 'chino2', 'HWU763', NULL, 1, 138, 138, 444.173, -1922.13, 23.9673, -153.746, 56, 1000, 0, 0, 0, 0, 0, 0, 0, 1, NULL, 0, 0, 0, 0, 0, 0),
	(297, 'faction', 10, 'hermes', 'SCT322', NULL, 1, 138, 138, 437.554, -1925.77, 23.7784, -152.457, 56, 1000, 0, 0, 0, 0, 0, 0, 0, 1, NULL, 0, 0, 0, 0, 0, 0),
	(298, 'faction', 10, 'landstalker', 'UVY158', NULL, 1, 138, 138, 440.749, -1923.8, 24.0058, -154.922, 56, 1000, 0, 0, 0, 0, 0, 0, 0, 1, NULL, 0, 0, 0, 0, 0, 0),
	(299, 'faction', 11, 'youga2', 'GDK661', NULL, 1, 74, 74, 1306.03, -1749.04, 53.8397, 22.666, 56, 1000, 0, 0, 0, 0, 0, 0, 0, 1, NULL, 0, 0, 0, 0, 0, 0),
	(303, 'faction', 11, 'landstalker', 'ADMIN', NULL, 1, 74, 74, 1283.09, -1742.6, 52.0026, 6.95425, 56, 1000, 0, 0, 0, 0, 0, 0, 0, 1, NULL, 0, 0, 0, 0, 0, 0),
	(304, 'faction', 11, 'sabregt', 'ARC529', NULL, 1, 74, 74, 1298.18, -1719.84, 53.4767, 114.949, 56, 1000, 0, 0, 0, 0, 0, 0, 0, 1, NULL, 0, 0, 0, 0, 0, 0),
	(305, 'faction', 12, 'baller4', 'INT941', NULL, 1, 131, 131, -162.679, 933.487, 235.579, -135.116, 42, 1000, 0, 0, 0, 0, 0, 0, 0, 1, NULL, 0, 0, 0, 0, 0, 0),
	(306, 'faction', 12, 'baller4', 'PVB325', NULL, 1, 131, 131, -156.717, 920.874, 235.58, -112.437, 42, 1000, 0, 0, 0, 0, 0, 0, 0, 1, NULL, 0, 0, 0, 0, 0, 0),
	(307, 'faction', 12, 'dubsta2', 'MHA834', NULL, 1, 1, 1, -165.675, 930.731, 235.219, -133.785, 56, 1000, 0, 0, 0, 0, 0, 0, 0, 1, NULL, 0, 0, 0, 0, 0, 0),
	(308, 'faction', 12, 'rebla', 'UEW470', NULL, 1, 58, 58, -146.784, 920.236, 235.087, -136.265, 56, 1000, 0, 0, 0, 0, 0, 0, 0, 1, NULL, 0, 0, 0, 0, 0, 0),
	(309, 'faction', 12, 'rebla', 'MFG915', NULL, 1, 13, 13, -137.71, 901.662, 235.069, -113.643, 56, 1000, 0, 0, 0, 0, 0, 0, 0, 1, NULL, 0, 0, 0, 0, 0, 0),
	(310, 'faction', 12, 'moonbeam', 'GOV579', NULL, 1, 58, 58, -139.57, 930.208, 235.393, -175.413, 56, 1000, 0, 0, 0, 0, 0, 0, 0, 1, NULL, 0, 0, 0, 0, 0, 0),
	(311, 'faction', 12, 'moonbeam', 'YHB335', NULL, 1, 58, 58, -143.56, 936.06, 235.422, 133.757, 56, 1000, 0, 0, 0, 0, 0, 0, 0, 1, NULL, 0, 0, 0, 0, 0, 0),
	(312, 'faction', 13, 'moonbeam', 'PCL394', NULL, 1, 47, 47, -1922.06, 2040.18, 140.361, -99.9671, 56, 1000, 0, 0, 0, 0, 0, 0, 3, 1, NULL, 0, 0, 0, 0, 0, 0),
	(313, 'faction', 13, 'moonbeam', 'POP267', NULL, 1, 47, 47, -1922.77, 2036.57, 140.362, -102.576, 56, 1000, 0, 0, 0, 0, 0, 0, 4, 1, NULL, 0, 0, 0, 0, 0, 0),
	(319, 'faction', 14, 'moonbeam', 'VTP686', NULL, 1, 32, 32, -1533.36, 85.0713, 56.3808, -42.7834, 56, 1000, 0, 0, 0, 0, 0, 0, 0, 1, NULL, 0, 0, 0, 0, 0, 0),
	(320, 'faction', 14, 'moonbeam', 'PBT424', NULL, 1, 32, 32, -1521.41, 97.2683, 56.2856, -145.396, 52, 1000, 0, 0, 0, 0, 0, 0, 1, 1, NULL, 0, 0, 0, 0, 0, 0),
	(321, 'faction', 14, 'patriot', 'FTQ104', NULL, 1, 32, 32, -1530.38, 82.3455, 56.4267, -42.9966, 56, 1000, 0, 0, 0, 0, 0, 0, 0, 1, NULL, 0, 0, 0, 0, 0, 0),
	(322, 'faction', 14, 'dubsta2', 'OJQ354', NULL, 1, 1, 1, -1532.8, 94.4963, 56.2736, -102.395, 51, 1000, 0, 0, 0, 0, 0, 0, 4, 1, NULL, 0, 0, 0, 0, 0, 0),
	(323, 'faction', 14, 'rebla', 'IEF738', NULL, 1, 32, 32, -1523.7, 81.6727, 56.0271, -81.1836, 56, 1000, 0, 0, 0, 0, 0, 0, 0, 1, NULL, 0, 0, 0, 0, 0, 0),
	(324, 'faction', 14, 'rebla', 'KUO563', NULL, 1, 32, 32, -1547.43, 106.062, 56.1857, 46.3808, 52, 1000, 0, 0, 0, 0, 0, 0, 5, 1, NULL, 0, 0, 0, 0, 0, 0),
	(325, 'faction', 14, 'baller4', 'PCO511', NULL, 1, 32, 32, -1508.3, 90.2398, 55.608, -122.274, 42, 1000, 0, 0, 0, 0, 0, 0, 0, 1, NULL, 0, 0, 0, 0, 0, 0),
	(326, 'faction', 2, 'polmav', 'UTQ607', NULL, 1, 131, 1, 449.044, -982.623, 44.0782, -0.682979, 56, 1000, 0, 0, 0, 0, 0, 0, 0, 1, NULL, 0, 0, 0, 0, 0, 0),
	(358, 'market', 3, 'g63', 'IAV659', '2024-04-19 18:49:09', 5, 4, 150, 228.17, -977.84, -99.48, 178.06, 33, 1000, 0, 0, 0, 0, 0, 0, 109, 1, NULL, 0, 0, 0, 0, 0, 0),
	(359, 'market', 1, 'golf1', 'TRA913', '2024-04-23 11:35:38', 2, 5, 44, 0, 0, 0, 0, 41, 1000, 0, 0, 0, 0, 0, 0, 4, 1, NULL, 0, 0, 0, 0, 0, 0),
	(362, 'market', 11, 's13', 'VWZ497', '2024-04-27 13:04:22', 2, 120, 29, 0, 0, 0, 0, 50, 1000, 0, 0, 0, 0, 0, 0, 0, 1, NULL, 0, 0, 0, 0, 0, 0),
	(363, 'market', 11, 'acursx', 'MEM661', '2024-04-27 13:09:36', 2, 62, 154, 0, 0, 0, 0, 9, 1000, 0, 0, 0, 0, 0, 0, 18, 1, NULL, 0, 0, 0, 0, 0, 0),
	(365, 'market', 11, 'bmwe39', 'WHS624', '2024-04-27 13:10:42', 2, 23, 0, 0, 0, 0, 0, 60, 1000, 0, 0, 0, 0, 0, 0, 0, 1, NULL, 0, 0, 0, 0, 0, 0),
	(367, 'market', 11, 'bmwe46', 'IMW817', '2024-04-28 18:15:23', 2, 71, 0, 0, 0, 0, 0, 27, 1000, 0, 0, 0, 0, 0, 0, 27, 1, NULL, 0, 0, 0, 0, 0, 0),
	(368, 'market', 12, 'vision6', 'MBX720', '2024-05-02 14:32:35', 2, 0, 0, 193, -997.34, -99.1, 179.75, 60, 1000, 0, 0, 0, 0, 0, 0, 36, 1, NULL, 0, 0, 0, 0, 0, 0),
	(370, 'market', 12, 'harley1', 'ZMP761', '2024-05-02 16:29:47', 2, 0, 0, 0, 0, 0, 0, 33, 1000, 0, 0, 0, 0, 0, 0, 3, 1, NULL, 0, 0, 0, 0, 0, 0),
	(371, 'market', 12, 'mustang65', 'RBG187', '2024-05-02 16:34:03', 2, 29, 0, 0, 0, 0, 0, 47, 1000, 0, 0, 0, 0, 0, 0, 2, 1, NULL, 0, 0, 0, 0, 0, 0),
	(372, 'market', 3, 'gemera', 'XBZ990', '2024-05-06 15:16:52', 4, 115, 47, 0, 0, 0, 0, 41, 1000, 0, 0, 0, 0, 0, 0, 23, 1, NULL, 0, 0, 0, 0, 0, 0),
	(373, 'market', 3, 'chiron', 'WZQ267', '2024-05-06 15:31:11', 4, 34, 17, 233.33, -1000.83, -99.48, 128.46, 90, 1000, 0, 0, 0, 0, 0, 0, 76, 1, NULL, 0, 0, 0, 0, 0, 0),
	(374, 'market', 3, 'bmwg05', 'BVW346', '2024-05-06 16:47:46', 4, 14, 43, 0, 0, 0, 0, 38, 1000, 0, 0, 0, 0, 0, 0, 6, 1, NULL, 0, 0, 0, 0, 0, 0),
	(375, 'faction', 5, 'g63', 'ADMIN', NULL, 1, 33, 33, 346.208, -557.175, 28.2598, -21.6118, 40, 1000, 0, 0, 0, 0, 0, 0, 7, 1, NULL, 0, 0, 0, 0, 0, 0),
	(377, 'faction', 4, 'riot2', 'YGY191', NULL, 1, 0, 0, 96.5449, -727.076, 32.9704, -20.6668, 56, 1000, 0, 0, 0, 0, 0, 0, 0, 1, NULL, 0, 0, 0, 0, 0, 0),
	(378, 'faction', 4, 'riot', 'ULW672', NULL, 1, 0, 0, 100.653, -728.731, 32.7883, -18.8307, 56, 1000, 0, 0, 0, 0, 0, 0, 0, 1, NULL, 0, 0, 0, 0, 0, 0),
	(380, 'faction', 4, 'insurgent2', 'VJI708', NULL, 1, 0, 0, 103.938, -730.273, 33.0637, -18.71, 56, 1000, 0, 0, 0, 0, 0, 0, 0, 1, NULL, 0, 0, 0, 0, 0, 0),
	(381, 'faction', 4, 'insurgent2', 'YRE623', NULL, 1, 0, 0, 107.479, -731.731, 33.0626, -20.2343, 56, 1000, 0, 0, 0, 0, 0, 0, 0, 1, NULL, 0, 0, 0, 0, 0, 0),
	(386, 'faction', 9, 'caracara2', 'DQJ110', NULL, 1, 145, 145, -51.7478, -1849.25, 25.9823, -40.3479, 56, 1000, 0, 0, 0, 0, 0, 0, 0, 1, NULL, 0, 0, 0, 0, 0, 0),
	(387, 'faction', 9, 'caracara2', 'KLN346', NULL, 1, 145, 145, -54.8318, -1846.73, 26.0988, -39.5741, 56, 1000, 0, 0, 0, 0, 0, 0, 0, 1, NULL, 0, 0, 0, 0, 0, 0),
	(388, 'faction', 9, 'vectre', 'ZAG988', NULL, 1, 145, 145, -44.3629, -1840.6, 25.5318, 138.836, 56, 1000, 0, 0, 0, 0, 0, 0, 0, 1, NULL, 0, 0, 0, 0, 0, 0),
	(389, 'faction', 9, 'vectre', 'TRQ328', NULL, 1, 145, 145, -47.1536, -1838.33, 25.6716, 140.151, 56, 1000, 0, 0, 0, 0, 0, 0, 0, 1, NULL, 0, 0, 0, 0, 0, 0),
	(390, 'faction', 9, 'tailgater2', 'JDA254', NULL, 1, 145, 145, -57.5956, -1844.55, 25.8579, -41.6467, 56, 1000, 0, 0, 0, 0, 0, 0, 0, 1, NULL, 0, 0, 0, 0, 0, 0),
	(391, 'faction', 9, 'tailgater2', 'LUH606', NULL, 1, 145, 145, -60.2394, -1842.5, 25.9558, -39.1504, 56, 1000, 0, 0, 0, 0, 0, 0, 0, 1, NULL, 0, 0, 0, 0, 0, 0),
	(392, 'faction', 9, 'gauntlet4', 'KPN292', NULL, 1, 145, 145, -63.3217, -1840.42, 26.0778, -38.9479, 56, 1000, 0, 0, 0, 0, 0, 0, 0, 1, NULL, 0, 0, 0, 0, 0, 0),
	(394, 'faction', 8, 'gauntlet4', 'ADMIN', NULL, 1, 53, 53, -240.37, -1474.9, 30.8386, -39.8016, 56, 1000, 0, 0, 0, 0, 0, 0, 0, 1, NULL, 0, 0, 0, 0, 0, 0),
	(395, 'faction', 8, 'buccaneer2', 'BXB930', NULL, 1, 53, 53, -237.271, -1477.37, 30.6047, -39.9877, 56, 1000, 0, 0, 0, 0, 0, 0, 0, 1, NULL, 0, 0, 0, 0, 0, 0),
	(399, 'faction', 8, 'baller4', 'YKM768', NULL, 1, 53, 53, -224.333, -1487.65, 31.2291, -39.4162, 56, 1000, 0, 0, 0, 0, 0, 0, 0, 1, NULL, 0, 0, 0, 0, 0, 0),
	(401, 'faction', 8, 'cypher', 'KQN272', NULL, 1, 53, 53, -227.518, -1486.31, 30.7429, -38.4113, 56, 1000, 0, 0, 0, 0, 0, 0, 0, 1, NULL, 0, 0, 0, 0, 0, 0),
	(402, 'faction', 8, 'cypher', 'POY477', NULL, 1, 53, 53, -230.317, -1483.88, 30.7714, -39.7626, 56, 1000, 0, 0, 0, 0, 0, 0, 0, 1, NULL, 0, 0, 0, 0, 0, 0),
	(403, 'faction', 8, 'caracara2', 'ADMIN', NULL, 1, 53, 53, -222.095, -1489.6, 31.0003, -41.6927, 56, 1000, 0, 0, 0, 0, 0, 0, 0, 1, NULL, 0, 0, 0, 0, 0, 0),
	(404, 'faction', 8, 'caracara2', 'ADMIN', NULL, 1, 53, 53, -219.569, -1491.77, 30.9808, -41.3952, 56, 1000, 0, 0, 0, 0, 0, 0, 0, 1, NULL, 0, 0, 0, 0, 0, 0),
	(405, 'faction', 8, 'sabregt2', 'YQH258', NULL, 1, 53, 53, -235.374, -1479.56, 30.8264, -41.2345, 56, 1000, 0, 0, 0, 0, 0, 0, 0, 1, NULL, 0, 0, 0, 0, 0, 0),
	(406, 'faction', 8, 'sabregt2', 'XPU113', NULL, 1, 53, 53, -232.452, -1481.31, 30.8067, -37.702, 56, 1000, 0, 0, 0, 0, 0, 0, 0, 1, NULL, 0, 0, 0, 0, 0, 0),
	(408, 'faction', 10, 'jester4', 'VSX398', NULL, 1, 138, 138, 971.475, -1873.4, 30.538, 40.3682, 56, 1000, 0, 0, 0, 0, 0, 0, 0, 1, NULL, 0, 0, 0, 0, 0, 0),
	(409, 'faction', 10, 'jester4', 'IFB809', NULL, 1, 138, 138, 962.915, -1873.12, 30.4237, 39.6321, 56, 1000, 0, 0, 0, 0, 0, 0, 0, 1, NULL, 0, 0, 0, 0, 0, 0),
	(411, 'faction', 10, 'baller3', 'JKV116', NULL, 1, 138, 138, 964.337, -1822.6, 31.0027, -5.58168, 56, 1000, 0, 0, 0, 0, 0, 0, 0, 1, NULL, 0, 0, 0, 0, 0, 0),
	(412, 'faction', 10, 'baller3', 'EDI336', NULL, 1, 138, 138, 968.969, -1822.85, 31.0239, -5.85921, 56, 1000, 0, 0, 0, 0, 0, 0, 0, 1, NULL, 0, 0, 0, 0, 0, 0),
	(413, 'faction', 10, 'caracara2', 'YYA892', NULL, 1, 138, 138, 933.259, -1819.48, 30.5452, -92.9772, 56, 1000, 0, 0, 0, 0, 0, 0, 0, 1, NULL, 0, 0, 0, 0, 0, 0),
	(414, 'faction', 10, 'caracara2', 'KDQ213', NULL, 1, 138, 138, 933.355, -1812.79, 30.4966, -95.2534, 56, 1000, 0, 0, 0, 0, 0, 0, 0, 1, NULL, 0, 0, 0, 0, 0, 0),
	(415, 'faction', 10, 'chino2', 'CGG101', NULL, 1, 138, 138, 934.306, -1796.33, 30.0603, -92.3968, 56, 1000, 0, 0, 0, 0, 0, 0, 0, 1, NULL, 0, 0, 0, 0, 0, 0),
	(416, 'faction', 10, 'rrphantom', 'CII999', NULL, 1, 138, 138, 933.437, -1815.97, 30.2617, -93.1765, 56, 1000, 0, 0, 0, 0, 0, 0, 0, 1, NULL, 0, 0, 0, 0, 0, 0),
	(417, 'faction', 10, 'blade', 'VHA350', NULL, 1, 138, 138, 934.835, -1793.15, 30.1235, -90.0906, 56, 1000, 0, 0, 0, 0, 0, 0, 0, 1, NULL, 0, 0, 0, 0, 0, 0),
	(418, 'faction', 11, 'dominator3', 'REW719', NULL, 1, 127, 127, 992.63, -2551.17, 27.7323, -6.57638, 56, 1000, 0, 0, 0, 0, 0, 0, 0, 1, NULL, 0, 0, 0, 0, 0, 0),
	(419, 'faction', 11, 'dominator3', 'CMN549', NULL, 1, 127, 127, 987.37, -2550.85, 27.731, -5.21094, 56, 1000, 0, 0, 0, 0, 0, 0, 0, 1, NULL, 0, 0, 0, 0, 0, 0),
	(422, 'faction', 11, 'primo2', 'BYI301', NULL, 1, 127, 127, 976.516, -2549.34, 27.7967, -2.56461, 56, 1000, 0, 0, 0, 0, 0, 0, 0, 1, NULL, 0, 0, 0, 0, 0, 0),
	(423, 'faction', 11, 'primo2', 'DQF607', NULL, 1, 127, 127, 971.536, -2549.13, 27.7963, -3.77553, 56, 1000, 0, 0, 0, 0, 0, 0, 0, 1, NULL, 0, 0, 0, 0, 0, 0),
	(424, 'faction', 11, 'stafford', 'LFC775', NULL, 1, 127, 127, 966.075, -2548.05, 27.8064, -0.347672, 56, 1000, 0, 0, 0, 0, 0, 0, 0, 1, NULL, 0, 0, 0, 0, 0, 0),
	(425, 'faction', 11, 'caracara2', 'XNB270', NULL, 1, 127, 127, 1007.83, -2486.39, 27.9891, -4.44122, 56, 1000, 0, 0, 0, 0, 0, 0, 0, 1, NULL, 0, 0, 0, 0, 0, 0),
	(426, 'faction', 11, 'caracara2', 'UHU233', NULL, 1, 127, 127, 1012.9, -2486.51, 28.0082, -5.95687, 56, 1000, 0, 0, 0, 0, 0, 0, 0, 1, NULL, 0, 0, 0, 0, 0, 0),
	(427, 'faction', 11, 'virgo3', 'ZEZ163', NULL, 1, 127, 127, 982.222, -2549.69, 27.7385, -5.40044, 56, 1000, 0, 0, 0, 0, 0, 0, 0, 1, NULL, 0, 0, 0, 0, 0, 0),
	(428, 'faction', 9, 'issi8', 'VBA444', NULL, 1, 148, 148, -66.269, -1838.04, 26.5109, -41.6737, 56, 1000, 0, 0, 0, 0, 0, 0, 0, 1, NULL, 0, 0, 0, 0, 0, 0),
	(433, 'market', 3, 'x6m18', 'WZY281', '2024-05-10 19:43:07', 2, 6, 144, 223.36, -987.59, -99.48, -123.88, 100, 1000, 0, 0, 0, 0, 0, 0, 22, 1, NULL, 0, 0, 0, 0, 0, 0),
	(434, 'market', 14, 'bmwe39', 'WYC941', '2024-05-11 11:11:43', 2, 0, 69, 0, 0, 0, 0, 42, 1000, 0, 0, 0, 0, 0, 0, 31, 1, NULL, 0, 0, 0, 0, 0, 0),
	(435, 'market', 3, 'acursx', 'WNY269', '2024-05-11 13:25:15', 2, 111, 111, 0, 0, 0, 0, 37, 1000, 0, 0, 0, 0, 0, 0, 7, 1, NULL, 0, 0, 0, 0, 0, 0),
	(436, 'market', 3, 'veneno', 'BKH342', '2024-05-11 18:16:05', 2, 38, 42, 0, 0, 0, 0, 47, 1000, 0, 0, 0, 0, 0, 0, 6, 1, NULL, 0, 0, 0, 0, 0, 0),
	(438, 'private', 13, 'zl1', 'KMW372', '2024-05-15 15:38:52', 1, 5, 5, 0, 0, 0, 0, 53, 1000, 0, 0, 0, 0, 0, 0, 12, 1, '2024-05-15 15:53:36', 0, 0, 0, 0, 0, 0),
	(440, 'market', 3, 'mclaren20', 'BLB339', '2024-05-22 17:08:25', 2, 91, 37, 0, 0, 0, 0, 39, 1000, 0, 0, 0, 0, 0, 0, 28, 1, NULL, 0, 0, 0, 0, 0, 0),
	(441, 'market', 3, 'imorgon', 'IAO799', '2024-05-26 09:34:03', 2, 0, 0, 0, 0, 0, 0, 60, 1000, 0, 0, 0, 0, 0, 0, 0, 1, NULL, 0, 0, 0, 0, 0, 0),
	(442, 'faction', 7, 'lguard', 'JNC752', NULL, 1, 44, 44, -531.473, -902.559, 23.4883, 59.1595, 56, 1000, 0, 0, 0, 0, 0, 0, 0, 1, NULL, 0, 0, 0, 0, 0, 0),
	(443, 'faction', 6, 'swatstalker', 'ZXV639', NULL, 1, 128, 128, -2391.05, 3337.01, 32.4334, 148.786, 56, 1000, 0, 0, 0, 0, 0, 0, 0, 1, NULL, 0, 0, 0, 0, 0, 0),
	(444, 'faction', 6, 'govbmwm7', 'DVQ274', NULL, 1, 128, 128, -2387.72, 3335.11, 32.4339, 149.636, 56, 1000, 0, 0, 0, 0, 0, 0, 0, 1, NULL, 0, 0, 0, 0, 0, 0),
	(445, 'faction', 6, 'govbmwm7', 'JIS470', NULL, 1, 128, 128, -2384.09, 3333.22, 32.4343, 147.963, 56, 1000, 0, 0, 0, 0, 0, 0, 0, 1, NULL, 0, 0, 0, 0, 0, 0),
	(446, 'faction', 6, 'govcullinan', 'IKW169', NULL, 1, 128, 128, -2394.22, 3338.85, 32.4498, 149.47, 56, 1000, 0, 0, 0, 0, 0, 0, 0, 1, NULL, 0, 0, 0, 0, 0, 0),
	(447, 'faction', 6, 'govcullinan', 'NTU894', NULL, 1, 128, 128, -2397.52, 3340.71, 32.4495, 151.153, 80, 1000, 0, 0, 0, 0, 0, 0, 0, 1, NULL, 0, 0, 0, 0, 0, 0),
	(448, 'faction', 6, 'govcullinan', 'HTK254', NULL, 1, 128, 128, -2401, 3342.51, 32.4494, 155.561, 56, 1000, 0, 0, 0, 0, 0, 0, 0, 1, NULL, 0, 0, 0, 0, 0, 0),
	(449, 'faction', 6, 'swatstalker', 'UUK628', NULL, 1, 128, 128, -2380.44, 3331.69, 32.4341, 148.804, 56, 1000, 0, 0, 0, 0, 0, 0, 0, 1, NULL, 0, 0, 0, 0, 0, 0),
	(450, 'faction', 6, 'govbmwm7', 'KZG993', NULL, 1, 128, 128, -2378.01, 3330.27, 32.4338, 152.587, 56, 1000, 0, 0, 0, 0, 0, 0, 0, 1, NULL, 0, 0, 0, 0, 0, 0),
	(452, 'faction', 6, 'govbmwm7', 'FBD266', NULL, 1, 128, 128, -2404.23, 3344.59, 32.4501, 152.689, 56, 1000, 0, 0, 0, 0, 0, 0, 0, 1, NULL, 0, 0, 0, 0, 0, 0),
	(453, 'faction', 6, 'govbmwm7', 'RHQ173', NULL, 1, 128, 128, -2408.13, 3346.55, 32.4502, 154.636, 56, 1000, 0, 0, 0, 0, 0, 0, 0, 1, NULL, 0, 0, 0, 0, 0, 0),
	(455, 'faction', 1, 'govcullinan', 'GOV3', NULL, 1, 111, 111, -475.332, -218.867, 35.9954, -150.178, 56, 1000, 0, 0, 0, 0, 0, 0, 0, 1, NULL, 0, 0, 0, 0, 0, 0),
	(456, 'faction', 1, 'govcullinan', 'GOV4', NULL, 1, 111, 111, -481.323, -208.446, 36.3057, -150.363, 56, 1000, 0, 0, 0, 0, 0, 0, 0, 1, NULL, 0, 0, 0, 0, 0, 0),
	(457, 'faction', 1, 'swatstalker', 'GOV13', NULL, 1, 111, 111, -487.871, -197.703, 36.6443, -151.054, 56, 1000, 0, 0, 0, 0, 0, 0, 0, 1, NULL, 0, 0, 0, 0, 0, 0),
	(458, 'faction', 1, 'swatstalker', 'GOV15', NULL, 1, 111, 111, -494.252, -187.032, 36.9696, -150.909, 56, 1000, 0, 0, 0, 0, 0, 0, 0, 1, NULL, 0, 0, 0, 0, 0, 0),
	(461, 'faction', 1, 'swatstalker', 'GOV14', NULL, 1, 134, 134, -499.646, -177.59, 37.2531, -150.696, 56, 1000, 0, 0, 0, 0, 0, 0, 0, 1, NULL, 0, 0, 0, 0, 0, 0),
	(462, 'faction', 1, 'bcat', 'GOV11', NULL, 1, 131, 131, -577.598, -249.66, 35.4039, -150.077, 56, 1000, 0, 0, 0, 0, 0, 0, 0, 1, NULL, 0, 0, 0, 0, 0, 0),
	(464, 'faction', 1, 'bcat', 'GOV12', NULL, 1, 131, 131, -587.546, -233.216, 35.9187, -151.513, 56, 1000, 0, 0, 0, 0, 0, 0, 0, 1, NULL, 0, 0, 0, 0, 0, 0),
	(465, 'faction', 1, 'supervolito', 'KFQ706', NULL, 1, 131, 131, -487.219, -141.732, 41.2583, -2.5498, 56, 1000, 0, 0, 0, 0, 0, 0, 0, 1, NULL, 0, 0, 0, 0, 0, 0),
	(466, 'faction', 1, 'rrphantom', 'GOV7', NULL, 1, 131, 131, -550.306, -158.443, 37.7935, -66.9815, 56, 1000, 0, 0, 0, 0, 0, 0, 0, 1, NULL, 0, 0, 0, 0, 0, 0),
	(467, 'faction', 1, 'rrphantom', 'GOV2', NULL, 1, 131, 131, -556.925, -161.55, 37.7105, -65.7349, 56, 1000, 0, 0, 0, 0, 0, 0, 0, 1, NULL, 0, 0, 0, 0, 0, 0),
	(472, 'faction', 1, 'govbmwm7', 'GOV10', NULL, 1, 131, 131, -574.078, -168.801, 37.5268, -70.8074, 42, 1000, 0, 0, 0, 0, 0, 0, 0, 1, NULL, 0, 0, 0, 0, 0, 0),
	(473, 'faction', 1, 'govbmwm7', 'GOV1', NULL, 1, 131, 131, -562.478, -163.678, 37.6388, -66.5103, 56, 1000, 0, 0, 0, 0, 0, 0, 0, 1, NULL, 0, 0, 0, 0, 0, 0),
	(474, 'faction', 1, 'govbmwm7', 'GOV9', NULL, 1, 131, 131, -580.845, -171.625, 37.4076, -67.7375, 42, 1000, 0, 0, 0, 0, 0, 0, 0, 1, NULL, 0, 0, 0, 0, 0, 0),
	(479, 'faction', 2, 'policet', 'CFP882', NULL, 1, 111, 0, 426.18, -984.261, 25.6858, -88.3282, 56, 1000, 0, 0, 0, 0, 0, 0, 0, 1, NULL, 0, 0, 0, 0, 0, 0),
	(490, 'faction', 2, 'policet', 'NWA174', NULL, 1, 111, 0, 459.333, -1112.63, 29.1854, -90.9987, 56, 1000, 0, 0, 0, 0, 0, 0, 0, 1, NULL, 0, 0, 0, 0, 0, 0),
	(491, 'faction', 2, 'policet', 'AHE993', NULL, 1, 111, 0, 459.31, -1109, 29.185, -90.1015, 56, 1000, 0, 0, 0, 0, 0, 0, 0, 1, NULL, 0, 0, 0, 0, 0, 0),
	(492, 'faction', 2, 'police', 'RXO478', NULL, 1, 111, 0, 459.358, -1080.38, 28.8089, -87.279, 56, 1000, 0, 0, 0, 0, 0, 0, 0, 1, NULL, 0, 0, 0, 0, 0, 0),
	(493, 'faction', 2, 'police', 'SRM388', NULL, 1, 111, 0, 459.475, -1083.89, 28.8092, -88.594, 56, 1000, 0, 0, 0, 0, 0, 0, 0, 1, NULL, 0, 0, 0, 0, 0, 0),
	(494, 'faction', 2, 'police', 'GVL371', NULL, 1, 111, 0, 459.15, -1087.73, 28.8092, -89.2358, 56, 1000, 0, 0, 0, 0, 0, 0, 0, 1, NULL, 0, 0, 0, 0, 0, 0),
	(495, 'faction', 2, 'police', 'OSM750', NULL, 1, 111, 0, 459.073, -1091.21, 28.8092, -88.6124, 56, 1000, 0, 0, 0, 0, 0, 0, 0, 1, NULL, 0, 0, 0, 0, 0, 0),
	(496, 'faction', 2, 'police', 'MHB287', NULL, 1, 111, 0, 459.165, -1094.83, 28.8084, -88.5393, 56, 1000, 0, 0, 0, 0, 0, 0, 0, 1, NULL, 0, 0, 0, 0, 0, 0),
	(497, 'faction', 2, 'police', 'IIT129', NULL, 1, 111, 0, 459.01, -1098.58, 28.8078, -87.8825, 56, 1000, 0, 0, 0, 0, 0, 0, 0, 1, NULL, 0, 0, 0, 0, 0, 0),
	(498, 'faction', 2, 'riot', 'BQG355', NULL, 1, 111, 0, 485.235, -1112.75, 28.8522, 89.0445, 56, 1000, 0, 0, 0, 0, 0, 0, 0, 1, NULL, 0, 0, 0, 0, 0, 0),
	(499, 'faction', 2, 'riot', 'UHX801', NULL, 1, 111, 0, 484.963, -1109.51, 28.8525, 88.806, 56, 1000, 0, 0, 0, 0, 0, 0, 0, 1, NULL, 0, 0, 0, 0, 0, 0),
	(500, 'faction', 2, 'police3', 'PPK126', NULL, 1, 111, 0, 485.01, -1105.89, 28.9557, 91.4123, 56, 1000, 0, 0, 0, 0, 0, 0, 0, 1, NULL, 0, 0, 0, 0, 0, 0),
	(501, 'faction', 2, 'police3', 'LKQ105', NULL, 1, 111, 0, 485.226, -1102.56, 28.9558, 90.1344, 56, 1000, 0, 0, 0, 0, 0, 0, 0, 1, NULL, 0, 0, 0, 0, 0, 0),
	(502, 'faction', 2, 'police4', 'ZNY209', NULL, 1, 111, 0, 485.675, -1079.72, 28.8062, 90.6441, 56, 1000, 0, 0, 0, 0, 0, 0, 0, 1, NULL, 0, 0, 0, 0, 0, 0),
	(503, 'faction', 2, 'police4', 'AJQ919', NULL, 1, 0, 0, 485.789, -1083.21, 28.8083, 92.118, 56, 1000, 0, 0, 0, 0, 0, 0, 0, 1, NULL, 0, 0, 0, 0, 0, 0),
	(504, 'faction', 2, 'police4', 'UJG194', NULL, 1, 0, 0, 445.782, -996.69, 25.3063, -90.7146, 56, 1000, 0, 0, 0, 0, 0, 0, 0, 1, NULL, 0, 0, 0, 0, 0, 0),
	(505, 'faction', 2, 'police4', 'SZV495', NULL, 1, 0, 0, 445.667, -994.03, 25.3059, -91.0801, 56, 1000, 0, 0, 0, 0, 0, 0, 0, 1, NULL, 0, 0, 0, 0, 0, 0),
	(506, 'faction', 2, 'police4', 'WVM776', NULL, 1, 0, 0, 445.435, -991.432, 25.3069, -89.0579, 56, 1000, 0, 0, 0, 0, 0, 0, 0, 1, NULL, 0, 0, 0, 0, 0, 0),
	(507, 'faction', 2, 'police2', 'JBL125', NULL, 1, 111, 0, 472.268, -1106.04, 28.8131, 91.1316, 56, 1000, 0, 0, 0, 0, 0, 0, 0, 1, NULL, 0, 0, 0, 0, 0, 0),
	(508, 'faction', 2, 'police2', 'UDH222', NULL, 1, 111, 0, 472.281, -1109.5, 28.8126, 91.2904, 56, 1000, 0, 0, 0, 0, 0, 0, 0, 1, NULL, 0, 0, 0, 0, 0, 0),
	(509, 'faction', 2, 'polmav', 'OZO842', NULL, 1, 111, 0, 481.946, -982.16, 41.3959, -107.661, 56, 1000, 0, 0, 0, 0, 0, 0, 0, 1, NULL, 0, 0, 0, 0, 0, 0),
	(510, 'faction', 3, 'policet', 'KMM322', NULL, 1, 111, 111, -468.268, 5953.94, 31.2704, 45.651, 56, 1000, 0, 0, 0, 0, 0, 0, 0, 1, NULL, 0, 0, 0, 0, 0, 0),
	(511, 'faction', 3, 'policet', 'LSC335', NULL, 1, 111, 111, -464.878, 5957.69, 31.2712, 45.0552, 56, 1000, 0, 0, 0, 0, 0, 0, 0, 1, NULL, 0, 0, 0, 0, 0, 0),
	(513, 'faction', 3, 'polmav', 'QAW549', NULL, 1, 111, 111, -490.435, 5977.25, 31.6751, -51.1578, 56, 1000, 0, 0, 0, 0, 0, 0, 0, 1, NULL, 0, 0, 0, 0, 0, 0),
	(514, 'faction', 3, 'sheriff2', 'XFM651', NULL, 1, 111, 111, -449.757, 5969.89, 30.9078, 133.363, 56, 1000, 0, 0, 0, 0, 0, 0, 0, 1, NULL, 0, 0, 0, 0, 0, 0),
	(515, 'faction', 3, 'sheriff2', 'HXS113', NULL, 1, 111, 111, -453.05, 5973.38, 30.9073, 135.088, 56, 1000, 0, 0, 0, 0, 0, 0, 0, 1, NULL, 0, 0, 0, 0, 0, 0),
	(516, 'faction', 3, 'sheriff2', 'ROG978', NULL, 1, 111, 111, -456.342, 5976.67, 30.9079, 135.041, 56, 1000, 0, 0, 0, 0, 0, 0, 0, 1, NULL, 0, 0, 0, 0, 0, 0),
	(517, 'faction', 3, 'sheriff', 'USG479', NULL, 1, 111, 111, -509.51, 6002.21, 30.8902, -135.076, 56, 1000, 0, 0, 0, 0, 0, 0, 0, 1, NULL, 0, 0, 0, 0, 0, 0),
	(518, 'faction', 3, 'sheriff', 'QIS265', NULL, 1, 111, 111, -505.792, 6006.11, 30.8906, -134.993, 56, 1000, 0, 0, 0, 0, 0, 0, 0, 1, NULL, 0, 0, 0, 0, 0, 0),
	(519, 'faction', 3, 'sheriff', 'SIR443', NULL, 1, 111, 111, -502.461, 6009.55, 30.8906, -136.724, 56, 1000, 0, 0, 0, 0, 0, 0, 0, 1, NULL, 0, 0, 0, 0, 0, 0),
	(520, 'faction', 3, 'policeb', 'JEJ341', NULL, 1, 111, 111, -489.874, 6021.84, 30.7631, -133.995, 56, 1000, 0, 0, 0, 0, 0, 0, 0, 1, NULL, 0, 0, 0, 0, 0, 0),
	(521, 'faction', 3, 'policeb', 'BEP378', NULL, 1, 111, 111, -485.941, 6025.66, 30.763, -134.191, 56, 1000, 0, 0, 0, 0, 0, 0, 0, 1, NULL, 0, 0, 0, 0, 0, 0),
	(522, 'faction', 3, 'police4', 'NIE592', NULL, 1, 111, 111, -460.956, 5961.01, 30.8924, 46.1854, 56, 1000, 0, 0, 0, 0, 0, 0, 0, 1, NULL, 0, 0, 0, 0, 0, 0),
	(523, 'faction', 4, 'buzzard2', 'HMZ289', NULL, 1, 1, 1, 2511.13, -340.222, 118.083, 3.1058, 56, 1000, 0, 0, 0, 0, 0, 0, 0, 1, NULL, 0, 0, 0, 0, 0, 0),
	(524, 'faction', 4, 'supervolito2', 'SJN762', NULL, 1, 1, 1, 2510.93, -426.134, 119.009, -99.7572, 56, 1000, 0, 0, 0, 0, 0, 0, 0, 1, NULL, 0, 0, 0, 0, 0, 0),
	(525, 'faction', 4, 'tor_fib_caracara', 'FIB11', NULL, 1, 1, 1, 2538.44, -372.169, 92.6408, -10.8132, 56, 1000, 0, 0, 0, 0, 0, 0, 0, 1, NULL, 0, 0, 0, 0, 0, 0),
	(526, 'faction', 4, 'tor_fib_caracara', 'FIB12', NULL, 1, 1, 1, 2541.81, -372.401, 92.6406, -8.78304, 56, 1000, 0, 0, 0, 0, 0, 0, 0, 1, NULL, 0, 0, 0, 0, 0, 0),
	(527, 'faction', 4, 'fbi', 'MUT781', NULL, 1, 1, 1, 2545.59, -372.497, 92.6398, -10.3304, 56, 1000, 0, 0, 0, 0, 0, 0, 0, 1, NULL, 0, 0, 0, 0, 0, 0),
	(528, 'faction', 4, 'fbi', 'WUE529', NULL, 1, 1, 1, 2549.36, -372.477, 92.6401, -15.2744, 56, 1000, 0, 0, 0, 0, 0, 0, 0, 1, NULL, 0, 0, 0, 0, 0, 0),
	(529, 'faction', 4, 'fbi', 'VTO907', NULL, 1, 1, 1, 2552.72, -372.532, 92.6404, -11.9366, 56, 1000, 0, 0, 0, 0, 0, 0, 0, 1, NULL, 0, 0, 0, 0, 0, 0),
	(530, 'faction', 4, 'fbi', 'MCV486', NULL, 1, 1, 1, 2556.31, -372.66, 92.6403, -13.2072, 56, 1000, 0, 0, 0, 0, 0, 0, 0, 1, NULL, 0, 0, 0, 0, 0, 0),
	(531, 'faction', 4, 'tor_unmarked_scout', 'FIB6', NULL, 1, 1, 1, 2551.86, -390.385, 92.6159, 10.4364, 56, 1000, 0, 0, 0, 0, 0, 0, 0, 1, NULL, 0, 0, 0, 0, 0, 0),
	(532, 'faction', 4, 'tor_unmarked_scout', 'FIB7', NULL, 1, 1, 1, 2548.41, -390.379, 92.6154, 10.8211, 56, 1000, 0, 0, 0, 0, 0, 0, 0, 1, NULL, 0, 0, 0, 0, 0, 0),
	(533, 'faction', 4, 'swatstalker', 'FIB8', NULL, 1, 1, 1, 2544.29, -389.836, 92.6153, 9.58856, 56, 1000, 0, 0, 0, 0, 0, 0, 0, 1, NULL, 0, 0, 0, 0, 0, 0),
	(534, 'faction', 4, 'swatstalker', 'FIB9', NULL, 1, 1, 1, 2540.71, -390.532, 92.616, 10.7209, 56, 1000, 0, 0, 0, 0, 0, 0, 0, 1, NULL, 0, 0, 0, 0, 0, 0),
	(535, 'faction', 4, 'swatstalker', 'FIB10', NULL, 1, 1, 1, 2537, -390.496, 92.6159, 12.7958, 56, 1000, 0, 0, 0, 0, 0, 0, 0, 1, NULL, 0, 0, 0, 0, 0, 0),
	(536, 'faction', 4, 'tor_unmarked_scout', 'FIB5', NULL, 1, 1, 1, 2555.73, -389.982, 92.616, 13.0415, 56, 1000, 0, 0, 0, 0, 0, 0, 0, 1, NULL, 0, 0, 0, 0, 0, 0),
	(537, 'faction', 4, 'bcat', 'FIB2', NULL, 1, 1, 1, 2435.81, -363.941, 92.6463, -88.4827, 56, 1000, 0, 0, 0, 0, 0, 0, 0, 1, NULL, 0, 0, 0, 0, 0, 0),
	(538, 'faction', 4, 'bcat', 'FIB1', NULL, 1, 1, 1, 2435.45, -371.522, 92.6489, -91.3922, 56, 1000, 0, 0, 0, 0, 0, 0, 0, 1, NULL, 0, 0, 0, 0, 0, 0),
	(539, 'faction', 4, 'fibzeekr', 'FIB3', NULL, 1, 1, 1, 2555.95, -408.248, 92.6006, -15.5728, 56, 1000, 0, 0, 0, 0, 0, 0, 0, 1, NULL, 0, 0, 0, 0, 0, 0),
	(540, 'faction', 4, 'fibzeekr', 'FIB4', NULL, 1, 1, 1, 2552.35, -408.014, 92.5998, -15.7842, 56, 1000, 0, 0, 0, 0, 0, 0, 0, 1, NULL, 0, 0, 0, 0, 0, 0),
	(541, 'faction', 4, 'police4', 'CRQ897', NULL, 1, 1, 1, 2555.82, -361.296, 92.6007, -160.424, 56, 1000, 0, 0, 0, 0, 0, 0, 0, 1, NULL, 0, 0, 0, 0, 0, 0),
	(542, 'faction', 4, 'police4', 'LBL747', NULL, 1, 1, 1, 2552.41, -361.394, 92.6008, -161.123, 56, 1000, 0, 0, 0, 0, 0, 0, 0, 1, NULL, 0, 0, 0, 0, 0, 0),
	(543, 'faction', 6, 'annihilator2', 'XEU658', NULL, 1, 1, 1, -2058.82, 3097.08, 32.566, -29.9217, 56, 1000, 0, 0, 0, 0, 0, 0, 0, 1, NULL, 0, 0, 0, 0, 0, 0),
	(544, 'faction', 6, 'savage', 'UFN314', NULL, 1, 1, 1, -2015.41, 2946.31, 33.3087, -27.7986, 56, 1000, 0, 0, 0, 0, 0, 0, 0, 1, NULL, 0, 0, 0, 0, 0, 0),
	(546, 'faction', 6, 'hunter', 'XGK587', NULL, 1, 128, 128, -1929.26, 3019.82, 34.1438, -33.2256, 56, 1000, 0, 0, 0, 0, 0, 0, 0, 1, NULL, 0, 0, 0, 0, 0, 0),
	(550, 'faction', 6, 'buzzard', 'DEF222', NULL, 1, 1, 1, -1859.26, 2798.75, 32.7053, -0.406369, 56, 1000, 0, 0, 0, 0, 0, 0, 0, 1, NULL, 0, 0, 0, 0, 0, 0),
	(551, 'faction', 6, 'buzzard', 'USL863', NULL, 1, 1, 1, -1878.41, 2807.99, 32.7047, -40.1699, 56, 1000, 0, 0, 0, 0, 0, 0, 0, 1, NULL, 0, 0, 0, 0, 0, 0),
	(552, 'faction', 6, 'akula', 'CHE883', NULL, 1, 128, 128, -1992.82, 3060.44, 33.944, -32.1594, 56, 1000, 0, 0, 0, 0, 0, 0, 0, 1, NULL, 0, 0, 0, 0, 0, 0),
	(553, 'faction', 6, 'khanjali', 'UWQ574', NULL, 1, 128, 128, -1805.58, 2972.13, 33.3618, 104.907, 56, 1000, 0, 0, 0, 0, 0, 0, 0, 1, NULL, 0, 0, 0, 0, 0, 0),
	(554, 'faction', 6, 'chernobog', 'QTR277', NULL, 1, 128, 128, -1808.76, 2982.31, 32.5126, 98.9381, 56, 1000, 0, 0, 0, 0, 0, 0, 0, 1, NULL, 0, 0, 0, 0, 0, 0),
	(555, 'faction', 6, 'barrage', 'LHH575', NULL, 1, 128, 128, -2141.1, 3279.45, 32.5371, -119.296, 56, 1000, 0, 0, 0, 0, 0, 0, 0, 1, NULL, 0, 0, 0, 0, 0, 0),
	(556, 'faction', 6, 'insurgent', 'ETW701', NULL, 1, 128, 128, -2151.88, 3262.25, 32.7282, -120.936, 56, 1000, 0, 0, 0, 0, 0, 0, 0, 1, NULL, 0, 0, 0, 0, 0, 0),
	(558, 'faction', 6, 'riot2', 'OKC428', NULL, 1, 128, 128, -2111.92, 3261.24, 32.6476, 62.214, 56, 1000, 0, 0, 0, 0, 0, 0, 0, 1, NULL, 0, 0, 0, 0, 0, 0),
	(559, 'faction', 6, 'menacer', 'AHQ813', NULL, 1, 128, 128, -2121.21, 3241.85, 32.497, 59.1821, 56, 1000, 0, 0, 0, 0, 0, 0, 0, 1, NULL, 0, 0, 0, 0, 0, 0),
	(560, 'faction', 3, 'pbus', 'GSX261', NULL, 1, 75, 75, 1833.75, 2542.24, 46.1404, -89.9299, 56, 1000, 0, 0, 0, 0, 0, 0, 0, 1, NULL, 0, 0, 0, 0, 0, 0),
	(561, 'faction', 3, 'polmav', 'MGF951', NULL, 1, 133, 0, 1867.02, 3648.85, 36.154, 0.39959, 56, 1000, 0, 0, 0, 0, 0, 0, 0, 1, NULL, 0, 0, 0, 0, 0, 0),
	(562, 'faction', 3, 'sheriff', 'GPE259', NULL, 1, 134, 134, 1847.17, 3672.41, 33.312, -150.976, 56, 1000, 0, 0, 0, 0, 0, 0, 0, 1, NULL, 0, 0, 0, 0, 0, 0),
	(563, 'faction', 3, 'sheriff', 'WLM924', NULL, 1, 134, 134, 1850.44, 3674.18, 33.3685, -152.324, 52, 1000, 0, 0, 0, 0, 0, 0, 1, 1, NULL, 0, 0, 0, 0, 0, 0),
	(564, 'faction', 3, 'sheriff', 'BQV661', NULL, 1, 134, 134, 1853.86, 3676.05, 33.3537, -152.708, 56, 1000, 0, 0, 0, 0, 0, 0, 0, 1, NULL, 0, 0, 0, 0, 0, 0),
	(565, 'faction', 3, 'policeb', 'CFE211', NULL, 1, 134, 134, 1868.55, 3684.53, 33.2054, -168.745, 56, 1000, 0, 0, 0, 0, 0, 0, 0, 1, NULL, 0, 0, 0, 0, 0, 0),
	(566, 'faction', 3, 'policeb', 'XEE982', NULL, 1, 134, 134, 1866.77, 3684.12, 33.227, -170.902, 56, 1000, 0, 0, 0, 0, 0, 0, 0, 1, NULL, 0, 0, 0, 0, 0, 0),
	(567, 'faction', 3, 'policeb', 'POZ284', NULL, 1, 134, 134, 1864.92, 3683.46, 33.2396, -168.343, 56, 1000, 0, 0, 0, 0, 0, 0, 0, 1, NULL, 0, 0, 0, 0, 0, 0),
	(568, 'faction', 3, 'policeb', 'KFP170', NULL, 1, 134, 134, 1863.18, 3682.79, 33.2449, -160.576, 56, 1000, 0, 0, 0, 0, 0, 0, 0, 1, NULL, 0, 0, 0, 0, 0, 0),
	(569, 'faction', 5, 'emsnspeedo', 'EMS3', NULL, 1, 27, 111, 295.23, 295.23, 43.25, 66.17, 80, 1000, 0, 0, 0, 0, 0, 0, 0, 1, NULL, 0, 0, 0, 0, 0, 0),
	(570, 'faction', 5, 'ambulance', 'PFF137', NULL, 1, 27, 111, -266.753, 6337.44, 32.1702, -92.9585, 56, 1000, 0, 0, 0, 0, 0, 0, 0, 1, NULL, 0, 0, 0, 0, 0, 0),
	(571, 'faction', 5, 'ambulance', 'QZT127', NULL, 1, 27, 111, -273.984, 6330.67, 32.196, -86.0698, 56, 1000, 0, 0, 0, 0, 0, 0, 0, 1, NULL, 0, 0, 0, 0, 0, 0),
	(572, 'faction', 5, 'granger', 'KJQ780', NULL, 1, 36, 36, -258.288, 6347.6, 32.0517, -93.0646, 42, 1000, 0, 0, 0, 0, 0, 0, 0, 1, NULL, 0, 0, 0, 0, 0, 0),
	(573, 'faction', 5, 'maverick', 'OUS674', NULL, 1, 27, 27, -252.552, 6321.46, 39.7611, 2.4997, 56, 1000, 0, 0, 0, 0, 0, 0, 0, 1, NULL, 0, 0, 0, 0, 0, 0),
	(574, 'faction', 5, 'maverick', 'QXO283', NULL, 1, 27, 27, 1810.66, 3726.09, 35.6808, 1.81407, 56, 1000, 0, 0, 0, 0, 0, 0, 0, 1, NULL, 0, 0, 0, 0, 0, 0),
	(575, 'faction', 5, 'emsnspeedo', 'EMS2', NULL, 1, 27, 111, 296.63, -607.88, 43.26, 68.05, 80, 1000, 0, 0, 0, 0, 0, 0, 0, 1, NULL, 0, 0, 0, 0, 0, 0),
	(576, 'faction', 5, 'ambulance', 'KEC121', NULL, 1, 27, 111, 1866.48, 3694.93, 33.4624, 30.1858, 56, 1000, 0, 0, 0, 0, 0, 0, 0, 1, NULL, 0, 0, 0, 0, 0, 0),
	(577, 'faction', 2, 'polmav', 'FLG381', NULL, 1, 1, 1, 476.079, -1104.18, 43.4651, 57.483, 56, 1000, 0, 0, 0, 0, 0, 0, 0, 1, NULL, 0, 0, 0, 0, 0, 0),
	(578, 'faction', 5, 'maverick', 'LKP639', NULL, 1, 27, 27, 351.533, -585.987, 74.2581, -1.76592, 56, 1000, 0, 0, 0, 0, 0, 0, 0, 1, NULL, 0, 0, 0, 0, 0, 0),
	(579, 'faction', 2, 'towtruck', 'HOR389', NULL, 1, 111, 1, -1094, -820.649, 4.10055, -143.095, 56, 1000, 0, 0, 0, 0, 0, 0, 0, 1, NULL, 0, 0, 0, 0, 0, 0),
	(580, 'faction', 2, 'towtruck', 'ZVJ574', NULL, 1, 111, 1, -1097.5, -823.093, 4.10007, -143.76, 56, 1000, 0, 0, 0, 0, 0, 0, 0, 1, NULL, 0, 0, 0, 0, 0, 0),
	(581, 'faction', 2, 'towtruck', 'UYQ341', NULL, 1, 111, 1, -1100.94, -826.133, 4.10045, -143.622, 56, 1000, 0, 0, 0, 0, 0, 0, 0, 1, NULL, 0, 0, 0, 0, 0, 0),
	(582, 'faction', 2, 'towtruck', 'SIU196', NULL, 1, 111, 1, -1104.8, -828.982, 4.10098, -141.702, 56, 1000, 0, 0, 0, 0, 0, 0, 0, 1, NULL, 0, 0, 0, 0, 0, 0),
	(583, 'faction', 2, 'towtruck', 'RAE457', NULL, 1, 111, 1, -1107.92, -831.1, 4.09998, -142.088, 56, 1000, 0, 0, 0, 0, 0, 0, 0, 1, NULL, 0, 0, 0, 0, 0, 0),
	(584, 'faction', 2, 'police2', 'FWP858', NULL, 1, 111, 1, -1094.95, -848.428, 3.74573, 36.4615, 56, 1000, 0, 0, 0, 0, 0, 0, 0, 1, NULL, 0, 0, 0, 0, 0, 0),
	(585, 'faction', 2, 'police2', 'NQG540', NULL, 1, 111, 1, -1091.43, -846.181, 3.74572, 33.5077, 56, 1000, 0, 0, 0, 0, 0, 0, 0, 1, NULL, 0, 0, 0, 0, 0, 0),
	(586, 'faction', 2, 'police3', 'VED179', NULL, 1, 111, 1, -1088.47, -843.861, 3.8889, 35.9388, 56, 1000, 0, 0, 0, 0, 0, 0, 0, 1, NULL, 0, 0, 0, 0, 0, 0),
	(588, 'faction', 13, 'mesa3', 'RRK703', NULL, 1, 47, 47, -1921.06, 2044.49, 140.505, -102.039, 56, 1000, 0, 0, 0, 0, 0, 0, 0, 1, NULL, 0, 0, 0, 0, 0, 0),
	(589, 'faction', 13, 'mesa3', 'MFP111', NULL, 1, 47, 47, -1920.25, 2048.88, 140.505, -101.033, 56, 1000, 0, 0, 0, 0, 0, 0, 0, 1, NULL, 0, 0, 0, 0, 0, 0),
	(590, 'faction', 13, 'dubsta2', 'SFW380', NULL, 1, 47, 47, -1919.67, 2053, 140.298, -100.444, 42, 1000, 0, 0, 0, 0, 0, 0, 0, 1, NULL, 0, 0, 0, 0, 0, 0),
	(591, 'faction', 13, 'landstalker2', 'REN763', NULL, 1, 47, 47, -1899.91, 2035.57, 140.579, 160.3, 42, 1000, 0, 0, 0, 0, 0, 0, 0, 1, NULL, 0, 0, 0, 0, 0, 0),
	(592, 'faction', 13, 'superd', 'VVW715', NULL, 1, 47, 47, -1895.81, 2034.15, 140.28, 161.782, 56, 1000, 0, 0, 0, 0, 0, 0, 0, 1, NULL, 0, 0, 0, 0, 0, 0),
	(593, 'faction', 13, 'xls', 'PAI948', NULL, 1, 47, 47, -1891.73, 2032.98, 140.659, 158.143, 42, 1000, 0, 0, 0, 0, 0, 0, 0, 1, NULL, 0, 0, 0, 0, 0, 0),
	(594, 'faction', 13, 'dubsta2', 'OSI875', NULL, 1, 47, 47, -1919.09, 2057.23, 140.298, -104.716, 42, 1000, 0, 0, 0, 0, 0, 0, 0, 1, NULL, 0, 0, 0, 0, 0, 0),
	(595, 'faction', 13, 'novak', 'UBO984', NULL, 1, 47, 47, -1887.55, 2031.82, 140.235, 160.699, 42, 1000, 0, 0, 0, 0, 0, 0, 0, 1, NULL, 0, 0, 0, 0, 0, 0),
	(596, 'market', 1, 'rs6', 'WHL282', '2024-06-12 10:28:53', 4, 0, 0, 228.17, -977.84, -99.48, 178.06, 12, 1000, 0, 0, 0, 0, 0, 0, 53, 1, NULL, 0, 0, 0, 0, 0, 0),
	(597, 'market', 18, 'feltzer2', 'TYN452', '2024-06-12 15:09:21', 2, 0, 0, 0, 0, 0, 0, 60, 1000, 0, 0, 0, 0, 0, 0, 0, 1, NULL, 0, 0, 0, 0, 0, 0),
	(598, 'market', 18, 'specter2', 'BWL180', '2024-06-12 15:10:13', 2, 39, 5, 0, 0, 0, 0, 60, 1000, 0, 0, 0, 0, 0, 0, 0, 1, NULL, 0, 0, 0, 0, 0, 0),
	(599, 'market', 1, 'zeekr001', 'ZLG264', '2024-06-13 20:29:00', 2, 200, 0, 223.62, -979.01, -99.48, -128.87, 230, 1000, 0, 0, 0, 0, 0, 0, 103, 1, NULL, 88, 89, 103, 255, 0, 0),
	(600, 'market', 18, 'eli', 'DVY164', '2024-06-14 18:09:23', 2, 0, 0, 0, 0, 0, 0, 50, 1000, 0, 0, 0, 0, 0, 0, 0, 1, NULL, 0, 0, 0, 0, 0, 0),
	(601, 'market', 18, 'rmodbacalar', 'SGS228', '2024-06-14 18:25:37', 2, 67, 53, 0, 0, 0, 0, 59, 1000, 0, 0, 0, 0, 0, 0, 17, 1, NULL, 0, 0, 0, 0, 0, 0),
	(602, 'market', 18, 'gemera', 'DJW428', '2024-06-15 22:47:10', 2, 91, 67, 0, 0, 0, 0, 65, 1000, 0, 0, 0, 0, 0, 0, 8, 1, NULL, 0, 0, 0, 0, 0, 0),
	(603, 'market', 18, 'cullinan', 'ZGJ183', '2024-06-16 13:31:46', 2, 10, 11, 0, 0, 0, 0, 80, 1000, 0, 0, 0, 0, 0, 0, 0, 1, NULL, 0, 0, 0, 0, 0, 0),
	(604, 'market', 18, 'gsx1000', 'RSG724', '2024-06-20 16:09:56', 2, 41, 12, 0, 0, 0, 0, 28, 1000, 0, 0, 0, 0, 0, 0, 4, 1, NULL, 0, 0, 0, 0, 0, 0),
	(605, 'market', 18, 'Ic100', 'SGL246', '2024-06-25 10:09:27', 2, 45, 0, 0, 0, 0, 0, 70, 1000, 0, 0, 0, 0, 0, 0, 0, 1, NULL, 0, 0, 0, 0, 0, 0);

-- Дамп структуры для таблица chaos_db.vehicletunings
CREATE TABLE IF NOT EXISTS `vehicletunings` (
  `id` int(11) NOT NULL AUTO_INCREMENT,
  `vehicleId` int(11) NOT NULL,
  `spoiler` int(11) NOT NULL DEFAULT -1,
  `frontBumper` int(11) NOT NULL DEFAULT -1,
  `rearBumper` int(11) NOT NULL DEFAULT -1,
  `sideSkirt` int(11) NOT NULL DEFAULT -1,
  `exhaust` int(11) NOT NULL DEFAULT -1,
  `frame` int(11) NOT NULL DEFAULT -1,
  `grille` int(11) NOT NULL DEFAULT -1,
  `hood` int(11) NOT NULL DEFAULT -1,
  `fender` int(11) NOT NULL DEFAULT -1,
  `rightFender` int(11) NOT NULL DEFAULT -1,
  `roof` int(11) NOT NULL DEFAULT -1,
  `engineType` int(11) NOT NULL DEFAULT -1,
  `brakeType` int(11) NOT NULL DEFAULT -1,
  `transmissionType` int(11) NOT NULL DEFAULT -1,
  `horn` int(11) NOT NULL DEFAULT -1,
  `suspensionType` int(11) NOT NULL DEFAULT -1,
  `armourType` int(11) NOT NULL DEFAULT -1,
  `turbo` int(11) NOT NULL DEFAULT -1,
  `xenon` int(11) NOT NULL DEFAULT -1,
  `frontWheels` int(11) NOT NULL DEFAULT -1,
  `backWheels` int(11) NOT NULL DEFAULT -1,
  `plateHolder` int(11) NOT NULL DEFAULT -1,
  `trimDesign` int(11) NOT NULL DEFAULT -1,
  `ornament` int(11) NOT NULL DEFAULT -1,
  `dialDesign` int(11) NOT NULL DEFAULT -1,
  `steeringWheel` int(11) NOT NULL DEFAULT -1,
  `shiftLever` int(11) NOT NULL DEFAULT -1,
  `plaque` int(11) NOT NULL DEFAULT -1,
  `hydraulics` int(11) NOT NULL DEFAULT -1,
  `boost` int(11) NOT NULL DEFAULT -1,
  `windowTint` int(11) NOT NULL DEFAULT -1,
  `livery` int(11) NOT NULL DEFAULT -1,
  `plate` int(11) NOT NULL DEFAULT -1,
  `neon` int(11) NOT NULL DEFAULT -1,
  PRIMARY KEY (`id`),
  KEY `vehicleId` (`vehicleId`),
  CONSTRAINT `vehicletunings_ibfk_1` FOREIGN KEY (`vehicleId`) REFERENCES `vehicles` (`id`) ON DELETE CASCADE ON UPDATE CASCADE
) ENGINE=InnoDB AUTO_INCREMENT=72 DEFAULT CHARSET=utf8 COLLATE=utf8_general_ci;

-- Дамп данных таблицы chaos_db.vehicletunings: ~29 rows (приблизительно)
INSERT INTO `vehicletunings` (`id`, `vehicleId`, `spoiler`, `frontBumper`, `rearBumper`, `sideSkirt`, `exhaust`, `frame`, `grille`, `hood`, `fender`, `rightFender`, `roof`, `engineType`, `brakeType`, `transmissionType`, `horn`, `suspensionType`, `armourType`, `turbo`, `xenon`, `frontWheels`, `backWheels`, `plateHolder`, `trimDesign`, `ornament`, `dialDesign`, `steeringWheel`, `shiftLever`, `plaque`, `hydraulics`, `boost`, `windowTint`, `livery`, `plate`, `neon`) VALUES
	(32, 358, 0, 0, -1, -1, -1, -1, -1, 3, -1, -1, -1, 3, 2, 2, -1, 3, 4, -1, 0, 101, -1, 4, -1, -1, -1, -1, -1, -1, -1, -1, 0, -1, -1, 8),
	(33, 359, 0, 7, 1, 0, 0, -1, -1, -1, -1, -1, 0, 3, 2, 2, -1, 3, 4, -1, 0, 181, -1, 0, -1, -1, -1, -1, -1, -1, -1, -1, 1, -1, -1, 0),
	(36, 362, -1, -1, -1, -1, -1, -1, -1, -1, -1, -1, -1, -1, -1, -1, -1, -1, -1, -1, -1, -1, -1, -1, -1, -1, -1, -1, -1, -1, -1, -1, -1, -1, -1, -1),
	(37, 363, 3, 1, 3, 2, 0, -1, -1, 0, -1, -1, 0, 3, 2, 2, -1, 3, 4, -1, -1, 87, -1, 4, -1, -1, -1, -1, -1, -1, -1, -1, -1, -1, -1, -1),
	(39, 365, -1, -1, -1, -1, -1, -1, -1, -1, -1, -1, -1, -1, -1, -1, -1, -1, -1, -1, -1, -1, -1, -1, -1, -1, -1, -1, -1, -1, -1, -1, -1, -1, -1, -1),
	(41, 367, 0, -1, -1, -1, -1, -1, 0, 0, -1, -1, -1, 3, 2, 2, -1, 3, -1, -1, -1, 80, -1, 4, -1, -1, -1, -1, -1, -1, -1, -1, -1, -1, -1, -1),
	(42, 368, -1, -1, -1, -1, -1, -1, -1, -1, -1, -1, -1, 3, 2, 2, -1, 3, 4, -1, 0, -1, -1, -1, -1, -1, -1, -1, -1, -1, -1, -1, -1, -1, -1, -1),
	(43, 370, -1, -1, -1, -1, -1, -1, -1, -1, -1, -1, -1, -1, -1, -1, -1, -1, -1, -1, -1, -1, -1, -1, -1, -1, -1, -1, -1, -1, -1, -1, -1, -1, -1, -1),
	(44, 371, -1, -1, -1, -1, -1, -1, -1, -1, -1, -1, -1, 3, 2, 2, -1, 3, 4, -1, -1, -1, -1, -1, -1, -1, -1, -1, -1, -1, -1, -1, -1, -1, -1, -1),
	(45, 372, -1, -1, -1, -1, -1, -1, -1, -1, -1, -1, -1, 3, 2, 2, -1, 2, -1, -1, -1, 67, -1, 0, -1, -1, -1, -1, -1, -1, -1, -1, 0, -1, -1, -1),
	(46, 373, -1, -1, -1, -1, -1, -1, -1, -1, -1, -1, -1, 3, 2, 2, -1, 3, -1, -1, 0, -1, -1, -1, -1, -1, -1, -1, -1, -1, -1, -1, 2, -1, -1, 3),
	(47, 374, 0, 1, 0, 0, -1, -1, -1, -1, -1, -1, -1, 3, 2, 2, -1, 2, 4, -1, 0, 114, -1, 4, -1, -1, -1, -1, -1, -1, -1, -1, 0, -1, -1, -1),
	(53, 433, -1, 0, -1, 0, -1, -1, -1, 0, -1, -1, -1, 3, 2, 2, -1, 2, -1, -1, 0, 67, -1, 0, -1, -1, -1, -1, -1, -1, -1, -1, 0, -1, -1, -1),
	(54, 434, 0, 0, -1, -1, -1, -1, -1, -1, -1, -1, -1, 3, 2, 2, -1, 3, 3, -1, 0, 66, -1, 0, -1, -1, -1, -1, -1, -1, -1, -1, 2, -1, -1, -1),
	(55, 435, 2, 0, 2, 3, 0, -1, -1, 3, -1, -1, 0, 3, 2, 2, -1, 3, -1, -1, 0, 101, -1, 4, -1, -1, -1, -1, -1, -1, -1, -1, 2, -1, -1, 9),
	(56, 436, -1, -1, -1, -1, -1, -1, -1, -1, -1, -1, -1, 3, 2, 2, -1, 3, -1, -1, 0, 100, -1, 0, -1, -1, -1, -1, -1, -1, -1, -1, 1, -1, -1, 6),
	(58, 438, 0, -1, -1, -1, -1, -1, -1, -1, -1, -1, -1, 3, 2, 2, -1, 3, 4, -1, 0, 51, -1, 0, -1, -1, -1, -1, -1, -1, -1, -1, 2, -1, -1, 2),
	(60, 440, -1, -1, -1, -1, -1, -1, -1, -1, -1, -1, -1, 3, 2, 2, -1, 3, -1, -1, 0, 92, -1, 0, -1, -1, -1, -1, -1, -1, -1, -1, 0, -1, -1, 0),
	(61, 441, -1, -1, -1, -1, -1, -1, -1, -1, -1, -1, -1, -1, -1, -1, -1, -1, -1, -1, -1, -1, -1, -1, -1, -1, -1, -1, -1, -1, -1, -1, -1, -1, -1, -1),
	(62, 596, 0, 0, 0, 0, 0, -1, -1, 0, -1, -1, -1, 3, 2, 2, -1, 3, 4, -1, 0, 0, -1, 0, -1, -1, -1, -1, -1, -1, -1, -1, 2, -1, -1, 0),
	(63, 597, -1, -1, -1, -1, -1, -1, -1, -1, -1, -1, -1, -1, -1, -1, -1, -1, -1, -1, -1, -1, -1, -1, -1, -1, -1, -1, -1, -1, -1, -1, -1, -1, -1, -1),
	(64, 598, -1, -1, -1, -1, -1, -1, -1, -1, -1, -1, -1, -1, -1, -1, -1, -1, -1, -1, -1, -1, -1, -1, -1, -1, -1, -1, -1, -1, -1, -1, -1, -1, -1, -1),
	(65, 599, -1, -1, -1, -1, -1, -1, -1, -1, -1, -1, -1, 3, 2, 2, -1, 3, 4, -1, 0, 101, -1, 0, -1, -1, -1, -1, -1, -1, -1, -1, 1, -1, -1, 2),
	(66, 600, -1, -1, -1, -1, -1, -1, -1, -1, -1, -1, -1, -1, -1, -1, -1, -1, -1, -1, -1, -1, -1, -1, -1, -1, -1, -1, -1, -1, -1, -1, -1, -1, -1, -1),
	(67, 601, -1, -1, -1, -1, -1, -1, -1, -1, -1, -1, -1, 3, 2, 2, -1, 3, -1, -1, 0, -1, -1, 1, -1, -1, -1, -1, -1, -1, -1, -1, 1, -1, -1, -1),
	(68, 602, -1, -1, -1, -1, -1, -1, -1, -1, -1, -1, 0, 3, -1, 2, -1, 3, -1, -1, 0, 183, -1, -1, -1, -1, -1, -1, -1, -1, -1, -1, 1, -1, -1, -1),
	(69, 603, -1, -1, -1, -1, -1, -1, -1, -1, -1, -1, -1, -1, -1, -1, -1, -1, -1, -1, -1, -1, -1, -1, -1, -1, -1, -1, -1, -1, -1, -1, -1, -1, -1, -1),
	(70, 604, -1, -1, -1, -1, -1, -1, -1, -1, -1, -1, -1, -1, -1, -1, -1, -1, -1, -1, -1, -1, -1, -1, -1, -1, -1, -1, -1, -1, -1, -1, -1, -1, -1, -1),
	(71, 605, -1, -1, -1, -1, -1, -1, -1, -1, -1, -1, -1, -1, -1, -1, -1, -1, -1, -1, -1, -1, -1, -1, -1, -1, -1, -1, -1, -1, -1, -1, -1, -1, -1, -1);

-- Дамп структуры для таблица chaos_db.wheels1s
CREATE TABLE IF NOT EXISTS `wheels1s` (
  `id` int(11) NOT NULL AUTO_INCREMENT,
  `name` varchar(128) NOT NULL,
  `wprice` int(11) NOT NULL DEFAULT 0,
  PRIMARY KEY (`id`)
) ENGINE=InnoDB AUTO_INCREMENT=184 DEFAULT CHARSET=utf8mb4 COLLATE=utf8mb4_general_ci;

-- Дамп данных таблицы chaos_db.wheels1s: ~19 rows (приблизительно)
INSERT INTO `wheels1s` (`id`, `name`, `wprice`) VALUES
	(-1, 'Стандартные', 0),
	(0, 'Колесо 0', 973),
	(1, 'Колесо 1', 1946),
	(2, 'Колесо 2', 2919),
	(3, 'Колесо 3', 3892),
	(4, 'Колесо 5', 4865),
	(5, 'Колесо 5', 5838),
	(6, 'Колесо 6', 6811),
	(7, 'Колесо 7', 7784),
	(8, 'Колесо 8', 8757),
	(9, 'Колесо 9', 9730),
	(10, 'Колесо 10', 10703),
	(11, 'Колесо 11', 11676),
	(12, 'Колесо 12', 12649),
	(13, 'Колесо 13', 13622),
	(14, 'Колесо 14', 14595),
	(15, 'Колесо 15', 15568),
	(16, 'Колесо 16', 16541),
	(17, 'Колесо 17', 17514);

-- Дамп структуры для таблица chaos_db.wheels2s
CREATE TABLE IF NOT EXISTS `wheels2s` (
  `id` int(11) NOT NULL AUTO_INCREMENT,
  `name` varchar(128) NOT NULL,
  `wprice` int(11) NOT NULL DEFAULT 0,
  PRIMARY KEY (`id`)
) ENGINE=InnoDB AUTO_INCREMENT=31 DEFAULT CHARSET=utf8mb4 COLLATE=utf8mb4_general_ci;

-- Дамп данных таблицы chaos_db.wheels2s: ~13 rows (приблизительно)
INSERT INTO `wheels2s` (`id`, `name`, `wprice`) VALUES
	(18, 'Колесо 18', 18487),
	(19, 'Колесо 19', 19460),
	(20, 'Колесо 20', 20433),
	(21, 'Колесо 21', 21406),
	(22, 'Колесо 22', 22379),
	(23, 'Колесо 23', 23352),
	(24, 'Колесо 24', 24325),
	(25, 'Колесо 25', 25298),
	(26, 'Колесо 26', 26271),
	(27, 'Колесо 27', 27244),
	(28, 'Колесо 28', 28217),
	(29, 'Колесо 29', 29190),
	(30, 'Колесо 30', 30163);

-- Дамп структуры для таблица chaos_db.wheels3s
CREATE TABLE IF NOT EXISTS `wheels3s` (
  `id` int(11) NOT NULL AUTO_INCREMENT,
  `name` varchar(128) NOT NULL,
  `wprice` int(11) NOT NULL DEFAULT 0,
  PRIMARY KEY (`id`)
) ENGINE=InnoDB AUTO_INCREMENT=41 DEFAULT CHARSET=utf8mb4 COLLATE=utf8mb4_general_ci;

-- Дамп данных таблицы chaos_db.wheels3s: ~9 rows (приблизительно)
INSERT INTO `wheels3s` (`id`, `name`, `wprice`) VALUES
	(31, 'Колесо 31', 31136),
	(32, 'Колесо 32', 32109),
	(33, 'Колесо 33', 33082),
	(34, 'Колесо 34', 34055),
	(35, 'Колесо 35', 35028),
	(36, 'Колесо 36', 36001),
	(37, 'Колесо 37', 36974),
	(38, 'Колесо 38', 37947),
	(39, 'Колесо 39', 38920);

-- Дамп структуры для таблица chaos_db.wheels4s
CREATE TABLE IF NOT EXISTS `wheels4s` (
  `id` int(11) NOT NULL AUTO_INCREMENT,
  `name` varchar(128) NOT NULL,
  `wprice` int(11) NOT NULL DEFAULT 0,
  PRIMARY KEY (`id`)
) ENGINE=InnoDB AUTO_INCREMENT=52 DEFAULT CHARSET=utf8mb4 COLLATE=utf8mb4_general_ci;

-- Дамп данных таблицы chaos_db.wheels4s: ~12 rows (приблизительно)
INSERT INTO `wheels4s` (`id`, `name`, `wprice`) VALUES
	(40, 'Колесо 40', 39893),
	(41, 'Колесо 41', 40866),
	(42, 'Колесо 42', 41839),
	(43, 'Колесо 43', 42812),
	(44, 'Колесо 44', 43785),
	(45, 'Колесо 45', 44758),
	(46, 'Колесо 46', 45731),
	(47, 'Колесо 47', 46704),
	(48, 'Колесо 48', 47677),
	(49, 'Колесо 49', 48650),
	(50, 'Колесо 50', 49623),
	(51, 'Колесо 51', 50596);

-- Дамп структуры для таблица chaos_db.wheels5s
CREATE TABLE IF NOT EXISTS `wheels5s` (
  `id` int(11) NOT NULL AUTO_INCREMENT,
  `name` varchar(128) NOT NULL,
  `wprice` int(11) NOT NULL DEFAULT 0,
  PRIMARY KEY (`id`)
) ENGINE=InnoDB AUTO_INCREMENT=300 DEFAULT CHARSET=utf8mb4 COLLATE=utf8mb4_general_ci;

-- Дамп данных таблицы chaos_db.wheels5s: ~199 rows (приблизительно)
INSERT INTO `wheels5s` (`id`, `name`, `wprice`) VALUES
	(52, 'Колесо 52', 51569),
	(53, 'Колесо 53', 52542),
	(54, 'Колесо 54', 53515),
	(55, 'Колесо 55', 54488),
	(56, 'Колесо 56', 55461),
	(57, 'Колесо 57', 56434),
	(58, 'Колесо 58', 57407),
	(59, 'Колесо 59', 58380),
	(60, 'Колесо 60', 59353),
	(61, 'Колесо 61', 60326),
	(62, 'Колесо 62', 61299),
	(63, 'Колесо 63', 62272),
	(64, 'Колесо 64', 63245),
	(65, 'Колесо 65', 64218),
	(66, 'Колесо 66', 65191),
	(67, 'Колесо 67', 66164),
	(68, 'Колесо 68', 67137),
	(69, 'Колесо 69', 68110),
	(70, 'Колесо 70', 69083),
	(71, 'Колесо 71', 70056),
	(72, 'Колесо 72', 71029),
	(73, 'Колесо 73', 72002),
	(74, 'Колесо 74', 72975),
	(75, 'Колесо 75', 73948),
	(76, 'Колесо 76', 74921),
	(77, 'Колесо 77', 75894),
	(78, 'Колесо 78', 76867),
	(79, 'Колесо 79', 77840),
	(80, 'Колесо 80', 78813),
	(81, 'Колесо 81', 79786),
	(82, 'Колесо 82', 80759),
	(83, 'Колесо 83', 81732),
	(84, 'Колесо 84', 82705),
	(85, 'Колесо 85', 83678),
	(86, 'Колесо 86', 84651),
	(87, 'Колесо 87', 85624),
	(88, 'Колесо 88', 86597),
	(89, 'Колесо 89', 87570),
	(90, 'Колесо 90', 88543),
	(91, 'Колесо 91', 89516),
	(92, 'Колесо 92', 90489),
	(93, 'Колесо 93', 91462),
	(94, 'Колесо 94', 92435),
	(95, 'Колесо 95', 93408),
	(96, 'Колесо 96', 94381),
	(97, 'Колесо 97', 95354),
	(98, 'Колесо 98', 96327),
	(99, 'Колесо 99', 97300),
	(100, 'Колесо 100', 98273),
	(101, 'Колесо 101', 99246),
	(102, 'Колесо 102', 100219),
	(103, 'Колесо 103', 101192),
	(104, 'Колесо 104', 102165),
	(105, 'Колесо 105', 103138),
	(106, 'Колесо 106', 104111),
	(107, 'Колесо 107', 105084),
	(108, 'Колесо 108', 106057),
	(109, 'Колесо 109', 107030),
	(110, 'Колесо 110', 108003),
	(111, 'Колесо 111', 108976),
	(112, 'Колесо 112', 109949),
	(113, 'Колесо 113', 110922),
	(114, 'Колесо 114', 111895),
	(116, 'Колесо 116', 113841),
	(117, 'Колесо 117', 114814),
	(118, 'Колесо 118', 115787),
	(119, 'Колесо 119', 116760),
	(120, 'Колесо 120', 117733),
	(121, 'Колесо 121', 118706),
	(122, 'Колесо 122', 119679),
	(123, 'Колесо 123', 120652),
	(124, 'Колесо 124', 121625),
	(125, 'Колесо 125', 122598),
	(126, 'Колесо 126', 123571),
	(127, 'Колесо 127', 124544),
	(128, 'Колесо 128', 125517),
	(129, 'Колесо 129', 126490),
	(130, 'Колесо 130', 127463),
	(131, 'Колесо 131', 128436),
	(132, 'Колесо 132', 129409),
	(133, 'Колесо 133', 130382),
	(134, 'Колесо 134', 131355),
	(135, 'Колесо 135', 132328),
	(136, 'Колесо 136', 133301),
	(137, 'Колесо 137', 134274),
	(138, 'Колесо 138', 135247),
	(139, 'Колесо 139', 136220),
	(140, 'Колесо 140', 137193),
	(141, 'Колесо 141', 138166),
	(142, 'Колесо 142', 139139),
	(143, 'Колесо 143', 140112),
	(144, 'Колесо 144', 141085),
	(145, 'Колесо 145', 142058),
	(146, 'Колесо 146', 143031),
	(147, 'Колесо 147', 144004),
	(148, 'Колесо 148', 144977),
	(149, 'Колесо 149', 145950),
	(150, 'Колесо 150', 146923),
	(151, 'Колесо 151', 147896),
	(152, 'Колесо 152', 148869),
	(153, 'Колесо 153', 149842),
	(154, 'Колесо 154', 150815),
	(155, 'Колесо 155', 151788),
	(156, 'Колесо 156', 152761),
	(157, 'Колесо 157', 153734),
	(158, 'Колесо 158', 154707),
	(159, 'Колесо 159', 155680),
	(160, 'Колесо 160', 156653),
	(161, 'Колесо 161', 157626),
	(162, 'Колесо 162', 158599),
	(163, 'Колесо 163', 159572),
	(164, 'Колесо 164', 160545),
	(165, 'Колесо 165', 161518),
	(166, 'Колесо 166', 162491),
	(167, 'Колесо 167', 163464),
	(168, 'Колесо 168', 164437),
	(169, 'Колесо 169', 165410),
	(170, 'Колесо 170', 166383),
	(171, 'Колесо 171', 167356),
	(172, 'Колесо 172', 168329),
	(173, 'Колесо 173', 169302),
	(174, 'Колесо 174', 170275),
	(175, 'Колесо 175', 171248),
	(176, 'Колесо 176', 172221),
	(177, 'Колесо 177', 173194),
	(178, 'Колесо 178', 174167),
	(179, 'Колесо 179', 175140),
	(180, 'Колесо 180', 176113),
	(181, 'Колесо 181', 177086),
	(182, 'Колесо 182', 178059),
	(183, 'Колесо 183', 179032),
	(184, 'Колесо 184', 180005),
	(185, 'Колесо 185', 180978),
	(186, 'Колесо 186', 181951),
	(187, 'Колесо 187', 182924),
	(188, 'Колесо 188', 183897),
	(189, 'Колесо 189', 184870),
	(190, 'Колесо 190', 185843),
	(191, 'Колесо 191', 186816),
	(192, 'Колесо 192', 187789),
	(193, 'Колесо 193', 188762),
	(194, 'Колесо 194', 189735),
	(195, 'Колесо 195', 190708),
	(196, 'Колесо 196', 191681),
	(197, 'Колесо 197', 192654),
	(198, 'Колесо 198', 193627),
	(199, 'Колесо 199', 194600),
	(200, 'Колесо 200', 195573),
	(201, 'Колесо 201', 196546),
	(202, 'Колесо 202', 197519),
	(203, 'Колесо 203', 198492),
	(204, 'Колесо 204', 199465),
	(205, 'Колесо 205', 200438),
	(206, 'Колесо 206', 201411),
	(207, 'Колесо 207', 202384),
	(208, 'Колесо 208', 203357),
	(209, 'Колесо 209', 204330),
	(210, 'Колесо 210', 205303),
	(211, 'Колесо 211', 206276),
	(212, 'Колесо 212', 207249),
	(213, 'Колесо 213', 208222),
	(214, 'Колесо 214', 209195),
	(215, 'Колесо 215', 210168),
	(216, 'Колесо 216', 211141),
	(218, 'Колесо 218', 213087),
	(219, 'Колесо 219', 214060),
	(220, 'Колесо 220', 215033),
	(221, 'Колесо 221', 216006),
	(222, 'Колесо 222', 216979),
	(223, 'Колесо 223', 217952),
	(224, 'Колесо 224', 218925),
	(225, 'Колесо 225', 219898),
	(226, 'Колесо 226', 220871),
	(227, 'Колесо 227', 221844),
	(228, 'Колесо 228', 222817),
	(229, 'Колесо 229', 223790),
	(230, 'Колесо 230', 224763),
	(231, 'Колесо 231', 225736),
	(232, 'Колесо 232', 226709),
	(233, 'Колесо 233', 227682),
	(234, 'Колесо 234', 228655),
	(235, 'Колесо 235', 229628),
	(236, 'Колесо 236', 230601),
	(237, 'Колесо 237', 231574),
	(238, 'Колесо 238', 232547),
	(239, 'Колесо 239', 233520),
	(240, 'Колесо 240', 234493),
	(241, 'Колесо 241', 235466),
	(242, 'Колесо 242', 236439),
	(243, 'Колесо 243', 237412),
	(244, 'Колесо 244', 238385),
	(245, 'Колесо 245', 239358),
	(246, 'Колесо 246', 240331),
	(247, 'Колесо 247', 241304),
	(248, 'Колесо 248', 242277),
	(249, 'Колесо 249', 243250),
	(250, 'Колесо 250', 244223),
	(251, 'Колесо 251', 245196),
	(252, 'Колесо 252', 246169);

-- Дамп структуры для таблица chaos_db.whitelists
CREATE TABLE IF NOT EXISTS `whitelists` (
  `id` int(11) NOT NULL AUTO_INCREMENT,
  `socialClub` varchar(255) NOT NULL,
  PRIMARY KEY (`id`)
) ENGINE=InnoDB DEFAULT CHARSET=utf8 COLLATE=utf8_general_ci;

-- Дамп данных таблицы chaos_db.whitelists: ~0 rows (приблизительно)

-- Дамп структуры для таблица chaos_db.worldobjects
CREATE TABLE IF NOT EXISTS `worldobjects` (
  `id` int(11) NOT NULL AUTO_INCREMENT,
  `region` varchar(50) NOT NULL,
  `street` varchar(50) NOT NULL,
  `type` int(11) NOT NULL,
  `name` varchar(50) NOT NULL,
  `pos` varchar(128) NOT NULL,
  `radius` float NOT NULL DEFAULT 2.5,
  `hash` int(11) DEFAULT 0,
  PRIMARY KEY (`id`)
) ENGINE=InnoDB AUTO_INCREMENT=48 DEFAULT CHARSET=utf8 COLLATE=utf8_general_ci;

-- Дамп данных таблицы chaos_db.worldobjects: ~47 rows (приблизительно)
INSERT INTO `worldobjects` (`id`, `region`, `street`, `type`, `name`, `pos`, `radius`, `hash`) VALUES
	(1, 'Заповедник горы Чилиад', 'Шоссе Грейт-Оушн', 1, 'Дерево', '{"x":-557.2211303710938,"y":5232.5439453125,"z":72.52854919433594}', 2.5, NULL),
	(2, 'Заповедник горы Чилиад', 'Шоссе Грейт-Оушн', 1, 'Дерево', '{"x":-558.3368530273438,"y":5223.72314453125,"z":77.1128921508789}', 2.5, NULL),
	(3, 'Заповедник горы Чилиад', 'Шоссе Грейт-Оушн', 1, 'Дерево', '{"x":-546.6259155273438,"y":5219.5673828125,"z":77.9577865600586}', 2.5, NULL),
	(4, 'Заповедник горы Чилиад', 'Шоссе Грейт-Оушн', 1, 'Дерево', '{"x":-537.8247680664062,"y":5226.32666015625,"z":78.41969299316406}', 2.5, NULL),
	(5, 'Заповедник горы Чилиад', 'Шоссе Грейт-Оушн', 1, 'Дерево', '{"x":-600.3004150390625,"y":5239.98779296875,"z":71.52201080322266}', 2.5, NULL),
	(6, 'Заповедник горы Чилиад', 'Шоссе Грейт-Оушн', 1, 'Дерево', '{"x":-604.2020874023438,"y":5243.5087890625,"z":71.77269744873047}', 2.5, NULL),
	(7, 'Заповедник горы Чилиад', 'Шоссе Грейт-Оушн', 1, 'Дерево', '{"x":-644.1758422851562,"y":5241.25146484375,"z":75.86408996582031}', 2.5, NULL),
	(8, 'Гора Чилиад', 'Шоссе Грейт-Оушн', 1, 'Дерево', '{"x":-646.125244140625,"y":5269.6142578125,"z":74.2743148803711}', 2.5, NULL),
	(9, 'Гора Чилиад', 'Шоссе Грейт-Оушн', 1, 'Дерево', '{"x":-633.1815185546875,"y":5275.1103515625,"z":69.35791778564453}', 2.5, NULL),
	(10, 'Гора Чилиад', 'Шоссе Грейт-Оушн', 1, 'Дерево', '{"x":-628.3250122070312,"y":5285.7080078125,"z":63.818790435791016}', 2.5, NULL),
	(11, 'Гора Чилиад', 'Шоссе Грейт-Оушн', 1, 'Дерево', '{"x":-639.3982543945312,"y":5279.7041015625,"z":69.31389617919922}', 2.5, NULL),
	(12, 'Гора Чилиад', 'Шоссе Грейт-Оушн', 1, 'Дерево', '{"x":-648.1036376953125,"y":5279.1923828125,"z":71.54252624511719}', 2.5, NULL),
	(13, 'Гора Чилиад', 'Шоссе Грейт-Оушн', 1, 'Дерево', '{"x":-664.1332397460938,"y":5278.0234375,"z":74.82395935058594}', 2.5, NULL),
	(14, 'Гора Чилиад', 'Шоссе Грейт-Оушн', 1, 'Дерево', '{"x":-658.9663696289062,"y":5293.4912109375,"z":70.59373474121094}', 1.8, NULL),
	(15, 'Гора Чилиад', 'Шоссе Грейт-Оушн', 1, 'Дерево', '{"x":-657.03564453125,"y":5296.20703125,"z":69.30792236328125}', 1.8, NULL),
	(16, 'Гора Чилиад', 'Шоссе Грейт-Оушн', 1, 'Дерево', '{"x":-643.766845703125,"y":5296.78125,"z":66.63360595703125}', 2.5, NULL),
	(17, 'Гора Чилиад', 'Шоссе Грейт-Оушн', 1, 'Дерево', '{"x":-689.9539184570312,"y":5305.09033203125,"z":70.0031967163086}', 2.5, NULL),
	(18, 'Гора Чилиад', 'Шоссе Грейт-Оушн', 1, 'Дерево', '{"x":-626.1013793945312,"y":5315.54736328125,"z":60.40847396850586}', 2.5, NULL),
	(19, 'Гора Чилиад', 'Шоссе Грейт-Оушн', 1, 'Дерево', '{"x":-627.3643188476562,"y":5322.4541015625,"z":59.86921691894531}', 2.5, NULL),
	(20, 'Гора Чилиад', 'Шоссе Грейт-Оушн', 1, 'Дерево', '{"x":-630.9522094726562,"y":5332.62841796875,"z":57.31646728515625}', 2.5, NULL),
	(21, 'Дэвис-Кварц', 'Сенора-вэй', 2, 'Камень', '{"x":2583.610595703125,"y":2743.5830078125,"z":42.873695373535156}', 3, NULL),
	(22, 'Дэвис-Кварц', 'Сенора-вэй', 2, 'Камень', '{"x":2573.100341796875,"y":2754.029541015625,"z":42.66581726074219}', 3, NULL),
	(23, 'Дэвис-Кварц', 'Сенора-вэй', 2, 'Камень', '{"x":2570.1708984375,"y":2759.440673828125,"z":42.64588928222656}', 2.5, NULL),
	(24, 'Дэвис-Кварц', 'Сенора-вэй', 2, 'Камень', '{"x":2557.1435546875,"y":2764.36865234375,"z":41.26515197753906}', 3, NULL),
	(25, 'Дэвис-Кварц', 'Сенора-вэй', 2, 'Камень', '{"x":2572.975341796875,"y":2736.5830078125,"z":43.07878494262695}', 3, NULL),
	(26, 'Дэвис-Кварц', 'Сенора-вэй', 2, 'Камень', '{"x":2602.228759765625,"y":2732.821044921875,"z":42.747230529785156}', 3, NULL),
	(27, 'Дэвис-Кварц', 'Сенора-вэй', 2, 'Камень', '{"x":2610.178466796875,"y":2740.00927734375,"z":40.64027786254883}', 3.2, NULL),
	(28, 'Дэвис-Кварц', 'Сенора-вэй', 2, 'Камень', '{"x":2615.685302734375,"y":2746.081787109375,"z":39.24917221069336}', 3, NULL),
	(29, 'Дэвис-Кварц', 'Сенора-вэй', 2, 'Камень', '{"x":2556.310302734375,"y":2786.572021484375,"z":38.2436637878418}', 3.5, NULL),
	(30, 'Дэвис-Кварц', 'Сенора-вэй', 2, 'Камень', '{"x":2630.7958984375,"y":2743.758056640625,"z":39.60261154174805}', 3, NULL),
	(31, 'Дэвис-Кварц', 'Сенора-вэй', 2, 'Камень', '{"x":2641.37255859375,"y":2745.760498046875,"z":38.310665130615234}', 3, NULL),
	(32, 'Дэвис-Кварц', 'Сенора-вэй', 2, 'Камень', '{"x":2650.05419921875,"y":2748.17626953125,"z":38.79548645019531}', 3, NULL),
	(33, 'Дэвис-Кварц', 'Сенора-вэй', 2, 'Камень', '{"x":2654.12548828125,"y":2763.914794921875,"z":38.09440612792969}', 3, NULL),
	(34, 'Дэвис-Кварц', 'Сенора-вэй', 2, 'Камень', '{"x":2645.01220703125,"y":2761.42333984375,"z":37.67648696899414}', 2, NULL),
	(35, 'Дэвис-Кварц', 'Сенора-вэй', 2, 'Камень', '{"x":2633.32080078125,"y":2759.88671875,"z":37.13576126098633}', 2, NULL),
	(36, 'Дэвис-Кварц', 'Сенора-вэй', 2, 'Камень', '{"x":2624.0615234375,"y":2759.040771484375,"z":37.70579147338867}', 2, NULL),
	(37, 'Дэвис-Кварц', 'Сенора-вэй', 2, 'Камень', '{"x":2613.339599609375,"y":2764.105712890625,"z":35.900028228759766}', 2, NULL),
	(38, 'Дэвис-Кварц', 'Сенора-вэй', 2, 'Камень', '{"x":2602.635009765625,"y":2762.4833984375,"z":38.537845611572266}', 2, NULL),
	(39, 'Дэвис-Кварц', 'Сенора-вэй', 2, 'Камень', '{"x":2601.730224609375,"y":2751.5537109375,"z":38.01275634765625}', 2.5, NULL),
	(40, 'Дэвис-Кварц', 'Сенора-вэй', 2, 'Камень', '{"x":2590.821533203125,"y":2757.892578125,"z":38.804954528808594}', 1.5, NULL),
	(41, 'Дэвис-Кварц', 'Сенора-вэй', 2, 'Камень', '{"x":2578.990478515625,"y":2766.447509765625,"z":39.08610916137695}', 2, NULL),
	(42, 'Дэвис-Кварц', 'Сенора-вэй', 2, 'Камень', '{"x":2567.7021484375,"y":2779.75927734375,"z":38.11436462402344}', 2.2, NULL),
	(43, 'Дэвис-Кварц', 'Сенора-вэй', 2, 'Камень', '{"x":2581.39306640625,"y":2783.77587890625,"z":38.13518524169922}', 2, NULL),
	(44, 'Дэвис-Кварц', 'Сенора-вэй', 2, 'Камень', '{"x":2589.786865234375,"y":2774.149658203125,"z":38.621185302734375}', 1.7, NULL),
	(45, 'Дэвис-Кварц', 'Сенора-вэй', 2, 'Камень', '{"x":2552.113037109375,"y":2727.1484375,"z":44.641143798828125}', 3.2, NULL),
	(46, 'Дэвис-Кварц', 'Сенора-вэй', 2, 'Камень', '{"x":2556.341796875,"y":2719.654296875,"z":47.1200065612793}', 3.2, NULL),
	(47, 'Дэвис-Кварц', 'Сенора-вэй', 2, 'Камень', '{"x":2553.86572265625,"y":2714.043701171875,"z":43.45261764526367}', 1.5, NULL);

/*!40103 SET TIME_ZONE=IFNULL(@OLD_TIME_ZONE, 'system') */;
/*!40101 SET SQL_MODE=IFNULL(@OLD_SQL_MODE, '') */;
/*!40014 SET FOREIGN_KEY_CHECKS=IFNULL(@OLD_FOREIGN_KEY_CHECKS, 1) */;
/*!40101 SET CHARACTER_SET_CLIENT=@OLD_CHARACTER_SET_CLIENT */;
/*!40111 SET SQL_NOTES=IFNULL(@OLD_SQL_NOTES, 1) */;
